HIAN_Done,name,category,subcategory,description,profession,specialization,period,title,equititle,family,custom,ke,othernames,theme,birthanddeath
true,8 Tháng 3,Địa danh,,"8/3 là Ngày Quốc tế Phụ nữ, đồng thời cũng là tên của Nhà máy Dệt 8/3. Nhà máy Dệt 8/3 được khởi công vào năm 1961 và khánh thành vào ngày 8/3/1965, với sự tham gia của Chủ tịch Hồ Chí Minh. Cơ sở này nằm trong một cụm sản xuất và đào tạo ngành dệt may ở phía Nam Hà Nội, bao gồm Nhà máy Dệt 8/3 (nay là khu vực các toà Vinhomes Times City của khu đô thị Times City), Nhà máy Sợi Hà Nội (nay là khu vực Vinhomes Times City Park Hill của khu đô thị Times City), Nhà máy Xuất nhập khẩu Dệt Minh Khai (nay là Chung cư Imperial Sky Garden), một cơ sở của Nhà máy Dệt kim Đông Xuân, Bệnh viện Dệt may và Trường Đại học Kinh tế - Kỹ thuật Công nghiệp (được thành lập để đào tạo nhân lực cho ngành dệt may). Phố 8 Tháng 3 kéo dài từ sông Kim Ngưu tới Quỳnh Mai, trên phố có Khu tập thể 8 Tháng 3 và Trường Mầm non 8 Tháng 3, phục vụ cho công nhân nhà máy.",,,,,,,,,,,
true,19 Tháng 5,Sự kiện lịch sử,,"19/5/1890 là ngày sinh của Chủ tịch Hồ Chí Minh. Ông là một nhà cách mạng và chính khách Việt Nam. Ông là người sáng lập Đảng Cộng sản Việt Nam, từng đảm nhiệm nhiều vị trí như Chủ tịch nước, Thủ tướng và lãnh đạo Đảng trong nhiều giai đoạn khác nhau. Ông là một trong những nhân vật có ảnh hưởng lớn đến đời sống chính trị của Việt Nam Dân chủ Cộng hoà. Ông mất vào ngày 2/9/1969. Tên ông sau này được đặt cho chiến dịch quân sự giải phóng miền Nam và cho thành phố Sài Gòn - Gia Định để phản ánh dấu ấn lâu dài của ông trong lịch sử hiện đại của Việt Nam.",,,Cách mạng & kháng chiến,,,,,,,,
true,19 Tháng 12,Sự kiện lịch sử,,"19/12/1946 là ngày Chủ tịch Hồ Chí Minh phát động Lời kêu gọi toàn quốc kháng chiến. Sau khi giành được độc lập từ phía Nhật, Chính phủ Việt Nam Dân chủ Cộng hoà gặp khó khăn với những đoàn quân giải giáp quân Nhật từ phía Đồng Minh, đặc biệt là với quân đội Pháp. Quân đội Pháp muốn quay lại và tái chiếm bán đảo Đông Dương, trong khi Chính phủ Việt Nam Dân chủ Cộng hoà muốn giữ độc lập. Sau một loạt các cuộc tấn công gây hấn từ phía Pháp và các thất bại trong việc hoà hoãn, đặc biệt sau vụ Thảm sát ngã ba phố Hàng Bún - ngõ Yên Ninh và hai tối hậu thư vào ngày 18/12/1946, Chủ tịch Hồ Chí Minh đã phát động chiến tranh khẩn cấp. Vào 20:03 ngày 19/12/1946, Nhà máy điện Yên Phụ cắt điện, Pháo đài Láng cùng với Pháo đài Xuân Tảo và Xuân Canh phát hoả, bắn pháo vào Sở chỉ huy và kho hậu cần của quân Pháp để mở đầu cho Toàn quốc kháng chiến ở Thủ đô. Vào ngày 20/12/1946, Chủ tịch Hồ Chí Minh phát đi Lời kêu gọi toàn quốc kháng chiến, chính thức bắt đầu chiến tranh. Kết quả là quân đội Việt Nam rút khỏi các vùng đô thị về Chiến khu và chuẩn bị cho chiến tranh.",,,Cách mạng & kháng chiến,,,,,,,,
true,Ái Mộ,Địa danh,,"Ái Mộ là một ngôi làng cổ nằm ở tả ngạn sông Hồng. Làng trước đây thuộc tổng Gia Thuỵ, huyện Gia Lâm, phủ Thuận An, trấn Kinh Bắc, nay phố Ái Mộ thuộc phường Bồ Đề. Vào năm 1427, nghĩa quân Lam Sơn do Lê Lợi và Nguyễn Trãi chỉ huy đã đóng quân tại đây để bao vây thành Thăng Long. Sau chiến thắng, vua Lê Lợi đổi tên làng thành Lâm Hạ để ghi nhớ sự kiện. Làng có 4 xóm: xóm Giếng, xóm Chùa, xóm Chợ A và xóm Trung Quân. Trong làng có đền Ghềnh, là một ngôi đền nhỏ được dựng trên một ghềnh đá nhô ra bờ sông, thờ công chúa Ngọc Hân, sau này thờ Mẫu Thoải và Mẫu Liễu Hạnh.",,"Đánh cá, chở đò, dịch vụ ven sông",,,,,,,Lâm Hạ,,
true,An Dương,Địa danh,,"An Dương là tên của một bãi bồi phù sa ngoài đê sông Hồng. Bãi An Dương thuộc phường Yên Hoa, tổng Thượng, huyện Vĩnh Thuận cũ, nay phố An Dương thuộc phường Hồng Hà. Bãi được hình thành từ cuối thế kỷ XIX, khi người Pháp cho đổ kè ở Tứ Liên. Trước đây, khu vực An Dương, Phúc Xá, Nghĩa Dũng là nơi ở của người nghèo, có địa giới hành chính thay đổi nhiều lần giữa Hà Nội và Bắc Ninh. Trước năm 1945, cư dân tại đây phần lớn là người nhập cư làm nghề kéo xe tay hoặc xe bò. Đây cũng là nơi cư ngụ của những người hát xẩm trong các lều tạm, hình thành cụm dân cư gọi là Trại Xẩm. Năm 1954, nhiều người hát xẩm tham gia đội văn nghệ tuyên truyền nhân dân không di cư vào miền Nam. Sau năm 1954, đường Cổ Ngư (đường Thanh Niên bây giờ) được mở rộng, chủ yếu từ việc lấy cát từ bãi An Dương. Một vài năm sau đó, chính quyền cho xây dựng khu tập thể một tầng An Dương bằng khung gỗ để giải quyết vấn đề nhà ở cho Việt kiều Thái Lan về nước. Từ sau giai đoạn Đổi mới (1986), hạ tầng và đường sá tại khu vực này được đầu tư nâng cấp, giúp điều kiện sống của người dân tốt hơn.",,,,,,,,,,,
true,An Dương Vương,Nhân vật lịch sử,Phong kiến,"An Dương Vương, tên thật là Thục Phán, là người sáng lập nước Âu Lạc – nhà nước sơ khai thứ hai trong lịch sử Việt Nam sau Văn Lang. Ông được cho là người Âu Việt, sau khi đánh bại vua Hùng cuối cùng đã thống nhất hai tộc Âu Việt và Lạc Việt. Ông xây dựng thành Cổ Loa làm kinh đô, nay thuộc huyện Đông Anh, Hà Nội. Thành Cổ Loa là công trình quân sự lớn với kiến trúc xoáy ốc, được xem là thành trì cổ nhất Việt Nam. Truyền thuyết gắn ông với nỏ thần do thần Kim Quy ban cho, và bi kịch Mỵ Châu – Trọng Thủy. Dù có nhiều tranh luận về tính lịch sử, An Dương Vương vẫn được thờ tại đền Cổ Loa và ghi nhận là một biểu tượng của thời kỳ đầu dựng nước.",Vua cổ đại,,Hồng Bàng - sơ sử,Vua nước Âu Lạc,Vua,,,,,, - 
true,An Hoà,Không rõ,,,,,,,,,,,,,
true,An Sơn,Không rõ,,"An Sơn là tên một ngõ ở phố Đại La, nằm ở gần ngã tư Trung Hiền (ngã tư Minh Khai - Bạch Mai - Đại La - Trương Định). Trước đây ngõ thuộc phường Hồng Mai, sau chuyển thành Bạch Mai, huyện Thọ Xương, nay thuộc ngõ phường Tương Mai, thành phố Hà Nội. Tên ngõ xuất hiện từ khoảng những năm 1930, hiện chưa rõ nguồn gốc tên ngõ.",,,,,,,,,,,
true,An Thắng,Không rõ,,,,,,,,,,,,,
true,An Trạch,Địa danh,,"An Trạch hay Yên Trạch là tên một làng cổ của ở phía Tây Hà Nội. Làng thuộc tổng Yên Thành, huyện Vĩnh Thuận, nay phố An Trạch thuộc phường Ô Chợ Dừa. Thôn An Trạch được hình thành dựa trên việc sáp nhập ba thôn là Cận Tú Uyên, Tiên Thù và Tiểu Trinh.",,,,,,,,,,,
true,An Xá,Địa danh,,"An Xá là một làng cổ ở phía Đông Bắc Hà Nội. Trước đây khu vực này thuộc thôn Cơ Xá, thuộc tổng Tả Túc, huyện Thọ Xương, sau thuộc tổng Phúc Lâm, huyện Thọ Xương, nay làng thuộc phường Hồng Hà. Sau khi vua Lý Thái Tổ dời đô từ Hoa Lư tới Thăng Long năm 1010, dân làng phải nhường đất cho triều đình xây dựng cung cấm nên chuyển ra khu vực bãi giữa sông Hồng, cắm đất ""Thượng Xù Gạ, hạ Đồng Nhân"", nghĩa là bắt đầu từ làng Xù, làng Gạ (khu vực Phú Thượng hiện nay) đến bãi Đồng Nhân (khoảng phố Vân Đồn, khu vực Đầm Trấu hiện nay). Từ thời Lê, đất An Xá đổi tên thành Cơ Xá rồi phân tách thành nhiều khu vực do dòng chảy của sông Hồng thay đổi. Theo tương truyền đây là quê hương của Lý Thường Kiệt, là danh tướng thời nhà Lý, có công chiến thắng quân nhà Tống, được thờ tại đình làng. Làng có chùa An Xá cổ, lưu giữ quả chuông đồng khắc từ thời Lê, ghi lại các lệnh chỉ ban ưu đãi cho dân bãi Phúc Xá (hậu duệ của An Xá).",,,,,,,,,"Cơ Xá, Phúc Xá",,
false,Ao Dài,Không rõ,,,,,,,,,,,,,
false,Ao Nghè,Không rõ,,,,,,,,,,,,,
false,Ao Sào,Không rõ,,,,,,,,,,,,,
true,Ao Sen,Địa danh,,"Phố Ao Sen được đặt tên theo đặc điểm của vùng đất xung quanh. Tên Ao Sen được người dân tự đặt vào năm 1995, khi khu vực này dần đô thị hóa. Trước đây khu vực này còn nhiều đầm, ao, hồ, là vùng trũng. Người dân trồng nhiều sen xung quanh, tạo cảnh quan đặc trưng.",,,,,,,,,,,
true,Âu Cơ,Nhân vật lịch sử,Thần thoại,"Âu Cơ là nhân vật truyền thuyết trong văn hóa Việt Nam, xuất hiện trong các tác phẩm như “Lĩnh Nam chích quái” và “Đại Việt sử ký toàn thư”. Theo truyện kể, bà là con gái của Đế Lai, kết duyên cùng Lạc Long Quân và sinh ra một bọc trăm trứng, nở thành một trăm người con. Sau đó, hai người chia tay, bà đưa 50 con lên núi, còn Lạc Long Quân đưa 50 con xuống biển, tượng trưng cho nguồn gốc “con Rồng cháu Tiên” của dân tộc Việt. Âu Cơ được xem là biểu tượng của mẫu hệ và sự sinh thành trong truyền thống dân gian, nhưng không có tài liệu lịch sử xác thực về thân thế và thời gian sống của bà.",Nhân vật truyền thuyết,,Hồng Bàng - sơ sử,Tổ mẫu của người Việt; phối ngẫu của Lạc Long Quân; mẹ của Hùng Vương thứ nhất,,Vợ của Lạc Long Quân,,,,, - 
true,Âu Lạc,Triều đại/ Quốc hiệu,,"Âu Lạc là nhà nước cổ của người Việt cổ, được thành lập tại miền Bắc Việt Nam bởi An Dương Vương (Thục Phán) sau khi ông thống nhất hai bộ lạc là Âu Việt và Lạc Việt (nhà nước Văn Lang). Âu Lạc tồn tại từ năm 257 TCN tới năm 208 TCN, chỉ có một vị vua duy nhất là An Dương Vương. Vào năm 208 TCN, nhà nước Âu Lạc bị tấn công bởi đội quân của Triệu Đà, là một viên quan của nhà Tần ở Quảng Đông, Trung Quốc. Lãnh thổ quốc gia này trải dài ở miền núi trung du Bắc Bộ, xuống khu vực Đồng bằng Bắc Bộ, và trải dài tới khoảng Nghệ An hiện nay. Kinh đô của Âu Lạc đặt tại Cổ Loa, nay thuộc xã Đông Anh, Hà Nội. Đất nước Âu Lạc gắn với truyền thuyết nỏ thần của Thần Kim Quy.",,,,,,,,,,,
true,Ấu Triệu,Nhân vật lịch sử,Cách mạng,"Ấu Triệu là danh hiệu do Phan Bội Châu đặt cho Lê Thị Đàn, một nữ chiến sĩ trong phong trào Duy Tân đầu thế kỷ XX. Bà tham gia hoạt động liên lạc, vận chuyển tài liệu và hỗ trợ phong trào Đông Du. Năm 1910, sau khi bị bắt và tra khảo, bà đã dùng máu viết thơ tuyệt mệnh lên tường ngục Quảng Trị rồi tự sát bằng khăn lụa trắng. Tinh thần kiên cường của bà được Phan Bội Châu ghi lại trong sách Việt Nam nghĩa liệt sĩ.",Nhà hoạt động cách mạng,,Nhà Nguyễn & Pháp thuộc,Liệt sĩ cách mạng,,,,,,, - 1910
true,Bà Huyện Thanh Quan,Nhân vật lịch sử,Văn hoá - nghệ thuật,"Bà Huyện Thanh Quan, tên thật là Nguyễn Thị Hinh, là một nữ thi sĩ nổi bật trong văn học Việt Nam thời cận đại. Bà sinh ra tại phường Nghi Tàm, huyện Vĩnh Thuận, Hà Nội, và từng giữ chức Cung Trung Giáo Tập dưới triều Nguyễn, chuyên giảng dạy cho các công chúa và cung phi. Thơ của bà chủ yếu viết bằng chữ Nôm, theo thể Đường luật, nổi bật với phong cách trang nhã, điêu luyện và giàu cảm xúc hoài cổ. Một số bài thơ tiêu biểu như “Qua Đèo Ngang”, “Chiều hôm nhớ nhà” được đưa vào sách giáo khoa và nghiên cứu văn học.",Nhà thơ,,Nhà Nguyễn & Pháp thuộc,Cung Trung Giáo Tập,,,,,,,1805 - 1848
true,Ba La,Địa danh,,"Ba La là một làng cổ ở phía Tây Nam, Hà Nội. Hiện tại địa danh nay đang ở ranh giới giữa hai phường Kiến Hưng và Phú Lương. Có một số nguồn cho rằng làng này được lập ra bởi các tù binh Chiêm Thành bị các vua nhà Lý, nhà Lê bắt được đưa đến đây khai khẩn.",,,,,,,,,,,
true,Bà Triệu,Nhân vật lịch sử,Quân sự,"Bà Triệu, tên thật là Triệu Thị Trinh, là một nữ tướng nổi bật trong lịch sử Việt Nam thế kỷ III. Bà sinh tại quận Cửu Chân (nay thuộc tỉnh Thanh Hóa), từ nhỏ đã thể hiện chí khí mạnh mẽ. Năm 248, bà lãnh đạo cuộc khởi nghĩa chống lại ách đô hộ của nhà Đông Ngô, tập hợp nghĩa quân tại núi Nưa và đánh chiếm nhiều thành ấp ở vùng Giao Châu. Dù cuộc khởi nghĩa thất bại, bà được ghi nhận là biểu tượng của tinh thần kháng cự và lòng yêu nước.",Võ tướng,,Bắc Thuộc & khởi nghĩa,Thủ lĩnh kháng chiến,,,,,,,8/11/226 - 2/4/248
true,Bắc Cầu,Địa danh,,"Bắc Cầu là tên một làng cổ ở Hà Nội. Làng trước đây thuộc xã Đông Ngàn, tổng Hội Phụ, huyện Đông Ngàn, trấn Kinh Bắc, nay phố Bắc Cầu thuộc phường Bồ Đề. Làng ở phía Bắc của cầu Long Biên, nên mới được gọi là Bắc Cầu. Làng có ba xóm, sau này phát triển thành ba thôn là Thượng, Trung và Hạ. Làng ở ngoài đê, ở giữa ngã ba sông Hồng và sông Đuống, nên dân làng trồng dâu tằm và các loại hoa màu, cũng như đánh cá, vớt củi trên sông Hồng. Làng Bắc Cầu gắn với câu chuyện của ông Ngô Sách Tuân. Ông là người làng Tam Sơn (phường Từ Sơn, tỉnh Bắc Ninh), đỗ Tiến sĩ năm 1676. Ông có công lao trấn ải vùng Cao Bằng và xây dựng, mở mang các làng xã ven Thăng Long. Theo lưu truyền, ông đi công vụ qua làng thì thấy dân bị đói, dịch bệnh hoành hành. Ông bỏ tiền mua gạo chia cho dân, mua thuốc để trị dịch bệnh và cho dân làng tiền xây lại cổng làng. Dân làng tôn ông làm Hậu thần, hàng năm mời con cháu ông đến giỗ. Đình thôn Thượng là đình còn lại duy nhất, thờ Linh Lang đại vương.",,,,,,,,,,,
true,Bắc Hồng,Không rõ,,,,,,,,,,,,,
false,Bắc Lãm,Địa danh,,,,,,,,,,,,,
false,Bắc Sơn,Sự kiện lịch sử,,"Khởi nghĩa Bắc Sơn diễn ra tại Bắc Sơn, Lạng Sơn năm 1940",,,Nhà Nguyễn & Pháp thuộc,,,,,,,,
true,Bạch Đằng,Khác,,"Bạch Đằng là tên một con sông, hiện là một phần ranh giới giữa tỉnh Quảng Ninh và thành phố Hải Phòng. Giang phận bắt đầu từ ngã ba sông Kinh Thầy, sông Đá Vách và sông Bạch Đằng và đổ ra Biển Đông tại cửa biển Nam Triệu. Tên ""Bạch Đằng Giang"" nghĩa là ""rừng sóng bạc đầu"", do sông nhỏ nhưng có sóng rất dữ. Tại sông Bạch Đằng có 3 trận thuỷ chiến lớn, bao gồm trận thuỷ chiến năm 938 giữa quân của Ngô Quyền và quân Nam Hán; trận thuỷ chiến năm 981 giữa quân Lê Đại Hành và quân Tống; trận thuỷ chiến năm 1288 giữa quân nhà Trần dưới sự chỉ huy của Hưng Đạo Đại Vương Trần Quốc Tuấn và quân Mông Nguyên.",,,,,,,,,,Thuỷ chiến nhà Trần,
true,Bạch Mai,Địa danh,,"Bạch Mai là một làng cổ ở phía Nam thành Thăng Long. Làng gốc tên là Hồng Mai, đến đời Tự Đức phải đổi tên thành Bạch Mai, trước thuộc tổng Tả Nghiêm, huyện Thọ Xương, sau thành tổng Kim Liên, huyện Thọ Xương, nay phố Bạch Mai thuộc phường Bạch Mai. Làng có nghề giết mổ lợn phát triển mạnh nên được gọi là Mơ Thịt. Trước đây cả vùng này trồng nhiều mai, lấy quả mơ nên gọi là Kẻ Mơ. Làng được chia thành 6 giáp, bao gồm Tô, Hoàng, Nội, Mật, Nhất và Nhị. Giáp Tô và giáp Hoàng thờ chung một đình là đình Tô Hoàng, hiện trong ngõ Tô Hoàng. Bốn giáp còn lại chung nhau hai đình là Đình Đại (ngõ Đình Đại tại số nhà 198 Bạch Mai) và Đình Đông (ngõ Đình Đông tại số nhà 125). Đình Tô Hoàng và Đình Đông thờ Linh Lang (một nhân vật truyền thuyết từ thời Lý), đình Đại thờ thần Cao Sơn (một nhân vật huyền thoại đã cùng Sơn Tinh khắc chế được Thuỷ Tinh). Chùa Liên Phái (tên cũ là Liên Tông, đổi do kỵ huý vua Thiệu Trị) do Trịnh Hợp (em ruột chúa Trịnh Cương) dựng năm 1726, là trung tâm Phật giáo lớn. Tại ngõ 222 phố Bạch Mai có Văn chỉ Thọ Xương, là nơi thờ Khổng Tử, được coi là Văn Miếu thu nhỏ.",,"Giết mổ lợn, buôn bán thịt",,,,,,Kẻ Mơ,"Mơ Thịt, Mơ Vàng",,
true,Bạch Thái Bưởi,Nhân vật lịch sử,Doanh nhân,"Bạch Thái Bưởi sinh tại làng Yên Phúc, huyện Thanh Trì, tỉnh Hà Đông (nay thuộc quận Hà Đông, Hà Nội) trong một gia đình nông dân nghèo. Sau khi được một người họ Bạch nhận làm con nuôi, ông đổi họ và được cho ăn học. Ông từng làm thư ký cho hãng buôn Pháp, sau đó chuyển sang kinh doanh độc lập. Từ năm 1909, ông phát triển ngành vận tải đường sông, cạnh tranh với các hãng tàu Hoa và Pháp bằng cách xây dựng thương hiệu riêng và cổ động tinh thần ủng hộ doanh nghiệp Việt. Ông còn đầu tư vào khai thác than, in ấn và xuất bản báo chí. Đông Kinh ấn quán do ông sáng lập là một trong những nhà in lớn đầu thế kỷ 20. Bạch Thái Bưởi được xem là một trong những doanh nhân tiêu biểu của Việt Nam thời kỳ đầu phát triển kinh tế tư nhân. Tên ông được đặt cho một con phố thuộc làng Yên Phúc, Hà Đông để tưởng nhớ công lao của ông.",Doanh nhân,,Nhà Nguyễn & Pháp thuộc,"Chủ hãng tàu Bạch Thái Bưởi; Chủ nhiệm Đông Kinh ấn quán; Nhà thầu thuế tại Nam Định, Thanh Hóa, Vinh",,,,,,,8/7/1847 - 22/7/1932
true,Bạch Thành Phong,Nhân vật lịch sử,Cách mạng,"Bạch Thành Phong sinh tại phố La Khê, Hà Đông (nay thuộc Hà Nội). Từ thời kỳ Mặt trận Dân chủ Đông Dương, ông đã tham gia hoạt động cách mạng và sau đó giữ nhiều trọng trách trong các tỉnh ủy và thành ủy. Trong giai đoạn 1941-1944, ông đảm nhiệm vai trò lãnh đạo ở Hà Đông, Hà Nam, Sơn Tây và Hà Nội, đồng thời tham gia công tác Trung ương cùng nhiều nhân vật quan trọng. Ông được ghi nhận là một trong những cán bộ chủ chốt của phong trào cách mạng ở Bắc Kỳ, có đóng góp trong việc tổ chức lực lượng và duy trì hoạt động cách mạng trong thời kỳ khó khăn.",Nhà cách mạng,,Cách mạng & kháng chiến,"Ủy viên Thường vụ Xứ ủy Bắc Kỳ, Bí thư Tỉnh ủy Hà Đông, Bí thư Tỉnh ủy Hà Nam, Bí thư Tỉnh ủy Sơn Tây, Bí thư Thành ủy Hà Nội",,,,,,,1916 - 11/11/2016
false,Bằng B,Không rõ,,,,,,,,,,,,,
false,Bằng Liệt,Địa danh,,,,"Trồng vải tiến vua, làm bún, nghề mộc",,,,,,,,,
false,Báo Khánh,Địa danh,,,,,,,,,,,,,
false,Bảo Linh,Địa danh,,,,,,,,,,,,,
false,Bát Đàn,Địa danh,,,,"Bán bát, đĩa, ấm, chén, chum, vại bằng đồ đàn (đồ gốm)",,,,,,,,,
false,Bát Khối,Địa danh,,,,,,,,,,,,,
false,Bát Sứ,Địa danh,,,,,,,,,,,,,
true,Bế Văn Đàn,Nhân vật lịch sử,Cách mạng,"Bế Văn Đàn là chiến sĩ thuộc Quân đội Nhân dân Việt Nam, quê ở xã Quang Vinh (nay là xã Triệu Ẩu), huyện Quảng Hòa, tỉnh Cao Bằng. Trong Chiến dịch Đông Xuân 1953–1954, ông tham gia trận chiến tại Mường Pồn, Điện Biên. Khi xạ thủ hy sinh và không có chỗ đặt súng, ông đã lấy thân mình làm giá súng để đồng đội tiếp tục chiến đấu. Hành động này góp phần đẩy lùi đợt phản kích của quân Pháp. Ông hy sinh ngay tại trận địa, được truy tặng danh hiệu Anh hùng lực lượng vũ trang nhân dân.",Quân nhân,,Cách mạng & kháng chiến,Anh hùng Lực lượng vũ trang nhân dân,,,,,,,1931 - 12/12/1953
true,Bích Câu,Địa danh,,"Bích Câu là một địa danh cổ ở Hà Nội, Trước đây thuộc thôn Cận Tú Uyên, tổng Yên Thành, huyện Vĩnh Thuận, nay phố Bích Câu thuộc phường Ô Chợ Dừa. Bích Câu nghĩa là ""ngòi biếc"", chỉ một dòng nước trong xanh từng chảy qua khu vực này, thông với hồ Giám, tạo thành một hệ thống thuỷ văn cổ ở Thăng Long. Khu vực này gắn với câu chuyện thần tiên Bích Câu kỳ ngộ, sau này được Đoàn Thị Điểm ghi thành truyện chép trong Truyền kỳ tân phả.",,,,,,,,,,,
false,Biên Giang,Không rõ,,,,,,,,,,,,,
true,Bình Minh,Không rõ,,,,,,,,,,,,,
true,Bình Sơn,Địa danh,,,,,,,,,,,,,
false,Bồ Đề,Địa danh,,,,"Làm giấy dó, làm vàng mã (truyền thống)",,,,,"Lễ hội đình Bồ Đề vào ngày 13 tháng Giêng âm lịch; Tục thờ Linh Lang Đại Vương và các vị thần bản địa; Tổ chức lễ rước kiệu, tế lễ, hát cửa đình",,,,
true,Bùi Bằng Đoàn,Nhân vật lịch sử,Quan chức,"Bùi Bằng Đoàn sinh tại làng Liên Bạt, huyện Ứng Hòa, tỉnh Hà Đông (nay thuộc Hà Nội), trong một gia đình khoa bảng. Ông đỗ cử nhân năm 1906, tốt nghiệp Trường Hậu Bổ năm 1911 và từng giữ nhiều chức vụ như Tri huyện, Tri phủ, Án sát, Tuần phủ các tỉnh Bắc Ninh, Cao Bằng, Ninh Bình. Năm 1933, ông được bổ nhiệm làm Thượng thư Bộ Hình triều Nguyễn. Sau Cách mạng tháng Tám, ông tham gia chính quyền mới, giữ chức Trưởng ban Thanh tra đặc biệt và sau đó là Trưởng ban Thường trực Quốc hội khóa I từ năm 1946 đến khi qua đời. Ông được đánh giá cao về phẩm chất thanh liêm, chính trực trong cả hai giai đoạn phục vụ triều đình và chính quyền cách mạng.","Nhà chính trị, công chức hành chính",,Nhà Nguyễn & Pháp thuộc,Thượng thư Bộ Hình triều Nguyễn; Trưởng ban Thanh tra đặc biệt Chính phủ Việt Nam Dân chủ Cộng hòa; Trưởng ban Thường trực Quốc hội khóa I,,,,,,,11/9/1889 - 13/4/1955
true,Bùi Huy Bích,Nhân vật lịch sử,Quan chức,"Bùi Huy Bích, tự Hy Chương, hiệu Tồn Am, sinh tại làng Định Công, huyện Thanh Đàm, phủ Thường Tín, trấn Sơn Nam Thượng (nay thuộc Hà Nội). Ông đỗ Hoàng giáp năm 1770 và từng giữ nhiều chức vụ cao dưới triều vua Lê – chúa Trịnh. Ông nổi bật với vai trò Tham tụng, tương đương thủ tướng, và từng tham gia trấn giữ Nghệ An, bình định loạn Mường Thai. Về văn học, ông là tác giả của “Hoàng Việt thi tuyển”, một tuyển tập thơ văn tiêu biểu thời Lê Trung hưng. Sau khi từ quan, ông sống ẩn dật tại phường Bích Câu, Hà Nội, chuyên nghiên cứu và biên soạn sử liệu.","Nhà văn, nhà sử học, quan lại triều đình",,Phân tranh,Tham tụng; Hàn lâm viện hiệu lý; Thị chế; Thiêm sai phủ liêu Tri hộ phiên; Đông các Hiệu thư; Đốc đồng Nghệ An; Hiệp trấn Nghệ An; Hành Tham tụng,,,,,,,3/10/1744 - 25/5/1818
true,Bùi Huy Đáp,Nhân vật lịch sử,Kỹ thuật,"Bùi Huy Đáp quê tại xã Nam Mỹ, huyện Nam Trực, tỉnh Nam Định. Ông là người đặt nền móng cho nền khoa học nông nghiệp hiện đại Việt Nam, nổi bật với việc nghiên cứu và chỉ đạo chuyển đổi cơ cấu mùa vụ từ chiêm - mùa sang xuân - mùa, đưa giống lúa ải và lúa xuân vào sản xuất diện rộng ở miền Bắc. Ông cũng là người có công lớn trong việc ứng dụng các tiến bộ kỹ thuật về phân bón, thủy lợi và phòng trừ sâu bệnh. Với những đóng góp quan trọng này, ông đã được trao tặng Giải thưởng Hồ Chí Minh về khoa học công nghệ đợt 1 năm 1996.","Giáo sư, Nhà nông học",,Cách mạng & kháng chiến,Phó Chủ nhiệm Ủy ban Khoa học và Kỹ thuật Nhà nước,,,,,,,15/12/1919 - 1/7/2004
true,Bùi Ngọc Dương,Nhân vật lịch sử,Quân sự,"Bùi Ngọc Dương sinh tại Hà Nội, tốt nghiệp kỹ sư xây dựng tại Đại học Bách Khoa Hà Nội năm 1966. Sau khi ra trường, ông nhập ngũ và tham gia chiến đấu tại chiến trường miền Nam. Trong trận đánh vào căn cứ chỉ huy của Mỹ ở Khe Sanh tháng 1 năm 1968, ông bị thương nặng nhưng vẫn tiếp tục chỉ huy đơn vị chiến đấu. Hai ngày sau, ông hy sinh vì vết thương quá nặng. Năm 1969, ông được truy tặng danh hiệu Anh hùng Lực lượng vũ trang nhân dân.","Quân nhân, kỹ sư xây dựng",,Cách mạng & kháng chiến,Anh hùng Lực lượng vũ trang nhân dân,,,,,,,1943 - 27/1/1968
true,Bùi Quốc Khái,Nhân vật lịch sử,Quan chức,"Bùi Quốc Khải (chữ Hán: 裴國愾) sinh năm Tân Dậu (1141), quê gốc có hai thuyết: làng Bằng Liệt (nay thuộc quận Hoàng Mai, Hà Nội) hoặc làng Bình Lãng, huyện Cẩm Giàng, tỉnh Hải Dương. Ông nổi tiếng là người có tài nhưng không màng công danh, mãi đến năm 45 tuổi mới đi thi và đỗ đại khoa trong kỳ thi Tiến sĩ năm Trinh Phù thứ 10 (1185) dưới thời vua Lý Cao Tông. Sau khi đỗ đạt, ông được bổ nhiệm làm Nhập thị Kinh diên, dạy Thái tử và hầu vua học, rồi thăng đến chức Đô Ngự sử. Ông làm quan qua ba triều vua: Lý Cao Tông, Lý Huệ Tông và Lý Chiêu Hoàng. Khi triều chính suy đồi, ông treo ấn từ quan và xuất gia tu hành tại chùa Thiên Niên gần Hồ Tây. Ông mất năm 1234, thọ 93 tuổi, được dân làng lập tượng thờ và ghi danh trên bia đá như một bậc trung nghĩa, thanh liêm.","Chính trị gia, trạng nguyên nho học",,Nhà Lý,"Đô Ngự sử triều Lý, Tiến sĩ khoa Ất Tỵ (1185)",,,,,,,1141 - 1234
true,Bùi Thị Xuân,Nhân vật lịch sử,Quân sự,"Bùi Thị Xuân là một nữ tướng nổi bật trong lịch sử Việt Nam, từng giữ chức Đô đốc dưới triều Tây Sơn. Bà sinh tại thôn Xuân Hòa, huyện Tây Sơn, tỉnh Bình Định, nổi tiếng với tài võ nghệ và khả năng huấn luyện voi chiến. Bà chỉ huy đội tượng binh, tham gia nhiều trận đánh lớn như Rạch Gầm – Xoài Mút và đại phá quân Thanh năm 1789. Sau khi triều Tây Sơn suy yếu, bà bị bắt và xử tử cùng con gái vào năm 1802.",Danh tướng,,Nhà Tây Sơn,Đô đốc triều Tây Sơn,,Vợ của Trần Quang Diệu,,,,,1752 - 1802
true,Bùi Thiện Ngộ,Nhân vật lịch sử,Quân sự,"Bùi Thiện Ngộ sinh tại phường Tân Định, quận 1, thành phố Hồ Chí Minh. Ông tham gia cách mạng từ năm 1945 và hoạt động trong lực lượng công an từ năm 1948 tại Biên Hòa. Sau năm 1954, ông tập kết ra Bắc và tiếp tục công tác trong ngành công an, từng học tại Liên Xô và giảng dạy tại Trường Công an Trung ương. Trong thời kỳ chiến tranh, ông giữ nhiều chức vụ tại Ban An ninh Trung ương Cục miền Nam. Sau năm 1975, ông đảm nhiệm các vị trí lãnh đạo trong Bộ Nội vụ, được phong Thượng tướng năm 1992 và giữ chức Bộ trưởng từ 1991 đến 1996. Ông mất năm 2006 tại TP Hồ Chí Minh.","Quân nhân, quan chức chính quyền",,Cách mạng & kháng chiến,"Thượng tướng Công an nhân dân Việt Nam; Bộ trưởng Bộ Nội vụ (nay là Bộ Công an); Ủy viên Bộ Chính trị khóa VII; Ủy viên Trung ương Đảng khóa VI, VII; Phó Bí thư Đảng ủy Công an Trung ương; Đại biểu Quốc hội khóa IX; Ủy viên Hội đồng Quốc phòng và An ninh của Quốc hội",,,,,,,24/10/1929 - 1/7/2006
true,Bùi Trang Chước,Nhân vật lịch sử,Văn hoá - nghệ thuật,"Bùi Trang Chước, tên khai sinh là Nguyễn Văn Chước, sinh tại làng Phú Xá, xã Phú Thượng, huyện Từ Liêm (nay thuộc quận Tây Hồ, Hà Nội). Ông tốt nghiệp xuất sắc Trường Cao đẳng Mỹ thuật Đông Dương năm 1941 và từng giảng dạy tại Trường Kiến trúc Đà Lạt. Sau Cách mạng tháng Tám, ông tham gia kháng chiến và giảng dạy tại Trường Mỹ thuật Hà Nội. Trong sự nghiệp, ông thiết kế nhiều mẫu tem, tiền, huân chương và huy chương cho Nhà nước. Tác phẩm nổi bật nhất của ông là mẫu Quốc huy Việt Nam, được Quốc hội khóa I phê chuẩn năm 1956. Với hơn 1.000 tác phẩm, ông được xem là một trong những họa sĩ có đóng góp lớn cho nền mỹ thuật ứng dụng Việt Nam thế kỷ XX. Tên ông được đặt cho một con đường ở quê ông để tưởng nhớ công lao.",Họa sĩ,,Cách mạng & kháng chiến,"Giảng viên Trường Đại học Mỹ thuật Công nghiệp Hà Nội; Chuyên gia vẽ tiền tại Vụ Phát hành, Ngân hàng Nhà nước Việt Nam",,,,,,,21/5/1915 - 27/2/1992
true,Bùi Xuân Phái,Nhân vật lịch sử,Văn hoá - nghệ thuật,"Bùi Xuân Phái là một trong những danh họa tiêu biểu của mỹ thuật hiện đại Việt Nam. Ông sinh tại làng Kim Hoàng, huyện Hoài Đức, tỉnh Hà Tây (nay thuộc Hà Nội), và tốt nghiệp Trường Cao đẳng Mỹ thuật Đông Dương. Ông nổi tiếng với dòng tranh sơn dầu về phố cổ Hà Nội, được công chúng gọi là “Phố Phái”, thể hiện nét đẹp cổ kính và chiều sâu tâm hồn đô thị. Ngoài tranh phố, ông còn vẽ chèo, chân dung, tĩnh vật và nông thôn. Năm 1996, ông được truy tặng Giải thưởng Hồ Chí Minh về văn học nghệ thuật.",Họa sĩ,,Cách mạng & kháng chiến,,,,,,,,1/9/1920 - 24/6/1988
true,Bùi Xương Trạch,Nhân vật lịch sử,Quan chức,"Bùi Xương Trạch sinh tại làng Định Công, sau chuyển đến sống tại làng Thịnh Liệt, huyện Thanh Trì (nay thuộc quận Hoàng Mai, Hà Nội). Ông đỗ tiến sĩ năm 1478 dưới triều vua Lê Thánh Tông và từng tham gia chiến dịch đánh Chiêm Thành. Ông được giao nhiều chức vụ quan trọng trong triều đình, nổi bật với vai trò soạn bài ký Quảng Văn đình năm 1493. Ông cũng từng đi sứ nhà Minh và giữ chức Tể tướng kiêm Đô ngự sử. Sau khi mất, ông được truy phong Thái phó và Quảng Quốc công. Tên ông hiện được đặt cho một tuyến phố tại khu vực Định Công, Hà Nội để tưởng nhớ công lao của ông.",Nhà giáo; Quan lại thời phong kiến,,Nhà Hậu Lê,Tiến sĩ; Hiệu thư Đồng các; Thiêm đô ngự sử; Thượng thư bộ Binh; Tế tửu Quốc Tử Giám; Thượng thư Trưởng Lục bộ; Đô ngự sử; Quảng Văn hầu; Thái phó; Quảng Quốc công,,,,,,,1450 - 1529
false,Bưởi,Địa danh,,,,,,,,,,Kẻ Bưởi,,,
,Cách mạng Tháng Tám,Sự kiện lịch sử,,,,,Cách mạng & kháng chiến,,,,,,,,
true,Cấm Chỉ,Khác,,"Cấm Chỉ là tên một ngõ ở phía Nam Hoàng Thành Thăng Long. Tương truyền tên ngõ được đặt theo câu chuyện gắn với vua Lê Trang Tông (có tên dân gian là Chúa Chổm). Tương truyền, chúa Chổm có vía tốt, ngồi ăn ở đâu là ở đó buôn bán đắt, nên được chủ quán cho ăn chịu, ghi nợ. Sau khi được Nguyễn Kim đón về lập làm vua, Chúa Chổm trở lại kinh thành thì bị chủ nợ kéo đến đòi tiền. Để tránh hỗn loạn, Nguyễn Kim cho viết bảng 'Cấm Chỉ' gần Cửa Nam, cấm dân chúng chỉ trỏ đòi nợ vua. Theo một dị bản khác thì ông hoàng nhà Hậu Lê lúc còn trẻ sa cơ lỡ bước, say sưa tối ngày nên mắc nợ khắp các quán rượu. Khi ông làm vua, nhiều chủ nợ chạy theo kiệu đòi tiền. Tới đoạn Cửa Nam bây giờ, ông cho quân lính ngồi trên lưng voi/ngựa rải tiền xuống đất, ai nhặt được thì coi như thanh toán xong nợ, và ""cấm chỉ"" không được đi theo để đòi tiền nữa. Nơi ông rải tiền sau này được đặt tên là ngõ Cấm Chỉ.",,,,,,,,,,,
false,Cảm Hội,Địa danh,,,,,,,,,,,,,
true,Cẩm Văn,Địa danh,,,,,,,,,,,,,
true,Cao Bá Quát,Nhân vật lịch sử,Văn hoá - nghệ thuật,"Cao Bá Quát sinh tại làng Phú Thị, huyện Gia Lâm, trấn Kinh Bắc (nay thuộc Hà Nội). Ông nổi tiếng từ nhỏ với tài văn chương và từng đỗ Á nguyên kỳ thi Hương năm 1831. Sau đó, ông được bổ làm Hành tẩu tại Bộ Lễ triều Nguyễn. Trong sự nghiệp, ông để lại nhiều tác phẩm thơ văn có giá trị, phản ánh tư tưởng tự do và phê phán xã hội phong kiến. Cuối đời, ông tham gia cuộc khởi nghĩa Mỹ Lương chống lại triều đình và tử trận năm 1855. Cao Bá Quát được xem là một trong những nhà thơ lớn của Việt Nam thế kỷ XIX.",Nhà thơ; Quan lại; Quân sư,,Nhà Nguyễn & Pháp thuộc,Hành tẩu Bộ Lễ; Quân sư trong cuộc nổi dậy Mỹ Lương,,,,,,,1808 - 1855
true,Cao Đạt,Nhân vật lịch sử,Cách mạng,"Cao Đạt là một trong những thủ lĩnh địa phương tham gia phong trào Cần Vương chống Pháp cuối thế kỷ XIX tại Thanh Hóa. Ông được giao chức Tán tương quân vụ, phụ trách chỉ huy nghĩa quân ở cấp huyện, phối hợp với các lãnh tụ như Tống Duy Tân, Phạm Bành, Cầm Bá Thước dưới sự chỉ đạo của Trần Xuân Soạn. Các nghĩa quân tổ chức kháng chiến theo cơ ngũ, lập căn cứ tại vùng rừng núi để chống lại quân Pháp.","Võ tướng, nhà hoạt động kháng chiến",,Nhà Nguyễn & Pháp thuộc,Tán tương quân vụ,,,,,,, - 1941
true,Cao Thắng,Nhân vật lịch sử,Cách mạng,"Cao Thắng là một trong những thủ lĩnh tiêu biểu của phong trào Cần Vương chống Pháp cuối thế kỷ XIX. Ông tham gia cuộc khởi nghĩa Hương Khê do Phan Đình Phùng lãnh đạo và được giao quyền chỉ huy lực lượng nghĩa quân. Ngoài vai trò quân sự, ông còn tổ chức chế tạo súng trường theo mẫu thiết kế riêng, góp phần nâng cao năng lực chiến đấu của nghĩa quân. Ông mất trong một trận giao tranh tại Vụ Quang, Hà Tĩnh năm 1893.","Võ tướng, nhà hoạt động kháng chiến",,Nhà Nguyễn & Pháp thuộc,Chỉ huy nghĩa quân Hương Khê,,,,,,,6/6/1864 - 21/1/1893
true,Cao Xuân Huy,Nhân vật lịch sử,Giáo dục,"Cao Xuân Huy sinh tại làng Thịnh Mỹ, xã Cao Xá, huyện Diễn Châu, tỉnh Nghệ An, trong một gia đình khoa bảng. Ông tốt nghiệp Trường Cao đẳng Sư phạm Đông Dương năm 1925 và giảng dạy triết học phương Đông tại nhiều cơ sở giáo dục từ trước năm 1945 đến sau năm 1954. Sau khi hòa bình lập lại, ông giảng dạy tại Đại học Tổng hợp Hà Nội và Viện Văn học, chuyên về triết học cổ phương Đông, Hán học và tâm lý học. Ông để lại nhiều giáo trình và công trình nghiên cứu về Kinh Dịch, Luận Ngữ, Mạnh Tử, có ảnh hưởng lớn trong giới nghiên cứu triết học Việt Nam. Năm 1996, ông được truy tặng Giải thưởng Hồ Chí Minh về khoa học và công nghệ.","Nhà giáo, nhà nghiên cứu triết học",,Cách mạng & kháng chiến,Giáo sư Đại học Tổng hợp Hà Nội; Ủy viên Ban Hán Nôm; Giảng viên Viện Văn học,,,,,,,28/5/1900 - 22/10/1983
true,Cát Linh,Di tích,,"Cát Linh là tên một ngôi chùa ở Hà Nội. Chùa có tên chữ là Phổ Quang tự, trước thuộc thôn Cận Tú Uyên, tổng Yên Thành, huyện Vĩnh Thuận. Theo bài minh trên quả chuông đúc năm 1813, chùa do Tam Tổ Trúc Lâm thời vua Trần Nhân Tông để lại, sau này được mở rộng vào đời Lê Thái Tông. Chùa là địa điểm quân dân thủ đô trú tự vệ thời kháng chiến chống Pháp. Đến năm 1955, do không có sư trụ trì nên chùa xuống cấp, tới năm 1990 mới được trùng tu.",,,,,,,,,,,
false,Cầu Am,Địa danh,,,,,,,,,,,,,
false,Cầu Bây,Địa danh,,,,,,,,,,,,,
true,Cầu Bươu,Địa danh,,"Cầu Bươu là tên một cây cầu ở phía Tây Nam Hà Nội. Cầu vốn thuộc Đường tỉnh 70A, bắc qua một phần sông đào nối từ sông Tô Lịch đến sông Nhuệ.",,,,,,,,,,,
false,Cầu Cốc,Địa danh,,,,,,,,,,,,,
true,Cầu Đất,Địa danh,,"Cầu Đất là một địa danh cũ ở khu vực đê sông Hồng, Hà Nội. Trước đây khu vực này là bãi đất bồi ven sông Hồng, thuộc phường Cơ Xá, nay phố Cầu Đất thuộc phường Hồng Hà. Để đi từ trong đê ra bến tàu sông Hồng, người ta phải đi qua những đoạn đất trũng, thường xuyên bị ngập nước. Dân xung quanh phải đắp đất cao lên, hoặc xây cống để tạo lối đi khô ráo tạo thành cầu đất.",,,,,,,,,,,
false,Cầu Dậu,Địa danh,,,,,,,,,,,,,
false,Cầu Diễn,Địa danh,,,,,,,,,,,,,
false,Cầu Đơ,Địa danh,,,,,,,,,,Kẻ Đơ,,,
false,Cầu Đông,Di tích,,,,,,,,,,,,,
true,Cầu Giấy,Địa danh,,"Cầu Giấy là tên một cây cầu ở phía Tây Hà Nội. Cây cầu này bắc qua sông Tô Lịch, hiện đang là ranh giới giữa 4 phường Giảng Võ, Nghĩa Đô, Cầu Giấy và Láng. Cầu có từ lâu, thời Lý gọi là cầu Tây Dương, sau gọi là cầu Yên Quyết theo tên làng Yên Quyết gần đó. Sau khi làng Thượng Yên Quyết đổi tên là Yên Hoà thì cầu đổi tên theo, rồi cuối cùng đổi tên là Cầu Giấy theo tên dân gian. Cầu Giấy được đặt theo tên dân gian của làng Giấy, là làng Thượng Yên Quyết.",,"Làm giấy dó, dệt vải",,Làm giấy dó,,,,Kẻ Cót,Thượng Yên Quyết,,
true,Cầu Gỗ,Địa danh,,"Cầu Gỗ là tên một cây cầu từng tồn tại ở khu vực này. Trước đây có hồ Thái Cực (dân gian quen gọi là hồ Hàng Đào) ở khu vực được giới hạn bởi các phố Hàng Bè, Hàng Bạc, Hàng Đào và Cầu Gỗ. Hồ này có một con mương nhỏ thông với hồ Hoàn Kiếm. Để đi lại, người dân bỏ tiền làm cầu bằng gỗ bắc qua con mương này.",,,,,,,,,,,
true,Cầu Mới,Địa danh,,"Cầu Mới là tên của một cây cầu bắc qua sông Tô Lịch, nằm trên trục đường Tây Sơn - Nguyễn Trãi. Cầu được gọi là cầu mới để phân biệt với cây cầu cũ nối Hà Nội với Hà Đông, là cầu cống Mọc (hay còn gọi là cầu Giáp Nhất).",,,,,,,,,,,
true,Chả Cá,Khác,,"Chả cá là một món ăn đặc sản của Hà Nội. Món ăn này được gia đình cụ Đoàn Xuân Phúc sáng tạo vào năm 1871, bắt đầu bán tại số 14 phố Hàng Sơn (14 phố Chả Cá hiện nay) tại Chả Cá Sơn Hải. Chả cá được làm từ cá lăng thái miếng, tẩm ướp, nướng trên than củi rồi rán lại trong chảo mỡ. Chả cá thường được ăn với thì là, hành lá, rắc thêm lạc và rưới mắm tôm. Tên món ăn chả cá Lã Vọng là do nhà hàng Sơn Hải có đặt tượng Lã Vọng cầm cần câu và một xâu cá, sau này người dân lấy tên đặt cho món ăn và tên phố đó.",,,,,,,,,,,
true,Chân Cầm,Địa danh,,"Chân Cầm là tên một địa danh cổ ở khu vực 36 phố phường Hà Nội. Tên Chân Cầm là ghép của hai thôn cổ là Chân Tiên và Minh Cầm thuộc tổng Hậu Nghiêm, huyện Thọ Xương; nay phố Chân Cầm thuộc phường Hoàn Kiếm. Thôn Chân Tiên từng có chùa Chân Tiên, sau này được di dời về phố Bà Triệu để phục vụ quy hoạch đô thị Pháp. Chân Tiên còn có tên khác là Chân Tiên Hàng Đàn (hiện chưa xác định được ở đây ""Đàn"" là nhạc cụ dân tộc hay các loại đồ gỗ).",,,,,,,,,,,
false,Châu Đài,Không rõ,,,,,,,,,,,,,
false,Châu Long,Địa danh,,,,,,,,,,,,,
true,Châu Văn Liêm,Nhân vật lịch sử,Cách mạng,"Châu Văn Liêm là một trong sáu đại biểu tham dự hội nghị thành lập Đảng Cộng sản Việt Nam tại Hương Cảng năm 1930. Ông sinh ra tại làng Thới Thạnh, huyện Ô Môn, tỉnh Cần Thơ, trong một gia đình Nho học. Sau khi tốt nghiệp trường Sư phạm Đông Dương, ông giảng dạy tại Long Xuyên và Chợ Thủ, đồng thời tổ chức các phong trào yêu nước trong giới học sinh và giáo viên. Ông từng giữ chức Bí thư Tỉnh ủy Gia Định và Chợ Lớn, lãnh đạo nhiều hoạt động đấu tranh chống thực dân. Ngày 4 tháng 5 năm 1930, ông bị bắn chết khi dẫn đầu đoàn biểu tình tại Chợ Lớn.","Nhà giáo, nhà hoạt động cách mạng",,Nhà Nguyễn & Pháp thuộc,"Bí thư Tỉnh ủy Gia Định, Bí thư Tỉnh ủy Chợ Lớn",,,,,,,29/6/1902 - 4/5/1930
true,Chế Lan Viên,Nhân vật lịch sử,Văn hoá - nghệ thuật,"Chế Lan Viên, tên thật là Phan Ngọc Hoan, sinh tại xã Cam An, huyện Cam Lộ, tỉnh Quảng Trị. Ông lớn lên tại Quy Nhơn, nơi được xem là quê hương thứ hai của ông. Bắt đầu sáng tác từ tuổi thiếu niên, ông nổi bật với tập thơ “Điêu tàn” năm 1937, mang phong cách siêu thực và triết lý. Sau Cách mạng tháng Tám, ông tham gia phong trào kháng chiến và công tác văn hóa. Từ năm 1954, ông làm biên tập viên báo Văn học, sau đó là báo Văn nghệ. Trong sự nghiệp, ông để lại nhiều tác phẩm tiêu biểu như “Ánh sáng và phù sa”, “Tiếng hát con tàu”, thể hiện chiều sâu tư tưởng và khả năng sáng tạo hình ảnh. Năm 1996, ông được truy tặng Giải thưởng Hồ Chí Minh về văn học nghệ thuật.",Nhà thơ; Nhà văn; Biên tập viên,,Cách mạng & kháng chiến,"Ủy viên thường vụ Hội Nhà văn Việt Nam; Ủy viên Ban thư ký Hội Nhà văn Việt Nam; Đại biểu Quốc hội Việt Nam Dân chủ Cộng hòa các khóa IV, V, VI; Ủy viên Ban văn hóa – giáo dục của Quốc hội",,,,,,,20/10/1920 - 19/6/1989
false,Chiến Thắng (Hà Đông),Không rõ,,,,,,,,,,,,,
false,Chiến Thắng (VM-QTG),Không rõ,,,,,,,,,,,,,
true,Chính Kinh,Địa danh,,"Chính Kinh là một làng cổ nằm phía Tây Nam Hà Nội. Làng thuộc tổng Hạ, huyện Thanh Trì, sau chuyển về huyện Từ Liêm, nay phố Chính Kinh thuộc phường Thanh Xuân. Làng thuộc vùng kẻ Mọc (bao gồm các làng Thượng Đình, Hạ Đình, Cự Lộc, Chính Kinh, Quan Nhân và Giáp Nhất). Đình Chính Kinh thờ Đức Thánh Tam Giang – vị thần phổ biến ở các làng ven sông, cùng các vị thần bản thổ. Làng có truyền thống hiếu học, từng có người đỗ đạt trong các kỳ thi Hương thời Nguyễn.",,,,,,,,Kẻ Mọc,"Hoa Kinh, Nhân Mục",,
true,Chợ Gạo,Địa danh,,"Chợ Gạo là tên một con phố trong khu vực 36 phố phường Hà Nội. Phố trước thuộc giáp Giang Nguyên, thôn Hương Nghĩa, tổng Tá Túc (sau thuộc tổng Phúc Lâm), huyện Thọ Xương, nay phố Chợ Gạo thuộc phường Hoàn Kiếm. Trước đây tại vị trí Techcombank Chợ Gạo là cửa sông Tô Lịch thông với sông Hồng. Tại đây là nơi tụ họp của những hàng bán gạo. Sau này khi người Pháp lấp sông Tô Lịch trong khu vực phố cổ vào năm 1895, họ cho xây một chợ chuyên kinh doanh gạo và thóc.",,,,,,,,,,"36 phố phường, Làng nghề",
true,Chu Huy Mân,Nhân vật lịch sử,Quân sự,"Chu Huy Mân, tên khai sinh là Chu Văn Điều, sinh tại xã Yên Lưu, huyện Nghi Lộc, tỉnh Nghệ An (nay thuộc xã Hưng Hòa, thành phố Vinh). Ông tham gia cách mạng từ năm 1929 và được kết nạp vào Đảng Cộng sản Việt Nam năm 1930. Trong kháng chiến chống Pháp và Mỹ, ông giữ nhiều chức vụ quân sự và chính trị quan trọng, nổi bật là Chủ nhiệm Tổng cục Chính trị và Phó Chủ tịch Hội đồng Nhà nước. Ông từng chỉ huy các chiến dịch lớn như Tây Nguyên, Huế – Đà Nẵng và có đóng góp lớn trong công tác chính trị quân đội. Năm 1980, ông được phong quân hàm Đại tướng.","Quân nhân, nhà hoạt động cách mạng, chính khách",,Cách mạng & kháng chiến,"Đại tướng Quân đội Nhân dân Việt Nam; Chủ nhiệm Tổng cục Chính trị; Phó Chủ tịch Hội đồng Nhà nước; Ủy viên Bộ Chính trị khóa IV, V; Ủy viên Trung ương Đảng khóa III, IV, V; Tư lệnh Quân khu 5; Chính ủy Mặt trận Tây Nguyên, Quân khu 4, Quân khu Tây Bắc",,,,,,,17/3/1913 - 1/7/2006
true,Chu Văn An,Nhân vật lịch sử,Giáo dục,"Chu Văn An sinh tại thôn Văn, xã Quang Liệt, huyện Thanh Đàm, phủ Thường Tín (nay thuộc xã Thanh Liệt, huyện Thanh Trì, Hà Nội). Ông đỗ Thái học sinh nhưng không ra làm quan, mà mở trường dạy học tại quê nhà. Sau đó, ông được vua Trần Minh Tông mời giữ chức Tư nghiệp Quốc Tử Giám, trực tiếp giảng dạy cho Thái tử Trần Vượng. Cuối đời Trần Dụ Tông, ông dâng Thất trảm sớ xin chém bảy gian thần nhưng không được chấp nhận, nên từ quan về núi Phượng Hoàng (Chí Linh, Hải Dương) tiếp tục dạy học và chữa bệnh. Ông mất năm 1370, được triều đình thờ tại Văn Miếu và tôn là “Vạn thế sư biểu”. Tư tưởng giáo dục của ông đề cao đạo đức, học tập suốt đời và ảnh hưởng sâu rộng đến nhiều thế hệ sau.","Nhà giáo, thầy thuốc, quan lại",,Nhà Trần,Tư nghiệp Quốc Tử Giám; Thái học sinh triều Trần; Văn Trinh Công,,,,,,,6/10/1292 - 1370
true,Chùa Bộc,Di tích,,,,,,,,,,,,,
false,Chùa Bụt Mọc,Di tích,,,,,,,,,,,,,
false,Chùa Đồng Bàn,Di tích,,,,,,,,,,,,,
true,Chùa Hà,Di tích,,"Chùa Hà là tên một ngôi chùa cổ ở phía Tây Hà Nội. Chùa nằm trên xóm Hà của làng Dịch Vọng Trung nên được đặt tên theo xóm này, nay chùa thuộc phường Cầu Giấy. Trước đây chùa lợp bằng lá vồi nên gọi là chùa Vồi. Tới đời vua Lê Hy Tông có hai người ở làng Thổ Hà (nay ở phường Vân Hà, tỉnh Bắc Ninh - xã Vân Hà, thị xã Việt Yên, tỉnh Bắc Giang cũ) tới trọ ở chùa để bán gốm sứ ở các chợ sát Kinh thành. Sau buôn bán phát đạt, họ công đức một lượng lớn tiền để dựng chùa lớp ngói, và cúng ruộng công cho chùa và dân làng. Từ đó hai làng kết nghĩa, đặt tên xóm có chùa là xóm Bối Hà.",,,,,,,,,,,
false,Chùa Hưng Ký,Di tích,,,,,,,,,,,,,
true,Chùa Láng,Di tích,,"Chùa Láng là tên một ngôi chùa cổ, có tên chữ là Chiêu Thiền tự. Chùa trước thuộc huyện Vĩnh Thuận, tổng Hạ, nay phố Chùa Láng thuộc phường Láng, Hà Nội. Chùa tương truyền được xây từ thời vua Lý Anh Tông, thờ Thiền sư Từ Đạo Hạnh. Hội chùa Láng cử hành vào ngày 7/3 âm lịch, là ngày sinh của Từ Đạo Hạnh. Trong ngày hội, kiệu của Từ Đạo Hạnh được rước đến chùa Hoa Lăng ở Dịch Vọng, nơi thờ bố mẹ ông.",,,,,,,,,,,
true,Chùa Liên Phái,Di tích,,"Chùa Liên Phái là một ngôi chùa ở phía Nam Hà Nội. Chùa trước đây thuộc tổng Tả Nghiêm, huyện Thọ Xương, sau thành tổng Kim Liên, huyện Thọ Xương, nay ngõ Chùa Liên Phái nằm trong phường Bạch Mai. Chùa có tên gốc là Liên Hoa, sau đổi tên thành Liên Tông rồi thành Liên Phái. Chùa được dựng sau khi ông Trịnh Hợp (cháu nội chúa Trịnh Căn, phò mã vua Lê Hy Tông) phát hiện một ngó sen sau khi đào đất để xây bể cạn. Ông cho rằng đây là dấu hiệu của Phật nên chuyển phủ của mình thành chùa Liên Hoa, đồng thời theo đạo Phật, thành sư trụ trì chính của chùa.",,,,,,,,,,,
false,Chùa Một Cột,Di tích,,Chùa Một Cột là tên một ngôi chùa ở Hà Nội. Trước đây chùa thuộc tổng,,,,,,,,,,,
false,Chùa Mỹ Quang,Di tích,,,,,,,,,,,,,
false,Chùa Ngòi,Di tích,,,,,,,,,,,,,
false,Chùa Quỳnh,Di tích,,,,,,,,,,,,,
false,Chùa Tổng,Di tích,,,,,,,,,,,,,
false,Chùa Trầm,Di tích,,,,,,,,,,,,,
false,Chùa Võ,Di tích,,,,,,,,,,,,,
true,Chùa Vua,Di tích,,"Chùa Vua là tên một cụm di tích ở phía Nam Hà Nội. Chùa Vua trước thuộc thôn Thịnh Yên, tổng Tả Nghiêm, sau thuộc tổng Kim Liên, huyện Thọ Xương, nay phố Chùa Vua thuộc phường Hai Bà Trưng. Cụm di tích này bao gồm chùa Hưng Khánh (dân gian gọi là chùa Vua) và Đế Thích điện. Chùa Vua trước đây là cung Thừa Lương từ thời nhà Lê, phía trước có hồ bán nguyệt. Đế Thích điện thờ Đế Thích, theo quan niệm của đạo Bà-La-Môn là vua của các vị thần (tương đương với Ngọc Hoàng trong tín ngưỡng của người Việt). Do quan niệm hỗn dung tôn giáo, nên khuôn viên chùa vừa thờ Phật vừa thờ Đế Thích. Trước đây vào thời Lý, vua cùng bầy tôi đi lễ chùa Hưng Khánh và đền Đế Thích vào ngày 30 tháng Chạp. Đến thời Lê, vua và các đại thần đến đàn Nam Giao để tế trời đất và đến chùa Hưng Khánh cầu quốc thái dân an. Đế Thích được coi là vị thần đánh cờ tướng rất giỏi, nên một vị hoàng tử nhà Lê mê cờ đã chọn đây là trung tâm đấu cờ tướng của Thăng Long. Tục lệ được gìn giữ tới giờ. Điển tích về Đế Thích cũng là nguồn gốc cho vở kịch ""Hồn Trương Ba, da hàng thịt"" của Lưu Quang Vũ.",,,,,,,,,,,
,Chúc Sơn,,,,,,,,,,,,,,
,Chương Đức,,,,,,,,,,,,,,
true,Chương Dương,Sự kiện lịch sử,,"Chương Dương Độ (tức bến Chương Dương) nằm bên hữu ngạn sông Hồng, nay thuộc xã Chương Dương. Địa danh này gắn với trận chiến Chương Dương diễn ra vào tháng 6, năm 1285 trong Kháng chiến chống quân Nguyên Mông lần 2. Quân đội nhà Trần do Trần Quang Khải và Trần Quốc Toản chỉ huy đã chiến thắng trước quân đội nhà Nguyên Mông do Thoát Hoan chỉ huy tại bến Chương Dương, mở đường giải phóng Thăng Long.",,,Nhà Trần,,,,,,,Thuỷ chiến nhà Trần,
false,Cổ Linh,Địa danh,,,,"Vận tải thủy, buôn bán ven sông",,,,,,,,,
true,Cổ Mai,Địa danh,,"Cổ Mai (hay Kẻ Mơ) là tên gọi của một vùng đất ở phía Nam - Đông Nam kinh thành Thăng Long cũ. Địa phận của khu vực này hiện nay tương ứng với các phường Bạch Mai, một phần phường Tương Mai và phường Hoàng Mai. Cổ Mai bao gồm các làng Bạch Mai (tên cũ là Hồng Mai), Hoàng Mai, Tương Mai, Mai Động, Tân Mai và Thanh Mai (hiện chưa xác định được vị trí). Tương truyền trước đây là rừng mơ nên gọi vùng này là Kẻ Mơ, sau này khi người Hán đến, do chữ Hán không có phiên âm từ ""Mơ"" nên đổi thành ""Cổ Mai"". Các làng thuộc Cổ Mai đều có từ ""Mai"" trong tên để nhớ về nguồn gốc xưa. Mỗi làng đều có sự chuyên biệt riêng: Hoàng Mai được gọi là Mơ Rượu, chuyên có nghề làm rượu; Hồng Mai/ Bạch Mai được gọi là Mơ Thịt, vì có nghề giết mổ gia súc, đặc biệt là thịt lợn; Tương Mai được gọi là Mơ Cơm vì ở vị trí trên đường thiên lý, chuyên môn nấu cơm thuê phục vụ lễ hội, đình đám; Mai Động được gọi là Mơ Táo hay Mơ Đậu, vì có nghề làm đậu phụ và trồng táo. Làng được coi là Thái ấp của Trần Khát Chân, được ban cho ông sau khi chiến thắng được quân Chiêm Thành trên sông Hải Triều (Khoái Châu, Hưng Yên) và giết được Chế Bồng Nga. Hiện nay đình các làng đều thờ Trần Khát Chân.",,,,,,,,Kẻ Mơ,Kẻ Mơ,,
false,Cổ Nhuế,Địa danh,,,,Nghề may truyền thống,,,,,,Kẻ Noi,,,
true,Cổ Tân,Địa danh,,"Cổ Tân là tên một ngôi làng cổ ở khu vực 36 phố phường Hà Nội. Trước đây sông Hồng chảy sát phố Trần Quang Khải hiện nay, tại khu vực này có bến đò có kè đá, nên gọi là Bến Đá (Thạch Tân). Gần đây có ngôi miếu tên là Trung Liệt, thờ Lê Lai (người đã đóng giả Lê Lợi để ông thoát khỏi vòng vây). Khoảng giữa thế kỷ XIX, sông Hồng chuyển dòng chảy chính sang phía Đông, bến này không dùng được nữa nên Bến Đá (Thạch Tân) thành Bến Cũ (Cổ Tân).",,,,,,,,,Thạch Tân; Trung Liệt miếu Thạch Tân; Trung Liệt miếu Bến Đá,,
false,Cổng Cái,Không rõ,,,,,,,,,,,,,
true,Cổng Đục,Khác,,"Cổng Đục là tên phố ở phía Đông thành Hà Nội. Khu vực này trước đây là tường phía Đông của thành Hà Nội. Năm 1882, Pháp cho đục phá tường thành để lấy lối ra vào, thuận tiện cho mua bán ở chợ Đông Thành. Từ đó phố có tên Cổng Đục.",,,,,,,,,,,
false,Cống Trắng,Địa danh,,,,,,,,,,,,,
false,Cống Xanh,Không rõ,,,,,,,,,,,,,
true,Cót,Địa danh,,"Kẻ Cót là tên một vùng đất ở phía Tây Hà Nội, bao gồm hai làng Kẻ Cót là Thượng Yên Quyết và Hạ Yên Quyết. Hai làng trước đây là một, gọi là làng Yên Quyết, sau này tách ra do khác biệt về lối sống và nghề nghiệp. Kẻ Cót nổi tiếng trong vùng về truyền thống khoa bảng, nằm trong nhóm ""tứ danh hương"": Mỗ, La, Canh, Cót.",,,,,,,,Kẻ Cót,,,
true,Cù Chính Lan,Nhân vật lịch sử,Cách mạng,"Cù Chính Lan là một chiến sĩ thuộc Quân đội Nhân dân Việt Nam, quê ở làng Quỳnh Đôi, huyện Quỳnh Lưu, tỉnh Nghệ An. Ông nổi bật trong Chiến dịch Hòa Bình năm 1951 với hành động dũng cảm tiêu diệt xe tăng Pháp bằng lựu đạn trong trận Giang Mỗ. Trước đó, ông từng được tuyên dương vì chiến công “tay không bắt giặc” và có nhiều đóng góp trong các trận đánh tại Hà Nam Ninh. Ông hy sinh ngày 29 tháng 12 năm 1951 và là một trong những người đầu tiên được phong danh hiệu Anh hùng lực lượng vũ trang nhân dân.",Quân nhân,,Cách mạng & kháng chiến,Anh hùng Lực lượng vũ trang nhân dân Quan đội Việt Nam; Tiểu đội trưởng bộ binh,,,,,,,1930 - 29/12/1951
false,Cự Khối,Địa danh,,,,"Đánh cá, vận tải thủy",,,,,"Lễ hội đình Thổ Khối vào ngày 8–10 tháng Hai âm lịch; Thờ 6 vị thành hoàng, trong đó có 3 tướng thời Đinh: Bạch Đa đại vương, Dị Mệ đại vương, Đào thành hoàng",,,,
true,Cự Lộc,Địa danh,,"Cự Lộc là tên một ngôi làng cổ ở phía Tây Nam Hà Nội. Làng trước đây thuộc xã Nhân Mục Môn, tổng Hạ, huyện Thanh Trì, sau chuyển về huyện Từ Liêm, nay phố Cự Lộc thuộc phường Thanh Xuân. Làng thuộc vùng kẻ Mọc (bao gồm các làng Thượng Đình, Hạ Đình, Cự Lộc, Chính Kinh, Quan Nhân và Giáp Nhất). Làng từng sinh hoạt chung với làng Chính Kinh, có thời kỳ hợp nhất thành xã Cự Chính, nhưng vẫn giữ tên riêng. Đình làng thờ Lã Đại Liêu, là một vị tướng từ thời Hùng Vương.",,,,,,,,Kẻ Mọc,Nhân Mục,,
false,Cửa Bắc,Địa danh,,,,,,,,,,,,,
false,Cửa Đông,Địa danh,,,,,,,,,,,,,
true,Cửa Nam,Địa danh,,"Cửa Nam là một trong cổng chính phía Namcủa thành Hà Nội, được xây dựng vào năm 1805 dưới triều vua Gia Long. Cổng thành này mở ra hướng Nam để kết nối khu vực hành chính trong thành với các vùng phía Đông Nam kinh thành Thăng Long. Vào cuối thế kỷ 19, Cửa Nam bị phá bỏ vào khoảng năm 1889 khi chính quyền Pháp thực hiện quy hoạch lại không gian thành phố.",,,,,,,,,,,
false,Cửa Quán,Khác,,,,,,,,,,,,,
false,Cương Kiên,Địa danh,,,,,,,,,,,,,
false,Đa Sỹ,Địa danh,,,,"Rèn sắt, chế tác nông cụ",,,,,Lễ hội làng vào ngày 12 tháng Giêng âm lịch; Tục rước kiệu thờ tổ nghề rèn; Tổ chức thi rèn truyền thống,Kẻ Sỹ,,,
true,Dã Tượng,Nhân vật lịch sử,Quân sự,"Dã Tượng là một danh tướng thời Trần, quê ở vùng Sơn Tây (nay thuộc Hà Nội), từng phục vụ dưới quyền Quốc công Tiết chế Trần Hưng Đạo. Ông nổi tiếng với tài điều khiển voi chiến và tham gia nhiều trận đánh lớn trong kháng chiến chống quân Nguyên Mông thế kỷ XIII. Trong trận Bạch Đằng năm 1288, ông cùng Yết Kiêu và các tướng khác góp phần quan trọng vào chiến thắng vang dội của quân Đại Việt. Tuy không có nhiều tư liệu chi tiết về cuộc đời, Dã Tượng được ghi nhớ như một biểu tượng của lòng trung thành và tài năng quân sự.",Tướng lĩnh quân sự,,Nhà Trần,Tướng dưới quyền Trần Hưng Đạo; Chỉ huy đội tượng binh trong kháng chiến chống Nguyên Mông,,,,,,, - 
false,Đại An,Không rõ,,,,,,,,,,,,,
false,Đại Cát,Địa danh,,,,,,,,,"Lễ hội đình làng vào ngày 10 tháng Ba âm lịch; Thi bơi trải trên sông Nhuệ và sông Hồng; Thờ ba vị tướng thời Hai Bà Trưng: Quách Lãng, Đinh Bạch Nương, Đinh Tĩnh Nương",,Hạ Cát,,
true,Đại Cồ Việt,Triều đại/ Quốc hiệu,,"Đại Cồ Việt là quốc hiệu của Việt Nam dưới 3 triều đại là nhà Đinh, nhà Tiền Lý và đầu nhà Lý. Tên Đại Cồ Việt được bắt đầu sử dụng từ năm 968 cho tới năm 1054. Theo một số cách lý giải, chữ ""Cồ"" là đơn tiết hoá từ ""Cồ Đàm"", phiên âm từ Gautama là họ của Phật Thích Ca. Như vậy thì Đại Cồ Việt nghĩa là Nước Phật giáo lớn tên là Việt. Theo một số cách lý giải khác, ""Cồ"" là âm Hán Việt cổ của từ ""Cự"" hoặc ""Cừ"", cũng có nghĩa là lớn, như vậy Đại Cồ Việt là để khẳng định một nước Việt lớn.",,,,,,,,,,,
false,Đại Đồng (Vĩnh Hưng),Địa danh,,,,,,,,,,,,,
false,Đại Đồng (VM-QTG),Địa danh,,,,,,,,,,,,,
true,Đại La,Địa danh,,"La Thành, Đê La Thành hay Đại La là tên của một toà thành cổ bao quanh Hà Nội. ""La Thành"" có nghĩa là thành bao quanh phía ngoài, đóng vai trò là tuyến phòng thủ quân sự, đồng thời là đê ngăn lũ bảo vệ kinh thành. Hệ thống La Thành được đắp từ thời Cao Biền (thế kỷ IX) và tiếp tục được củng cố qua các triều đại Lý, Trần, Lê. Phố Đại La dài khoảng 1,1km, nối từ ngã tư Vọng (Đại La - Vọng - Trường Chinh) đến ngã tư Trung Hiền (Minh Khai - Bạch Mai - Đại La - Trương Định), là ranh giới giữa hai phường Bạch Mai và Tương Mai.  Thời Pháp thuộc, tuyến đường này được gọi là Route Circulaire (đường Vòng cung). Sau năm 1945, phố chính thức mang tên Đại La nhằm ghi dấu địa danh lịch sử của vùng đất. Phố Đại La cũng là nơi đặt Đài phát thanh Bạch Mai, trạm vô tuyến điện đã phát đi thông điệp Toàn quốc kháng chiến của Chủ tịch Hồ Chí Minh vào tháng 12 năm 1946. Phố Đại La nay thuộc tuyến đường Vành đai 2 của Hà Nội.",,,,,,,,,,,
false,Đại Linh,Địa danh,,,,,,,,,,,,,
false,Đại Mỗ,Địa danh,,"Đại Mỗ là một làng cổ thuộc phường Đại Mỗ, quận Nam Từ Liêm, Hà Nội. Tên Nôm là Kẻ Mỗ, từng nổi tiếng với nghề trồng hoa màu và rau xanh, đặc biệt là hoa cúc trắng – từng được cung tiến cho triều đình. Đình Đại Mỗ thờ Tản Viên Sơn Thánh, một trong “Tam vị Thánh Tản” của tín ngưỡng dân gian Việt Nam, cùng các vị thần bản địa. Làng có truyền thống hiếu học, từng có nhiều người đỗ đạt trong các kỳ thi Hương, thi Hội thời phong kiến. Vị trí làng nằm gần trục đường 70, là cửa ngõ phía Tây Nam của Thăng Long xưa. Đại Mỗ là một trong những làng cổ tiêu biểu của vùng ven đô Hà Nội, với kiến trúc đình chùa truyền thống và đời sống văn hóa phong phú.",,"Trồng hoa màu, đặc biệt là rau xanh và hoa cúc",,,,,Lễ hội đình làng vào ngày 10 tháng Giêng âm lịch; Tục thờ Tản Viên Sơn Thánh và các vị thần bản địa; Tổ chức hội vật truyền thống,Kẻ Mỗ,,,
true,Đại Từ,Địa danh,,"Đại Từ là tên một ngôi làng cổ ở phía Nam Hà Nội. Làng trước đây thuộc xã Đại Từ, tổng Khương Đình, huyện Thanh Trì, nay phố Đại Từ thuộc phường Định Công. Theo gia phả các dòng họ, làng được hình thành do một nhóm người từ xứ Đông đến khai phá đất ven sông Tô Lịch, sau chuyển sang bờ tây đầm Linh Đường (hồ Linh Đàm hiện nay), lập thôn mới và dựng chùa Đại Bi. Làng có nhiều nhà nhận trông trẻ thuê, cho cả làng mình và các làng bên và nội thành. Làng trước đây chung làng với làng Linh Đàm, tới cuối thế kỷ XIX mới dựng đình riêng, thờ một vị thuỷ thần, tương truyền là học trò của Chu Văn An. Vị này đã giúp dân gọi mưa chống hạn hán, do trái lệnh trời nên đã bị đánh chết, xác nổi ở đầm Đại. Dân vớt xác lên chôn ở gò cao, lập miếu thờ thần. Trong lịch sử, làng có nhiều người đỗ đạt như tiến sĩ Nguyễn Chính (đỗ năm 1602, đi sứ năm 1613) và tiến sĩ Nguyễn Bá Trữ (đỗ năm 1754, làm quan Công bộ Hữu thị lang).",,"Nuôi trẻ, dạy học (truyền thống nuôi dạy con nhà quan, nhà giàu)",,,,,"Lễ hội đình làng thờ Bảo Ninh Vương; Thờ Phật tại chùa Đại Bi do bà chúa Trịnh Thị Ngọc Tải hưng công; Có văn chỉ, thọ chỉ, đàn tiên nông",,Làng Đầm,,
true,Đại Việt,Triều đại/ Quốc hiệu,,"Đại Việt là quốc hiệu cũ của Việt Nam, tồn tại trong hai giai đoạn. Giai đoạn thứ nhất từ năm 1054 đến năm 1400, tương ứng với từ thời vua Lý Thánh Tông lên ngôi, đổi tên từ Đại Cồ Việt thành Đại Việt cho tới khi Hồ Quý Ly lên ngôi và đổi tên thành Đại Ngu. Giai đoạn thứ hai từ năm 1428 đến năm 1804, tương ứng khi Lê Lợi lên ngôi và đổi tên từ Giao Chỉ thành Đại Việt, tới khi vua Gia Long lên ngôi và đổi tên thành Việt Nam.",,,,,,,,,,,
false,Đăm,Địa danh,,,,"Trồng hoa màu, đặc biệt là rau xanh và hoa cúc",,,,,,Kẻ Đăm,Tây Đàm; Tây Đăm,,
true,Đạm Phương,Nhân vật lịch sử,Văn hoá - nghệ thuật,"Đạm Phương, tên thật là Công Nữ Đồng Canh, sinh tại Huế trong một gia đình hoàng tộc – cháu nội vua Minh Mạng. Bà là một trong những phụ nữ đầu tiên ở Việt Nam hoạt động tích cực trong lĩnh vực báo chí, giáo dục và vận động xã hội. Từ năm 1918 đến 1930, bà viết hơn 200 bài báo, tập trung vào các vấn đề nữ quyền, giáo dục và cải cách xã hội. Năm 1926, bà sáng lập Nữ công học Hội Huế – tổ chức giáo dục đầu tiên dành cho nữ giới. Quan điểm của bà về phụ nữ rất tiến bộ: “Đàn bà là người, đàn bà là phần nửa nhân loại... Nếu tất cả đàn bà thế giới không có học thức, thì một nửa nhân loại có lẽ là thú cả”. Bà bị thực dân Pháp bắt giam năm 1928 vì nghi ngờ liên quan đến Đảng Tân Việt. Sau năm 1930, bà rút khỏi báo chí, tập trung viết sách và giáo dục con cái, trong đó có nhà lý luận văn học Hải Triều. Đạm Phương được xem là ngôi sao sáng của văn hóa Việt Nam đầu thế kỷ XX.","Nhà thơ, nhà báo, nhà giáo dục, nhà hoạt động xã hội",,Nhà Nguyễn & Pháp thuộc,"Hội trưởng Nữ công học Hội Huế; Cộng tác viên Nam Phong tạp chí, Trung Bắc tân văn, Phụ nữ tân văn; Nhà báo nữ tiên phong đầu thế kỷ XX",,,,,,,3/6/1881 - 10/12/1947
true,Đàm Quang Trung,Nhân vật lịch sử,Quân sự,"Đàm Quang Trung, tên thật là Đàm Ngọc Lưu, sinh tại bản Nà Nghiềng, xã Sóc Hà, huyện Hà Quảng, tỉnh Cao Bằng, dân tộc Tày. Ông tham gia cách mạng từ năm 1937, gia nhập Đảng Cộng sản Đông Dương năm 1939, và từng bị thực dân Pháp bắt giam. Năm 1941, ông được Bác Hồ cử sang Trung Quốc học quân sự tại trường Hoàng Phố. Trở về nước, ông tham gia xây dựng lực lượng du kích và trở thành chỉ huy Đội vệ binh bảo vệ Trung ương Đảng và Chủ tịch Hồ Chí Minh tại Tân Trào. Trong kháng chiến chống Pháp, ông giữ nhiều chức vụ quan trọng như Đại đoàn trưởng Đại đoàn 312, Tư lệnh Quân khu 1, và sau này là Thượng tướng. Từ năm 1987 đến 1992, ông giữ chức Phó Chủ tịch Hội đồng Nhà nước kiêm Chủ tịch Hội đồng Dân tộc. Ông được đánh giá là một trong những vị tướng tài năng, có nhiều đóng góp trong cả quân sự lẫn chính trị.","Tướng lĩnh quân đội, chính trị gia",,Cách mạng & kháng chiến,Thượng tướng Quân đội Nhân dân Việt Nam; Phó Chủ tịch Hội đồng Nhà nước; Chủ tịch Hội đồng Dân tộc; Bí thư Trung ương Đảng khóa VI; Đại biểu Quốc hội khóa IV–VIII,,,,,,,12/9/1921 - 3/3/1995
false,Đầm Trấu,Không rõ,,,,,,,,,,,,,
false,Đầm Trị,Địa danh,,,,,,,,,,,,,
true,Đặng Dung,Nhân vật lịch sử,Quân sự,"Đặng Dung sinh tại xã Tả Hạ, huyện Thiên Lộc, trấn Nghệ An (nay thuộc huyện Can Lộc, tỉnh Hà Tĩnh). Ông là con trai của Đặng Tất, từng giữ vai trò quan trọng trong cuộc kháng chiến chống quân Minh dưới triều Hậu Trần. Sau khi cha bị giết, ông phò Trần Quý Khoáng lên ngôi và được phong chức Đồng bình chương sự. Ông tham gia nhiều trận đánh lớn, trong đó có trận Thái Gia năm 1413. Khi bị bắt cùng vua Trùng Quang, ông đã trầm mình xuống biển tự vẫn. Ngoài vai trò quân sự, ông để lại bài thơ “Cảm hoài”, thể hiện khí phách và nỗi đau thời loạn.","Tướng lĩnh quân sự, nhà thơ",,Nhà Hồ & Minh thuộc,Đồng bình chương sự triều Hậu Trần,,Con của Đặng Tất,,,,,1373 - 1414
true,Đặng Tất,Nhân vật lịch sử,Quân sự,"Đặng Tất sinh tại làng Tả Thiên Lộc, huyện Thiên Lộc, châu Nghệ An (nay là xã Tùng Lộc, huyện Can Lộc, tỉnh Hà Tĩnh). Ông xuất thân từ dòng họ quý tộc, từng giữ chức Đại tri châu Hóa Châu dưới triều Hồ Quý Ly. Sau khi nhà Minh xâm lược, ông bí mật xây dựng lực lượng, rồi hợp tác với Trần Ngỗi trong cuộc khởi nghĩa Hậu Trần. Ông được phong làm Quốc công và trở thành trụ cột của nghĩa quân, chỉ huy nhiều chiến dịch lớn như trận Nhật Lệ, mở rộng căn cứ từ Thuận Hóa ra Thanh Hóa. Năm 1409, ông bị Giản Định Đế xử tử do mâu thuẫn nội bộ, để lại nhiều tiếc nuối trong lịch sử kháng chiến chống Minh.","Quân nhân, danh tướng, nhà hoạt động khởi nghĩa",,Nhà Hồ & Minh thuộc,Đại tri châu Hóa Châu dưới triều Hồ; Quốc công triều Hậu Trần,,Con của Đặng Dung,,,,,1357 - 1409
true,Đặng Thai Mai,Nhân vật lịch sử,Quan chức,"Đặng Thai Mai sinh tại làng Lương Điền, huyện Thanh Chương, tỉnh Nghệ An, trong một gia đình nho học. Ông học tại Trường Cao đẳng Sư phạm Đông Dương và từng giảng dạy ở Quốc học Huế. Trong sự nghiệp, ông có nhiều đóng góp cho ngành giáo dục và nghiên cứu văn học Việt Nam hiện đại, đặc biệt trong lĩnh vực lý luận và phê bình. Tác phẩm “Văn học khái luận” của ông được xem là nền tảng cho phê bình văn học Việt Nam. Ông cũng tham gia nhiều hoạt động xã hội và văn hóa, từng giữ nhiều chức vụ quan trọng trong chính quyền và giới học thuật.","Giáo sư, nhà văn, nhà phê bình văn học, nhà giáo dục",,Cách mạng & kháng chiến,Bộ trưởng Bộ Giáo dục; Chủ tịch Ủy ban Hành chính tỉnh Thanh Hóa; Viện trưởng Viện Văn học; Hiệu trưởng Đại học Sư phạm Hà Nội; Chủ nhiệm khoa Ngữ văn Đại học Tổng hợp Hà Nội; Chủ tịch Hội Văn học Nghệ thuật Việt Nam; Đại biểu Quốc hội khóa I–IV,,,,,,,25/12/1902 - 25/9/1984
true,Đặng Thái Thân,Nhân vật lịch sử,Cách mạng,"Đặng Thái Thân, hiệu Ngư Hải, sinh tại làng Mỹ Chiêm, huyện Nghi Lộc, tỉnh Nghệ An. Ông là học trò và cộng sự thân cận của Phan Bội Châu, tham gia sáng lập Duy Tân hội năm 1904. Trong phong trào Đông Du, ông phụ trách vận động thanh niên xuất dương và tổ chức quyên góp tài chính. Năm 1910, khi bị quân Pháp vây bắt tại làng Phan Thôn, ông đã tự sát sau khi thủ tiêu tài liệu mật. Sinh thời, ông có sáng tác thơ chữ Hán, trong đó có bài “Cảm hứng” và câu đối “Thư trai”. Tên tuổi ông gắn liền với giai đoạn đầu của phong trào yêu nước đầu thế kỷ XX.","Nhà cách mạng, nhà thơ",,Nhà Nguyễn & Pháp thuộc,Thành viên sáng lập Duy Tân hội,,,,,,,1874 - 1910
true,Đặng Thuỳ Trâm,Nhân vật lịch sử,Cách mạng,"Đặng Thuỳ Trâm sinh tại Huế, lớn lên ở Hà Nội trong một gia đình trí thức. Sau khi tốt nghiệp Đại học Y Hà Nội năm 1966, bà xung phong vào chiến trường miền Nam và công tác tại Quảng Ngãi. Trong thời gian phục vụ, bà phụ trách bệnh xá tiền phương, điều trị thương binh và tham gia công tác cơ sở. Bà bị phục kích và hy sinh năm 1970 khi mới 27 tuổi. Nhật ký của bà, ghi lại những suy nghĩ và trải nghiệm trong chiến tranh, được công bố sau năm 2005 và gây tiếng vang lớn trong và ngoài nước.",Bác sĩ quân y,,Cách mạng & kháng chiến,"Phụ trách bệnh xá huyện Đức Phổ, Quảng Ngãi",,,,,,,26/11/1942 - 22/6/1970
true,Đặng Tiến Đông,Nhân vật lịch sử,Quân sự,"Đặng Tiến Đông, còn gọi là Đặng Tiến Giản, sinh tại xã Thịnh Phúc, huyện Phú Xuyên, Hà Nội, thuộc dòng họ Đặng ở làng Lương Xá, huyện Chương Mỹ. Ban đầu ông làm quan dưới triều Lê – Trịnh, sau chuyển sang phục vụ triều Tây Sơn và trở thành một trong những tướng lĩnh chủ chốt. Ông từng tham gia nhiều chiến dịch quân sự lớn, có công trong việc củng cố chính quyền Tây Sơn. Ngoài hoạt động quân sự, ông còn biên soạn bộ Đặng gia phổ hệ toàn chính thực lục gồm 6 quyển, được Ngô Thì Nhậm viết lời tựa. Thân thế và sự nghiệp của ông hiện vẫn là chủ đề nghiên cứu trong giới sử học.","Quân nhân, danh tướng",,Nhà Tây Sơn,Đô đốc quân Tây Sơn; từng làm quan dưới triều Lê – Trịnh,,,,,,,18/6/1738 - 
true,Đặng Trần Côn,Nhân vật lịch sử,Văn hoá - nghệ thuật,"Đặng Trần Côn sinh tại làng Nhân Mục (làng Mọc), huyện Thanh Trì, trấn Sơn Nam (nay thuộc phường Nhân Chính, quận Thanh Xuân, Hà Nội). Ông nổi tiếng với tác phẩm “Chinh phụ ngâm” viết bằng chữ Hán, phản ánh tâm trạng người phụ nữ có chồng ra trận. Tác phẩm này được Đoàn Thị Điểm dịch ra chữ Nôm và trở thành một kiệt tác văn học cổ điển. Ngoài ra, ông còn sáng tác nhiều bài thơ và phú như “Tiêu Tương bát cảnh”, “Trương Hàn tư thuần lư”, “Khấu môn thanh”. Ông từng đào hầm học ban đêm trong thời kỳ cấm đốt đèn ở Thăng Long, thể hiện tinh thần hiếu học.","Nhà thơ, nhà biên khảo",,Phân tranh,Huấn đạo trường phủ; Tri huyện Thanh Oai; Ngự sử đài Chiếu khám,,,,,,,1710 - 1745
true,Đặng Trần Đức,Nhân vật lịch sử,Quân sự,"Đặng Trần Đức, bí danh Ba Quốc, sinh tại phường Vĩnh Hưng, quận Hoàng Mai, Hà Nội. Ông tham gia cách mạng từ năm 1945, từng giữ chức Chủ tịch UBND cách mạng xã Thanh Trì và công tác trong ngành công an. Từ năm 1949, ông hoạt động trong lĩnh vực tình báo, được giao nhiệm vụ thâm nhập vào hàng ngũ đối phương. Trong kháng chiến chống Mỹ, ông hoạt động ngay trong Phủ Đặc ủy Trung ương tình báo của chính quyền Sài Gòn, thu thập nhiều tài liệu quan trọng. Sau năm 1975, ông tiếp tục công tác trong ngành tình báo, giữ chức Cục trưởng Cục 12 và làm cố vấn chiến lược. Ông được truy tặng danh hiệu Anh hùng Lực lượng vũ trang nhân dân.",Tình báo quân sự,,Cách mạng & kháng chiến,"Thiếu tướng Quân đội Nhân dân Việt Nam; Cục trưởng Cục 12, Tổng cục II, Bộ Quốc phòng; Ủy viên Thường vụ Đảng ủy Tổng cục Tình báo",,,,,,,19/10/1922 - 26/3/2004
true,Đặng Văn Ngữ,Nhân vật lịch sử,Y học,"Đặng Văn Ngữ sinh tại làng An Cựu, tỉnh Thừa Thiên Huế. Sau khi tốt nghiệp Trường Y Dược Đông Dương, ông trở thành trợ giảng và sau đó là trưởng phòng thí nghiệm ký sinh trùng. Trong thời gian du học tại Nhật, ông nghiên cứu về vi trùng học và huyết thanh học. Năm 1949, ông về nước tham gia kháng chiến, cùng các giáo sư sáng lập Trường Đại học Y khoa kháng chiến. Ông nghiên cứu thành công Penicillin tại chiến khu Việt Bắc và sau này tập trung điều tra, sản xuất vaccine phòng chống sốt rét. Ông hy sinh năm 1967 trong lúc đang khảo sát tại Trường Sơn. Công trình của ông được đánh giá cao trong ngành y học Việt Nam.","Bác sĩ, nhà khoa học y học, chuyên gia ký sinh trùng học",,Cách mạng & kháng chiến,Chủ nhiệm Bộ môn Ký sinh trùng Đại học Y khoa Chiêm Hóa; Viện trưởng Viện Sốt rét – Ký sinh trùng và côn trùng Việt Nam,,,,,,,4/4/1910 - 4/1/1967
true,Đặng Vũ Hỷ,Nhân vật lịch sử,Y học,"Đặng Vũ Hỷ sinh tại làng Hành Thiện, huyện Xuân Trường, tỉnh Nam Định, trong một dòng họ khoa bảng. Ông tốt nghiệp Trường Y khoa Hà Nội và tiếp tục học bác sĩ nội trú tại Paris, chuyên ngành da liễu. Sau khi về nước, ông giảng dạy tại Đại học Y Hà Nội và phụ trách chuyên môn tại Bệnh viện Bạch Mai. Trong kháng chiến, ông tham gia Vệ quốc đoàn và công tác tại các quân y viện. Ông có nhiều công trình nghiên cứu về bệnh phong, hoa liễu và các bệnh ngoài da, đóng góp vào sự phát triển của ngành da liễu Việt Nam.","Bác sĩ, giáo sư y khoa, chuyên gia da liễu",,Cách mạng & kháng chiến,Chủ nhiệm Bộ môn Da liễu Đại học Y Hà Nội; Chủ nhiệm Khoa Da liễu Bệnh viện Bạch Mai; Một trong 12 người đầu tiên được phong học hàm Giáo sư tại Việt Nam; Giải thưởng Hồ Chí Minh về Y học đợt I (1996),,,,,,,17/3/1910 - 4/10/1972
true,Đặng Xuân Bảng,Nhân vật lịch sử,Quan chức,"Đặng Xuân Bảng sinh tại làng Hành Thiện, huyện Xuân Trường, tỉnh Nam Định. Ông đỗ Tiến sĩ năm 1856 dưới triều Tự Đức và từng giữ nhiều chức vụ quan trọng trong chính quyền nhà Nguyễn. Ngoài vai trò hành chính, ông là nhà sử học có đóng góp lớn với bộ sách Khâm định nhân sự kim giám, gồm 13 tập bàn về đạo trị nước. Ông cũng là người đầu tiên ở Bắc Kỳ lập thư viện tư nhân mang tên Hy Long với hàng nghìn đầu sách quý. Sau khi nghỉ hưu, ông sống tại quê nhà và mất năm 1910, thọ 83 tuổi.","Chính trị gia, sử gia, nhà giáo",,Nhà Nguyễn & Pháp thuộc,"Tiến sĩ triều Nguyễn, Tuần phủ Hải Dương, Đốc học Nam Định",,Ông nội của Trường Chinh,,,,,1828 - 1910
true,Đào Đình Luyện,Nhân vật lịch sử,Quân sự,"Đào Đình Luyện, tên thật là Đào Mạnh Hùng, sinh tại thôn Phụng Công, xã Quỳnh Hội, huyện Quỳnh Phụ, tỉnh Thái Bình. Ông tham gia phong trào Việt Minh từ năm 1945 và gia nhập Đảng Cộng sản Đông Dương cùng năm. Trong kháng chiến chống Pháp, ông chiến đấu tại nhiều chiến dịch lớn như Việt Bắc, Biên Giới, Hòa Bình và Điện Biên Phủ. Sau năm 1954, ông được đào tạo phi công tại Trung Quốc và trở thành một trong những sĩ quan đầu tiên xây dựng lực lượng Không quân Việt Nam. Ông giữ nhiều chức vụ cao trong quân đội, đặc biệt là Tổng Tham mưu trưởng giai đoạn 1991–1995. Ông có đóng góp lớn trong việc phát triển lực lượng không quân và kỹ thuật quân sự.","Quân nhân, nhà hoạt động cách mạng, chính khách",,Cách mạng & kháng chiến,"Thượng tướng Quân đội Nhân dân Việt Nam; Tư lệnh Quân chủng Không quân; Tổng Tham mưu trưởng Quân đội Nhân dân Việt Nam; Thứ trưởng Bộ Quốc phòng; Chủ nhiệm Tổng cục Kỹ thuật; Phó Tổng Tham mưu trưởng; Trung đoàn trưởng Trung đoàn Không quân 921; Tham mưu trưởng Sư đoàn 312; Ủy viên Ban Chấp hành Trung ương Đảng khóa VI, VII; Đại biểu Quốc hội khóa VII, VIII, IX",,,,,,,5/11/1929 - 3/8/1999
true,Đào Duy Anh,Nhân vật lịch sử,Văn hoá - nghệ thuật,"Đào Duy Anh sinh tại Thanh Hóa, quê gốc ở làng Khúc Thủy, huyện Thanh Oai, tỉnh Hà Tây (nay thuộc Hà Nội). Ông từng tham gia Việt Nam Cách mạng Đảng và giữ chức Tổng Bí thư khi đảng đổi tên thành Tân Việt Cách mạng Đảng năm 1928. Sau khi bị bắt giam năm 1929, ông chuyển hướng sang nghiên cứu học thuật, chuyên sâu về từ điển học, sử học, văn hóa và ngôn ngữ. Ông là tác giả của nhiều công trình có giá trị như “Từ điển Hán Việt”, “Lịch sử Việt Nam”, “Khảo luận về văn hóa cổ Việt Nam”. Sau năm 1954, ông giảng dạy và nghiên cứu tại các trường đại học lớn và Viện Sử học, có ảnh hưởng lớn đến ngành khoa học xã hội Việt Nam.","Nhà sử học, nhà ngôn ngữ học, nhà nghiên cứu văn hóa, nhà từ điển học",,Cách mạng & kháng chiến,Tổng Bí thư Tân Việt Cách mạng Đảng; Chủ nhiệm khoa Sử Đại học Sư phạm và Đại học Tổng hợp Hà Nội; Chuyên viên Viện Sử học thuộc Ủy ban Khoa học xã hội Việt Nam,,Cha của Đào Thế Tuấn,,,,,25/4/1904 - 1/4/1988
true,Đào Duy Từ,Nhân vật lịch sử,Quân sự,"Đào Duy Từ sinh tại làng Hoa Trai, xã Vân Trai, huyện Ngọc Sơn, phủ Tĩnh Gia, tỉnh Thanh Hóa (nay thuộc xã Nguyên Bình, huyện Tĩnh Gia, Thanh Hóa). Do xuất thân từ gia đình hát xướng, ông bị cấm thi dưới triều Lê, phải đổi họ để dự thi. Sau khi bị phát hiện và loại khỏi kỳ thi, ông vào Nam phò Chúa Nguyễn Phúc Nguyên. Trong 8 năm phục vụ, ông có công lớn trong việc xây dựng hệ thống phòng thủ như lũy Trường Dục, lũy Thầy, góp phần củng cố thế lực Đàng Trong. Ông cũng là người đề xuất nhiều cải cách chính trị và quân sự, được triều Nguyễn thờ phụng tại Thái miếu như một khai quốc công thần.","Chính trị gia, quân sự gia, nhà thơ, nhà kiến trúc",,Phân tranh,Thái phó triều Nguyễn; Hoằng Quốc công; Đệ nhất khai quốc công thần xứ Đàng Trong,,,,,,,1572 - 7/12/1634
true,Đào Hinh,Nhân vật lịch sử,Quân sự,"Đào Hinh, bí danh Đặng Thiết Hán, sinh tại làng Cự Khối, quận Long Biên, Hà Nội. Ông là trí thức yêu nước, hoạt động cách mạng từ trước năm 1945, từng bị giam tại Côn Đảo. Ông có 13 năm hoạt động trong phong trào công nhân tại nhà máy rượu và nhà máy Aviat Hà Nội, giữ vai trò Bí thư công nhân cứu quốc khu miền Nam Hà Nội. Năm 1950, ông được bầu làm Ủy viên Ban Giám sát tại Đại hội Công đoàn toàn quốc lần thứ nhất.","Cán bộ công đoàn, chiến sĩ cách mạng",,Cách mạng & kháng chiến,Ủy viên Ban Giám sát Tổng Liên đoàn Lao động Việt Nam (tiền thân của Ủy ban Kiểm tra Tổng LĐLĐVN),,,,,,,1894 - 1955
true,Đào Tấn,Nhân vật lịch sử,Văn hoá - nghệ thuật,"Đào Tấn sinh tại thôn Vinh Thạnh, huyện Tuy Phước, tỉnh Bình Định. Ông xuất thân từ dòng dõi Đào Duy Từ, từng đỗ cử nhân và làm quan qua ba triều vua nhà Nguyễn. Trong sự nghiệp chính trị, ông giữ nhiều chức vụ cao cấp như Tổng đốc và Thượng thư. Về văn hóa, ông là nhà soạn tuồng tiêu biểu, sáng tác khoảng 40 vở tuồng hát bội, tiêu biểu như “Tân Dã Đồn”, “Hoàng Phi Hổ quá giới bài quan”. Ông cũng sáng tác thơ, từ và văn tế bằng chữ Hán, để lại dấu ấn sâu sắc trong nghệ thuật truyền thống Việt Nam. Sau khi bị cách chức năm 1904, ông về quê ở ẩn và mất năm 1907.","Nhà soạn tuồng, nhà văn hóa, quan lại",,Nhà Nguyễn & Pháp thuộc,"Tổng đốc An Tĩnh; Tổng đốc Nam Ngãi; Thượng thư Bộ Hình, Bộ Binh, Bộ Công; Hiệp biện Đại học sĩ; Tước Vinh Quang tử",,,,,,,3/4/1845 - 23/8/1907
true,Đào Thế Tuấn,Nhân vật lịch sử,Kỹ thuật,"Đào Thế Tuấn sinh tại Huế, nguyên quán ở Khúc Thủy, Thanh Oai, Hà Nội. Ông là con trai của nhà học giả Đào Duy Anh, trưởng thành trong môi trường trí thức. Năm 1953, ông du học tại Liên Xô và bảo vệ thành công luận án tiến sĩ nông học năm 1958. Sau khi về nước, ông công tác tại Học viện Nông Lâm và Viện Khoa học Nông nghiệp Việt Nam, giữ nhiều chức vụ lãnh đạo. Ông có đóng góp lớn trong nghiên cứu sinh lý thực vật, hệ thống nông nghiệp và phát triển nông thôn. Các công trình của ông được xuất bản trong và ngoài nước, góp phần định hình chiến lược nông nghiệp Việt Nam hiện đại.","Nhà khoa học nông nghiệp, giáo sư, viện sĩ",,Cách mạng & kháng chiến,Viện trưởng Viện Khoa học Kỹ thuật Nông nghiệp Việt Nam; Chủ tịch Hội Khoa học Phát triển Nông thôn Việt Nam; Người sáng lập bộ môn Hệ thống nông nghiệp,,Con trai của Đào Duy Anh,,,,,4/7/1931 - 19/1/2011
true,Đào Văn Tập,Nhân vật lịch sử,Kinh tế - xã hội,"Đào Văn Tập sinh tại thôn Tường Thụy, xã Trác Văn, huyện Duy Tiên, tỉnh Hà Nam. Ông tốt nghiệp Đại học Kinh tế tại Trung Quốc năm 1958 và là người đặt nền móng cho ngành nghiên cứu kinh tế thế giới và quan hệ kinh tế quốc tế ở Việt Nam. Ông sáng lập Viện Kinh tế Thế giới năm 1983 và có nhiều đóng góp trong việc xây dựng chương trình đào tạo kinh tế chính trị tại Đại học Tổng hợp Hà Nội. Các công trình tiêu biểu của ông gồm “Chiến tranh Việt Nam và kinh tế Mỹ”, “45 năm kinh tế Việt Nam (1945–1990)”, và các nghiên cứu cải tạo công thương nghiệp. Ông được truy tặng Giải thưởng Hồ Chí Minh về khoa học công nghệ năm 2005.","Nhà kinh tế học, giáo sư, nhà nghiên cứu chính sách",,Cách mạng & kháng chiến,"Chủ nhiệm Ủy ban Khoa học Xã hội Việt Nam; Viện trưởng Viện Kinh tế học; Chủ nhiệm Khoa Kinh tế Chính trị Đại học Tổng hợp Hà Nội; Đại biểu Quốc hội khóa V, VI, VII; Chủ nhiệm Ủy ban Kinh tế kế hoạch và ngân sách Quốc hội khóa VII; Phó Chủ tịch Liên hiệp các hội Khoa học và kỹ thuật Việt Nam; Phó Chủ tịch kiêm Tổng thư ký Hội Khoa học Kinh tế Việt Nam",,,,,,,28/10/1927 - 23/6/1989
false,Đền Lừ,Địa danh,,,,,,,,,,,,,
false,Đền Vẽ,Địa danh,,,,,,,,,,,,,
false,Di Ái,Địa danh,,,,,,,,,,,,,
true,Dịch Vọng,Địa danh,,"Dịch Vọng là tên một ngôi làng ở phía Tây Hà Nội. Làng trước đây thuộc tổng Dịch Vọng, huyện Từ Liêm, phủ Quốc Oai, tỉnh Sơn Tây, sau này thuộc phủ Hoài Đức, tỉnh Hà Nội, rồi về tỉnh Cầu Đơ. Nay phố Dịch Vọng thuộc phường Cầu Giấy. Ban đầu làng Vòng được gọi là trang (Tiền trang, Trung trang và Hậu trang), tới thời Lê lập xã Dịch Vọng gồm ba làng này (Dịch Vọng Tiền, Dịch Vọng Trung, Dịch Vọng Hậu). Tới năm 1491, lập sở đồn điền của nhà nước tại đây, gọi là Dịch Vọng Sở. Tới đầu thế kỷ XVII, một phần Dịch Vọng Hậu tách ra làng mới, gọi là Mai Dịch. Tên gọi ""Dịch Vọng"" xuất phát từ một trạm trên đường thiên lý nối Thăng Long đi về phía Tây (nay là trục đường Cầu Giấy, Xuân Thuỷ, Hồ Tùng Mậu, đi tiếp tới Quốc lộ 32). Làng có tên Nôm là kẻ Vòng, theo nhiều người cao tuổi nói thì tên xuất phát từ địa thế của làng nằm trong một con đường vòng hình tròn. Làng nổi tiếng với món cốm Vòng do địa giới của làng rộng, có trồng giống lúa nếp rất trắng, thơm, dẻo. Trong địa giới của làng từng có phủ lị của Phủ Hoài Đức, được xây năm 1833. Phủ lị được đắp thành có hào bao quanh, vị trí nằm ở Học viện Báo chí và Tuyên truyền hiện nay. Đình các làng Dịch Vọng Trung, Dịch Vọng Sở và Dịch Vọng Tiền thờ Lý Nam Đế, các tướng dưới trướng ông và vợ con của ông.",,Làm cốm (cốm làng Vòng),,,,,"Lễ hội đình làng vào ngày 10 tháng Ba âm lịch; Thờ Hậu Nam Đế Lý Phật Tử; Tổ chức lễ rước kiệu, tế lễ truyền thống; Tục giã cốm vào mùa thu (tháng 7–9 âm lịch)",Kẻ Vòng,Vòng,,
true,Dịch Vọng Hậu,Địa danh,,"Dịch Vọng Hậu là tên một ngôi làng ở phía Tây Hà Nội. Làng trước đây thuộc tổng Dịch Vọng, huyện Từ Liêm, phủ Quốc Oai, tỉnh Sơn Tây, sau này thuộc phủ Hoài Đức, tỉnh Hà Nội, rồi về tỉnh Cầu Đơ. Nay phố Dịch Vọng Hậu thuộc phường Cầu Giấy. Ban đầu làng Dịch Vọng Hậu được gọi là Hậu trang, tới thời Lê lập xã Dịch Vọng gồm ba làng Tiền trang, Trung trang và Hậu trang (sau này thành Dịch Vọng Tiền, Dịch Vọng Trung, Dịch Vọng Hậu). Tới đầu thế kỷ XVII, một phần Dịch Vọng Hậu tách ra làng mới, gọi là Mai Dịch. Tên gọi ""Dịch Vọng"" xuất phát từ một trạm trên đường thiên lý nối Thăng Long đi về phía Tây (nay là trục đường Cầu Giấy, Xuân Thuỷ, Hồ Tùng Mậu, đi tiếp tới Quốc lộ 32). Làng thuộc vùng kẻ Vòng, theo nhiều người cao tuổi nói thì tên xuất phát từ địa thế của làng nằm trong một con đường vòng hình tròn. Trong địa giới của làng từng có phủ lị của Phủ Hoài Đức, được xây năm 1833. Phủ lị được đắp thành có hào bao quanh, vị trí nằm ở Học viện Báo chí và Tuyên truyền hiện nay. Đình làng thờ Linh Lang đại vương. Trong làng có chùa Thánh Chùa (nay nằm giữa khuôn viên các trường Đại học Sư phạm và Đại học Ngoại ngữ), có liên quan tới câu chuyện Nguyên phi Ỷ Lan và nhân vật Nguyễn Bông. Vua Lý Thánh Tông vì hiếm muộn nên cùng vợ là Ỷ Lan đến chuyện vãn cảnh và cầu tự. Bà ở lại chùa, một hôm quây màn tắm ở giếng Linh Quang thì bị Nguyễn Bông lẻn vào định dùng phép đầu thai. Việc bại lộ, Nguyễn Bông bị đem ra chém ở cánh đồng trước chùa, nên ruộng đó gọi là đồng Bông. Sau này bà sinh Thái tử Càn Đức, là vua Lý Nhân Tông, nên đã cấp khoản tiền lớn tu bổ chùa.",,Làm cốm (cốm làng Vòng),,,,,"Lễ hội đình làng vào ngày 10 tháng Ba âm lịch; Thờ Hậu Nam Đế Lý Phật Tử; Tổ chức lễ rước kiệu, tế lễ truyền thống; Tục giã cốm vào mùa thu (tháng 7–9 âm lịch)",Kẻ Vòng,,,
true,Điện Biên Phủ,Sự kiện lịch sử,,"Điện Biên Phủ là một địa danh tại Tây Bắc, hiện nay thuộc phường Điện Biên Phủ, tỉnh Điện Biên. ""Điện"" nghĩa là kiến lập, ""Biên"" nghĩa là vùng biên giới. Điện Biên Phủ được biết đến thông qua Chiến dịch Điện Biên Phủ, diễn ra từ tháng 3 đến tháng 5 năm 1954 giữa Quân đội Nhân dân Việt Nam và Quân đội Liên hiệp Pháp. Chiến dịch xuất phát từ Kế hoạch Navarre của Pháp nhằm chuyển hướng chiến lược, thu hút và tiêu diệt chủ lực Việt Minh tại một tập đoàn cứ điểm phòng ngự kiến cố. Pháp tập trung khoảng 16.200 quân với trang bị hoả lực, không quân và hệ thống công sự hiện đại. Phía Việt Minh huy động lực lượng chủ lực khoảng 50.000 quân và hàng chục nghìn dân công tham gia hậu cần, vận chuyển vũ khí hạng nặng vượt địa hình núi cao. Sau 56 ngày đêm giao tranh, Việt Minh kiểm soát hoàn toàn tập đoàn cứ điểm Điện Biên Phủ vào ngày 7/5/1954. Chiến thắng này chiaasm dứt sự có mặt của quân đội Pháp tại Đông Dương, trực tiếp dẫn đến việc ký kết Hiệp điện Geneva năm 1954.",,,Cách mạng & kháng chiến,,,,,,,,
false,Đình Bắc Lãm,Địa danh,,,,,,,,,,,,,
false,Định Công,Địa danh,,"Làng Định Công nằm bên bờ sông Tô Lịch, nay thuộc phường Định Công, quận Hoàng Mai, Hà Nội. Đây là một trong những làng nghề cổ nổi tiếng của Thăng Long xưa, được mệnh danh là “Định Công kim hoàn” – một trong “tứ nghệ tinh” gồm: lụa Yên Thái, gốm Bát Tràng, bạc Định Công, đồng Ngũ Xã. Nghề kim hoàn ở đây đặc biệt nổi tiếng với kỹ thuật đậu bạc, tạo ra những sản phẩm tinh xảo bằng sợi bạc mảnh như tóc. Tương truyền, nghề được truyền lại từ ba anh em họ Trần vào thời Lý Nam Đế. Sản phẩm của làng từng được triều đình sử dụng, nhiều nghệ nhân được phong danh hiệu cao quý. Dù đô thị hóa mạnh mẽ, Định Công vẫn giữ được bản sắc nghề truyền thống, là một trong những làng nghề tiêu biểu nhất của Hà Nội.",,Kim hoàn,,,,,"Lễ hội tổ nghề kim hoàn vào ngày 12 tháng Hai âm lịch; Tục thờ ba vị tổ nghề: Trần Điền, Trần Điện, Trần Hòa; Thi tay nghề đậu bạc, rước kiệu, tế lễ tại đình làng",,,,
false,Định Công Hạ,Địa danh,,"Làng Định Công nằm bên bờ sông Tô Lịch, nay thuộc phường Định Công, quận Hoàng Mai, Hà Nội. Đây là một trong những làng nghề cổ nổi tiếng của Thăng Long xưa, được mệnh danh là “Định Công kim hoàn” – một trong “tứ nghệ tinh” gồm: lụa Yên Thái, gốm Bát Tràng, bạc Định Công, đồng Ngũ Xã. Nghề kim hoàn ở đây đặc biệt nổi tiếng với kỹ thuật đậu bạc, tạo ra những sản phẩm tinh xảo bằng sợi bạc mảnh như tóc. Tương truyền, nghề được truyền lại từ ba anh em họ Trần vào thời Lý Nam Đế. Sản phẩm của làng từng được triều đình sử dụng, nhiều nghệ nhân được phong danh hiệu cao quý. Dù đô thị hóa mạnh mẽ, Định Công vẫn giữ được bản sắc nghề truyền thống, là một trong những làng nghề tiêu biểu nhất của Hà Nội.",,Kim hoàn,,,,,"Lễ hội tổ nghề kim hoàn vào ngày 12 tháng Hai âm lịch; Tục thờ ba vị tổ nghề: Trần Điền, Trần Điện, Trần Hòa; Thi tay nghề đậu bạc, rước kiệu, tế lễ tại đình làng",,,,
false,Định Công Thượng,Địa danh,,"Làng Định Công nằm bên bờ sông Tô Lịch, nay thuộc phường Định Công, quận Hoàng Mai, Hà Nội. Đây là một trong những làng nghề cổ nổi tiếng của Thăng Long xưa, được mệnh danh là “Định Công kim hoàn” – một trong “tứ nghệ tinh” gồm: lụa Yên Thái, gốm Bát Tràng, bạc Định Công, đồng Ngũ Xã. Nghề kim hoàn ở đây đặc biệt nổi tiếng với kỹ thuật đậu bạc, tạo ra những sản phẩm tinh xảo bằng sợi bạc mảnh như tóc. Tương truyền, nghề được truyền lại từ ba anh em họ Trần vào thời Lý Nam Đế. Sản phẩm của làng từng được triều đình sử dụng, nhiều nghệ nhân được phong danh hiệu cao quý. Dù đô thị hóa mạnh mẽ, Định Công vẫn giữ được bản sắc nghề truyền thống, là một trong những làng nghề tiêu biểu nhất của Hà Nội.",,Kim hoàn,,,,,"Lễ hội tổ nghề kim hoàn vào ngày 12 tháng Hai âm lịch; Tục thờ ba vị tổ nghề: Trần Điền, Trần Điện, Trần Hòa; Thi tay nghề đậu bạc, rước kiệu, tế lễ tại đình làng",,,,
true,Đinh Công Tráng,Nhân vật lịch sử,Cách mạng,"Đinh Công Tráng sinh tại làng Trinh Xá, huyện Thanh Liêm, tỉnh Hà Nam. Ông từng làm chánh tổng và tham gia kháng chiến chống Pháp từ những năm 1880, trong đó có trận Cầu Giấy năm 1883. Sau khi vua Hàm Nghi phát động phong trào Cần Vương, ông cùng các sĩ phu chọn vùng Ba Đình (Thanh Hóa) làm căn cứ kháng chiến. Tại đây, ông chỉ huy nghĩa quân xây dựng thành lũy và tổ chức nhiều trận đánh lớn, nổi bật là hai trận chống quân Pháp vào tháng 12 năm 1886 và tháng 1 năm 1887. Sau khi căn cứ bị bao vây, ông bị bắt và xử bắn tại Nghệ An. Khởi nghĩa Ba Đình do ông lãnh đạo là một trong những cuộc kháng chiến tiêu biểu cuối thế kỷ XIX.","Lãnh tụ nghĩa quân, quan lại địa phương",,Nhà Nguyễn & Pháp thuộc,Chánh tổng; Lãnh đạo khởi nghĩa Ba Đình,,,,,,,1842 - 5/10/1887
true,Đình Đông,Di tích,,"Đình Đông là đình của bốn giáp Nội, Mật, Nhất, Nhị của làng Hồng Mai (sau đổi thành Bạch Mai). Đình thờ Linh Lang, là một hoàng tử thời Lý.",,,,,,,,,,,
true,Đinh Đức Thiện,Nhân vật lịch sử,Quân sự,"Đinh Đức Thiện, tên thật là Phan Đình Dinh, sinh tại làng Địch Lễ, xã Nam Vân, huyện Nam Trực, tỉnh Nam Định. Ông tham gia cách mạng từ năm 1930, từng bị thực dân Pháp bắt giam hai lần. Sau Cách mạng Tháng Tám, ông giữ nhiều chức vụ quan trọng trong quân đội và chính quyền, đặc biệt trong lĩnh vực hậu cần và kỹ thuật quân sự. Ông là Cục trưởng đầu tiên của Cục Vận tải quân sự và được xem là người đặt nền móng cho ngành vận tải quân sự Việt Nam. Trong sự nghiệp chính trị, ông từng đảm nhiệm nhiều vị trí bộ trưởng ở các ngành công nghiệp nặng, giao thông và dầu khí. Ông là anh trai của Lê Đức Thọ và Mai Chí Thọ.","Quân nhân, nhà hoạt động cách mạng, chính khách",,Cách mạng & kháng chiến,"Thượng tướng Quân đội Nhân dân Việt Nam; Thứ trưởng Bộ Quốc phòng; Bộ trưởng Bộ Cơ khí và Luyện kim; Bộ trưởng phụ trách Dầu khí; Bộ trưởng Bộ Giao thông Vận tải; Chủ nhiệm Tổng cục Hậu cần; Chủ nhiệm Tổng cục Kỹ thuật; Phó Chủ nhiệm Ủy ban Kế hoạch Nhà nước; Ủy viên Ban Chấp hành Trung ương Đảng khóa III, IV",,Anh trai của Lê Đức Thọ,,,,,15/11/1914 - 21/12/1986
true,Đinh Lễ,Nhân vật lịch sử,Quân sự,"Đinh Lễ, còn gọi là Lê Lễ, sinh tại sách Thùy Cối, nay thuộc Lam Sơn, huyện Thọ Xuân, tỉnh Thanh Hóa. Ông là cháu gọi Lê Lợi bằng cậu ruột và là anh ruột của danh tướng Đinh Liệt. Từ những ngày đầu khởi nghĩa Lam Sơn, ông đã tham gia chiến đấu và lập nhiều chiến công lớn, tiêu biểu là trận Tốt Động – Chúc Động năm 1426, góp phần đánh bại quân Minh do Vương Thông chỉ huy. Ông được phong chức Tư đồ và sau khi mất được truy tặng Thái sư, Bân quốc công, Hiển Khánh vương.","Quân nhân, danh tướng",,Nhà Hồ & Minh thuộc,Tư đồ; Thái sư; Bân quốc công; Hiển Khánh vương (truy tặng),,Cháu ngoại của Lê Lợi (gọi Lê Lợi là cậu),,,,, - 1427
true,Đinh Liệt,Nhân vật lịch sử,Quân sự,"Đinh Liệt, còn gọi là Lê Liệt, sinh tại thôn Phúc Long, xã Minh Tiến, huyện Ngọc Lặc, tỉnh Thanh Hóa. Ông là em ruột của danh tướng Đinh Lễ và cháu gọi vua Lê Thái Tổ bằng cậu. Từ những ngày đầu khởi nghĩa Lam Sơn, ông đã tham gia chiến đấu và lập nhiều chiến công lớn như trận Khả Lưu, Chi Lăng – Xương Giang, góp phần đánh bại quân Minh. Sau khi Đinh Lễ hy sinh, ông được phong làm Tả Tướng Quốc và tiếp tục giữ vai trò quan trọng trong triều đình nhà Lê sơ. Ông từng được ban quốc tính và truy phong Thái sư, là một trong những công thần khai quốc tiêu biểu của thời Lê.","Quân nhân, danh tướng",,Nhà Hậu Lê,Tả Tướng Quốc; Nhập nội Đô đốc; Thái sư; Lân Quận công; Đình Thượng hầu; Vinh lộc đại phu; Tả Kim ngô vệ đại tướng quân,,,,,,,1400 - 1471
false,Đình Ngang,Địa danh,,,,,,,,,,,,,
true,Đinh Núp,Nhân vật lịch sử,Quân sự,"Đinh Núp sinh tại làng Stơr, xã Tơ Tung, huyện Kbang, tỉnh Gia Lai, thuộc dân tộc Ba Na. Ông nổi bật trong phong trào kháng chiến chống thực dân Pháp tại Tây Nguyên, từng tổ chức làng chiến đấu, sử dụng vũ khí thô sơ để chống càn quét. Sau Cách mạng tháng Tám, ông tiếp tục tham gia kháng chiến và giữ nhiều chức vụ chính trị tại địa phương và trung ương. Ông là nguyên mẫu nhân vật trong tiểu thuyết “Đất nước đứng lên” của Nguyên Ngọc. Năm 1955, ông được Chủ tịch Hồ Chí Minh phong tặng danh hiệu Anh hùng Lực lượng Vũ trang Nhân dân. Sau khi mất, ông được tưởng niệm tại khu lưu niệm ở Gia Lai.",Nhà cách mạng; Quan chức chính trị,,Cách mạng & kháng chiến,Anh hùng Lực lượng Vũ trang Nhân dân; Đại biểu Quốc hội khóa VI; Ủy viên Ủy ban Thường vụ Quốc hội; Chủ tịch Mặt trận Tổ quốc tỉnh Gia Lai – Kon Tum,,,,,,,2/5/1914 - 10/7/1999
false,Đình Quán,Địa danh,,,,"Hàn nồi đồng, buôn bán lông gà lông vịt, đồng nát",,,,,,Kẻ Diễn,Đình Quan,,
true,Đình Thị,Địa danh,,"Đình Thị là một ngôi đình cổ nằm tại phường Phương Canh, Nam Từ Liêm, Hà Nội. Ngôi đình này thuộc làng Thị Cấm, là một làng cổ thuộc xã Xuân Phương, quận Nam Từ Liêm, Hà Nội. Xưa kia, làng nằm trong tổng Phương Canh, phủ Quốc Oai, trấn Sơn Tây, cùng với các làng Hòe Thị và Ngọc Mạch tạo thành xã Phương Canh. Làng nổi tiếng với sản phẩm cam Canh – giống cam nhỏ, vỏ mỏng, ngọt đậm, từng là đặc sản tiến vua vào dịp Tết. Đình làng thờ Phan Tây Nhạc – bộ tướng của Hùng Vương thứ 18, người theo Tản Viên Sơn Thánh đánh giặc, lập công lớn và được phong thực ấp tại các làng Canh. Hội làng tổ chức ngày 12 tháng Hai âm lịch, nổi bật với tục thi thổi cơm giữa bốn giáp, gồm các phần thi giã gạo, kéo lửa, lấy nước và nấu cơm. Vị trí làng nằm trên đường Thiên lý xưa, nối từ Thăng Long qua Cầu Diễn đến bến Cổ Sở, là vùng đất văn hóa – lịch sử tiêu biểu phía Tây kinh thành.",,"Trồng cam Canh, thi thổi cơm",,,,,,,,,
true,Đình Thôn,Địa danh,,"Đình Thôn là một làng cổ ở phía Tây Hà Nội, trước thuộc tổng Phương Canh, huyện Từ Liêm, phủ Quốc Oai, trấn Sơn Tây, sau thuộc phủ Hoài Đức, tỉnh Hà Nội; nay thuộc phường Từ Liêm, thành phố Hà Nội. Làng vốn thuộc làng Phú Mỹ, sau này làng Phú Mỹ tách ra thành làng Phú Mỹ và Nhân Mỹ (sau này tách tiếp thành hai làng Nhân Mỹ và Đỗ Thôn hay Đình Thôn).",,,,,,,,,,,
true,Đinh Tiên Hoàng,Nhân vật lịch sử,Phong kiến,"Đinh Tiên Hoàng, tên húy là Đinh Bộ Lĩnh, sinh tại làng Đại Hoàng, động Hoa Lư, nay thuộc huyện Gia Viễn, tỉnh Ninh Bình. Sau thời kỳ loạn 12 sứ quân, ông là người thống nhất đất nước và lập ra triều Đinh vào năm 968, đặt quốc hiệu là Đại Cồ Việt. Ông xây dựng kinh đô tại Hoa Lư và thiết lập nền quân chủ tập quyền đầu tiên trong lịch sử Việt Nam. Trong thời trị vì, ông cho đúc tiền Thái Bình hưng bảo và tổ chức bộ máy hành chính trung ương. Ông mất năm 979 trong một biến cố chính trị tại cung đình.","Chính trị gia, nhà quân sự",,Độc lập tự chủ sớm,"Hoàng đế Đại Cồ Việt, người sáng lập triều Đinh",,Em vợ của Nguyễn Bồ và Nguyễn Bặc,,,,,22/3/924 - 979
true,Đỗ Đình Thiện,Nhân vật lịch sử,Doanh nhân,"Đỗ Đình Thiện sinh tại xã Cổ Nhuế, huyện Từ Liêm, Hà Nội trong một gia đình viên chức. Ông từng du học tại Pháp, theo học ngành canh nông và gia nhập Đảng Cộng sản Pháp năm 1928. Sau khi bị trục xuất về nước, ông chuyển sang kinh doanh, gây dựng tiệm tơ Cát Lợi, nhà máy dệt Gia Lâm và đồn điền Chi Nê. Trong Cách mạng tháng Tám và kháng chiến chống Pháp, ông có nhiều đóng góp tài chính như hiến nhà máy in tiền Tôpanh, ủng hộ Quỹ Độc lập và cung cấp quân lương. Ông từng tháp tùng Chủ tịch Hồ Chí Minh trong chuyến công du Pháp năm 1946 và giữ nhiều chức vụ trong chính quyền cách mạng. Ông mất năm 1972 tại Hà Nội.","Doanh nhân, trí thức yêu nước",,Cách mạng & kháng chiến,Giám đốc Nhà máy cơ khí Trần Hưng Đạo; Trưởng phòng Quỹ Ngân hàng Quốc gia Việt Nam; Ủy viên Ủy ban Trung ương Mặt trận Tổ quốc Việt Nam,,,,,,,8/8/1904 - 2/1/1972
true,Đỗ Đức Dục,Nhân vật lịch sử,Văn hoá - nghệ thuật,"Đỗ Đức Dục sinh tại xóm Trung, làng Xuân Tảo, huyện Từ Liêm, phủ Hoài Đức, tỉnh Hà Đông (nay thuộc quận Bắc Từ Liêm, Hà Nội). Ông xuất thân trong một gia đình Nho học, từng theo học Trường Bưởi và Viện Đại học Đông Dương, đậu cử nhân Luật loại ưu năm 1938. Trước Cách mạng tháng Tám, ông là chủ bút tạp chí Thanh Nghị và báo Độc lập. Sau năm 1945, ông giữ nhiều chức vụ trong chính quyền và các tổ chức chính trị, đồng thời có đóng góp lớn trong lĩnh vực báo chí, giáo dục và văn hóa. Ông là một trong những trí thức tiêu biểu của thế kỷ XX, với nhiều công trình nghiên cứu văn học và dịch thuật có giá trị.",Nhà báo; Nhà lý luận; Dịch giả; Nhà nghiên cứu văn học,,Cách mạng & kháng chiến,Phó Tổng Thư ký Đảng Dân chủ Việt Nam; Thứ trưởng Bộ Giáo dục; Thứ trưởng Bộ Văn hóa; Đại biểu Quốc hội khóa I; Phó Bí thư Tổng bộ Việt Minh; Ủy viên Ủy ban Trung ương Mặt trận Tổ quốc Việt Nam; Phó Chủ tịch Hội Nhà báo Việt Nam,,,,,,,15/8/1915 - 24/9/1993
true,Đỗ Hành,Nhân vật lịch sử,Quân sự,"Đỗ Hành, tên thật là Trần Quốc Khái, còn gọi là Bùi Quốc Khái, sau được ban quốc tính là Lê Công Hành, sinh tại làng Quất Động, huyện Thường Tín, Hà Nội. Ông đỗ Tiến sĩ năm 1637 dưới triều vua Lê Thần Tông và được bổ nhiệm làm Thượng thư Bộ Công. Năm 1646, ông được cử làm Chánh sứ đi sứ nhà Minh, lập nhiều công trạng ngoại giao. Sau chuyến đi, ông học được kỹ thuật thêu từ Trung Hoa và truyền dạy lại cho dân làng Quất Động, từ đó nghề thêu phát triển mạnh mẽ. Nhân dân tôn ông là ông Tổ nghề thêu Việt Nam, và ngày giỗ ông (12/6 âm lịch) trở thành lễ giỗ Tổ nghề thêu. Ông mất năm 1661, thọ 56 tuổi, được truy tặng hàm Thượng thư Thái bảo Lương Quận công.","Quan lại, nhà ngoại giao, người truyền nghề thủ công",,Phân tranh,Tiến sĩ triều Lê; Thượng thư Bộ Công; Kim tử Vinh Lộc Đại phu; Thanh Lương hầu; Chánh sứ đi sứ nhà Minh,,,,,,,24/2/1606 - 7/7/1661
true,Đỗ Mười,Nhân vật lịch sử,Lãnh đạo,"Đỗ Mười, tên khai sinh là Nguyễn Duy Cống, sinh tại xã Đông Mỹ, huyện Thanh Trì, thành phố Hà Nội. Ông tham gia hoạt động cách mạng từ năm 1936 và bị thực dân Pháp bắt giam năm 1941. Sau Cách mạng Tháng Tám, ông giữ nhiều chức vụ lãnh đạo tại các tỉnh miền Bắc và trong chính phủ. Trong thời gian làm Chủ tịch Hội đồng Bộ trưởng và Tổng Bí thư, ông góp phần duy trì chính sách Đổi Mới, thúc đẩy phát triển kinh tế và ổn định chính trị. Sau khi nghỉ hưu, ông tiếp tục giữ vai trò cố vấn Trung ương Đảng đến năm 2000.",Chính trị gia,,Cách mạng & kháng chiến,"Tổng Bí thư Ban Chấp hành Trung ương Đảng Cộng sản Việt Nam khóa VII–VIII, Chủ tịch Hội đồng Bộ trưởng (nay là Thủ tướng Chính phủ), Phó Thủ tướng Chính phủ, Bộ trưởng Bộ Nội thương, Chủ nhiệm Ủy ban Vật giá Nhà nước, Trưởng phái đoàn Thanh tra Chính phủ, Đại biểu Quốc hội khóa II, IV–IX, Cố vấn Ban Chấp hành Trung ương Đảng",,,,,,,2/2/1917 - 1/10/2018
true,Đỗ Ngọc Du,Nhân vật lịch sử,Cách mạng,"Đỗ Ngọc Du, bí danh Phiếm Chu, là một trong những người tham gia sáng lập tổ chức cộng sản đầu tiên tại Việt Nam. Ông từng học tại trường Bưởi, sau đó sang Quảng Châu dự lớp huấn luyện chính trị do Nguyễn Ái Quốc tổ chức. Năm 1929, ông tham gia thành lập Đông Dương Cộng sản Đảng và giữ nhiều chức vụ quan trọng trong tổ chức như Bí thư Thành ủy Hà Nội và Bí thư Xứ ủy Bắc Kỳ. Sau thời gian bị bắt và đày đi Côn Đảo, ông được trả tự do năm 1936 nhưng mất vì bệnh lao năm 1938.",Nhà hoạt động chính trị,,Nhà Nguyễn & Pháp thuộc,Bí thư Thành ủy Hà Nội; Bí thư Xứ ủy Bắc Kỳ; Ủy viên Ban Chấp hành Trung ương lâm thời Đảng Cộng sản Đông Dương,,,,,,,20/12/1907 - 12/1/1938
false,Do Nha,Địa danh,,,,,,,,,,,,,
true,Đỗ Nhuận,Nhân vật lịch sử,Văn hoá - nghệ thuật,"Đỗ Nhuận sinh tại thôn Hoạch Trạch, xã Thái Học, huyện Bình Giang, tỉnh Hải Dương. Ông là một trong những nhạc sĩ tiên phong của nền âm nhạc cách mạng Việt Nam, bắt đầu sáng tác từ năm 1939 với ca khúc “Trưng Vương”. Trong thời kỳ kháng chiến, ông viết nhiều bài hát nổi tiếng như “Du kích sông Thao”, “Tiếng súng Nam Bộ”, “Chiều tù”. Ông là người Việt Nam đầu tiên viết opera với vở “Cô Sao”. Từ năm 1958 đến 1983, ông giữ chức Tổng Thư ký Hội Nhạc sĩ Việt Nam. Năm 1996, ông được truy tặng Giải thưởng Hồ Chí Minh về văn học – nghệ thuật.",Nhạc sĩ; Nhà hoạt động cách mạng,,Cách mạng & kháng chiến,Tổng Thư ký Hội Nhạc sĩ Việt Nam,,,,,,,10/12/1922 - 18/5/1991
true,Đỗ Quang,Nhân vật lịch sử,Quan chức,"Đỗ Quang sinh tại xã Văn Lư, huyện Gia Lộc, tỉnh Hải Dương. Ông đỗ tiến sĩ năm 1832 và từng giữ nhiều chức vụ quan trọng trong triều Nguyễn. Trong thời gian làm Tuần phủ Gia Định, ông phối hợp với các lực lượng địa phương chống lại quân Pháp, đặc biệt trong trận Đại đồn Chí Hòa. Sau thất bại, ông tiếp tục vận động nhân dân kháng chiến và tổ chức lễ truy điệu nghĩa sĩ Cần Giuộc. Ông được biết đến là một vị quan thanh liêm, có tinh thần trách nhiệm và lòng gắn bó với dân chúng.","Chính trị gia, nhà giáo, nhà yêu nước",,Nhà Nguyễn & Pháp thuộc,"Tham tri bộ Lễ, Tuần phủ Gia Định, Tuần phủ Nam Định, Tuần phủ Bắc Ninh, Tham tán Hải An, Giảng quan Kinh diên, Toản tu Quốc sử quán",,,,,,,25/9/1807 - 1866
false,Đỗ Thuận,Không rõ,,,,,,,,,,,,,
true,Đỗ Xuân Hợp,Nhân vật lịch sử,Quân sự,"Đỗ Xuân Hợp sinh tại quận Hoàn Kiếm, Hà Nội, trong một gia đình nghèo có truyền thống hiếu học. Ông tốt nghiệp Trường Cao đẳng Y Dược năm 1929 và trở thành bác sĩ y khoa từ năm 1944. Sau Cách mạng tháng Tám, ông giữ nhiều chức vụ trong ngành y tế và quân đội, tiêu biểu như Giám đốc Học viện Quân y (1960–1978), Chủ nhiệm Bộ môn Giải phẫu Đại học Y Hà Nội, và Viện trưởng Viện Quân y Khu 10. Ông là chuyên gia đầu ngành về giải phẫu học, từng đào tạo hơn 15.000 cán bộ y tế và công bố 125 công trình nghiên cứu về nhân trắc học và hình thái học người Việt Nam. Ông được trao Giải thưởng Hồ Chí Minh năm 1996 và danh hiệu Anh hùng Lực lượng vũ trang nhân dân năm 1985.","Bác sĩ, tướng lĩnh quân đội, nhà giáo, nhà khoa học",,Cách mạng & kháng chiến,Thiếu tướng Quân đội Nhân dân Việt Nam; Giám đốc Học viện Quân y; Chủ nhiệm Bộ môn Giải phẫu Đại học Y Hà Nội; Phó Chủ nhiệm Ủy ban Y tế – Xã hội của Quốc hội; Ủy viên Thường vụ Quốc hội khóa IV,,,,,,,8/7/1906 - 20/12/1985
true,Doãn Kế Thiện,Nhân vật lịch sử,Văn hoá - nghệ thuật,"Doãn Kế Thiện, bút danh Sở Bảo, Long Thành, Bất Ác, Sơn Vân, sinh tại làng Phú Mỹ, huyện Quốc Oai, Hà Nội. Ông là người tinh thông Hán học và giỏi quốc ngữ, từng giảng dạy và hoạt động báo chí trên nhiều tạp chí như Tiểu thuyết thứ Bảy, Nam Phong, Trung Bắc Tân Văn. Sau năm 1945, ông tham gia Mặt trận Việt Minh và từ 1955 giữ chức Chủ tịch Mặt trận Tổ quốc Thành phố Hà Nội. Ông để lại nhiều tác phẩm khảo cứu văn hóa như Hà Nội cũ, Cổ tích và thắng cảnh Hà Nội, góp phần lưu giữ di sản văn hóa Thăng Long.","Nhà văn, nhà báo, nhà nghiên cứu văn hóa",,Cách mạng & kháng chiến,Chủ tịch Mặt trận Tổ quốc Thành phố Hà Nội,,,,,,,1891 - 1965
true,Đoàn Kết,Tư tưởng xã hội,,,,,,,,,,,,,
true,Đoàn Khuê,Nhân vật lịch sử,Quân sự,"Đoàn Khuê, bí danh Võ Tiến Trình, sinh tại làng Gia Đẳng, xã Triệu Lăng, huyện Triệu Phong, tỉnh Quảng Trị. Ông tham gia cách mạng từ năm 1939, từng bị thực dân Pháp bắt giam và đày đi Buôn Ma Thuột. Sau khi ra tù, ông hoạt động tại Quảng Bình và được kết nạp vào Đảng Cộng sản Đông Dương năm 1945. Trong kháng chiến chống Pháp và Mỹ, ông giữ nhiều chức vụ chính trị – quân sự quan trọng, đặc biệt tại chiến trường Khu V. Sau năm 1975, ông tiếp tục chỉ huy các chiến dịch quốc tế tại Campuchia và được phong hàm Đại tướng năm 1990. Trên cương vị Bộ trưởng Quốc phòng, ông có đóng góp lớn trong việc hiện đại hóa quân đội và củng cố quốc phòng toàn dân. Ông mất năm 1999, an táng tại Nghĩa trang Mai Dịch, Hà Nội.","Quân nhân, nhà hoạt động cách mạng, chính khách",,Cách mạng & kháng chiến,"Đại tướng Quân đội Nhân dân Việt Nam; Bộ trưởng Bộ Quốc phòng (1991–1997); Tổng Tham mưu trưởng Quân đội Nhân dân Việt Nam (1987–1991); Tư lệnh kiêm Chính ủy Quân khu 5; Trưởng ban lãnh đạo Đoàn Chuyên gia giúp Campuchia; Ủy viên Bộ Chính trị khóa VI, VII, VIII; Đại biểu Quốc hội khóa VII–X",,,,,,,29/10/1923 - 16/1/1999
true,Doãn Khuê,Nhân vật lịch sử,Quan chức,"Doãn Khuê sinh tại làng Ngoại Lãng, nay thuộc xã Song Lãng, huyện Vũ Thư, tỉnh Thái Bình. Đỗ tiến sĩ năm 1838, ông từng giữ nhiều chức vụ quan trọng dưới triều Nguyễn, đặc biệt là Đốc học và Doanh điền sứ. Trên cương vị này, ông tổ chức khai hoang vùng ven biển, lập làng cho dân nghèo, đồng thời tạo lực lượng dân binh phục vụ kháng chiến khi Pháp đánh ra Bắc Kỳ. Ông cũng là một nhà giáo tiến bộ, đào tạo nhiều học trò sau này trở thành lãnh tụ kháng chiến chống Pháp. Ngoài công việc hành chính, ông còn có đóng góp trong văn hóa và giáo dục, để lại dấu ấn trong đời sống xã hội cuối thế kỷ XIX.","Quan nhà Nguyễn, nhà giáo",,Nhà Nguyễn & Pháp thuộc,"Đốc học Nam Định và Sơn Tây, Doanh điền sứ, Hải phòng sứ các tỉnh duyên hải Bắc Kỳ","Giám đốc Sở Giáo dục và Đào tạo, Cục trưởng Cục Khai hoang và Phát triển nông thôn, Chủ tịch UBND thành phố Hải Phòng",,,,,,1813 - 1878
true,Đoàn Nhữ Hài,Nhân vật lịch sử,Quan chức,"Đoàn Nhữ Hài sinh tại làng Hội Xuyên, huyện Trường Tân, lộ Hồng Châu (nay thuộc huyện Gia Lộc, tỉnh Hải Dương). Ông không theo đường khoa bảng mà được trọng dụng nhờ tài năng thể hiện qua việc giúp vua Trần Anh Tông soạn biểu tạ tội với Thượng hoàng Trần Nhân Tông. Trong sự nghiệp, ông từng đi sứ Chiêm Thành, giữ chức Kinh lược Nghệ An và chỉ huy quân đội trong chiến dịch chống Ai Lao. Ông hy sinh năm 1335 trong cuộc chinh phạt Ai Lao, được triều đình truy phong Thượng đẳng phúc thần và thờ phụng tại nhiều địa phương.","Chính trị gia, quân nhân, nhà ngoại giao",,Nhà Trần,"Ngự sử trung tán, Tham tri chính sự, Hành khiển, Thiên tử chiêu dụ sứ, Kinh lược Nghệ An",,,,,,,1280 - 1335
true,Đoàn Thị Điểm,Nhân vật lịch sử,Văn hoá - nghệ thuật,"Đoàn Thị Điểm sinh ra tại làng Giai Phạm, huyện Văn Giang, xứ Kinh Bắc (nay thuộc tỉnh Hưng Yên). Bà là một nữ sĩ nổi bật trong văn học Việt Nam thế kỷ XVIII, được biết đến với hiệu Hồng Hà nữ sĩ. Công trình tiêu biểu của bà là bản dịch “Chinh phụ ngâm” từ nguyên tác chữ Hán của Đặng Trần Côn sang chữ Nôm, gồm 412 câu thơ lục bát, thể hiện sâu sắc tâm trạng người phụ nữ có chồng ra trận. Ngoài ra, bà còn để lại một số tác phẩm thơ văn chữ Hán và chữ Nôm, góp phần làm phong phú kho tàng văn học cổ điển Việt Nam.","Nhà thơ, dịch giả",,Phân tranh,,,,,,,,1705 - 1748
true,Đoàn Trần Nghiệp,Nhân vật lịch sử,Cách mạng,"Đoàn Trần Nghiệp, bí danh Ký Con, sinh tại phố Hàng Sơn, Hà Nội; quê gốc ở làng Khúc Thủy, huyện Thanh Oai, tỉnh Hà Đông (nay thuộc Hà Nội). Ông từng làm thư ký cho Hãng Godard và sau đó gia nhập Việt Nam Quốc dân Đảng năm 1928. Trong tổ chức, ông được giao nhiệm vụ trong Ban ám sát, chuyên trừng trị những kẻ phản bội và tay sai thực dân. Ông tham gia nhiều hoạt động cách mạng, trong đó có vụ ám sát Nguyễn Văn Kinh năm 1929. Sau cuộc khởi nghĩa Yên Bái thất bại, ông bị bắt và xử tử năm 1930. Tên tuổi ông gắn liền với tinh thần đấu tranh bất khuất của thế hệ thanh niên yêu nước đầu thế kỷ XX.","Nhà cách mạng, thư ký",,Nhà Nguyễn & Pháp thuộc,Thành viên Việt Nam Quốc dân Đảng; Thành viên Ban ám sát của Đảng,,,,,,,1908 - 1930
true,Đoàn Văn Minh,Nhân vật lịch sử,Kỹ thuật,"Đoàn Văn Minh sinh ngày 8/1/1908 tại tỉnh Hưng Yên. Ông tốt nghiệp Trường Mỹ thuật Đông Dương khóa 6 (1930–1935) và từng làm việc tại Sở Hỏa xa, Nha Công chính Đông Dương thời Pháp thuộc. Sau Cách mạng tháng Tám, ông tham gia kháng chiến và giữ nhiều chức vụ chuyên môn trong ngành kiến trúc, như phụ trách thiết kế cầu đường phục vụ chiến dịch Điện Biên Phủ và công tác tại Tổng cục Đường sắt. Từ năm 1969 đến 1972, ông là Chủ nhiệm Khoa Kiến trúc Trường Đại học Kiến trúc Hà Nội, góp phần đào tạo thế hệ kiến trúc sư đầu tiên của Việt Nam. Năm 2001, ông được truy tặng Giải thưởng Nhà nước về Văn học – Nghệ thuật. Các công trình của ông từ thập niên 1950–1960 vẫn được đánh giá cao về giá trị nghệ thuật và kỹ thuật.","Kiến trúc sư, giảng viên kiến trúc",,Cách mạng & kháng chiến,Chủ nhiệm Khoa Kiến trúc Trường Đại học Kiến trúc Hà Nội; Chuyên viên Bộ Giao thông – Công chính; Thành viên sáng lập Đoàn Kiến trúc sư Việt Nam,,,,,,,8/1/1908 - 1973
true,Độc Lập,Tư tưởng xã hội,,,,,,,,,,,,,
true,Đốc Ngữ,Nhân vật lịch sử,Cách mạng,"Đốc Ngữ, tên thật là Nguyễn Đức Ngữ, sinh tại làng Xuân Vân, tổng Xuân Trù (nay thuộc xã Xuân Phú, huyện Phúc Thọ, Hà Nội). Ông từng phục vụ dưới quyền Hoàng Kế Viêm và được phong chức Đốc binh nhờ lập nhiều chiến công. Sau khi triều đình ký hiệp ước Harmand với Pháp, ông không tuân lệnh bãi binh mà tiếp tục kháng chiến, xây dựng căn cứ tại vùng Sơn Tây, Hưng Hóa và Thanh Sơn. Nghĩa quân của ông từng tham gia trận Cầu Giấy năm 1883 và nhiều trận đánh lớn như Chợ Bờ, gây tổn thất cho quân Pháp. Ông hy sinh trong một trận chiến ngày 7/8/1892.",Thủ lĩnh khởi nghĩa; Võ quan triều Nguyễn,,Nhà Nguyễn & Pháp thuộc,Đốc binh; Chưởng vệ; Phó tướng đạo Hà-Ninh,,,,,,,1850 - 7/8/1892
true,Đội Cấn,Nhân vật lịch sử,Cách mạng,"Đội Cấn, tên thật là Trịnh Văn Đạt, sinh tại thôn Yên Nhiên, xã Vũ Di, huyện Vĩnh Tường, tỉnh Vĩnh Phúc. Ông từng là đội trưởng trong đơn vị lính khố xanh của Pháp đóng tại Thái Nguyên. Tuy phục vụ trong quân đội thực dân, ông lại mang lòng yêu nước sâu sắc, chịu ảnh hưởng từ tinh thần kháng chiến của nghĩa quân Đề Thám. Năm 1917, ông cùng Lương Ngọc Quyến tổ chức cuộc binh biến Thái Nguyên, giải phóng nhà tù và tuyên bố thành lập “Đại Hùng Đế quốc”. Cuộc khởi nghĩa kéo dài 5 ngày trước khi bị đàn áp. Sau khi thất bại, ông tự sát tại núi Pháo để giữ trọn khí tiết. Tên tuổi ông gắn liền với tinh thần quật khởi của binh lính người Việt trong lòng quân đội Pháp.",Quân nhân; Thủ lĩnh khởi nghĩa,,Nhà Nguyễn & Pháp thuộc,Đội trưởng lính khố xanh; Thủ lĩnh cuộc khởi nghĩa Thái Nguyên,,,,,,,1881 - 11/1/1918
true,Đội Cung,Nhân vật lịch sử,Cách mạng,"Đội Cung, tên thật là Nguyễn Văn Cung, sinh tại làng Hạc Oa, xã Đông Thọ, huyện Đông Sơn, tỉnh Thanh Hóa (nay thuộc thành phố Thanh Hóa). Ông từng phục vụ trong lực lượng lính khố xanh tại Nghệ An và được thăng đến chức đội trưởng. Ngày 13/1/1941, ông lãnh đạo cuộc binh biến tại Chợ Rạng – Đô Lương, phối hợp cùng hơn 50 binh lính nổi dậy chống lại thực dân Pháp, với mục tiêu chiếm trại Giám binh tại Vinh. Cuộc khởi nghĩa thất bại, ông bị bắt và xử tử cùng 10 đồng đội vào ngày 25/4/1941 tại Vinh.",Quân nhân; Thủ lĩnh khởi nghĩa,,Nhà Nguyễn & Pháp thuộc,Đội trưởng lính khố xanh; Đại đô đốc Thái Nguyên Quang phục quân,,,,,,,1903 - 25/4/1941
true,Đội Nhân,Nhân vật lịch sử,Cách mạng,"Đội Nhân, tên thật là Nguyễn Văn Nhân, từng là đội trưởng trong lực lượng lính khố xanh dưới thời Pháp thuộc. Ông tham gia cuộc khởi nghĩa Yên Bái năm 1930 do Việt Nam Quốc dân Đảng tổ chức, cùng với các đồng chí như Nguyễn Thái Học và Phó Đức Chính. Cuộc khởi nghĩa nhằm lật đổ chính quyền thực dân nhưng nhanh chóng thất bại. Sau đó, ông bị bắt và xử tử cùng nhiều đồng đội. Quê quán và ngày sinh của ông hiện chưa được xác định rõ trong sử liệu.",Quân nhân; Thủ lĩnh khởi nghĩa,,Nhà Nguyễn & Pháp thuộc,Đội trưởng lính khố xanh; Đại đô đốc Thái Nguyên Quang phục quân,,,,,,,1880 - 1908
false,Đống Ba,Không rõ,,,,,,,,,,,,,
false,Đồng Bát,Không rõ,,,,,,,,,,,,,
true,Đông Các,Địa danh,,"Đông Các là một giáp (đơn vị nhỏ hơn của phường, làng hoặc trại) của phường Thịnh Quang. Đình Đông Các vốn là đình của thôn Trung, xã Thịnh Hào cũ, tại ngõ gọi là ngõ Đình Đông (trùng tên với một ngõ trên phố Bạch Mai), ngõ này hiện tại không còn tồn tại. Đình thờ Anh Đoán đại vương, hoàng thái hậu, công chúa Bảo Hoa và đại vương Tây Hưng.",,,,,,,,,,,
false,Đồng Cổ,Di tích,,,,,,,,,,,,,
false,Đồng Dinh,Không rõ,,,,,,,,,,,,,
false,Đồng Dương,Không rõ,,,,,,,,,,,,,
false,Đồng Hoàng,Không rõ,,,,,,,,,,,,,
false,Đông Kiều,Không rõ,,,,,,,,,,,,,
false,Đống Kỳ,Không rõ,,,,,,,,,,,,,
false,Động Lãm,Địa danh,,,,,,,,,,,,,
false,Đống Mác,Địa danh,,,,,,,,,,,,,
false,Đồng Me,Không rõ,,,,,,,,,,,,,
false,Đồng Mơ,Không rõ,,,,,,,,,,,,,
false,Đông Ngạc,Địa danh,,,,,,,,,,Kẻ Vẽ,,,
false,Đồng Nhân,Địa danh,,,,,,,,,,,,,
false,Đông Quan,Địa danh,,,,,,,,,,,,,
false,Đồng Sợi,Địa danh,,,,,,,,,,,,,
true,Đông Tác,Địa danh,,"Đông Tác (tránh nhầm với Đông Các) là một làng cổ ở phía Tây Nam Hà Nội. Làng vốn thuộc tổng Tả Nghiêm, huyện Thọ Xương, sau thuộc tổng Kim Liên, huyện Thọ Xương, nay thuộc phường Kim Liên. Làng gồm hai xóm là Trung Tự, chạy dọc theo Đê La Thành và xóm Cam Đường (tại vị trí khu tập thể Trung Tự hiện nay). Vào thời Lê, một bộ phận dân làng lên khu vực Cầu Gỗ và Hàng Bạc mở cửa hàng, tự nhuộm quần áo hoặc đem cho dân làng Kim Hoa (còn gọi là làng Đồng Lầm) nhuộm. Phần đông các gia đình này ở lại và lập các thôn Đông Tác Nhiễm Thượng, Đông Tác Nhiễm Trung và Đông Tác Nhiễm Hạ (nhiễm nghĩa là nhuộm - các làng này hiện nay ở khu vực phố Chợ Gạo, chợ Đồng Xuân, Hàng Dầu, Cầu Gỗ, Hàng Bạc). Trong làng có ông Nguyễn Hy Quang đỗ Giải nguyên năm 1657 và đỗ khoa Sĩ vọng năm 1670, được bổ chức Giáo thụ phủ Thường Tín và Lang trung bộ Lại kiêm Tri bộ Hộ. Ngoài ra còn có ông Nguyễn Trù, đỗ Hoàng giáp khoa năm 1697, làm quan trải các chức Đốc trấn Cao Bằng, Hữu Thị lang bộ Hình, kiêm Tư nghiệp Quốc Tử Giám.",,Nhuộm quần áo,,,,,,,,,
false,Đông Thái,Địa danh,,,,,,,,,,,,,
false,Đông Thắng,Không rõ,,,,,,,,,,,,,
false,Đồng Thanh,Không rõ,,,,,,,,,,,,,
false,Đông Thiên,Địa danh,,,,,,,,,,,,,
false,Đồng Tiến,Không rõ,,,,,,,,,,,,,
true,Đông Trù,Địa danh,,"Đông Trù là tên một ngôi làng ở phía Tây Hà Nội. Làng trước thuộc tổng Cói hay Cối Giang, huyện Đông Ngàn, phủ Từ Sơn, trấn Kinh Bắc, nay Cầu Đông Trù nằm giữa hai phường Việt Hưng và Bồ Đề, bắc qua sông Đuống và nối sang xã Đông Anh. Theo sách ""Tên làng xã Việt Nam đầu thế kỷ XIX"", làng có tên Nôm là Ông Xá, có lẽ đổi thành Đông Trù từ đầu thời vua Minh Mạng. Tuy nhiên lại có ý kiến rằng hai tên này được sử dụng chung với nhau, trong đó Ông Xá dùng trong văn bản hành chính, còn Đông Trù dùng trong dân gian. Làng Đông Trù nằm trên sông Đuống, trên đường các vua Lý du ngoạn và về quê tế lễ tổ tiên ở Đình Bảng. Làng gắn với khái niệm Hoa Lâm lục thôn (vườn hoa 6 thôn), là một vườn hoa trên sông Đuống, bao gồm 6 làng nằm trong xã Hoa Lâm là Du Lâm, Mai Hiên, Lê Xá, Phúc Thọ, Thái Đường và Đông Trù. Trong đó, Đông Trù có nhiều đầu bếp giỏi nấu ăn cho vua và hoàng tộc (Đông Trù có nghĩa là bếp ở phía Đông). Cư dân chủ yếu làm nghề trồng dâu, mía và thầu dâu ở vùng bãi, có nghề thủ công làm mật mía và làm hàng xáo. Làng gồm 2 trại, trại phía Tây đình làng và trại Vườn Hồng ven sông; trước đây còn có xóm Lẻ bên kia sông Đuống, sau này xóm nhập vào xã Thượng Thanh (huyện Gia Lâm), đổi tên thành xóm Hoà Bình. Đình làng thờ hai vợ chồng ông Đào Kỳ - Phương Dung, là các tướng của Hai Bà Trưng.",,"Làm mật mía, làm hàng xáo",,,,,Hội làng tổ chức vào mồng 10 tháng 3,,Ông Xá,,
true,Đồng Xuân,Địa danh,,"Đồng Xuân là tên một thôn cũ trong khu vực 36 phố phường. Thôn trước đây thuộc tổng Hậu Túc, huyện Thọ Xương, sau thuộc tổng Đồng Xuân, huyện Thọ Xương. Nay phố và ngõ Đồng Xuân thuộc phường Hoàn Kiếm. Ở đây có Chợ Đồng Xuân được xây dựng dựa trên hai ngôi chợ cổ của Thăng Long là chợ Bạch Mã và chợ Cầu Đông. Chợ Bạch Mã ở cạnh đền Bạch Mã (nay là số 76 phố Hàng Buồm). Chợ Cầu Đông ở cạnh chùa Cầu Đông (nay là số 38B phố Hàng Đường). Cả hai chợ này đều nằm trên bờ sông Tô Lịch cũ. Năm 1890, người Pháp cho lấp sông Tô Lịch, mở phố phường nên dồn hai chợ vào bãi đất trống cạnh đình Đồng Xuân. Chợ Đồng Xuân đóng vai trò chợ đầu mối, chủ yếu dành cho bán buôn, nhưng vẫn có quầy bán lẻ.",,,,,,,,,,,
true,Đức Diễn,Địa danh,,"Đức Diễn là một làng cổ thuộc vùng Kẻ Diễn, nay nằm trong địa phận phường Phúc Diễn, quận Bắc Từ Liêm, Hà Nội. Làng nổi tiếng với truyền thống nghề phụ như hàn nồi đồng, buôn bán lông gà lông vịt và đồng nát, từng là nguồn sinh kế chính của nhiều hộ dân. Đình Đức Diễn thờ Đức Thánh Tam Giang – vị tướng thủy quân thời Hùng Vương, còn lưu giữ nhiều sắc phong cổ từ thời Lê và Nguyễn. Làng có vị trí gần đường Hồ Tùng Mậu, là một trong những điểm dân cư lâu đời phía Tây kinh thành Thăng Long, góp phần hình thành vùng đô thị hóa hiện đại của Hà Nội.",,"Hàn nồi đồng, buôn bán lông gà lông vịt, đồng nát",,,,,,Kẻ Diễn,,,
false,Đức Giang,Địa danh,,,,,,,,,,,,,
false,Đức Thắng,Địa danh,,,,,,,,,,,,,
true,Dương Bá Trạc,Nhân vật lịch sử,Cách mạng,"Dương Bá Trạc sinh tại làng Phú Thị, tổng Mễ Sở, huyện Khoái Châu (nay thuộc huyện Văn Giang, tỉnh Hưng Yên). Từ nhỏ nổi tiếng thông minh, năm 16 tuổi thi đỗ cử nhân. Ông sớm tham gia các hoạt động yêu nước, từng cùng Phan Châu Trinh và Hoàng Hoa Thám bàn việc nước, sau đó góp phần sáng lập Đông Kinh Nghĩa Thục, nơi cổ vũ tư tưởng canh tân và khai sáng dân trí. Ông bị thực dân Pháp bắt, đày ra Côn Đảo rồi an trí tại Long Xuyên. Sau khi được thả, ông tiếp tục hoạt động báo chí và văn chương, để lại nhiều tác phẩm có giá trị, đồng thời góp phần thúc đẩy phong trào đổi mới tư tưởng trong xã hội Việt Nam đầu thế kỷ XX.","Nhà thơ, nhà báo, nhà cách mạng",,Nhà Nguyễn & Pháp thuộc,"Đồng sáng lập Đông Kinh Nghĩa Thục, thành viên phong trào Duy Tân",,,,,,,1884 - 1944
true,Dương Đình Nghệ,Nhân vật lịch sử,Lãnh đạo,"Dương Đình Nghệ sinh tại làng Giàng, Ái Châu, nay thuộc xã Thiệu Dương, huyện Thiệu Hóa, tỉnh Thanh Hóa. Ông từng là bộ tướng của Khúc Hạo và Khúc Thừa Mỹ, có vai trò quan trọng trong việc bảo vệ và giành lại quyền tự chủ cho Giao Châu. Năm 931, ông tập hợp 3.000 nghĩa sĩ từ Ái Châu tiến ra Đại La, đánh bại quân Nam Hán và tự xưng là Tiết độ sứ. Trong thời gian cai trị, ông duy trì ổn định vùng đất Giao Châu và thu hút nhiều hào kiệt như Ngô Quyền, Phạm Bạch Hổ, Đinh Công Trứ về tụ nghĩa. Năm 937, ông bị tướng dưới quyền là Kiều Công Tiễn sát hại, dẫn đến sự kiện Ngô Quyền đánh bại quân Nam Hán tại Bạch Đằng năm 938.","Nhà quân sự, chính trị gia",,Bắc Thuộc & khởi nghĩa,Tiết độ sứ Tĩnh Hải quân,,Bố vợ của Ngô Quyền,,,,,22/11/874 - 937
false,Đường Hoa,Không rõ,,,,,,,,,,,,,
true,Dương Khuê,Nhân vật lịch sử,Văn hoá - nghệ thuật,"Dương Khuê sinh tại làng Vân Đình, huyện Sơn Minh, phủ Ứng Hòa, tỉnh Hà Đông (nay thuộc Hà Nội). Ông đỗ Tiến sĩ năm 1868 dưới triều vua Tự Đức và từng giữ nhiều chức vụ quan trọng trong bộ máy hành chính nhà Nguyễn. Ngoài sự nghiệp chính trị, ông còn là một nhà thơ nổi tiếng với tập “Vân Trì thi thảo” và nhiều bài ca trù, câu đối, văn tế. Bài thơ “Khóc bạn” của Nguyễn Khuyến viết để tiễn biệt ông được xem là một trong những áng thơ hay nhất về tình bạn trong văn học Việt Nam. Dương Khuê có đóng góp đáng kể vào sự phát triển của nghệ thuật ca trù và văn học nho học cuối thế kỷ XIX.","Nhà giáo, nhà thơ, quan lại",,Nhà Nguyễn & Pháp thuộc,"Tri phủ Bình Giang, Bố chính, Án sát Hải Phòng, Đốc học Nam Định, Tham tá Nha kinh lược Bắc Kỳ, Tổng đốc Nam Định – Ninh Bình, Thượng thư Bộ Binh",,,,,,,1839 - 6/3/1902
true,Dương Lâm,Nhân vật lịch sử,Văn hoá - nghệ thuật,"Dương Lâm sinh tại làng Vân Đình, phủ Ứng Hòa, tỉnh Hà Đông (nay thuộc Hà Nội), trong một gia đình nho học có truyền thống văn chương. Ông là em ruột của nhà thơ Dương Khuê. Sau khi đỗ Cử nhân năm 1878, ông đảm nhiệm nhiều chức vụ trong triều đình nhà Nguyễn, từ cấp huyện đến cấp tỉnh. Trong thời gian làm quan, ông từng lập công dẹp loạn ở Bắc Giang, cứu dân khỏi nạn buôn người. Về cuối đời, ông mở trường dạy học và viết văn. Tác phẩm tiêu biểu của ông là “Vân Đình thi văn tập”, gồm thơ chữ Hán và chữ Nôm, phản ánh tâm tư và thời cuộc cuối thế kỷ XIX.","Quan lại, nhà giáo, nhà thơ",,Nhà Nguyễn & Pháp thuộc,"Huấn đạo Ý Yên, Tri huyện Hoài Yên, Bang tá Nha Kinh lược Bắc Kỳ, Án sát Hưng Yên, Bố chính Sơn Tây, Tuần phủ Thái Bình, Tham tri Nha Kinh lược Bắc Kỳ, Thượng thư Bộ Công, Phó Tổng tài Quốc sử quán, Tổng đốc Bình Phú, Hiệp tá Đại học sĩ, Khánh Vân nam",,,,,,,18/12/1851 - 1920
false,Dương Nội,Địa danh,,,,,,,,,,,,,
true,Dương Quảng Hàm,Nhân vật lịch sử,Giáo dục,"Dương Quảng Hàm sinh tại làng Phú Thị, xã Mễ Sở, huyện Văn Giang, tỉnh Hưng Yên, trong một gia đình nho học. Ông tốt nghiệp thủ khoa Trường Cao đẳng Sư phạm Đông Dương năm 1920 và giảng dạy tại Trường Bưởi suốt hơn hai thập kỷ. Sau Cách mạng tháng Tám, ông được bổ nhiệm làm Tổng Thanh tra Trung học vụ và sau đó là Hiệu trưởng Trường Bưởi. Ông là tác giả của các công trình nghiên cứu văn học như Việt Nam văn học sử yếu (1941) và Việt Nam thi văn hợp tuyển (1942), có ảnh hưởng lớn trong giáo dục phổ thông. Ông mất trong những ngày đầu toàn quốc kháng chiến tại Hà Nội.","Nhà giáo, nhà nghiên cứu văn học",,Nhà Nguyễn & Pháp thuộc,Hiệu trưởng Trường Bưởi; Tổng Thanh tra Trung học vụ,,,,,,,14/7/1898 - 23/12/1946
false,Đường Thành,Địa danh,,,,,,,,,,,,,
true,Dương Văn An,Nhân vật lịch sử,Văn hoá - nghệ thuật,"Dương Văn An là một sử thần thời nhà Mạc, quê ở Tuy Lộc, huyện Phú Vang, phủ Triệu Phong (nay thuộc tỉnh Thừa Thiên Huế). Ông từng giữ chức Hiến sát sứ Thuận Hóa, chuyên giám sát việc thi hành pháp luật và đạo đức quan lại. Trong thời gian làm việc tại vùng đất Thuận Hóa, ông biên soạn bộ sách Ô Châu cận lục, ghi chép tỉ mỉ về địa lý, lịch sử, nhân vật và sản vật của các vùng đất từ Quảng Bình đến Quảng Nam. Đây là một trong những tài liệu địa phương chí sớm nhất và quý giá nhất của Việt Nam, góp phần bảo tồn tri thức văn hóa vùng miền.","Nhà sử học, quan lại",,Phân tranh,Hiến sát sứ Thuận Hóa,,,,,,,1514 - 1591
true,Dương Văn Bé,Nhân vật lịch sử,Cách mạng,"Dương Văn Bé sinh tại làng Vĩnh Tuy, nay thuộc quận Hai Bà Trưng, Hà Nội. Ông từng làm thợ học việc tại xưởng cơ khí Fevreau trước khi tham gia lực lượng tự vệ và quân báo Đại đội 3, quận 6, Mặt trận Hà Nội. Trong chiến dịch đầu năm 1947, ông xung phong thực hiện nhiệm vụ cảm tử, ôm bom phá bốt Vĩnh Tuy do quân Pháp chiếm đóng. Vụ nổ rạng sáng ngày 10/4/1947 đã tiêu diệt khoảng 20 lính Âu Phi và phá hủy nhiều vũ khí. Ông hy sinh tại chỗ. Năm 2010, ông được truy tặng danh hiệu Anh hùng Lực lượng Vũ trang Nhân dân. Tên ông được đặt cho một con phố tại Vĩnh Tuy để tưởng nhớ công lao của ông.",Chiến sĩ quân báo; Chiến sĩ cảm tử,,Nhà Nguyễn & Pháp thuộc,Anh hùng Lực lượng vũ trang nhân dân,,,,,,,1927 - 10/4/1947
true,Duy Tân,Nhân vật lịch sử,Phong kiến,"Duy Tân, tên thật là Nguyễn Phúc Vĩnh San, sinh tại Huế, Thừa Thiên Huế. Ông lên ngôi năm 1907 khi mới 7 tuổi, kế vị vua Thành Thái. Khi Thành Thái bị đưa đi lưu đày, ông được đưa lên làm vua vì người Pháp nghĩ có thể dễ kiểm soát, tuy nhiên ông dần tỏ thái độ bất hợp tác với Pháp. Năm 1916, ông bí mật liên lạc với các lãnh tụ của Việt Nam Quang phục Hội như Thái Phiên, Trần Cao Vân, dự định khởi nghĩa. Tuy nhiên, dự định bị bại lộ, ông bị bắt ngày 6/5/1916, tới ngày 3/11/1916, ông bị đem an trí trên đảo Réunion. Trong Thế chiến II, ông gia nhập quân Đồng minh chống phát xít Đức. Ông tử nạn trong tai nạn máy bay ở Cộng hoà Trung Phi. Ngày 28/3/1987, thi hài ông được đưa từ Trung Phi về Việt Nam, an táng tại Lăng Dục Đức, cạnh lăng mộ vua cha Thành Thái.",Hoàng đế,,Nhà Nguyễn & Pháp thuộc,"Hoàng đế Đại Nam, vị vua thứ 11 của nhà Nguyễn",,,,,,,19/9/1900 - 26/12/1945
false,Ga Hà Đông,Khác,,,,,,,,,,,,,
true,Gạch,Địa danh,,"Ngõ Gạch là một địa danh cổ ở Hà Nội. Trước đây, phố này chuyên bán gạch, ngói và vôi.",,,,,,,,,,,
false,Gầm Cầu,Địa danh,,,,,,,,,,,,,
true,Gia Ngư,Địa danh,,,,"Đánh cá, vận tải thủy, buôn bán ven hồ",,,,,,,,,
false,Gia Quất,Địa danh,,,,,,,,,,,,,
false,Gia Thượng,Địa danh,,,,,,,,,,,,,
false,Gia Thuỵ,Địa danh,,,,,,,,,,,,,
false,Gia Tụ,Địa danh,,,,,,,,,,,,,
true,Giải Phóng,Tư tưởng xã hội,,"Đường Giải phóng được đặt tên để ghi nhớ sự kiện Giải phóng Thủ đô vào ngày 10/10/1954, đồng thời thể hiện khát vọng giải phóng miền Nam trong giai đoạn Kháng chiến chống Mỹ.",,,,,,,,,,,
false,Giang Biên,Địa danh,,,,,,,,,,,,,
false,Giang Chính,Không rõ,,,,,,,,,,,,,
false,Giang Lẻ,Không rõ,,,,,,,,,,,,,
true,Giang Văn Minh,Nhân vật lịch sử,Quan chức,"Giang Văn Minh sinh tại làng Kẻ Mía, xã Mông Phụ, phủ Quảng Oai, trấn Sơn Tây (nay thuộc xã Đường Lâm, thị xã Sơn Tây, Hà Nội). Ông đỗ Thám hoa năm 1628 và được triều đình Lê Trung Hưng giao nhiều trọng trách. Năm 1637, ông làm chánh sứ sang nhà Minh, nổi tiếng với thái độ đối đáp cứng cỏi trước triều đình Trung Quốc. Theo ghi chép, ông mất tại Bắc Kinh trong thời gian thực hiện sứ mệnh ngoại giao. Sau khi mất, ông được truy tặng chức Công bộ Tả thị lang và tước Vinh Quận công. Tên ông gắn liền với tinh thần bảo vệ danh dự quốc gia trong hoạt động ngoại giao.","Nhà cách mạng, chính trị gia, nhà ngoại giao",,Phân tranh,"Thám hoa triều Lê, Binh khoa đô cấp sự trung, Thái bộc tự khanh, Chánh sứ đi sứ nhà Minh, truy tặng Công bộ Tả thị lang, Vinh Quận công",,,,,,,1573 - 1638
true,Giảng Võ,Địa danh,,"Giảng Võ là một làng cổ nằm ở phía Tây thành Thăng Long, thuộc hệ thống Thập Tam Trại của thành Thăng Long. Vào thời Trần, đây là nơi đặt kho trại quân đội và trường võ bị, chuyên huấn luyện binh sĩ và quản lý lương thảo. Đình Giảng Võ thờ nữ tướng Lý Châu Nương, người được vua Trần giao phụ trách quốc khố trong hai cuộc kháng chiến chống Nguyên Mông. Bà được nhân dân tôn là Bà Chúa Kho.",,"Huấn luyện quân sự, giữ kho lương",,,,,"Gắn với các hoạt động huấn luyện võ nghệ, binh lính thời Lê – Nguyễn",,,,
true,Giáp Bát,Địa danh,,"Giáp Bát là tên một ngôi làng cổ ở phía Nam Hà Nội. Làng trước đây thuộc tổng Thịnh Liệt (còn gọi là tổng Sét), huyện Thanh Trì, nay phố Giáp Bát thuộc hai phường Tương Mai và Hoàng Mai. Làng vốn ban đầu là một trong chín giáp (đơn vị nhỏ hơn của làng) của làng Thịnh Liệt (tên Nôm là Kẻ Sét), sau này tách ra thành làng riêng. Làng gồm hai xóm là xóm Trong và xóm Ngoài, tương đối đông dân trong số 9 giáp của làng Thịnh Liệt. Dân làng ngoài làm ruộng còn làm vàng mã, thêu ren gia công cho người Pháp ở trên phố, hoặc làm hàng sáo, làm bún ốc. Đầu thế kỷ XX, người Pháp xây dựng tuyến đường sắt Bắc - Nam chạy qua làng tại ga Giáp Bát, dân làng kiếm sống tại ga bằng buôn bán, bốc vác.",,,,,,,,Kẻ Sét,,,
true,Giáp Hải,Nhân vật lịch sử,Quan chức,"Giáp Hải, hiệu Tiết Trai, sinh tại làng Dĩnh Kế, huyện Phượng Nhỡn, tỉnh Bắc Giang; quê gốc ở làng Bát Tràng, huyện Gia Lâm, Hà Nội. Ông đỗ Trạng nguyên năm 1538 dưới triều Mạc Đăng Doanh và từng giữ nhiều chức vụ cao trong triều đình nhà Mạc. Ông nổi bật với tài ngoại giao, từng đi sứ sang Trung Quốc năm lần và được quan lại nhà Minh kính trọng, gọi là “Giáp Tuyên Phủ”. Ngoài chính trị, ông còn sáng tác nhiều tác phẩm như “Ứng đáp bang giao tập”, “Tuy phong tập”, thể hiện tư duy sâu sắc và khả năng văn chương. Ông được triều đình phong tặng nhiều danh hiệu và mất năm 1586, hưởng thọ 69 tuổi. Tên ông được đặt cho một con đường hướng về làng Bát Tràng để tưởng nhớ công lao của ông.","Nhà chính trị, nhà ngoại giao, nhà văn",,Phân tranh,Thượng thư Bộ Lại; Đông các Đại học sĩ; Đô ngự sử; Thái bảo; Thiếu bảo; Tuyên phủ đồng tri; Sách Quận công; Trạng nguyên,,,,,,,1517 - 1586
false,Giáp Nhất,Địa danh,,,,"Trồng dâu nuôi tằm, làm giấy, làm vàng mã",,,,,"Lễ hội làng vào ngày 12 tháng Hai âm lịch; Thờ Linh Lang Đại Vương; Tục rước kiệu, tế lễ, hát thờ; Tham gia lễ hội kết chạ 5 làng Mọc",Kẻ Mọc,Nhân Mục,,
true,Giáp Nhị,Địa danh,,"Giáp Nhị là tên một ngôi làng cổ ở phía Nam Hà Nội. Làng trước đây thuộc tổng Thịnh Liệt (còn gọi là tổng Sét), huyện Thanh Trì, nay phố Giáp Nhị thuộc phường Hoàng Mai. Làng vốn ban đầu là một trong chín giáp (đơn vị nhỏ hơn của làng) của làng Thịnh Liệt (tên Nôm là Kẻ Sét), sau này tách ra thành làng riêng. Làng có tên gọi khác là làng Nhì, hay thôn Bùi Đông, là làng lớn nhất trong vùng Thịnh Liệt - Kẻ Sét. Làng lớn như vậy là do có một phần dân cư và đất đai của hai giáp cũ là Giáp Tam và Giáp Ngũ. Họ Bùi ở làng là con cháu của cụ Bùi Xương Trạch, cư ngụ từ làng Định Công Hạ, có truyền thống khoa bảng. Đình làng Giáp Nhị thờ Thái Thượng Lão Quân (Lão Tử).",,"Làm vàng nan, khoa bảng",,,,,"Lễ hội đình Giáp Nhị vào ngày 12 tháng Hai âm lịch; Thờ Linh Lang Đại Vương; Tục rước kiệu, tế lễ, hát thờ",Kẻ Sét,,,
true,Giáp Tứ,Địa danh,,"Giáp Tứ là tên một ngôi làng cổ ở phía Nam Hà Nội. Làng thuộc tổng Thịnh Liệt (còn gọi là tổng Sét), huyện Thanh Trì, nay cầu Giáp Tứ thuộc phường Hoàng Mai. Làng vốn ban đầu là một trong chín giáp (đơn vị nhỏ hơn của làng) của làng Thịnh Liệt (tên Nôm là Kẻ Sét), sau này tách ra thành làng riêng. Đình làng Giáp Tứ thờ Tam Lang Thông Đạt Đại Vương (con trai của Lạc Long Quân) và Ngũ vị Đại Vương (Phúc Tế, Hiển Liệt, Uy Linh, Thiện Khánh, Bảo Tín - là năm vị có công giúp Lý Nam Đế đánh lui quân đội nhà Lương).",,,,,,,,Kẻ Sét,,,
,Giấu Xứ,,,,,,,,,,,,,,
false,Giếng,Địa danh,,,,,,,,,,,,,
false,Giếng Mứt,Địa danh,,,,,,,,,,,,,
false,Gốc Đề,Địa danh,,,,,,,,,,,,,
false,Hà Cầu,Địa danh,,,,,,,,,,,,,
true,Hạ Đình,Địa danh,,"Hạ Đình là tên một ngôi làng cổ ở phía Tây Nam Hà Nội. Làng thuộc tổng Hạ, huyện Thanh Trì, sau chuyển về huyện Từ Liêm; nay phố Hạ Đình thuộc phường Khương Đình. Làng thuộc vùng Kẻ Mọc, từng hợp nhất với làng Thượng Đình thành xã Nhân Mục Cựu. Hai làng chung nhau hai ngôi đình: đình Thượng (gần chùa Tam Huyền) thờ Từ Vinh, đình Hạ thờ Đông Hải đại vương Đoàn Thượng - một thế lực quân sự cuối thời Lý. Làng có ba xóm: Trên (Trại), Dưới (Hồng), và Nở. Làng nổi tiếng là đất học, có tới 7 người đỗ Tiến sĩ văn, 5 Tiến sĩ võ, 14 Hương cống và 11 Cử nhân thời phong kiến. Trong đó có Đặng Trần Côn - tác giả Chinh phụ ngâm, và Lê Đức Hoạt - đồng tác giả 'Lịch thế kỷ', từng được Hồ Chủ tịch giao soạn thư gửi Tư lệnh quân Tưởng.",,"Làm giấy, khoa bảng",,,,,"Lễ hội làng vào tháng Hai âm lịch; Thờ Linh Lang Đại Vương; Tục rước kiệu, tế lễ, hát thờ; Tham gia lễ hội kết chạ 5 làng Mọc",Kẻ Mọc,Nhân Mục Cựu,,
true,Hạ Hồi,Sự kiện lịch sử,,"Hạ Hồi là một làng ở huyện Thường Tín, Hà Nội. Nơi đây gắn với chiến thắng làng Hạ Hồi trong chiến dịch Đống Đa của quân Tây Sơn vào ngày 29/1/1789.",,,Nhà Tây Sơn,,,,,,,,
true,Hà Kế Tấn,Nhân vật lịch sử,Kỹ thuật,"Hà Kế Tấn sinh tại làng Mông Phụ, huyện Phúc Thọ, tỉnh Sơn Tây (nay thuộc thị xã Sơn Tây, Hà Nội). Ông tham gia cách mạng từ năm 1936 và được kết nạp vào Đảng Cộng sản Đông Dương năm 1937. Trong kháng chiến chống Pháp, ông giữ nhiều chức vụ quân sự quan trọng, trong đó có Tư lệnh Liên khu III và Đại đoàn trưởng Đại đoàn 350. Sau năm 1954, ông chuyển sang lĩnh vực dân sự, được giao chỉ huy công trình thủy lợi Bắc Hưng Hải và sau đó giữ chức Bộ trưởng Bộ Thủy lợi. Ông có công lớn trong việc quy hoạch hệ thống thủy lợi đồng bằng Bắc Bộ và trị thủy sông Hồng.","Quân nhân, nhà quản lý thủy lợi",,Cách mạng & kháng chiến,"Tư lệnh Liên khu III; Chính ủy Trung đoàn 28; Đại đoàn trưởng Đại đoàn 350; Bộ trưởng Bộ Thủy lợi; Chủ nhiệm Ủy ban Trị thủy và Khai thác sông Hồng; Bộ trưởng đặc trách Công trình Thủy điện Sông Đà; Ủy viên Trung ương Đảng khóa III, IV; Đại biểu Quốc hội khóa II đến VII",,,,,,,1912 - 1997
false,Hạ Trại,Địa danh,,,,,,,,,,,,,
false,Hà Trì,Địa danh,,,,,,,,,,,,,
true,Hà Trung,Địa danh,,"Hà Trung là tên một địa danh ở phía Đông thành Hà Nội, thuộc khu vực 36 phố phường. Trạm Hà Trung trước thuộc thôn Yên Trung Hạ, tổng Tiền Nghiêm, sau thuộc tổng Vĩnh Xương, huyện Thọ Xương, nay phố và ngõ Hà Trung thuộc phường Hoàn Kiếm. Trước đây tại khu vực này có trạm dịch để vận chuyển thông tin. Vào đầu triều Nguyễn, tên trạm được xác định bằng cách ghép tên tỉnh với tên thôn nơi đặt trạm, nên trạm này có tên là Hà Trung.",,,,,,,,,,,
true,Hà Văn Chúc,Nhân vật lịch sử,Quân sự,"Hà Văn Chúc sinh tại xã Hải Lựu, huyện Lập Thạch, tỉnh Vĩnh Yên (nay thuộc huyện Sông Lô, tỉnh Vĩnh Phúc). Sau khi tốt nghiệp Học viện Hàng không Liên Xô năm 1964, ông trở về nước và phục vụ tại Trung đoàn 921. Trong trận không chiến ngày 3/1/1968, ông đã bắn hạ một máy bay F-105 của Mỹ và buộc đội hình địch phải rút lui. Ngày 14/1/1968, ông tiếp tục lập công nhưng bị thương nặng và mất tại Viện Quân y 108. Năm 1995, ông được truy tặng danh hiệu Anh hùng Lực lượng vũ trang Nhân dân.","Phi công quân sự, chiến sĩ Không quân Nhân dân Việt Nam",,Cách mạng & kháng chiến,Thượng úy; Đại đội phó Trung đoàn Không quân tiêm kích 921; Anh hùng Lực lượng vũ trang Nhân dân (truy tặng),,,,,,,1938 - 19/1/1968
true,Hạ Yên Quyết,Địa danh,,"Hạ Yên Quyết là một ngôi làng cổ ở phía Tây Hà Nội. Làng trước đây thuộc tổng Dịch Vọng, huyện Từ Liêm, phủ Quốc Oai, trấn Sơn Tây, nay thuộc hai phường Cầu Giấy và Yên Hoà, Hà Nội. Làng từng là một thôn của làng Yên Quyết, sau này tách ra do khác biệt về lối sống nên tách ra. Khu vực hai làng này gọi chung là Kẻ Cót. Kẻ Cót nằm trong nhóm ""tứ danh hương"" của đất Thăng Long: Mỗ, La, Canh, Cót, nổi bật về truyền thống hiếu học và khoa bảng. Đình Hạ Yên Quyết thờ các vị thần Cao Sơn (một vị thần cùng thời với Sơn Tinh, cùng Sơn Tinh đánh thắng Thuỷ Tinh), Quý Minh và vua Lý Phật Tử.",,"Làm giấy dó, làm vàng mã (truyền thống)",,Làm vàng mã,,,"Lễ hội đình Hạ Yên Quyết vào đầu xuân; Thờ Cao Sơn, Quý Minh và vua Lý Phật Tử; Tục rước kiệu, tế lễ, hát thờ",Kẻ Cót,"Hạ Yên Khê, Bạch Liên Hoa",,
true,Hai Bà Trưng,Nhân vật lịch sử,Lãnh đạo,"Hai Bà Trưng, gồm Trưng Trắc và Trưng Nhị, là hai chị em sinh ra tại huyện Mê Linh, nay thuộc thành phố Hà Nội. Vào năm 40 sau Công nguyên, sau khi Thi Sách – chồng Trưng Trắc – bị thái thú Tô Định giết hại, hai bà đã phát động cuộc khởi nghĩa chống lại ách đô hộ của nhà Đông Hán. Nghĩa quân nhanh chóng giành được 65 thành trì và Trưng Trắc lên ngôi, đóng đô tại Mê Linh. Cuộc khởi nghĩa kéo dài đến năm 43 thì thất bại trước quân Mã Viện. Hai bà được ghi nhận là những nữ thủ lĩnh đầu tiên trong lịch sử Việt Nam, biểu tượng cho tinh thần tự chủ và vai trò của phụ nữ trong kháng chiến.",Thủ lĩnh khởi nghĩa; Nữ vương,,Bắc Thuộc & khởi nghĩa,Trưng Nữ Vương; Nữ vương nước Lĩnh Nam,,,,,,, - 5/3/43
false,Hài Tượng,Địa danh,,Hài Tượng là tên một ngõ trong khu vực 36 phố phường Hà Nội xưa.,,,,,,,,,,,
false,Hàm Long,Di tích,,,,,,,,,,,,,
true,Hàm Nghi,Nhân vật lịch sử,Phong kiến,"Hàm Nghi, tên thật là Nguyễn Phúc Ưng Lịch, sinh tại Huế, tỉnh Thừa Thiên Huế. Ông lên ngôi năm 1884 khi mới 13 tuổi, dưới sự phò tá của các đại thần chủ chiến. Sau thất bại trong cuộc phản công tại kinh thành Huế năm 1885, ông bị đưa ra khỏi kinh thành và trở thành biểu tượng của phong trào Cần Vương chống Pháp. Năm 1888, ông bị bắt và bị lưu đày sang Alger, Algérie. Trong thời gian sống lưu vong, ông theo học nghệ thuật phương Tây, sáng tác nhiều tranh và tác phẩm điêu khắc. Ông qua đời tại Pháp năm 1944, để lại dấu ấn như một vị vua yêu nước và nghệ sĩ độc lập.","Hoàng đế, nghệ sĩ tạo hình",,Nhà Nguyễn & Pháp thuộc,"Hoàng đế Đại Nam, vị vua thứ tám triều Nguyễn",,,,,,,3/8/1871 - 14/1/1944
false,Hàm Rồng,Không rõ,,,,,,,,,,,,,
false,Hàm Tử Quan,Sự kiện lịch sử,,,,,Nhà Trần,,,,,,,Thuỷ chiến nhà Trần,
true,Hàn Thuyên,Nhân vật lịch sử,Văn hoá - nghệ thuật,"Hàn Thuyên, tên thật là Nguyễn Thuyên, là một học giả và nhà thơ nổi bật thời Trần. Ông đỗ Tiến sĩ năm 1247 và từng giữ chức Thượng thư Bộ Hình dưới triều vua Trần Nhân Tông. Ông được xem là người đầu tiên đưa luật thơ Đường vào thơ Nôm, từ đó hình thành thể thơ Hàn luật. Ngoài ra, ông có đóng góp trong việc phát triển và phổ biến chữ Nôm tại Đại Việt. Một giai thoại nổi tiếng kể rằng ông đã viết văn tế đuổi cá sấu trên sông Hồng, khiến vua Trần đổi họ ông từ Nguyễn sang Hàn, ví ông như Hàn Dũ đời Đường.","Nhà thơ, nhà văn, quan lại",,Nhà Trần,Thượng thư Bộ Hình,,,,,,,1229 - 
false,Hàng Bạc,Địa danh,,,,,,,,,,,,,
false,Hàng Bài,Địa danh,,,,,,,,,,,,,
true,Hàng Bè,Địa danh,,"Hàng Bè là tên một phố thuộc khu vực 36 Phố Phường của Hà Nội. Phố trước đây thuộc thôn Nam Hoa, thuộc tổng Hữu Túc, sau thuộc thôn Nam Hoa, tổng Đông Thọ, huyện Thọ Xương, nay thuộc phường Hoàn Kiếm. Do phố Hàng Bè ở cạnh cửa ô Mỹ Lộc (vị trí phố Hàng Mắm giao với phố Hàng Bạc), thuận tiện bốc dỡ nên các bè luồng nứa được đưa lên bán tại đây, thành lập chợ Hàng Bè. Khi lòng sông Hồng lùi xa, đây thành bãi tập kết cau để phân phối, nên một phần phố từng được gọi là phố Hàng Cau. Tại nhà số 29 phố Hàng Bè, có Đình Ngũ Hầu thờ Cao Tứ, là một anh hùng thời An Dương Vương. Vào thế kỷ 19, có một vụ cháy lớn, người dân xây dựng lại nhà dựa theo con đường đất hẹp nên nhà cửa thò ra thụt vào.",,,,,,,,,,,
false,Hàng Bồ,Địa danh,,,,,,,,,,,,,
false,Hàng Bông,Địa danh,,,,,,,,,,,,,
false,Hàng Bột,Địa danh,,,,,,,,,,,,,
false,Hàng Bún,Địa danh,,,,,,,,,,,,,
false,Hàng Buồm,Địa danh,,,,,,,,,,,,,
false,Hàng Bút,Địa danh,,,,,,,,,,,,,
false,Hàng Cá,Địa danh,,,,,,,,,,,,,
false,Hàng Cân,Địa danh,,,,,,,,,,,,,
false,Hàng Chai,Địa danh,,,,,,,,,,,,,
false,Hàng Cháo,Địa danh,,,,,,,,,,,,,
false,Hàng Chỉ,Địa danh,,,,,,,,,,,,,
false,Hàng Chiếu,Địa danh,,,,,,,,,,,,,
false,Hàng Chĩnh,Địa danh,,,,,,,,,,,,,
false,Hàng Chuối,Địa danh,,,,,,,,,,,,,
,Hàng Cỏ,Địa danh,,,,,,,,,,,,,
false,Hàng Cót,Địa danh,,,,,,,,,,,,,
false,Hàng Da,Địa danh,,,,,,,,,,,,,
false,Hàng Đào,Địa danh,,"Hàng Đào là tên một phố trong khu vực 36 phố phường, Hà Nội. Phố trước đây thuộc phường Đồng Lạc và Đại Lợi, thuộc tổng Tiền Túc (sau đổi thành tổng Thuận Mỹ), huyện Thọ Xương, nay phố Hàng Đào thuộc phường Hoàn Kiếm. Tên Hàng Đào là do cư dân tại đây từng có nghề nhuộm vải màu đỏ và hồng đậm cho quan đầu triều đình (theo lệ xưa thì vua mặc màu vàng, quan đứng đầu triều đình mặc màu đỏ và hồng đậm, quan trước tứ phẩm mặc màu xanh). Phường nhuộm vải màu đào, màu đỏ tập trung phố Hàng Đào, màu xanh tập trung ở phố Hàng Lam (phố Hàng Ngang hiện nay). Nghề nhuộm lụa màu đỏ của người gốc làng Đan Loan (tỉnh Hải Dương cũ, nay thuộc thành phố Hải Phòng), nay có đình Hoa Lộc tại số nhà 90A thờ thành hoàng làng là Triệu Xương và vợ là Phương Dung. Tới thế kỷ XVIII, phố còn nhận nhuộm thêm nhiều màu khác. Vào thời Pháp, phố có tên là Rue da la Soie (phố Tơ Lụa), do ở đây có nhiều người bán tơ lụa.",,Nhuộm quần áo,,,,,,,,,
false,Hàng Đậu,Địa danh,,,,,,,,,,,,,
false,Hàng Dầu,Địa danh,,,,,,,,,,,,,
false,Hàng Điếu,Địa danh,,,,,,,,,,,,,
false,Hàng Đồng,Địa danh,,,,,,,,,,,,,
false,Hàng Đường,Địa danh,,,,,,,,,,,,,
false,Hàng Gà,Địa danh,,,,,,,,,,,,,
false,Hàng Gai,Địa danh,,,,,,,,,,,,,
false,Hàng Giầy,Địa danh,,,,,,,,,,,,,
false,Hàng Giấy,Địa danh,,,,,,,,,,,,,
false,Hàng Hành,Địa danh,,,,,,,,,,,,,
false,Hàng Hòm,Địa danh,,,,,,,,,,,,,
false,Hàng Hương,Địa danh,,,,,,,,,,,,,
false,Hàng Khay,Địa danh,,,,,,,,,,,,,
false,Hàng Khoai,Địa danh,,"Hàng Khoai là tên một phố trong khu vực 36 phố phường, Hà Nội. Phố trước đây thuộc thôn Huyền Thiên, tổng Hậu Túc, sau thuộc tổng Đồng Xuân, huyện Thọ Xương, nay phố thuộc phường Hoàn Kiếm. Phố có tên từ trước thời Pháp thuộc, sau được đặt tên là Rue des Tubercules (phố Các Củ), rồi được đặt lại tên thành phố Hàng Khoai. Mặt hàng chính ở đây là các loại khoai, sắn. Tại số nhà 54 có chùa Huyền Thiên, cũng gọi là đền Huyền Thiên, là nơi thờ Huyền Thiên Trấn Vũ (vị thánh được thờ tại Quán Thánh).",,"Bán khoai, sắn",,,,,,,,,
true,Hàng Lọng,Địa danh,,"Hàng Lọng là tên một phố thuộc khu vực 36 phố phường Hà Nội. Phố Hàng Lọng trước đây bán kiệu, ô, lọng hay tàn để che mưa, che nắng, hoặc để sử dụng trong các công trình tôn giáo. Phố Hàng Lọng cũ trước đây là phần đầu đường Lê Duẩn bây giờ, còn phố Hàng Lọng hiện nay mới được đặt tên, nay là đoạn cuối của phố Trần Quốc Toản, được đặt sau khi công trình Trụ sở Bộ Công An 44 Yết Kiêu được hoàn thành.",,,,,,,,,,,
false,Hàng Lược,Địa danh,,,,,,,,,,,,,
false,Hàng Mã,Địa danh,,,,,,,,,,,,,
false,Hàng Mắm,Địa danh,,,,,,,,,,,,,
false,Hàng Mành,Địa danh,,,,,,,,,,,,,
false,Hàng Muối,Địa danh,,,,,,,,,,,,,
true,Hàng Ngang,Địa danh,,"Hàng Ngang là tên một phố trong khu vực 36 phố phường, Hà Nội. Phố trước đây thuộc phường Diên Hưng, tổng Hữu Túc, huyện Thọ Xương, sau thuộc tổng Đông Thọ, nay phố thuộc phường Hoàn Kiếm. Theo Vũ trung tuỳ bút của Phạm Đình Hổ, tại khu vực này từng gọi là phố Hàng Áo, bán tơ lụa, vóc nhiễu. Phố ban đầu có tên là phố Hàng Lam, do cư dân tại đây từng có nghề nhuộm vải màu xanh lam cho quan trước tứ phẩm (theo lệ xưa thì vua mặc màu vàng, quan đứng đầu triều đình mặc màu đỏ và hồng đậm, quan trước tứ phẩm mặc màu xanh). Phường nhuộm vải màu đào, màu đỏ tập trung phố Hàng Đào, màu xanh tập trung ở phố Hàng Lam. Sau này do không có đất mở rộng nên họ chuyển ra ngoài tới khu vực hiện nay là phố Hàng Bông, Thợ Nhuộm. Khu vực này cũng có nhiều người Hoa từ Quảng Đông, nên phố được gọi là Việt Đông. Có hai cách lý giải cho tên này, 1 là tên cũ của Quảng Đông là Việt, 2 là do 1 nửa phố là người Việt, 1 nửa phố là người Hoa. Những người Hoa này đã thay đổi y phục theo phong tục Việt Nam, nên gọi là người Minh Hương (người Việt gốc quê nhà Minh). Trong thời Pháp thuộc phố được gọi là Phố Những người Hoa Kiều Quảng Đông (Rue des Cantonnais). Một số nguồn giải thích tên Hàng Ngang cho rằng trước đây ở hai đầu phố có dựng cổng chắn ngang đường, tối đến đóng lại, có phu canh gác nên gọi là phố Hàng Ngang. Sau này có nhiều người Ấn (lúc này người Việt gọi họ là Tây đen) đến khu vực này mở cửa hàng bán lụa.",,"Nhuộm vải màu xanh lam, bán tơ lụa, vóc nhiễu, quần áo, yếm phụ nữ",,,,,,,,"36 phố phường, Làng nghề",
false,Hàng Nón,Địa danh,,,,,,,,,,,,,
false,Hàng Phèn,Địa danh,,,,,,,,,,,,,
false,Hàng Quạt,Địa danh,,,,,,,,,,,,,
false,Hàng Rươi,Địa danh,,,,,,,,,,,,,
false,Hàng Than,Địa danh,,,,,,,,,,,,,
false,Hàng Thiếc,Địa danh,,,,,,,,,,,,,
true,Hàng Thịt,Địa danh,,"Hàng Thịt là tên một ngõ thuộc khu vực 36 Phố Phường. Đây vốn là nơi cư ngụ của những người mổ lợn bán thịt ở chợ Cửa Nam, phần lớn là thịt trốn thuế từ các cửa ô đưa vào.",,,,,,,,,,,
false,Hàng Thùng,Địa danh,,,,,,,,,,,,,
true,Hàng Tre,Địa danh,,"Hàng Tre là tên một phố thuộc khu vực 36 Phố Phường của Hà Nội. Phố trước đây thuộc thôn Trừng Thanh, thuộc tổng Tả Túc, sau thuộc tổng Phúc Lâm, huyện Thọ Xương, nay phố Hàng Tre thuộc phường Hoàn Kiếm. Trước đây sông Hồng chảy sát vào phố nên thuận tiện cho việc bốc dỡ và buôn bán tre nứa, nên phố được gọi là phố Hàng Tre.",,,,,,,,,,,
false,Hàng Trống,Địa danh,,,,,,,,,,,,,
false,Hàng Vải,Địa danh,,,,,,,,,,,,,
false,Hàng Vôi,Địa danh,,,,,,,,,,,,,
true,Hạnh Hoa,Không rõ,,,,,,,,,,,,,
true,Hạnh Phúc,Tư tưởng xã hội,,,,,,,,,,,,,
false,Hào Nam,Địa danh,,,,,,,,,,,,,
false,Hậu Khuông,Địa danh,,"Hậu Khuông là một đơn vị lính thời xưa. Đây là nơi cư trú của dân làng Mui (Yên Duyên, Thanh Trì) lên Hà Nội hành nghề bán giầu không và rẽ quẹt",,,,,,,,,,,
false,Hồ Bãi Cát,Không rõ,,,,,,,,,,,,,
,Hồ Cây Sữa,Khác,,,,,,,,,,,,,
true,Hồ Đắc Di,Nhân vật lịch sử,Y học,"Hồ Đắc Di sinh tại làng An Truyền, xã Phú An, huyện Phú Vang, tỉnh Thừa Thiên Huế. Ông là bác sĩ phẫu thuật đầu tiên của người Việt được hành nghề tại Đông Dương dưới thời Pháp thuộc. Sau năm 1945, ông trở thành hiệu trưởng đầu tiên của Trường Đại học Y Hà Nội và có nhiều đóng góp trong đào tạo y khoa, nghiên cứu phẫu thuật và xây dựng nền y học hiện đại Việt Nam. Ông từng giữ nhiều chức vụ trong các tổ chức y học và Quốc hội. Các công trình của ông tập trung vào điều trị bệnh lý nhiệt đới và cải tiến kỹ thuật phẫu thuật.","Giáo sư, bác sĩ phẫu thuật",,Cách mạng & kháng chiến,"Hiệu trưởng Trường Đại học Y Hà Nội; Chủ tịch Hội Y học Việt Nam; Tổng hội trưởng Tổng hội Y học Việt Nam; Ủy viên Ủy ban Thường vụ Quốc hội khóa II, III, IV; Đại biểu Quốc hội khóa II, III, IV, V",,,,,,,11/5/1900 - 25/6/1984
false,Hồ Dài,Không rõ,,,,,,,,,,,,,
true,Hồ Giám,Địa danh,,"Hồ Giám là tên gọi dân gian của một hồ tại Hà Nội. Hồ có tên là Hồ Văn, hoặc Thái Hồ, thuộc khu vực Văn Miếu - Quốc Tử Giám. Giữa hồ có gò Kim Châu.",,,,,,,,,,,
false,Hồ Hố Mẻ,Không rõ,,,,,,,,,,,,,
true,Hồ Hoàn Kiếm,Địa danh,,"Hoàn Kiếm là tên một hồ nước nằm ở trung tâm thành phố Hà Nội. Trước đây hồ thuộc thôn Hương Mính, tổng Hữu Túc, huyện Thọ Xương, nay hồ thuộc phường Hoàn Kiếm. Hồ vốn là một phần hệ thống đầm, ao, hồ có quy mô rộng lớn hơn nhiều hiện nay. Trước khi bị thu hẹp, hồ trải dài từ khu vực phố Cầu Gỗ ở phía Bắc, Nhà thờ Lớn ở phía Tây và phố Hàng Chuối ở phía Nam. Phía Bắc hồ có một lạch nhỏ thông với hồ Hàng Đào (nằm giữa các phố Hàng Bạc, Hàng Đào, Cầu Gỗ và Hàng Bè), từ hồ Hàng Đào thông ra sông Hồng. Một cây cầu gỗ bắc qua con lạch này, nên phố được đặt tên là Cầu Gỗ. Vào mùa khô, lạch cạn nước khiến tảo phát triển, nước hồ có màu xanh, nên hồ được gọi là hồ Lục Thuỷ. Hồ còn có tên khác là Thuỷ Quân, do từng được dùng làm nơi luyện tập thuỷ quân. Tên Hoàn Kiếm (hay Hồ Gươm) gắn với truyền thuyết vua Lê Lợi trả lại thanh kiếm thần cho thần Kim Quy sau khi đánh đuổi quân Minh. Về sau, chúa Trịnh Tùng cho xây phủ chúa ở phía Nam kinh thành (khu vực các phố Tràng Thi, Quang Trung, Lý Thường Kiệt và đầu phố Bà Triệu), đồng thời lấp phần phía Đông hồ Lục Thuỷ để xây lầu Ngũ Long (nay là Bưu điện Hà Nội). Để có đường cưỡi voi từ phủ chúa sang lầu Ngũ Long, Trịnh Tùng cho ngăn hồ thành hai phần: phía Bắc gọi là Tả Vọng (nghĩa là nhìn sang bên trái - nay là hồ Hoàn Kiếm); phía Nam gọi là Hữu Vọng (nghĩa là nhìn sang bên phải - đặt tên theo góc nhìn từ phủ chúa). Trên mặt hồ hiện nay có gò Rùa với tháp Rùa, được xây theo lối chiết trung giữa Gothic và truyền thống Việt Nam. Ở phía Bắc hồ có tổ hợp đài Nghiên, tháp Bút, cầu Thê Húc và đền Ngọc Sơn (thờ Văn Xương Đế Quân).",,,,,,,,,,,
true,Hồ Học Lãm,Nhân vật lịch sử,Cách mạng,"Hồ Học Lãm, tên khai sinh là Hồ Xuân Lan, sinh tại làng Quỳnh Đôi, huyện Quỳnh Lưu, tỉnh Nghệ An. Ông du học tại Nhật theo phong trào Đông Du, sau đó tiếp tục học tại các trường quân sự ở Trung Quốc, cùng khóa với Tưởng Giới Thạch. Ông trở thành sĩ quan cao cấp trong quân đội Trung Quốc và giữ chức vụ tại Bộ Tổng Tham mưu ở Nam Kinh. Dù không trực tiếp tham gia các tổ chức cách mạng Việt Nam, ông hỗ trợ nhiều chiến sĩ như Hồ Tùng Mậu, Lê Hồng Phong, Nguyễn Thị Minh Khai trong hoạt động bí mật tại Trung Quốc. Gia đình ông từng là điểm liên lạc quan trọng của phong trào cách mạng Việt Nam ở nước ngoài.",Sĩ quan quân đội; Nhà hoạt động cách mạng,,Nhà Nguyễn & Pháp thuộc,Sĩ quan cao cấp quân đội Trung Quốc; Cán bộ Quốc dân Đảng Trung Quốc,,,,,,,1884 - 12/4/1943
false,Hồ Tai Trâu,Địa danh,,,,,,,,,,,,,
true,Hồ Tùng Mậu,Nhân vật lịch sử,Cách mạng,"Hồ Tùng Mậu, tên thật là Hồ Bá Cự, sinh tại làng Quỳnh Đôi, huyện Quỳnh Lưu, tỉnh Nghệ An. Ông tham gia hoạt động cách mạng từ năm 1920, từng hoạt động tại Lào, Thái Lan và Trung Quốc, là thành viên sáng lập Tâm Tâm Xã và Hội Việt Nam Cách mạng Thanh niên. Sau khi bị thực dân Pháp giam giữ suốt 14 năm, ông vượt ngục năm 1945 và tiếp tục tham gia kháng chiến. Sau Cách mạng tháng Tám, ông giữ nhiều chức vụ quan trọng trong chính quyền kháng chiến. Ông hy sinh năm 1951 trong một trận không kích tại Thanh Hóa. Tên ông được đặt cho nhiều tuyến phố và trường học để ghi nhớ những đóng góp trong sự nghiệp cách mạng.","Nhà cách mạng, nhà chính trị",,Cách mạng & kháng chiến,Tổng Thanh tra Chính phủ; Chủ tịch Ủy ban Kháng chiến Liên khu IV; Giám đốc kiêm Chính ủy Trường quân chính Trung bộ; Hội trưởng Hội Việt–Hoa hữu nghị; Ủy viên Ban Chấp hành Trung ương Đảng Cộng sản Việt Nam,,,,,,,15/6/1896 - 23/7/1951
true,Hồ Xuân Hương,Nhân vật lịch sử,Văn hoá - nghệ thuật,"Hồ Xuân Hương sinh tại làng Quỳnh Đôi, huyện Quỳnh Lưu, trấn Nghệ An. Bà nổi tiếng với thơ Nôm mang phong cách trào phúng, phản ánh sâu sắc thân phận người phụ nữ và xã hội phong kiến đương thời. Thơ của bà sử dụng ngôn ngữ dân gian kết hợp bác học, thể hiện tư tưởng nhân văn và cá tính mạnh mẽ. Một số tác phẩm tiêu biểu gồm Bánh trôi nước, Tự tình, Mời trầu. Bà được xem là một trong những nhà thơ nữ tiêu biểu nhất trong lịch sử văn học Việt Nam.","Nhà thơ, nhà văn hóa",,Nhà Nguyễn & Pháp thuộc,Bà chúa thơ Nôm,,,,,,,10/7/1772 - 3/2/1822
true,Hoa Bằng,Nhân vật lịch sử,Văn hoá - nghệ thuật,"Hoa Bằng, tên thật là Nguyễn Công Hòe, sinh tại làng Phú Thị, huyện Gia Lâm, tỉnh Bắc Ninh (nay thuộc Hà Nội). Ông là một trong những nhà sử học tiêu biểu của thế kỷ XX, từng tham gia biên soạn nhiều công trình lịch sử và văn hóa như Việt Nam sử lược, Lịch sử Việt Nam từ nguồn gốc đến thế kỷ XIX. Ông cũng là người có đóng góp trong việc truyền bá chữ Quốc ngữ và giảng dạy lịch sử dân tộc trong thời kỳ đầu của nền giáo dục cách mạng. Các bài viết của ông mang tính khảo cứu, có giá trị tư liệu và học thuật cao.","Sử gia, nhà văn, nhà giáo",,Cách mạng & kháng chiến,"Hội viên Hội nghiên cứu lịch sử Việt Nam, thành viên Ban Văn hóa Trung ương, Chủ nhiệm Ủy ban Sử học thuộc Hội Văn hóa cứu quốc",,,,,,,1902 - 5/3/1977
false,Hoà Bình (Bạch Mai),Không rõ,,,,,,,,,,,,,
false,Hoà Bình (Hồng Hà),Không rõ,,,,,,,,,,,,,
false,Hoà Bình (Long Biên),Không rõ,,,,,,,,,,,,,
false,Hoà Bình (VM-QTG),Không rõ,,,,,,,,,,,,,
false,Hoà Bình (Yên Nghĩa),Không rõ,,,,,,,,,,,,,
false,Hoa Động,Không rõ,,,,,,,,,,,,,
false,Hoa Lâm,Địa danh,,,,,,,,,,,,,
false,Hoả Lò,Địa danh,,,,,,,,,,,,,
false,Hoa Lư,Khác,,,,,,,,,,,,,
true,Hoà Mã,Địa danh,,"Hoà Mã là tên một ngôi làng cổ ở phía Nam Hà Nội. Làng trước thuộc tổng Tả Nghiêm, sau đổi thành tổng Kim Liên, huyện Thọ Xương, nay phố Hoà Mã thuộc phường Hai Bà Trưng. Làng ở gần đàn tế Nam Giao (nay ở vị trí Vincom Bà Triệu), khi vua đến đàn tế Nam Giao thì dừng lại tại làng để thay đổi xiêm áo, mặc lễ phục (vì vậy làng có tên cũ là Đổi Mã - mã ở đây không liên quan tới ngựa mà là từ Việt cổ, có nghĩa là vỏ, trang phục bề ngoài).",,,,,,,,,,,
false,Hoà Mục,Địa danh,,,,"Làm giấy, xây dựng nhà gỗ truyền thống, thờ phụng",,,,,,Kẻ Đáy/ Kẻ Dáy,Nhân Mục Môn,,
,Hoà Sơn,,,,,,,,,,,,,,
false,Hoa Sữa,Không rõ,,,,,,,,,,,,,
true,Hoài Thanh,Nhân vật lịch sử,Văn hoá - nghệ thuật,"Hoài Thanh, tên thật là Nguyễn Đức Nguyên, là một nhà phê bình văn học tiêu biểu của Việt Nam thế kỷ XX. Ông sinh tại xã Nghi Trung, huyện Nghi Lộc, tỉnh Nghệ An. Tác phẩm nổi bật nhất của ông là Thi nhân Việt Nam, viết cùng em trai Hoài Chân, hệ thống hóa và đánh giá các nhà thơ trong phong trào Thơ mới. Trước năm 1945, ông hoạt động báo chí, giảng dạy và tham gia phong trào yêu nước. Sau Cách mạng tháng Tám, ông giữ nhiều chức vụ trong lĩnh vực văn hóa và văn học nghệ thuật, có ảnh hưởng lớn đến đời sống văn học Việt Nam hiện đại.","Nhà phê bình văn học, nhà báo, giảng viên",,Cách mạng & kháng chiến,"Phó Viện trưởng Viện Văn học Việt Nam, Tổng Thư ký Liên hiệp các Hội Văn học nghệ thuật Việt Nam",,,,,,,15/7/1909 - 14/3/1982
false,Hoàng An,Không rõ,,,,,,,,,,,,,
false,Hoàng Cầu,Địa danh,,,,,,,,,Có đình Hoàng Cầu thờ thành hoàng làng; Tổ chức lễ hội truyền thống tại đình vào đầu xuân,,,,
false,Hoàng Công,Không rõ,,,,,,,,,,,,,
true,Hoàng Công Chất,Nhân vật lịch sử,Cách mạng,"Hoàng Công Chất, tên thật là Hoàng Công Thư, sinh tại làng Nguyên Xá, huyện Vũ Thư, tỉnh Thái Bình. Ông lãnh đạo một cuộc khởi nghĩa nông dân kéo dài gần 30 năm chống lại triều đình Lê–Trịnh ở Đàng Ngoài. Sau nhiều năm hoạt động ở vùng Sơn Nam, ông rút lên Mường Thanh (nay thuộc tỉnh Điện Biên), xây dựng căn cứ tại thành Bản Phủ và được dân bản địa tôn làm Chúa Mường Thanh. Nghĩa quân của ông nổi bật với chiến thuật thủy chiến và khả năng tận dụng địa hình đầm lầy. Hoàng Công Chất được ghi nhận là người có ảnh hưởng lớn đến vùng Tây Bắc trong thế kỷ XVIII.",Thủ lĩnh nghĩa quân,,Phân tranh,Chúa Mường Thanh,,,,,,,31/1/1706 - 21/3/1769
true,Hoàng Đạo Thành,Nhân vật lịch sử,Văn hoá - nghệ thuật,"Hoàng Đạo Thành, tên thật là Cung Đạo Thành, hiệu Cúc Lữ, sinh tại làng Kim Lũ, huyện Thanh Trì, tỉnh Hà Đông (nay thuộc quận Hoàng Mai, Hà Nội). Ông đỗ cử nhân năm 1884 và từng giữ nhiều chức vụ trong bộ máy hành chính nhà Nguyễn. Sau khi trí sĩ, ông tập trung biên soạn các công trình sử học như Việt sử tân ước toàn biên, Đại Nam hành nghĩa liệt nữ truyện, và Việt sử tứ tự. Các tác phẩm của ông có xu hướng cải cách, phản ánh tinh thần Duy Tân và được sử dụng trong giáo dục phổ thông thời kỳ đầu thế kỷ XX. Tên ông được đặt cho một con đường ở gần làng Kim Lũ để tri ân công lao của ông.","Sử gia, nhà giáo, chí sĩ",,Nhà Nguyễn & Pháp thuộc,"Giáo thụ các phủ Quốc Oai, Hoài Đức, Từ Sơn; Tri huyện Quế Dương; Quyền tri phủ Thuận Thành",,Cha của Hoàng Đạo Thúy,,,,,1830 - 1908
true,Hoàng Đạo Thuý,Nhân vật lịch sử,Văn hoá - nghệ thuật,"Hoàng Đạo Thúy sinh tại số 7 phố Hàng Đào, quận Hoàn Kiếm, Hà Nội; tổ tiên gốc làng Kim Lũ, huyện Thanh Trì. Ông là con trai của sử gia Hoàng Đạo Thành. Từ thập niên 1920, ông hoạt động trong lĩnh vực giáo dục và văn hóa, sáng lập phong trào Hướng đạo Việt Nam với các đoàn như Lê Lợi và Lam Sơn. Ông viết nhiều tài liệu hướng đạo và sách giáo dục với bút danh Ba Tô. Sau Cách mạng Tháng Tám, ông tham gia quân đội và được phong hàm Đại tá. Các hoạt động của ông góp phần xây dựng nền giáo dục thanh thiếu niên và phát triển văn hóa xã hội thời hiện đại.","Nhà cách mạng, nhà văn hóa, nhà giáo, quân nhân",,Cách mạng & kháng chiến,"Đại tá Quân đội Nhân dân Việt Nam, Thủ lĩnh phong trào Hướng đạo Việt Nam tại Bắc Kỳ, Ủy viên Liên hội Đông Dương ngành Tráng sinh",,"Con của Hoàng Đạo Thành, bố vợ của Tạ Quang Bửu",,,,,1900 - 1994
true,Hoàng Diệu,Nhân vật lịch sử,Cách mạng,"Hoàng Diệu, tên thật là Hoàng Kim Tích, sinh tại làng Xuân Đài, huyện Diên Phước, tỉnh Quảng Nam. Ông xuất thân trong một gia đình có truyền thống nho học, từng đỗ Phó bảng năm 1853 dưới triều vua Tự Đức. Trong sự nghiệp làm quan, ông từng giữ nhiều chức vụ quan trọng như Tri phủ, Án sát, Bố chính, Tham tri và Tổng đốc. Năm 1879, ông được bổ nhiệm làm Tổng đốc Hà Ninh, phụ trách bảo vệ thành Hà Nội. Khi quân Pháp tấn công năm 1882, ông chọn cách tuẫn tiết để giữ trọn khí tiết. Hoàng Diệu được ghi nhận là một vị quan thanh liêm, có tinh thần trách nhiệm cao trong việc trị an và bảo vệ lãnh thổ.",Quan lại,,Nhà Nguyễn & Pháp thuộc,Tổng đốc Hà Ninh; Tham tri Bộ Hình; Tham tri Bộ Lại; Tuần phủ Quảng Nam,,,,,,,14/3/1829 - 25/4/1882
true,Hoàng Đôn Hoà,Nhân vật lịch sử,Y học,"Hoàng Đôn Hòa là một danh y nổi tiếng sống vào thế kỷ XVI, quê ở làng Đa Sĩ, xã Kiến Hưng, huyện Thanh Oai, tỉnh Hà Đông cũ (nay thuộc Hà Nội). Ông nổi tiếng với tài chữa bệnh bằng thảo dược, từng cứu sống nhiều người trong các đợt dịch bệnh lớn. Nhờ tài năng và đức độ, ông được vua Lê Thế Tông phong làm phò mã và giao trọng trách tại Thái y viện. Ông cũng từng tham gia công tác quân y trong chiến dịch chống quân Mạc. Sau khi mất, nhân dân địa phương lập đền thờ và tôn ông là “Lương dược Đại vương”. Tên ông được đặt cho một tuyến phố tại Hà Nội, gắn với vùng đất nơi ông sinh ra và hành nghề y, thể hiện sự ghi nhận của cộng đồng đối với công lao chữa bệnh cứu người tại địa phương.",Danh y y học cổ truyền,,Phân tranh,"Lương y, Thị nội Thái y viện phủ Thiên; Điều họ lục quân; Phò mã triều Lê",,,,,,, - 
true,Hoàng Hoa Thám,Nhân vật lịch sử,Cách mạng,"Hoàng Hoa Thám, tên thật là Trương Văn Nghĩa, là thủ lĩnh cuộc khởi nghĩa Yên Thế chống thực dân Pháp kéo dài từ năm 1884 đến 1913. Ông từng tham gia nhiều phong trào vũ trang trước đó và trở thành người lãnh đạo tối cao của nghĩa quân Yên Thế sau khi Đề Nắm bị sát hại. Dưới sự chỉ huy của ông, nghĩa quân đã tổ chức nhiều trận đánh lớn tại Bắc Giang và các vùng lân cận, gây nhiều tổn thất cho quân Pháp. Cuộc khởi nghĩa kết thúc khi ông bị sát hại năm 1913.","Võ tướng, thủ lĩnh nghĩa quân",,Nhà Nguyễn & Pháp thuộc,Thủ lĩnh cuộc khởi nghĩa Yên Thế,,,,,,,1858 - 10/2/1913
false,Hoàng Liên,Không rõ,,,,,,,,,,,,,
false,Hoàng Liệt,Địa danh,,,,,,,,,,,,,
true,Hoàng Mai,Địa danh,,"Hoàng Mai là một ngôi làng cổ ở phía Nam Hà Nội. Trước làng thuộc tổng Hoàng Mai, huyện Thanh Trì, phủ Thường Tín, trấn Sơn Nam Thượng, nay phố Hoàng Mai thuộc phường Tương Mai. Làng thuộc vùng Kẻ Mơ, được gọi là Mơ Rượu do nổi tiếng với nghề nấu rượu mơ truyền thống, để phân biệt với các làng Mơ khác là Mơ Thịt (Bạch Mai), Mơ Cơm (Tương Mai), Mơ Táo (Mai Động). Một bộ phận làng Hoàng Mai tách ra thành làng mới, gọi là làng Tương Mai vào khoảng thế kỷ XVI - XVII. Đình Hoàng Mai thờ Trần Khát Chân.",,Nấu rượu mơ,,,,,"Lễ hội đình Hoàng Mai vào tháng Hai âm lịch; Thờ Linh Lang Đại Vương; Tục rước kiệu, tế lễ, hát thờ; Có tục kết chạ với các làng ven sông Sét như Giáp Nhị, Đình Sét",Kẻ Mơ,Mơ Rượu,,
true,Hoàng Minh Đạo,Nhân vật lịch sử,Cách mạng,"Hoàng Minh Đạo, tên thật là Đào Phúc Lộc, sinh tại xã Hải Xuân, thành phố Móng Cái, tỉnh Quảng Ninh. Ông tham gia hoạt động cách mạng từ tuổi thiếu niên, từng bị bắt và quản thúc bởi thực dân Pháp. Sau Cách mạng tháng Tám, ông giữ chức Trưởng phòng Tình báo thuộc Bộ Tổng Tham mưu khi mới 22 tuổi. Trong suốt hai thập kỷ hoạt động, ông xây dựng mạng lưới tình báo rộng khắp, góp phần định hình ngành tình báo quân sự Việt Nam. Ông có vai trò quan trọng trong công tác binh vận, phản gián và tổ chức lực lượng Biệt động tại miền Nam. Hoàng Minh Đạo hy sinh tại Vàm Cỏ Đông năm 1969.",Sĩ quan tình báo quân đội,,Cách mạng & kháng chiến,Trưởng phòng Tình báo Bộ Tổng Tham mưu; Trưởng ban Quân báo Nam Bộ; Phó Ban Binh vận Trung ương Cục miền Nam; Bí thư Khu 5; Chính ủy lực lượng Biệt động Sài Gòn,,,,,,,4/8/1923 - 25/12/1969
true,Hoàng Minh Giám,Nhân vật lịch sử,Quan chức,"Hoàng Minh Giám sinh tại xã Đông Ngạc, huyện Từ Liêm, phủ Hoài Đức, tỉnh Hà Đông (nay thuộc quận Bắc Từ Liêm, Hà Nội), trong một gia đình khoa bảng. Ông tốt nghiệp Trường Cao đẳng Đông Dương năm 1926 và tham gia cách mạng từ năm 1944. Trong thời kỳ đầu của nước Việt Nam Dân chủ Cộng hòa, ông là trợ lý đắc lực của Chủ tịch Hồ Chí Minh trong các hoạt động ngoại giao, đặc biệt trong đàm phán với Pháp năm 1946. Ông giữ nhiều chức vụ quan trọng trong chính phủ và Quốc hội, có đóng góp lớn trong việc xây dựng nền ngoại giao và văn hóa Việt Nam thời kỳ đầu. Ông cũng là một trong những người sáng lập và lãnh đạo Đảng Xã hội Việt Nam.","Nhà ngoại giao, nhà giáo, quan chức chính quyền",,Cách mạng & kháng chiến,Bộ trưởng Bộ Ngoại giao; Bộ trưởng Bộ Văn hóa; Bộ trưởng Bộ Tuyên truyền; Thứ trưởng Bộ Nội vụ; Thứ trưởng Bộ Ngoại giao; Chủ nhiệm Ủy ban Đối ngoại của Quốc hội; Phó Tổng Thư ký Đảng Xã hội Việt Nam; Hiệu trưởng Trường Đại học Nhân dân; Đại biểu Quốc hội khóa I–VII; Ủy viên Đoàn Chủ tịch Ủy ban Trung ương Mặt trận Tổ quốc Việt Nam; Chủ tịch Liên hiệp Các tổ chức Hữu nghị Việt Nam,,,,,,,1904 - 
true,Hoàng Minh Thảo,Nhân vật lịch sử,Quân sự,"Hoàng Minh Thảo, tên khai sinh là Tạ Thái An, sinh tại xã Bảo Khê, huyện Kim Động, tỉnh Hưng Yên. Ông lớn lên tại vùng Tràng Định – Thất Khê (Lạng Sơn) và tham gia cách mạng từ năm 1937. Trong sự nghiệp quân sự, ông từng chỉ huy nhiều chiến dịch lớn, đặc biệt là chiến dịch Tây Nguyên năm 1975. Sau năm 1975, ông giữ nhiều chức vụ lãnh đạo trong quân đội và giảng dạy tại các học viện quân sự. Ông được đánh giá cao về lý luận quân sự và có đóng góp lớn trong đào tạo cán bộ quân đội.","Quân nhân, giáo sư, nhà giáo",,Cách mạng & kháng chiến,Thượng tướng Quân đội Nhân dân Việt Nam; Viện trưởng Viện Chiến lược Quân sự; Viện trưởng Học viện Quân sự cấp cao; Viện trưởng Học viện Lục quân Đà Lạt; Hiệu trưởng Học viện Quân sự; Tư lệnh mặt trận Tây Nguyên; Tư lệnh Đại đoàn 304; Tư lệnh Liên khu 4; Khu trưởng Chiến khu 3; Giáo sư; Nhà giáo Nhân dân; Anh hùng Lực lượng vũ trang Nhân dân,,,,,,,25/10/1921 - 8/9/2008
true,Hoàng Ngân,Nhân vật lịch sử,Cách mạng,"Hoàng Ngân, tên thật là Phạm Thị Vân, sinh tại phố Chavassieux (nay là phố Quang Trung), quận Hồng Bàng, thành phố Hải Phòng. Cha bà quê gốc Nam Định. Bà tham gia hoạt động cách mạng từ thời Mặt trận Dân chủ, được kết nạp vào Đảng Cộng sản Đông Dương năm 1938 khi mới 17 tuổi. Trong thời gian hoạt động, bà từng làm liên lạc cho các lãnh đạo cấp cao và phụ trách công tác vận động phụ nữ tại nhiều địa phương. Bà là Bí thư đầu tiên của Trung ương Hội Phụ nữ cứu quốc và Chủ nhiệm đầu tiên của báo Phụ nữ Việt Nam. Hoàng Ngân được ghi nhận là một trong những người đặt nền móng cho phong trào phụ nữ Việt Nam hiện đại.",Nhà hoạt động cách mạng,,Nhà Nguyễn & Pháp thuộc,Bí thư Trung ương Hội Phụ nữ cứu quốc; Chủ nhiệm báo Phụ nữ Việt Nam,,,,,,,1921 - 17/7/1949
true,Hoàng Ngọc Phách,Nhân vật lịch sử,Văn hoá - nghệ thuật,"Hoàng Ngọc Phách sinh tại làng Đông Thái, xã Yên Đồng, huyện Đức Thọ, tỉnh Hà Tĩnh. Ông là tác giả tiểu thuyết Tố Tâm (1925), một trong những tiểu thuyết hiện đại đầu tiên của văn học Việt Nam. Ngoài sáng tác, ông có đóng góp lớn trong ngành giáo dục, từng giữ nhiều chức vụ quản lý giáo dục ở Bắc Ninh, các liên khu kháng chiến và tại trường Cao đẳng Sư phạm Trung ương. Sau khi nghỉ hưu, ông tiếp tục nghiên cứu văn học cổ và làm việc tại Viện Văn học.","Nhà văn, nhà giáo, sử gia",,Cách mạng & kháng chiến,"Giám đốc học khu Bắc Ninh, Hiệu trưởng trường Trung học Hàn Thuyên, Giám đốc giáo dục Chiến khu XII và Liên khu I, Hiệu trưởng Trường Trung học kháng chiến Liên khu X, Giám đốc trường Cao đẳng Sư phạm Trung ương, Thanh tra học vụ toàn quốc",,,,,,,20/8/1896 - 24/11/1973
true,Hoàng Như Tiếp,Nhân vật lịch sử,Kỹ thuật,"Hoàng Như Tiếp sinh tại làng Nam Phổ Thượng, huyện Phú Vang, tỉnh Thừa Thiên – Huế trong một gia đình khoa bảng yêu nước. Ông tốt nghiệp Trường Mỹ thuật Đông Dương khóa II với bằng Kiến trúc sư loại ưu, sau đó hành nghề tự do và mở văn phòng thiết kế cùng các kiến trúc sư Nguyễn Cao Luyện, Nguyễn Gia Đức. Trước Cách mạng tháng Tám, ông đã thiết kế nhiều công trình nhà ở, biệt thự tại Hà Nội và mẫu nhà “Ánh sáng” cho người lao động nghèo. Năm 1948, ông là một trong những người sáng lập Đoàn Kiến trúc sư Việt Nam. Trong kháng chiến, ông thiết kế nhiều công trình phục vụ Đại hội Đảng và Hội nghị ba nước Đông Dương. Sau 1954, ông giữ nhiều chức vụ quan trọng trong ngành kiến trúc và quy hoạch đô thị. Năm 1996, ông được truy tặng Giải thưởng Hồ Chí Minh về Văn học – Nghệ thuật.","Kiến trúc sư, giảng viên kiến trúc",,Cách mạng & kháng chiến,Tổng Thư ký Hội Kiến trúc sư Việt Nam; Viện trưởng Viện Thiết kế Quy hoạch Đô thị – Nông thôn; Cục trưởng Cục Đô thị – Nông thôn Bộ Kiến trúc; Ủy viên Ủy ban Kháng chiến Hành chính tỉnh Phúc Yên; Hội viên Danh dự Hội Kiến trúc sư Liên Xô,,,,,,,30/12/1910 - 28/3/1982
true,Hoàng Quán Chi,Nhân vật lịch sử,Quan chức,"Hoàng Quán Chi sinh tại làng Cót, nay thuộc phường Yên Hòa, quận Cầu Giấy, Hà Nội. Ông đỗ Thái học sinh vào năm Quang Thái thứ 6 (1393) dưới triều Trần Thuận Tông và được bổ nhiệm làm quan đến chức Thượng thư bộ Hình và bộ Lễ. Ông là người khai khoa đầu tiên của làng Cót, mở đầu truyền thống hiếu học và khoa bảng của địa phương. Tên tuổi ông được ghi nhận trong các tư liệu Hán Nôm như Bạch Liên khảo ký và Đăng khoa lục.","Chính trị gia, nhà khoa bảng",,Nhà Trần,"Thái học sinh triều Trần, Thượng thư bộ Hình, Thượng thư bộ Lễ",,,,,,, - 
true,Hoàng Quốc Việt,Nhân vật lịch sử,Cách mạng,"Hoàng Quốc Việt, tên khai sinh là Hạ Bá Cang, sinh tại làng Đáp Cầu, huyện Võ Giàng, tỉnh Bắc Ninh (nay thuộc thành phố Bắc Ninh). Ông tham gia hoạt động cách mạng từ năm 1925 và là một trong những thành viên sáng lập Đảng Cộng sản Việt Nam. Trong sự nghiệp chính trị, ông giữ nhiều chức vụ quan trọng trong bộ máy nhà nước và các tổ chức đoàn thể. Ông từng bị thực dân Pháp bắt và kết án tù chung thân, sau đó được trả tự do năm 1936. Với vai trò lãnh đạo trong các tổ chức như Việt Minh, Tổng Công đoàn và Mặt trận Tổ quốc, ông có ảnh hưởng lớn đến phong trào công nhân và các hoạt động chính trị xã hội ở Việt Nam thế kỷ XX.",Chính khách,,Cách mạng & kháng chiến,Bí thư Tổng bộ Việt Minh; Viện trưởng Viện Kiểm sát Nhân dân Tối cao (1960–1976); Chủ tịch Tổng Liên đoàn Lao động Việt Nam (1950–1978); Chủ tịch Ủy ban Trung ương Mặt trận Tổ quốc Việt Nam (1977–1983); Ủy viên Bộ Chính trị khóa II; Đại biểu Quốc hội khóa II đến khóa VII,,,,,,,28/5/1905 - 25/12/1992
true,Hoàng Sâm,Nhân vật lịch sử,Quân sự,"Hoàng Sâm, tên thật là Trần Văn Kỳ, sinh tại xã Văn Hóa, huyện Tuyên Hóa, tỉnh Quảng Bình. Ông là đội trưởng đầu tiên của Đội Việt Nam Tuyên truyền Giải phóng quân, chỉ huy các trận Phai Khắt và Nà Ngần năm 1944. Trong kháng chiến chống Pháp, ông giữ nhiều chức vụ chỉ huy tại các liên khu và mặt trận lớn, từng tham gia giải phóng Thà Khẹt (Trung Lào) và tiếp quản Hải Phòng sau Hiệp định Genève. Ông được phong quân hàm Thiếu tướng năm 1948 và có đóng góp lớn trong việc xây dựng lực lượng vũ trang cách mạng giai đoạn đầu.",Quân nhân,,Cách mạng & kháng chiến,"Thiếu tướng Quân đội Nhân dân Việt Nam; Đội trưởng Đội Việt Nam Tuyên truyền Giải phóng quân; Khu trưởng Liên khu 2, Liên khu 3; Đại đoàn trưởng Đại đoàn 304, Đại đoàn 320; Tư lệnh Quân khu Tả Ngạn, Hữu Ngạn, Quân khu 3, Trị – Thiên; Phó Chủ tịch Ủy ban Quân chính Hải Phòng; Đại biểu Quốc hội khóa II, III",,,,,,,1915 - 15/12/1968
true,Hoàng Tăng Bí,Nhân vật lịch sử,Văn hoá - nghệ thuật,"Hoàng Tăng Bí sinh tại làng Đông Ngạc, huyện Từ Liêm, phủ Hoài Đức, tỉnh Hà Đông (nay thuộc quận Bắc Từ Liêm, Hà Nội). Ông đỗ Cử nhân năm 1906 và Phó bảng năm 1910, nhưng không ra làm quan mà tham gia phong trào Duy Tân, đồng sáng lập trường Đông Kinh Nghĩa Thục. Ông giảng dạy, viết báo, dịch tiểu thuyết Pháp và soạn tuồng nhằm truyền bá tư tưởng canh tân. Một số tác phẩm tiêu biểu gồm Đệ bát tài tử Hoa Tiên ký, Thù chồng nợ nước, và bản dịch Le comte de Monte Cristo. Ông bị thực dân Pháp bắt giam sau vụ Hà thành đầu độc và mất tại Hà Nội năm 1939. Tên ông được đặt cho một con phố ở làng Đông Ngạc để tri ân công lao của ông.","Nhà văn, nhà giáo, nhà hoạt động văn hóa, dịch giả, nhà báo",,Nhà Nguyễn & Pháp thuộc,"Phó bảng, thành viên sáng lập Đông Kinh Nghĩa Thục, giáo viên trường tư, cộng tác viên báo Trung Bắc tân văn",,Cha của Hoàng Tích Trí,,,,,1883 - 1939
true,Hoàng Thế Thiện,Nhân vật lịch sử,Quân sự,"Hoàng Thế Thiện, tên thật là Lưu Văn Thi, sinh tại thành phố Hải Phòng trong một gia đình có truyền thống yêu nước. Ông tham gia cách mạng từ năm 1940, vào Đảng năm 1945 và nhập ngũ năm 1947. Trong hai cuộc kháng chiến chống Pháp và Mỹ, ông giữ nhiều chức vụ quan trọng trong quân đội, đặc biệt tại chiến trường Trường Sơn và Nam Lào. Sau năm 1975, ông đảm nhiệm các vị trí lãnh đạo trong Bộ Quốc phòng và Bộ Lao động – Thương binh và Xã hội. Ông được phong quân hàm Thiếu tướng năm 1974 và từng là Chủ tịch danh dự đầu tiên của Làng trẻ em SOS Việt Nam.","Quân nhân, quan chức chính quyền",,Cách mạng & kháng chiến,Thiếu tướng Quân đội nhân dân Việt Nam; Thứ trưởng Bộ Quốc phòng; Thứ trưởng Bộ Lao động – Thương binh và Xã hội; Chính ủy Quân đoàn 4; Chính ủy Bộ Tư lệnh Trường Sơn; Bí thư Đảng ủy Đoàn chuyên gia tại Campuchia; Ủy viên dự khuyết Ban Chấp hành Trung ương Đảng khóa IV,,,,,,,20/10/1922 - 5/9/1995
true,Hoàng Tích Trí,Nhân vật lịch sử,Y học,"Hoàng Tích Trí sinh tại làng Đông Ngạc, huyện Từ Liêm, Hà Nội. Ông tốt nghiệp bác sĩ y khoa tại Paris năm 1932 và chuyên ngành vi trùng học tại Viện Pasteur. Sau khi về nước, ông công tác tại Viện Pasteur Hà Nội, nghiên cứu các bệnh truyền nhiễm phổ biến như sốt rét, thương hàn, lỵ, giang mai, dại. Sau Cách mạng tháng Tám, ông giữ chức Thứ trưởng rồi Bộ trưởng Bộ Y tế, đồng thời là Viện trưởng Viện Vi trùng học Việt Nam. Trong kháng chiến, ông chỉ đạo sản xuất vaccine phòng dịch và xây dựng mạng lưới y tế nhân dân. Sau năm 1954, ông tiếp tục giảng dạy và nghiên cứu tại Đại học Y Hà Nội. Ông được truy tặng Huân chương Độc lập hạng Nhất sau khi qua đời.","Giáo sư, bác sĩ Y học, vi sinh vật học",,Cách mạng & kháng chiến,Bộ trưởng Bộ Y tế; Thứ trưởng Bộ Y tế; Viện trưởng Viện Vi trùng học Việt Nam; Trưởng Bộ môn Vi sinh vật Đại học Y Hà Nội; Đại biểu Quốc hội khóa I; Giáo sư chính thức Đại học Y Hà Nội,,Con của Hoàng Tăng Bí,,,,,5/8/1903 - 21/11/1958
true,Hoàng Trình Thanh,Nhân vật lịch sử,Quan chức,"Hoàng Trình Thanh, tự Trực Khanh, hiệu Trúc Khê, sinh năm 1411 tại làng Huyền Khê, xã Trung Thanh Oai, phủ Ứng Thiên (nay là thôn Đa Sĩ, phường Kiến Hưng, quận Hà Đông, Hà Nội). Ông đỗ khoa Hoành từ năm 1431 và được vua Lê Thái Tổ bổ nhiệm làm Ngự tiền học sinh. Trong suốt sự nghiệp, ông từng đảm nhiệm nhiều chức vụ trọng yếu qua bốn triều vua nhà Lê và hai lần được cử đi sứ sang nhà Minh. Năm 1462, ông trình lên vua Lê Thánh Tông bản kiến nghị gồm 7 điều cải cách, sau đó được tiếp thu và đưa vào Bộ luật Hồng Đức. Ông qua đời đầu năm 1463, hưởng thọ 53 tuổi, được tổ chức lễ tang trọng thể và truy phong Tham chính Thái bảo Triều liệt đại phu. Tên ông hiện được đặt cho một tuyến phố gần quê nhà để ghi nhớ công lao.","Nhà chính trị, nhà giáo, nhà ngoại giao",,Nhà Hậu Lê,Ngự tiền học sinh cục trưởng; Chánh trưởng nội mật viện; Thị độc Viện Hàn lâm; Lang trung Hữu ty Tòa môn hạ; Tham chính Thái bảo Triều liệt đại phu,,,,,,,10/3/1411 - 1463
true,Hoàng Trọng Mậu,Nhân vật lịch sử,Cách mạng,"Hoàng Trọng Mậu, tên thật là Nguyễn Đức Công, tự Báu Thụ, sinh tại xã Nghi Trung, huyện Nghi Lộc, tỉnh Nghệ An. Ông là một trong những chí sĩ tiêu biểu của phong trào Đông Du đầu thế kỷ XX. Sau khi du học tại Nhật Bản và Trung Quốc, ông tốt nghiệp trường võ bị Bắc Kinh và tham gia sáng lập Việt Nam Quang phục Hội. Ông cùng Phan Bội Châu biên soạn “Việt Nam Quang phục quân phương lược” và viết lời tựa cho “Việt Nam Quốc Sử Khảo”. Năm 1915, ông bị bắt tại Hương Cảng và bị xử bắn tại Hà Nội. Trước khi mất, ông để lại đôi câu đối “Tuyệt mệnh” thể hiện tinh thần yêu nước và khát vọng độc lập.",Nhà cách mạng,,Nhà Nguyễn & Pháp thuộc,Bí thư và Quân vụ Ủy viên Việt Nam Quang phục Hội; Tổng tư lệnh Việt Nam quân chính phủ,,,,,,,1874 - 28/5/1916
true,Hoàng Tùng,Nhân vật lịch sử,Quan chức,"Hoàng Tùng, tên thật là Trần Khánh Thọ, sinh tại xã Nhân Hòa, huyện Lý Nhân, tỉnh Hà Nam. Ông tham gia hoạt động cách mạng từ năm 1935 và từng bị bắt giam vì tham gia phong trào công nhân. Sau Cách mạng tháng Tám, ông giữ nhiều chức vụ trong ngành tuyên truyền và báo chí, đặc biệt là Tổng Biên tập báo Nhân Dân từ năm 1954 đến 1982. Ông có ảnh hưởng lớn trong việc định hình công tác tư tưởng và truyền thông của Đảng trong nhiều thập niên. Ngoài ra, ông còn là tác giả của một số hồi ký và bài viết về lịch sử cách mạng Việt Nam.","Nhà báo, nhà chính trị",,Cách mạng & kháng chiến,Trưởng Ban Tuyên huấn Trung ương; Tổng Biên tập báo Nhân Dân; Bí thư Trung ương Đảng; Ủy viên Bộ Chính trị,,,,,,,14/1/1920 - 30/9/2010
true,Hoàng Văn Thái,Nhân vật lịch sử,Quân sự,"Hoàng Văn Thái, tên thật là Hoàng Văn Xiêm, sinh tại làng An Khang, xã Tây An, huyện Tiền Hải, tỉnh Thái Bình. Ông là Tổng Tham mưu trưởng đầu tiên của Quân đội Nhân dân Việt Nam, giữ vai trò tham mưu trong nhiều chiến dịch lớn như Chiến dịch Biên giới 1950, Điện Biên Phủ 1954, Tết Mậu Thân 1968, và Chiến dịch Hồ Chí Minh 1975. Trong sự nghiệp, ông từng đảm nhiệm nhiều chức vụ cao cấp trong quân đội và chính phủ, góp phần xây dựng lực lượng vũ trang chính quy và chỉ đạo chiến lược trong các giai đoạn kháng chiến. Ông mất tại Hà Nội năm 1986, hưởng thọ 71 tuổi.",Sĩ quan quân đội,,Cách mạng & kháng chiến,Đại tướng Quân đội Nhân dân Việt Nam; Tổng Tham mưu trưởng; Thứ trưởng Bộ Quốc phòng; Tư lệnh Quân Giải phóng miền Nam; Tư lệnh Quân khu 5; Chủ nhiệm Tổng cục Quân huấn; Chủ nhiệm Ủy ban Thể dục Thể thao; Phó Chủ nhiệm Ủy ban Kế hoạch Nhà nước,,,,,,,1/5/1915 - 2/7/1986
true,Hoàng Văn Thụ,Nhân vật lịch sử,Cách mạng,"Hoàng Văn Thụ, tên khai sinh là Hoàng Ngọc Thụ, sinh tại xóm Phạc Lạng, xã Nhân Lý, huyện Văn Uyên, tỉnh Lạng Sơn (nay thuộc xã Hoàng Văn Thụ, huyện Hữu Lũng). Ông là người dân tộc Tày, tham gia hoạt động cách mạng từ cuối thập niên 1920 và giữ nhiều vị trí lãnh đạo trong Đảng Cộng sản Đông Dương. Ông từng gây dựng cơ sở cách mạng tại vùng biên giới Việt – Trung, tham gia tổ chức Việt Nam Thanh niên Cách mạng Đồng chí Hội và sau đó là Việt Minh. Ngoài hoạt động chính trị, ông còn sáng tác thơ, trong đó có bài “Tuyệt cú” viết trước khi hy sinh. Ông bị thực dân Pháp xử bắn tại nhà tù Hỏa Lò, Hà Nội năm 1944.","Nhà cách mạng, nhà thơ",,Nhà Nguyễn & Pháp thuộc,Ủy viên Thường vụ Trung ương Đảng Cộng sản Đông Dương khóa I; Bí thư Xứ ủy Bắc Kỳ; Bí thư Tổng bộ Việt Minh,,,,,,,4/11/1906 - 24/5/1944
true,Học Phi,Nhân vật lịch sử,Văn hoá - nghệ thuật,"Học Phi, tên thật là Chu Văn Tập, sinh tại xã Tam Nông, huyện Tiên Lữ, tỉnh Hưng Yên. Ông tham gia cách mạng từ năm 13 tuổi và hoạt động trong nhiều lĩnh vực văn hóa, nghệ thuật. Sau Cách mạng Tháng Tám, ông giữ các chức vụ lãnh đạo trong ngành tuyên truyền và sân khấu. Ông sáng tác nhiều tiểu thuyết và kịch bản nổi bật như Ngọn lửa, Hừng đông, Người kỹ nữ ở Đông Quan. Năm 1996, ông được trao Giải thưởng Hồ Chí Minh về văn học nghệ thuật. Các tác phẩm của ông phản ánh sâu sắc đời sống xã hội và quá trình đấu tranh cách mạng.","Nhà văn, nhà viết kịch, nhà hoạt động văn hóa",,Cách mạng & kháng chiến,"Chủ tịch Ủy ban nhân dân Cách mạng tỉnh Hưng Yên, Trợ lý Bộ trưởng Bộ Tuyên truyền, Tổng Thư ký Hội Văn hóa kháng chiến Liên khu III, Giám đốc Nhà hát Kịch Việt Nam, Tổng Thư ký Hội Nghệ sĩ sân khấu Việt Nam",,,,,,,11/2/1913 - 6/5/2014
false,Hoè Nhai,Địa danh,,,,,,,,,,,,,
false,Hoè Thị,Địa danh,,,,,,,,,,,,,
true,Hội Vũ,Địa danh,,"Hội Vũ là tên ghép từ hai thôn cổ: Chiêu Hội và Cổ Vũ. Hai thôn hợp nhất vào thế kỷ XIX, tạo thành địa phận ngõ Hội Vũ ngày nay. Đình Hội Vũ ở số 24 Hội Vũ, thờ Công chúa Mai Hoa.",,,,,,,,,,,
false,Hội Xá,Địa danh,,,,,,,,,,,,,
false,Hồng Đô,Không rõ,,,,,,,,,,,,,
true,Hồng Hà,Khác,,"Sông Hồng, còn được gọi bằng nhiều tên như Hồng Hà, sông Cái, sông Cả, sông Thao, Nhị Hà hay Nhĩ Hà, là con sông chảy xuyên qua thành phố Hà Nội. Dòng chính của sông bắt nguồn từ vùng núi huyện Nguy Sơn, tỉnh Vân Nam (Trung Quốc), chảy theo hướng Đông Nam. Khoảng 80 km đầu tiên của sông tạo thành biên giới tự nhiên giữa Việt Nam và Trung Quốc. Sông Hồng đi vào lãnh thổ Việt Nam tại xã Mú Sung (tỉnh Lào Cai), sau đó chảy qua các tỉnh Phú Thọ, Hà Nội, Hưng Yên và cuối cùng đổ ra biển Đông tại Ninh Bình. Hệ thống sông Hồng gồm ba nhánh lớn: sông Thao, sông Đà và sông Lô, tạo nên vùng đồng bằng châu thổ rộng lớn. Do dòng sông uốn khúc quanh co, dân gian gọi là Nhĩ Hà (sông khúc khuỷu như vành tai). Trong ca dao có câu: “Nhị Hà từ Bắc sang Đông/ Kim Ngưu, Tô Lịch là sông bên này” để mô tả địa thế Hà Nội – một thành phố nằm giữa nhiều con sông. Vua Minh Mạng đã đặt tên “Hà Nội” để phản ánh đặc điểm địa lý này. Khác với nhiều tỉnh thành khác được đặt tên mang ý nghĩa phồn vinh, Hà Nội chỉ mang tính mô tả địa thế, cũng là cách Minh Mạng nhắc nhở rằng nơi đây không còn là kinh đô nữa. Sông Hồng gắn liền với quá trình phát triển của Hà Nội, là nguồn nước chính cho các sông Kim Ngưu và Tô Lịch. Trước kia, hầu hết ao hồ trong nội thành đều thông với nguồn nước của sông Hồng. Sông Hồng cũng là một trong các tuyến giao thông huyết mạch của Hà Nội, đồng thời cũng cung cấp phù sa cho vùng đồng bằng châu thổ sông Hồng, và cung cấp kế sinh nhai cho cư dân sống hai bên sông.",,,,,,,,,,,
true,Hồng Mai,Địa danh,,"Hồng Mai là một làng cổ ở phía Nam thành Thăng Long. Làng đến đời Tự Đức phải đổi tên thành Bạch Mai, trước thuộc tổng Tả Nghiêm, huyện Thọ Xương, sau thành tổng Kim Liên, huyện Thọ Xương, nay phố Hồng Mai thuộc phường Bạch Mai. Làng có nghề giết mổ lợn phát triển mạnh nên được gọi là Mơ Thịt. Trước đây cả vùng này trồng nhiều mai, lấy quả mơ nên gọi là Kẻ Mơ. Làng được chia thành 6 giáp, bao gồm Tô, Hoàng, Nội, Mật, Nhất và Nhị. Giáp Tô và giáp Hoàng thờ chung một đình là đình Tô Hoàng, hiện trong ngõ Tô Hoàng. Bốn giáp còn lại chung nhau hai đình là Đình Đại (ngõ Đình Đại tại số nhà 198 Bạch Mai) và Đình Đông (ngõ Đình Đông tại số nhà 125). Đình Tô Hoàng và Đình Đông thờ Linh Lang (một nhân vật truyền thuyết từ thời Lý), đình Đại thờ thần Cao Sơn (một nhân vật huyền thoại đã cùng Sơn Tinh khắc chế được Thuỷ Tinh). Chùa Liên Phái (tên cũ là Liên Tông, đổi do kỵ huý vua Thiệu Trị) do Trịnh Hợp (em ruột chúa Trịnh Cương) dựng năm 1726, là trung tâm Phật giáo lớn. Tại ngõ 222 phố Bạch Mai có Văn chỉ Thọ Xương, là nơi thờ Khổng Tử, được coi là Văn Miếu thu nhỏ.",,Mổ thịt trâu bò,,,,,"Lễ hội đình Hồng Mai vào tháng Hai âm lịch; Thờ Thượng tướng Trần Khát Chân và em là Trần Hãng; Tục kỵ húy: không gọi “chân” mà nói “cẳng”, không gọi “hương” mà nói “nhang”; Tổ chức hội vật, hát thờ, tế lễ",Kẻ Mơ,"Bạch Mai, Mơ Hồng, Mơ Thịt, Mơ Vàng",,
true,Hồng Phúc,Di tích,,"Hồng Phúc là tên gọi cũ của chùa Hoè Nhai, hiện tại ở số 19 Hàng Than. Chùa có từ thời Lý, được xây tại bến Đông Bộ Đầu, là một bến cũ của sông Hồng.",,,,,,,,,,,
true,Hồng Quang,Nhân vật lịch sử,Cách mạng,"Nguyễn Văn Trạch, bí danh Hồng Quang, sinh tại thôn Đặng Giang, xã Hòa Phú, huyện Ứng Hòa, tỉnh Hà Tây cũ (nay thuộc Hà Nội). Ông xuất thân trong một gia đình khoa bảng, có ông nội là Hoàng Giáp triều Nguyễn. Sau khi theo học Trường Luật, ông bị đuổi học do tham gia hoạt động cách mạng và biểu tình ngày 1-5-1938. Ông được bầu vào Ban Chấp hành Trung ương Đoàn Thanh niên Dân chủ và mở Hiệu sách Đồng Xuân làm nơi phát hành tài liệu của Đảng. Năm 1941, ông bị thực dân Pháp bắt và xử tử tại nhà tù Hải Dương.",Nhà cách mạng,,Nhà Nguyễn & Pháp thuộc,Ủy viên Ban Chấp hành Trung ương Đoàn Thanh niên Dân chủ; Chủ nhiệm Hiệu sách Đồng Xuân (cơ sở hoạt động bí mật của Đảng Cộng sản Việt Nam),,,,,,,1918 - 1941
true,Hồng Tiến,Địa danh,,"Hồng Tiến là một địa danh cũ ở phía Đông Hà Nội. Xã Hồng Tiến được thành lập dựa trên cơ sở các làng Bồ Đề, Ái Mộ, Ngọc Lâm và Lâm Du sau năm 1954, thuộc quận 8, ngoại thành Hà Nội. Năm 1961, xã Hồng Tiến được chuyển sang huyện Gia Lâm ngoại thành. Năm 1964, xã Hồng Tiến đổi tên thành Bồ Đề. Từ tháng 11/2003, xã Bồ Đề được chuyển thành phường thuộc quận Long Biên. Sau khi sáp nhập hành chính năm 2005, xã cùng phố Hồng Tiến nay thuộc phường Bồ Đề.",,,,,,,,,,,
true,Huế,Khác,,"Huế là tên thành phố trực thuộc Trung ương của Việt Nam, đồng thời là kinh đô cũ của Việt Nam trong triều đại nhà Nguyễn. Hiện nay chưa rõ nguồn gốc tên Huế tới từ đâu, từ lúc nào; các nguồn sử học khi nói đến Huế thì đều ghi là Phú Xuân hoặc Kinh đô. Huế trước đây thuộc Vương quốc Chămpa, sau quá trình ""mở mang bờ cõi"" đã thuộc quyền quản lý của các triều đại sau nhà Trần trở đi. Phú Xuân trở thành trung tâm quyền lực chính trị của các chúa Nguyễn vào thế kỷ XVI, sau khi Nguyễn Hoàng xin vào trấn giữ xứ Thuận Hoá. Huế chính thức trở thành kinh đô từ thời Quang Trung cho tới hết triều đại nhà Nguyễn.",,,,,,,,,,,
false,Hưng Phúc,Không rõ,,,,,,,,,,,,,
false,Hưng Thịnh,Không rõ,,,,,,,,,,,,,
true,Hùng Vương,Triều đại/ Quốc hiệu,,"Hùng Vương, hay Vua Hùng, được coi là triều đại đầu tiên của Việt Nam. Theo truyền thuyết, Lạc Long Quân (con trai của Thần Long Nữ, thuộc dòng dõi rồng dưới biển) và Âu Cơ (dòng dõi tiên nữ, sống ở vùng núi cao) là hai vị thuỷ tổ của người Việt đã bén duyên vợ chồng. Âu Cơ đẻ ra bọc trứng, sinh ra 100 người con. Nhưng do khác biệt về lối sống nên hai người chia tay nhau, 50 người con theo Lạc Long Quân xuống biển, 50 người con theo Âu Cơ lên núi. Người con trưởng trong số những người đi theo mẹ đã làm vua, lấy hiệu là Hùng Vương, đặt tên nước là Văn Lang. Tổng cộng có 18 đời vua Hùng, bắt đầu từ năm 2879 TCN, kết thúc năm 258 TCN (!?) khi bị An Dương Vương tấn công. Đền thờ vua Hùng hiện nay ở núi Nghĩa Lĩnh, xã Hy Cương, tỉnh Phú Thọ. Vào năm 1917, Bộ Lễ trong triều đình vua Khải Định gửi công văn phái quan hàng tỉnh của tỉnh Phú Thọ lấy ngày mồng 10 tháng 3 âm lịch cử hành ""quốc tế"" (giỗ tổ) hàng năm.",,,Hồng Bàng - sơ sử,,,,,,,,
false,Hương Viên,Địa danh,,,,,,,,,,,,,
false,Hữu Hưng,Không rõ,,,,,,,,,,,,,
true,Huy Du,Nhân vật lịch sử,Văn hoá - nghệ thuật,"Huy Du, tên đầy đủ là Nguyễn Huy Du, sinh tại xã Tân Chi, huyện Tiên Du, tỉnh Bắc Ninh. Ông là một trong những nhạc sĩ tiêu biểu của dòng nhạc cách mạng Việt Nam, nổi bật với các ca khúc như Đường chúng ta đi, Anh vẫn hành quân, Trên đỉnh Trường Sơn ta hát. Trong kháng chiến, ông hoạt động trong các đoàn văn công quân đội và từng học tại Nhạc viện Bắc Kinh. Ông sáng tác nhiều tác phẩm khí nhạc và nhạc phim có giá trị. Năm 2000, ông được trao Giải thưởng Hồ Chí Minh về văn học nghệ thuật.","Nhạc sĩ, nhà hoạt động văn hóa, quân nhân",,Cách mạng & kháng chiến,"Tổng Thư ký Hội Nhạc sĩ Việt Nam khóa III, Đại biểu Quốc hội khóa VII và VIII, Phó Chủ nhiệm Ủy ban Văn hóa – Giáo dục của Quốc hội khóa VIII, Trưởng đoàn Ca múa Tổng cục Chính trị, Phó Chủ tịch Hội Hữu nghị Việt – Trung",,,,,,,1/12/1926 - 17/12/2007
true,Huy Văn,Địa danh,,"Huy Văn là tên một làng cổ ở phía Tây Nam Hà Nội. Làng vốn thuộc tổng Hữu Nghiêm, huyện Thọ Xương, tới giữa thế kỷ XIX thì hợp với làng Hương Miếu thành Văn Hương, sau này đổi tên thành Văn Chương. Nay ngõ Huy Văn thuộc phường Văn Miếu - Quốc Tử Giám. Làng Huy Văn gắn với câu chuyện sinh ra vua Lê Thánh Tông. Bà Ngô Thị Ngọc Dao là một người vua của vua Lê Thái Tông, khi đang mang thai do lời gièm pha mà bị khép tội tử hình. Nhờ Nguyễn Trãi và bà vợ Nguyễn Thị Lộ kêu xin nên được thoát chết, được phép ra lánh ở chùa thôn Huy Văn và sinh ra hoàng tử Tư Thành. Sau này Hoàng tử lên ngôi, là vua Lê Thánh Tông. Ông đổi chùa thành điện Huy Văn, xây một ngôi chùa bên cạnh là Thục Khánh.",,,,,,,,,,,
true,Huyện,Địa danh,,"Huyện là tên một con ngõ tại khu vực 36 phố phường. Ngõ Huyện vốn thuộc thôn Tiên Thị, tổng Tiền Túc (sau đổi là tổng Thuận Mỹ), huyện Thọ Xương, nay ngõ Huyện thuộc phường Hoàn Kiếm. Đây vốn là con đường dẫn vào phủ huyện đường Thọ Xương cũ.",,,,,,,,,,,
false,Huyền Kỳ,Địa danh,,,,,,,,,,,,,
true,Huỳnh Tấn Phát,Nhân vật lịch sử,Quan chức,"Huỳnh Tấn Phát sinh tại ấp Tân Hưng, xã Châu Hưng, huyện Bình Đại, tỉnh Bến Tre. Ông tốt nghiệp thủ khoa ngành kiến trúc Trường Cao đẳng Mỹ thuật Đông Dương năm 1938 và là kiến trúc sư Việt Nam đầu tiên mở văn phòng riêng tại Sài Gòn. Trước năm 1945, ông thiết kế nhiều biệt thự tại Sài Gòn và đoạt giải nhất cuộc thi thiết kế Trung tâm hội chợ triển lãm Đông Dương năm 1941. Sau đó, ông tham gia hoạt động cách mạng, làm chủ nhiệm báo Thanh Niên và được kết nạp vào Đảng Cộng sản Đông Dương năm 1945. Trong kháng chiến và thời kỳ thống nhất đất nước, ông giữ nhiều chức vụ cao cấp trong chính phủ và Mặt trận Tổ quốc. Ông là tác giả mẫu cờ Mặt trận Dân tộc Giải phóng miền Nam Việt Nam.","Kiến trúc sư, nhà chính trị, nhà báo",,Cách mạng & kháng chiến,"Chủ tịch Chính phủ Cách mạng lâm thời Cộng hòa miền Nam Việt Nam; Phó Thủ tướng Chính phủ; Phó Chủ tịch Hội đồng Nhà nước; Chủ tịch Đoàn Chủ tịch Ủy ban Trung ương Mặt trận Tổ quốc Việt Nam; Đại biểu Quốc hội các khóa I, II, III, VI, VII, VIII",,,,,,,15/2/1913 - 30/9/1989
true,Huỳnh Thúc Kháng,Nhân vật lịch sử,Lãnh đạo,"Huỳnh Thúc Kháng sinh tại làng Thạnh Bình, huyện Tiên Phước, tỉnh Quảng Nam. Ông đỗ tiến sĩ năm 1904 và từng giữ chức Viện trưởng Viện Dân biểu Trung Kỳ dưới thời Pháp thuộc. Năm 1927, ông sáng lập và làm chủ bút báo Tiếng Dân tại Huế, một trong những tờ báo có ảnh hưởng lớn trong giới trí thức đương thời. Sau Cách mạng tháng Tám, ông tham gia Chính phủ Liên hiệp, giữ chức Bộ trưởng Bộ Nội vụ và Quyền Chủ tịch nước trong thời gian Chủ tịch Hồ Chí Minh vắng mặt. Ông mất năm 1947 tại Quảng Ngãi trong chuyến công tác. Tên ông được đặt cho nhiều trường học và đường phố tại Việt Nam.","Nhà chính trị, nhà báo, nhà Nho",,Cách mạng & kháng chiến,Viện trưởng Viện Dân biểu Trung Kỳ; Bộ trưởng Bộ Nội vụ; Quyền Chủ tịch nước Việt Nam Dân chủ Cộng hòa,,,,,,,1/10/1876 - 21/4/1947
true,Huỳnh Văn Nghệ,Nhân vật lịch sử,Quân sự,"Huỳnh Văn Nghệ sinh tại làng Tân Tịch, quận Tân Uyên, tỉnh Biên Hòa (nay thuộc huyện Bắc Tân Uyên, tỉnh Bình Dương). Ông từng học tại Trường Petrus Ký và làm công chức tại Sở Hỏa xa Đông Dương trước khi tham gia hoạt động cách mạng. Trong kháng chiến chống Pháp, ông là chỉ huy lực lượng vũ trang tại chiến khu Đ, đồng thời sáng tác nhiều bài thơ phản ánh tinh thần yêu nước và đời sống chiến sĩ. Sau năm 1975, ông giữ chức Thứ trưởng Bộ Lâm nghiệp. Các tác phẩm tiêu biểu của ông gồm “Chiến khu xanh”, “Bên bờ sông xanh”, “Rừng thẳm sông dài”. Ông được truy tặng Giải thưởng Nhà nước về văn học nghệ thuật và danh hiệu Anh hùng Lực lượng vũ trang nhân dân.","Nhà thơ, nhà báo, chỉ huy quân sự",,Cách mạng & kháng chiến,Thứ trưởng Bộ Lâm nghiệp; Anh hùng Lực lượng vũ trang nhân dân,,,,,,,12/2/1914 - 5/3/1977
false,Kẻ Giàn,Địa danh,,,,"Trồng hồng xiêm, làm mứt kẹo truyền thống",,,,,"Lễ hội đình Xuân Đỉnh vào tháng Hai âm lịch; Thờ Tản Viên Sơn Thánh và Linh Lang Đại Vương; Tục rước kiệu, tế lễ, hát thờ; Có tục kết chạ với các làng ven sông Hồng như Xuân Tảo, Nhật Tân",Kẻ Giàn,,,
true,Kẻ Tạnh,Địa danh,,"Kẻ Tạnh là tên Nôm của làng Quán Tình. Làng Quán Tình trước thuộc tổng Đặng Xá, huyện Gia Lâm, phủ Thuận An, trấn Kinh Bắc, sau đổi thành trấn Bắc Ninh, rồi thành tỉnh Bắc Ninh, nay phố Kẻ Tạnh thuộc phường Việt Hưng. Làng Quán Tình nằm ven sông Đuống, đất đai màu mỡ, nên dân cư trồng hoa màu và dâu tằm. Do khu vực này chịu nhiều thiên tai và nằm giữa khu vực phức tạp, nên người Quán Tình có tính cách dũng mãnh, nhiều người theo ngạch võ chứ không đi theo con đường khoa cử. Làng thờ Hoài Đạo cư sĩ, là một nho sĩ và đạo sĩ cuối thời Lý, đầu thời Trần. Do thời buổi loạn lạc nên ông nổi lên dẹp loạn. Khi Trần Thủ Độ định chuyển ngôi từ nhà Lý sang nhà Trần, ông đã nổi quân chống lại triều đình, buộc Trần Thủ Độ phải giảng hoà, sau này phải xin vua Trần phong làm Hoài Đạo Hiếu Vũ vương, gả công chúa cho và cho lập tư dinh ở Ninh Giang.",,,,,,,,Kẻ Tạnh,,,
false,Kẻ Vẽ,Địa danh,,,,,,,,,,Kẻ Vẽ,,,
true,Khâm Đức,Địa danh,,"Khâm Đức là tên một ngôi làng cổ ở phía Tây Nam Hà Nội. Làng vốn là một thôn thuộc Khâm Thiên Giám, thuộc tổng Tiền Nghiêm, sau thuộc tổng Vĩnh Xương/ Vĩnh Yên, huyện Thọ Xương, nay ngõ Khâm Đức thuộc phường Văn Miếu - Quốc Tử Giám. Sau khi triều đình nhà Nguyễn dời đô vào Phú Xuân thì Khâm Thiên Giám mất chức năng là Đài Khí tượng của Kinh đô, nên đổi tên thành Khâm Đức. Tới giữa thế kỷ XIX, thôn Khâm Đức cùng thôn Tô Tiền, Tương Thuận và Trung Kính hợp lại thành thôn Mỹ Đức.",,,,,,,,,,,
true,Khâm Thiên,Địa danh,,"Khâm Thiên là tên một đài quan sát thiên văn cổ ở Hà Nội. Tên đầy đủ của đài này là Khâm Thiên Giám (còn gọi là Tư Thiên Giám), tên gọi này theo chữ trong sách Kinh Thư: Khâm nhược thiên thời, nghĩa là ""Kính theo vận của trời"". Sau khi nhà Nguyễn dời đô vào Huế thì địa danh này đổi tên thành Khâm Đức. Sau khi người Pháp xây dựng thành phố, khu vực này được cắt về thuộc tỉnh Hà Đông, nhưng do có vị trí rất gần khu vực nội thành nên Khâm Thiên trở thành phố ăn chơi, có cô đầu, tiệm nhảy, sòng bạc, còn ở phía sau thì thành ""xóm liều"" của dân lao động.",,,,,,,,,,,
true,Khuất Duy Tiến,Nhân vật lịch sử,Quân sự,"Khuất Duy Tiến sinh tại thôn Thuần Mỹ, xã Trạch Mỹ Lộc, huyện Tùng Thiện, tỉnh Sơn Tây (nay thuộc huyện Phúc Thọ, Hà Nội). Ông tham gia phong trào yêu nước từ khi còn là học sinh Trường Bưởi, từng bị đuổi học vì để tang Phan Chu Trinh và đòi thả Phan Bội Châu. Năm 1928, ông gia nhập Việt Nam Thanh niên Cách mạng Đồng chí Hội, sau đó trở thành đảng viên Đảng Cộng sản Đông Dương. Ông từng giữ chức Bí thư Tỉnh ủy Nam Định, Ủy viên Thường vụ Xứ ủy Bắc Kỳ, và bị thực dân Pháp đày ra Côn Đảo. Sau Cách mạng Tháng Tám, ông giữ nhiều chức vụ quan trọng tại Hà Nội và trong quân đội, đồng thời hoạt động tích cực trên mặt trận báo chí với tờ Le Travail. Ông mất năm 1984 tại TP. Hồ Chí Minh.","Nhà cách mạng, cán bộ chính trị, nhà báo",,Cách mạng & kháng chiến,Phó Bí thư Thành ủy Hà Nội; Phó Chủ tịch Ủy ban Hành chính Hà Nội; Cục trưởng Cục Dân quân Bộ Tổng chỉ huy; Đại biểu Quốc hội khóa I,,,,,,,6/3/1910 - 11/2/1984
true,Khúc Hạo,Nhân vật lịch sử,Phong kiến,"Khúc Hạo, còn gọi là Khúc Thừa Hạo, sinh tại Hồng Châu, nay thuộc tỉnh Hải Dương. Ông là con của Khúc Thừa Dụ, người đầu tiên giành quyền tự chủ cho người Việt sau thời kỳ Bắc thuộc. Sau khi kế vị cha vào năm 907, Khúc Hạo tiếp tục củng cố nền hành chính độc lập, cải cách chế độ thuế khóa, lực dịch và hộ khẩu nhằm giảm gánh nặng cho dân. Ông thực hiện chính sách ngoại giao mềm dẻo với các triều đại Trung Quốc thời Ngũ Đại, giữ vững ổn định cho vùng Tĩnh Hải quân. Triều trị của ông được xem là bước chuyển quan trọng trong tiến trình giành độc lập lâu dài của Việt Nam.","Chính trị gia, nhà cai trị địa phương",,Bắc Thuộc & khởi nghĩa,Tiết độ sứ Tĩnh Hải quân,,Con của Khúc Thừa Dụ,,,,,860 - 917
true,Khúc Thừa Dụ,Nhân vật lịch sử,Quan chức,"Khúc Thừa Dụ sinh tại Hồng Châu, nay thuộc tỉnh Hải Dương. Ông xuất thân từ một dòng họ hào tộc có thế lực tại địa phương. Năm 905, trong bối cảnh nhà Đường suy yếu, ông được nhân dân suy tôn làm Tiết độ sứ Tĩnh Hải quân, trở thành người Việt đầu tiên nắm quyền cai trị vùng đất này. Ông thiết lập chính quyền tự chủ tại Đại La, ổn định đời sống dân chúng và đặt nền móng cho sự chuyển tiếp sang thời kỳ độc lập. Sau khi mất, con ông là Khúc Hạo kế vị. Khúc Thừa Dụ được xem là người mở đầu cho quá trình giành quyền tự chủ của người Việt sau hơn một nghìn năm Bắc thuộc.",Quan lại; Tướng lĩnh quân sự,,Bắc Thuộc & khởi nghĩa,Tiết độ sứ Tĩnh Hải quân; Đồng bình chương sự; Khúc Tiên Chủ,,Cha của Khúc Hạo,,,,,830 - 23/7/907
false,Khương Đình,Địa danh,,,,,,,,,,,,,
false,Khương Hạ,Địa danh,,,,,,,,,,,,,
false,Khương Thượng,Địa danh,,,,,,,,,,,,,
false,Khương Trung,Địa danh,,,,,,,,,,,,,
false,Khuyến Lương,Địa danh,,"Khuyến Lương là tên một làng cổ ở phía Nam Hà Nội. Làng trước thuộc tổng Thanh Trì, huyện Thanh Trì, phủ Thường Tín, trấn Sơn Nam Thượng, nay phố Khuyến Lương thuộc",,"Trồng dâu nuôi tằm, đánh bắt cá, vớt củi đồng",,,,,"Lễ hội đình Khuyến Lương vào tháng Hai âm lịch; Thờ Linh Lang Đại Vương; Tục rước kiệu, tế lễ, hát thờ; Có tục kết chạ với các làng ven sông Hồng như Tự Khoát, Yên Xá",Kẻ Mui,Cổ Mai; Cổ Mai Đàm; Mui Chợ,,
false,Kiến Hưng,Địa danh,,,,,,,,,,,,,
false,Kiến Thiết (Bạch Mai),Không rõ,,,,,,,,,,,,,
true,Kiến Thiết (VM-QTG),Tư tưởng xã hội,,,,,,,,,,,,,
false,Kiều Mai,Địa danh,,,,"Hàn nồi đồng, buôn bán lông gà lông vịt, đồng nát",,,,,"Lễ hội đình Kiều Mai vào tháng Hai âm lịch; Thờ Linh Lang Đại Vương; Tục rước kiệu, tế lễ, hát thờ; Có tục kết chạ với các làng ven sông như Phú Diễn, Tây Tựu",Kẻ Diễn,,,
true,Kim Đồng,Nhân vật lịch sử,Cách mạng,"Kim Đồng, tên thật là Nông Văn Dền, là một thiếu niên người dân tộc Nùng, quê ở xã Trường Hà, huyện Hà Quảng, tỉnh Cao Bằng. Trong thời kỳ đầu của phong trào Việt Minh, ông tham gia làm nhiệm vụ giao liên, đưa đón cán bộ và chuyển thư từ. Năm 1943, trong một lần làm nhiệm vụ, ông bị quân Pháp phát hiện và bắn chết khi đang bảo vệ cuộc họp của cán bộ cách mạng. Dù mới 14 tuổi, ông được ghi nhận là Anh hùng lực lượng vũ trang nhân dân.","Giao liên Việt Minh, đưa đón và vận chuyển thư từ cho quân đội Việt Minh",,Nhà Nguyễn & Pháp thuộc,Anh hùng Lực lượng vũ trang nhân dân,,,,,,,1929 - 15/2/1943
false,Kim Giang,Địa danh,,"Kim Giang là tên một ngôi làng cổ ở phía Nam Hà Nội. Làng trước đây thuộc tổng Khương Đình, huyện Thanh Trì, trấn Sơn Nam Thượng, tỉnh Cầu Đơ (năm 1904 đổi thành tỉnh Hà Đông), nay phố Kim Giang thuộc hai phường Khương Đình và Định Công. Làng có tên Nôm là Lủ Cầu, vốn là một xóm của làng Lủ, hay còn gọi là Kẻ Lủ. Sau này vùng Kẻ Lủ phát triển thành ba làng là Kim Văn (hay Lủ Văn) và Kim Lũ (hay Lủ Trung). Làng Kim Giang vốn là làng nông nghiệp, ngoài ra còn có các nghề buôn bán và làm bỏng, làm kẹo, chè lam, bánh đa khoai, làm quạt, đặc biệt có loại cốm Lủ. Đền Kim Giang (còn được gọi là đền Lủ Cầu) nằm cùng khu vực với đình và chùa của làng. Đền thờ bà Lê Ngại Mỵ Châu, là người sinh ra Mạo Giáp Hoa (một vị tướng thời Lê Anh Tông có công chiến thắng quân Chiêm Thành). Đình thờ tướng Mạo Giáp Hoa và Từ Vinh. Tương truyền Từ Vinh là cha của Từ Đạo Hạnh, do mâu thuẫn với pháp sư Đại Điên nên bị chém làm 3 khúc ném xuống sông Tô Lịch, đầu dạt vào làng Mọc (tại khoảng Thượng Đình), chân dạt vào Lủ Cầu (tại khoảng Kim Giang), thân dạt vào Pháp Vân, nên có câu ""Làng Mọc thờ đầu, Lủ Cầu thờ chân, Pháp Vân thờ mình"".",,,,,,,,Kẻ Lủ,,,
true,Kim Hoa,Địa danh,,"Kim Hoa là tên một ngôi làng cổ ở phía Nam thành Thăng Long, trước thuộc tổng Tả Nghiêm, huyện Thọ Xương, sau thuộc tổng Kim Liên, huyện Thọ Xương, nay thuộc phường Văn Miếu - Quốc Tử Giám. Làng được đổi tên thành làng Kim Liên năm 1841 do kỵ huý. Vào mùa nước lên, hai hồ Ba Mẫu và Bảy Mẫu đầy nước, còn vào mùa nước khô, đáy hồ cạn nước, dân làng Đồng Lầm xuống tận dụng cấy lúa, trồng rau, lấy bùn ở đáy hồ lên nhuộm áo màu nâu ngả sang đen nên làng có tên Nôm là làng Đồng Lầm. Ca dao Hà Nội có câu ""Đồng Lầm có vải nâu non/ Có hồ cá rộng, có con sông dài"" để chỉ vị trí của làng ở cạnh hồ rộng (là hồ Ba Mẫu và Bảy Mẫu) và con sông dài (là sông Kim Ngưu - một nhánh của sông Tô Lịch). Đình làng Kim Liên thờ thần Cao Sơn (một nhân vật huyền thoại đã cùng Sơn Tinh khắc chế được Thuỷ Tinh), được coi là Thăng Long Tứ Trấn. Vị trí làng ở cạnh một cửa ô ở phía Nam thành Thăng Long, nên cửa ô này được gọi là ô Kim Hoa, ô Kim Liên, còn dân gian gọi quen là ô Đồng Lầm.",,,,,,,,,"Kim Liên, Đồng Lầm",,
false,Kim Mã,Địa danh,,,,,,,,,,,,,
false,Kim Mã Thượng,Địa danh,,,,,,,,,,,,,
false,Kim Quan,Địa danh,,,,,,,,,,,,,
false,Kim Quan Thượng,Địa danh,,,,,,,,,,,,,
,Kim Văn - Kim Lũ,,,,,,,,,,,,,,
false,Kỳ Vũ,Di tích,,,,,,,,,,,,,
false,La Dương,Địa danh,,,,,,,,,,,,,
false,La Khê,Địa danh,,,,,,,,,,,,,
false,La Nội,Địa danh,,,,,,,,,,,,,
true,La Thành,Địa danh,,"La Thành, Đê La Thành hay Đại La là tên của một thành cổ bao quanh Hà Nội. ""La Thành"" có nghĩa là thành bao quanh phía ngoài, đóng vai trò là tuyến phòng thủ quân sự, đồng thời là đê ngăn lũ bảo vệ kinh thành. Hệ thống La Thành được đắp từ thời Cao Biền (thế kỷ IX) và tiếp tục được củng cố qua các triều đại Lý, Trần, Lê. Theo Bản đồ thời Hồng Đức (1490), thành Đại La bắt đầu chạy từ khu vực phố Hàng Đậu, đi dọc theo Quán Thánh, đi tiếp lên phố Hoàng Hoa Thám, ra tới sông Tô Lịch thì rẽ trái rồi đi theo đường Bưởi tới Cầu Giấy, rồi rẽ trái, đi theo Đê La Thành tới Giảng Võ thì vòng lên phía Đông Bắc, tới khoảng Nguyễn Thái Học thì rẽ sang phía Đông, đi tới Cửa Nam thì vòng lên Phùng Hưng rồi kết thúc tại Hàng Đậu. Theo Bản đồ Tỉnh thành Hà Nội 1831 (vẽ năm 1936), thì La Thành bao trùm phần khu phố Pháp hiện nay (giới hạn bởi đường Đê La Thành, Đại Cồ Việt và Trần Khát Chân), phía Đông là đê sông Hồng, phía Bắc bao trùm cả hồ Trúc Bạch, còn phía Tây thì cắt đi vùng Thập tam trại, giới hạn bởi phố Ngọc Hà, Thanh Bảo, Giảng Võ. Hiện nay, hệ thống đường La Thành đóng vai trò là đường vành đai 1 của thành phố Hà Nội.",,,,,,,,,,,
false,Lạc Chính,Địa danh,,,,,,,,,,,,,
true,Lạc Hồng,Không rõ,,,,,,,,,,,,,
true,Lạc Long Quân,Nhân vật lịch sử,Thần thoại,"Lạc Long Quân là nhân vật truyền thuyết trong văn hóa Việt Nam, được xem là thủy tổ của dân tộc. Ông tên thật là Sùng Lãm, con trai của Kinh Dương Vương và Thần Long. Theo truyền thuyết, ông kết duyên với Âu Cơ và sinh ra bọc trăm trứng, tượng trưng cho nguồn gốc chung của người Việt. Lạc Long Quân được cho là đã dạy dân cách trồng trọt, nuôi tằm, diệt trừ yêu quái và lập ra các quy tắc xã hội sơ khai.",Vua truyền thuyết,,Hồng Bàng - sơ sử,Vua nước Xích Quỷ,,Chồng của Âu Cơ,,,,,2825 TCN - 2520 TCN
true,Lạc Nghiệp,Địa danh,,"Lạc Nghiệp là một địa danh ở Hà Nội. Làng Thanh Nhàn có hai thôn Thượng và Hạ, thôn Thượng có trước, được đặt tên là Lạc Nghiệp. Đình thôn Thượng thờ Lý Quận Công và Bào Quận Công.",,,,,,,,,,,
false,Lạc Trung,Địa danh,,,,,,,,,,,,,
false,Lâm Du,Địa danh,,,,,,,,,,,,,
true,Lâm Hạ,Địa danh,,"Lâm Hạ là một ngôi làng cổ nằm ở tả ngạn sông Hồng. Làng trước đây thuộc tổng Gia Thuỵ, huyện Gia Lâm, phủ Thuận An, trấn Kinh Bắc, nay phố Lâm Hạ thuộc phường Bồ Đề. Vào năm 1427, nghĩa quân Lam Sơn do Lê Lợi và Nguyễn Trãi chỉ huy đã đóng quân tại đây để bao vây thành Thăng Long. Sau chiến thắng, vua Lê Lợi đổi tên làng thành Lâm Hạ để ghi nhớ sự kiện. Sau này làng được đổi tên thành làng Ái Mộ. Làng có 4 xóm: xóm Giếng, xóm Chùa, xóm Chợ A và xóm Trung Quân. Trong làng có đền Ghềnh, là một ngôi đền nhỏ được dựng trên một ghềnh đá nhô ra bờ sông, thờ công chúa Ngọc Hân, sau này thờ Mẫu Thoải và Mẫu Liễu Hạnh.",,"Đánh cá, chở đò, dịch vụ ven sông",,,,,,,Ái Mộ,,
false,Lan Bá,Không rõ,,,,,,,,,,,,,
true,Láng,Địa danh,,"Láng là một làng cổ ở khu vực phía Tây Hà Nội. Làng trước thuộc tổng Hạ, huyện Vĩnh Thuận, nay đường Láng thuộc hai phường Đống Đa và Láng. Làng được dân gian gọi là Kẻ Láng, có tên chữ là Yên Lãng. Làng được chia thành 3 thôn là Láng Thượng, Láng Trung và Láng Hạ. Làng nổi tiếng với việc trồng rau thơm, trong đó Láng Trung và Láng Thượng nổi tiếng về việc trồng rau thơm như kinh giới, xà lách, tía tô, bạc hà, thìa là, rau thơm, rau mùi, rau dăm, hành lá, và đặc biệt húng Láng rất nổi tiếng. Còn Láng Hạ trồng rau muống dọc theo sông Tô Lịch. Ba làng Láng chung đình là đình Ứng Thiên (còn gọi là đình Láng Hạ hay đình Hậu Thổ). Đình Ứng Thiên thờ nữ thần Nguyên Quân Hậu Thổ, tương truyền do vua Lý Thánh Tông lập sau chiến thắng Chiêm Thành. Trên địa phận Láng Trung có đền Đại ở cổng làng, chùa Mứng ở cuối làng. Trên địa phận Láng Thượng có chùa Thưa thờ bà chị của Từ Lộ (Từ Đạo Hạnh), chùa Nền thờ bố mẹ Từ Lộ còn chùa Láng thờ bản thân Từ Đạo Hạnh và hậu thân của ông là vua Lý Thần Tông. Ba làng láng có Lễ hội chùa Láng để tưởng nhớ Thiền sư Từ Đạo Hạnh.",,"Trồng rau thơm, đặc biệt là húng Láng",,,,,,Kẻ Láng,,,
true,Láng Hạ,Địa danh,,"Láng Hạ là một thôn của làng Láng, trước đây thuộc huyện Thanh Trì, trấn Sơn Nam thượng, sau về huyện Vĩnh Thuận, tổng Hạ, nay phố Láng Hạ thuộc phường Láng, Hà Nội. Làng Láng là một làng cổ, có tên chữ là Yên Lãng, tên Nôm là làng Láng hay Kẻ Láng. Làng nằm ven sông Tô Lịch, trải dài từ Cầu Giấy đến Ngã tư Sở. Láng Trung và Láng Thượng nổi tiếng về việc trồng rau thơm như kinh giới, xà lách, tía tô, bạc hà, thìa là, rau thơm, rau mùi, rau dăm, hành lá, và đặc biệt húng Láng rất nổi tiếng. Còn Láng Hạ trồng rau muống dọc theo sông Tô Lịch. Ba làng Láng chung đình là đình Ứng Thiên (còn gọi là đình Láng Hạ hay đình Hậu Thổ). Đình Ứng Thiên thờ nữ thần Nguyên Quân Hậu Thổ, tương truyền do vua Lý Thánh Tông lập sau chiến thắng Chiêm Thành. Trên địa phận Láng Trung có đền Đại ở cổng làng, chùa Mứng ở cuối làng. Trên địa phận Láng Thượng có chùa Thưa thờ bà chị của Từ Lộ (Từ Đạo Hạnh), chùa Nền thờ bố mẹ Từ Lộ còn chùa Láng thờ bản thân Từ Đạo Hạnh và hậu thân của ông là vua Lý Thần Tông. Ba làng láng có Lễ hội chùa Láng để tưởng nhớ Thiền sư Từ Đạo Hạnh.",,"Trồng rau thơm, đặc biệt là húng Láng",,,,,,Kẻ Láng,,,
true,Láng Trung,Địa danh,,"Láng Trung là một làng tách ra từ làng Láng, trước đây thuộc huyện Thanh Trì, trấn Sơn Nam thượng, sau về huyện Vĩnh Thuận, tổng Hạ, nay ngõ Láng Trung thuộc phường Láng, Hà Nội. Làng Láng là một làng cổ, có tên chữ là Yên Lãng, tên Nôm là làng Láng hay Kẻ Láng. Làng nằm ven sông Tô Lịch, trải dài từ Cầu Giấy đến Ngã tư Sở. Láng Trung và Láng Thượng nổi tiếng về việc trồng rau thơm như kinh giới, xà lách, tía tô, bạc hà, thìa là, rau thơm, rau mùi, rau dăm, hành lá, và đặc biệt húng Láng rất nổi tiếng. Còn Láng Hạ trồng rau muống dọc theo sông Tô Lịch. Ba làng Láng chung đình là đình Ứng Thiên (còn gọi là đình Láng Hạ hay đình Hậu Thổ). Đình Ứng Thiên thờ nữ thần Nguyên Quân Hậu Thổ, tương truyền do vua Lý Thánh Tông lập sau chiến thắng Chiêm Thành. Trên địa phận Láng Trung có đền Đại ở cổng làng, chùa Mứng ở cuối làng. Trên địa phận Láng Thượng có chùa Thưa thờ bà chị của Từ Lộ (Từ Đạo Hạnh), chùa Nền thờ bố mẹ Từ Lộ còn chùa Láng thờ bản thân Từ Đạo Hạnh và hậu thân của ông là vua Lý Thần Tông. Ba làng láng có Lễ hội chùa Láng để tưởng nhớ Thiền sư Từ Đạo Hạnh. Trong cánh đồng của làng Láng Trung có di tích Pháo đài Láng, là một trong những pháo đài nổ súng vào Hà Nội để phát động cuộc Toàn quốc kháng chiến ngày 19/12/1946.",,"Trồng rau thơm, đặc biệt là húng Láng",,,,,,Kẻ Láng,,,
false,Lãng Yên,Địa danh,,,,,,,,,,,,,
true,Lao Động,Tư tưởng xã hội,,,,,,,,,,,,,
true,Lapho,Nhân vật lịch sử,Kỹ thuật,"Laffo, tên gốc Laforge, là một người Pháp từng sinh sống và làm việc tại Việt Nam trong thế kỷ XX. Ông được biết đến với vai trò chủ một trang trại chuyên nghiên cứu và thử nghiệm các giống cây hoa nhập khẩu, đặc biệt là từ châu Âu. Trang trại của ông tập trung vào việc lai tạo và thích nghi các giống hoa với điều kiện khí hậu và thổ nhưỡng bản địa, góp phần mở rộng chủng loại hoa trồng tại Việt Nam. Các giống hoa do ông phát triển từng được giới thiệu tại các hội chợ nông nghiệp và có ảnh hưởng đến ngành trồng hoa thương mại tại miền Bắc Việt Nam.","Nhà thực vật học, chủ trang trại nghiên cứu",,Nhà Nguyễn & Pháp thuộc,Chủ trang trại nghiên cứu giống hoa nhập khẩu tại Việt Nam,,,,,,, - 
true,Lê Đại,Nhân vật lịch sử,Cách mạng,"Lê Đại sinh tại làng Thịnh Hào, huyện Hoàn Long, tỉnh Hà Đông (nay thuộc phường Hàng Bột, quận Đống Đa, Hà Nội). Thuở nhỏ học với Thám hoa Vũ Phạm Hàm, từng đỗ đầu xứ nhưng không thành công trong các kỳ thi Hương. Năm 1906, ông gia nhập Duy Tân hội và phong trào Đông Du, sau đó tham gia sáng lập Đông Kinh Nghĩa Thục, nơi ông giữ vai trò trong Ban Tu thư. Sau khi trường bị đóng cửa, ông tiếp tục dạy học tư tại Hà Nội. Ông để lại nhiều tác phẩm thơ ca và được ghi nhận là một trong những nhân vật có đóng góp cho phong trào khai sáng dân trí và đổi mới giáo dục Việt Nam đầu thế kỷ XX.","Nhà thơ, chí sĩ yêu nước",,Nhà Nguyễn & Pháp thuộc,"Thành viên Duy Tân hội, đồng sáng lập Đông Kinh Nghĩa Thục, thành viên Ban Tu thư của trường",,,,,,,1875 - 1951
true,Lê Đại Hành,Nhân vật lịch sử,Phong kiến,"Lê Đại Hành, tên húy là Lê Hoàn, sinh tại Ái Châu, nay thuộc tỉnh Thanh Hóa. Ông từng làm Thập đạo tướng quân dưới triều Đinh và được giao nắm quyền nhiếp chính sau khi vua Đinh Tiên Hoàng bị sát hại. Năm 980, ông lên ngôi hoàng đế, lập ra triều Tiền Lê. Trong thời gian trị vì, ông trực tiếp chỉ huy quân đội đánh bại cuộc xâm lược của nhà Tống và sau đó tiến hành chinh phạt Chiêm Thành. Ông cũng chú trọng phát triển nông nghiệp, giáo dục và củng cố nền hành chính. Triều đại của ông kéo dài 24 năm, đặt nền móng cho sự ổn định chính trị và độc lập của Đại Cồ Việt.","Chính trị gia, nhà quân sự",,Độc lập tự chủ sớm,"Hoàng đế Đại Cồ Việt, người sáng lập triều Tiền Lê",,,,,,,10/8/941 - 18/4/1005
true,Lê Duẩn,Nhân vật lịch sử,Lãnh đạo,"Lê Duẩn, tên khai sinh là Lê Văn Nhuận, sinh tại làng Hậu Kiên, xã Triệu Thành, huyện Triệu Phong, tỉnh Quảng Trị. Ông tham gia hoạt động cách mạng từ năm 1928 và là một trong những đảng viên đầu tiên của Đảng Cộng sản Đông Dương. Trong thời kỳ kháng chiến chống Pháp, ông giữ vai trò lãnh đạo phong trào cách mạng ở miền Nam. Năm 1956, ông soạn thảo Đề cương cách mạng miền Nam, định hướng cho đường lối đấu tranh thống nhất đất nước. Từ năm 1960 đến 1986, ông giữ cương vị lãnh đạo cao nhất của Đảng, góp phần chỉ đạo các chiến dịch quân sự lớn và thúc đẩy cải tạo xã hội chủ nghĩa sau năm 1975. Ông mất tại Hà Nội và được an táng tại Nghĩa trang Mai Dịch.",Chính trị gia,,Cách mạng & kháng chiến,"Tổng Bí thư Ban Chấp hành Trung ương Đảng Cộng sản Việt Nam khóa IV–V, Bí thư Thứ nhất Ban Chấp hành Trung ương Đảng Lao động Việt Nam khóa III, Bí thư Trung ương Cục miền Nam, Bí thư Xứ ủy Nam Bộ, Ủy viên Bộ Chính trị khóa II–V, Ủy viên Ban Chấp hành Trung ương Đảng khóa I–V, Đại biểu Quốc hội khóa II–VII",,,,,,,7/4/1907 - 10/7/1986
true,Lê Đức Thọ,Nhân vật lịch sử,Cách mạng,"Lê Đức Thọ, tên khai sinh là Phan Đình Khải, sinh tại thôn Địch Lễ, xã Nam Vân, huyện Nam Trực, tỉnh Nam Định. Ông tham gia hoạt động cách mạng từ năm 1926 và từng bị thực dân Pháp bắt giam hai lần, tổng cộng hơn 10 năm tù. Sau Cách mạng Tháng Tám, ông giữ nhiều chức vụ quan trọng trong Đảng Cộng sản Việt Nam, đặc biệt trong lĩnh vực tổ chức và nhân sự. Năm 1973, ông là trưởng đoàn đàm phán của Việt Nam tại Hội nghị Paris và được trao giải Nobel Hòa bình cùng Henry Kissinger, nhưng ông từ chối nhận giải. Ông được xem là một trong những nhân vật có ảnh hưởng lớn trong bộ máy lãnh đạo Việt Nam giai đoạn 1950–1980.",Chính khách,,Cách mạng & kháng chiến,Ủy viên Bộ Chính trị; Trưởng ban Tổ chức Trung ương; Thường trực Ban Bí thư kiêm Trưởng ban Chính trị Đặc biệt; Cố vấn Ban Chấp hành Trung ương Đảng Cộng sản Việt Nam,,Em trai của Đinh Đức Thiện,,,,,10/10/1911 - 13/10/1990
true,Lê Gia Đỉnh,Nhân vật lịch sử,Cách mạng,"Lê Gia Đỉnh sinh tại xã Hoàng Diệu, huyện Gia Lộc, tỉnh Hải Dương. Ông tham gia cách mạng từ năm 1943 và sau Cách mạng Tháng Tám, trở thành chính trị viên đại đội thuộc Trung đoàn Thủ Đô. Trong trận chiến bảo vệ Bắc Bộ Phủ ngày 20 tháng 12 năm 1946, ông đã chỉ huy đơn vị chiến đấu quyết liệt trước lực lượng áp đảo của quân Pháp. Khi tình thế nguy cấp, ông ra lệnh cho đồng đội rút lui và một mình ở lại chiến đấu. Ông đã ôm bom ba càng lao vào xe tăng địch, hy sinh tại chỗ. Năm 2000, ông được truy tặng danh hiệu Anh hùng Lực lượng Vũ trang Nhân dân.","Quân nhân, nhà cách mạng",,Nhà Nguyễn & Pháp thuộc,"Chính trị viên đại đội, Trung đoàn Thủ Đô",,,,,,,1920 - 20/12/1946
true,Lê Giản,Nhân vật lịch sử,Quan chức,"Lê Giản tên thật là Tô Gĩ, sinh tại thôn Xuân Cầu, xã Nghĩa Trụ, huyện Văn Giang, tỉnh Hưng Yên. Trong giai đoạn 1946-1952, ông là người đứng đầu ngành Công an Việt Nam, tương đương Bộ trưởng Bộ Công an ngày nay. Sau đó, ông tiếp tục đảm nhiệm nhiều chức vụ trong Bộ Công an và Tòa án nhân dân tối cao. Ông được ghi nhận có đóng góp quan trọng trong việc xây dựng nền móng cho lực lượng công an và hệ thống tư pháp Việt Nam thời kỳ đầu sau Cách mạng tháng Tám. Năm 2011, ông được truy tặng Huân chương Hồ Chí Minh và Huân chương Quân công hạng Nhất vì những cống hiến của mình.","Nhà cách mạng, chính khách",,Cách mạng & kháng chiến,"Phó Giám đốc Sở Liêm phóng Bắc Bộ, Giám đốc Việt Nam Công an vụ, Giám đốc Nha Công an Trung ương, Vụ trưởng Vụ Trị an hành chính Bộ Công an, Thẩm phán và Phó Chánh án Tòa án nhân dân tối cao","Bộ trưởng Bộ Công an, Phó Chánh án Tòa án nhân dân tối cao",,,,,,2/8/1913 - 18/10/2003
true,Lê Hồng Phong,Nhân vật lịch sử,Lãnh đạo,"Lê Hồng Phong, tên khai sinh là Lê Huy Doãn, sinh tại làng Đông Thôn, xã Hưng Thông, huyện Hưng Nguyên, tỉnh Nghệ An. Ông tham gia hoạt động cách mạng từ năm 1924, từng học tại Trường Quân sự Hoàng Phố và các trường quân sự, lý luận tại Liên Xô. Ông là một trong những người Việt đầu tiên gia nhập Đảng Cộng sản Trung Quốc và Quốc tế Cộng sản. Năm 1935, ông được bầu làm Tổng Bí thư Đảng Cộng sản Đông Dương tại Đại hội I tổ chức ở Ma Cao. Sau khi về nước hoạt động, ông bị bắt và mất tại nhà tù Côn Đảo năm 1942.","Nhà cách mạng, chính trị gia",,Nhà Nguyễn & Pháp thuộc,Tổng Bí thư Đảng Cộng sản Đông Dương; Ủy viên Ban Chấp hành Quốc tế Cộng sản; Bí thư Ban chỉ huy ở ngoài của Đảng,,Chồng của Minh Khai,,,,,6/9/1902 - 6/9/1942
true,Lê Hữu Trác,Nhân vật lịch sử,Y học,"Lê Hữu Trác, hiệu Hải Thượng Lãn Ông, là một danh y nổi tiếng của thế kỷ 18, được xem là người đặt nền móng cho y học cổ truyền Việt Nam. Sau khi từ bỏ con đường binh nghiệp, ông chuyên tâm nghiên cứu y học, biên soạn nhiều tác phẩm như “Hải Thượng y tông tâm lĩnh” và “Thượng kinh ký sự”, tổng kết lý luận và thực tiễn chữa bệnh. Ông đề cao y đức, coi trọng việc chữa bệnh cứu người hơn danh lợi. Cuộc đời và sự nghiệp của ông gắn bó chủ yếu với vùng Hương Sơn, Hà Tĩnh, nơi ông hành nghề và truyền bá kiến thức y học.",Danh y,,Phân tranh,"Danh y, nhà nghiên cứu y học cổ truyền",,,,,,,10/11/1724 - 18/3/1791
true,Lê Lai,Nhân vật lịch sử,Quân sự,"Lê Lai sinh tại thôn Dựng Tú, xã Đức Giang, huyện Lương Giang (nay là xã Kiên Thọ, huyện Ngọc Lặc, tỉnh Thanh Hóa). Ông là một trong những tướng lĩnh đầu tiên tham gia khởi nghĩa Lam Sơn, từng dự Hội thề Lũng Nhai năm 1416. Năm 1418, trong tình thế nguy cấp, ông cải trang thành Lê Lợi, dẫn quân ra trận để đánh lạc hướng quân Minh, giúp nghĩa quân rút lui an toàn. Ông bị bắt và mất sau đó. Hành động của ông được ghi nhận là một trong những sự hy sinh tiêu biểu trong lịch sử khởi nghĩa Lam Sơn.",Quân nhân,,Nhà Hồ & Minh thuộc,Quan nội hầu; Tổng quản phủ Đô tổng quản; Thái úy; Phúc Quốc công (truy tặng),,,,,,,1355 - 29/4/1419
true,Lê Lợi,Nhân vật lịch sử,Phong kiến,"Lê Thái Tổ, tên thật là Lê Lợi, sinh tại làng Lam Sơn, huyện Lương Giang, trấn Thanh Hóa (nay thuộc huyện Thọ Xuân, tỉnh Thanh Hóa). Ông khởi nghĩa chống quân Minh từ năm 1418, lãnh đạo nghĩa quân Lam Sơn giành thắng lợi sau 10 năm chiến đấu. Năm 1428, ông lên ngôi hoàng đế, lập ra triều Hậu Lê và đặt quốc hiệu là Đại Việt. Trong thời gian trị vì, ông tiến hành các cải cách hành chính, quân sự và pháp luật nhằm củng cố nền độc lập và phục hồi đất nước sau chiến tranh. Ông mất năm 1433 tại Đông Kinh, kết thúc một triều đại mở đầu cho thời kỳ thịnh trị của Việt Nam.","Chính trị gia, nhà quân sự",,Nhà Hậu Lê,"Hoàng đế Đại Việt, người sáng lập triều Hậu Lê",,Cha của Lê Thái Tông; ông nội của Lê Thánh Tông,,,,,10/9/1385 - 5/10/1433
false,Lệ Mật,Địa danh,,,,,,,,,,,,,
true,Lê Ngọc Hân,Nhân vật lịch sử,Phong kiến,"Lê Ngọc Hân sinh tại kinh thành Thăng Long, là con gái vua Lê Hiển Tông và Chiêu nghi Nguyễn Thị Huyền, quê ở xã Phù Ninh, phủ Từ Sơn, trấn Kinh Bắc (nay thuộc huyện Gia Lâm, Hà Nội). Năm 1786, bà kết hôn với Nguyễn Huệ theo lệnh vua cha, trở thành hoàng hậu triều Tây Sơn. Sau khi Quang Trung qua đời, bà sống tại Phú Xuân và mất năm 1799. Bà để lại một số tác phẩm văn học bằng chữ Nôm, nổi bật là bài “Ai Tư Vãn” thể hiện nỗi tiếc thương chồng và cảm thức thời cuộc. Lê Ngọc Hân được ghi nhận là một phụ nữ tài hoa, có học vấn và đóng góp văn hóa trong giai đoạn lịch sử đầy biến động.","Công chúa, tác giả văn học",,Nhà Tây Sơn,"Hữu Cung Hoàng hậu, Bắc Cung Hoàng hậu triều Tây Sơn",,Vợ của Quang Trung,,,,,27/4/1770 - 4/12/1799
true,Lê Phụng Hiểu,Nhân vật lịch sử,Quân sự,"Lê Phụng Hiểu sinh tại hương Băng Sơn, tổng Dương Sơn, huyện Cổ Đằng, lộ Thanh Hóa (nay thuộc xã Hoằng Sơn, huyện Hoằng Hóa, tỉnh Thanh Hóa). Ông nổi tiếng từ thời trẻ với sức khỏe vượt trội và từng là đô vật có tiếng. Dưới triều Lý, ông giữ chức Võ vệ tướng quân, sau đó được phong Đô thống Thượng tướng quân. Năm 1028, ông có công lớn trong việc dẹp loạn Tam Vương, bảo vệ ngôi vua cho Thái tử Lý Phật Mã, tức Lý Thái Tông. Ông cũng tham gia các chiến dịch quân sự chống Chiêm Thành và giữ ổn định biên cương. Một số địa danh như “Thác đao điền” gắn liền với giai thoại về ông trong việc phân xử tranh chấp đất đai.",Tướng lĩnh quân đội,,Nhà Lý,Đô thống Thượng tướng quân triều Lý,,,,,,,4/2/982 - 1059
true,Lê Quang Đạo,Nhân vật lịch sử,Lãnh đạo,"Lê Quang Đạo, tên khai sinh là Nguyễn Đức Nguyện, sinh tại phường Đình Bảng, thị xã Từ Sơn, tỉnh Bắc Ninh. Ông tham gia hoạt động cách mạng từ năm 1938 và từng giữ nhiều chức vụ lãnh đạo trong Đảng và quân đội. Trong kháng chiến chống Pháp và Mỹ, ông đảm nhiệm các vị trí như Bí thư Thành ủy Hà Nội, Hải Phòng, và giữ vai trò quan trọng trong công tác tuyên huấn quân đội. Sau năm 1975, ông chuyển sang công tác dân sự, giữ chức Chủ tịch Quốc hội từ 1987 đến 1992, đồng thời là Phó Chủ tịch Hội đồng Nhà nước. Ông có đóng góp lớn trong việc xây dựng chính sách giáo dục, khoa học và công tác mặt trận.","Chính trị gia, tướng lĩnh quân đội",,Cách mạng & kháng chiến,"Chủ tịch Quốc hội, Phó Chủ tịch Hội đồng Nhà nước, Bí thư Trung ương Đảng khóa IV–V, Chủ tịch Ủy ban Trung ương Mặt trận Tổ quốc Việt Nam, Trưởng ban Khoa giáo Trung ương, Giám đốc Học viện Chính trị Quân đội, Viện trưởng Viện Kiểm sát Quân sự Trung ương, Phó Chủ nhiệm Tổng cục Chính trị Quân đội nhân dân Việt Nam, Cục trưởng Cục Tuyên huấn, Đại biểu Quốc hội khóa VII–IX",,,,,,,8/8/1921 - 24/7/1999
true,Lê Quý Đôn,Nhân vật lịch sử,Văn hoá - nghệ thuật,"Lê Quý Đôn, tên thật là Lê Danh Phương, là một học giả lớn của Việt Nam thời Lê trung hưng. Ông nổi tiếng thông minh từ nhỏ, từng đỗ đầu cả ba kỳ thi Giải nguyên, Hội nguyên và Bảng nhãn. Trong sự nghiệp làm quan, ông đảm nhiệm nhiều chức vụ quan trọng trong triều đình, đồng thời để lại hơn 40 bộ sách về lịch sử, địa lý, văn học, triết học và luật pháp. Các tác phẩm như Vân Đài loại ngữ, Phủ biên tạp lục, Đại Việt thông sử có giá trị lớn về mặt học thuật và tư liệu.","Nhà bác học, quan lại, nhà thơ",,Phân tranh,"Thượng thư bộ Công, Tổng tài Quốc sử quán, Tư nghiệp Quốc Tử Giám",,,,,,,2/8/1726 - 11/6/1784
true,Lê Thạch,Nhân vật lịch sử,Quân sự,"Lê Thạch sinh tại Lam Sơn, huyện Thọ Xuân, tỉnh Thanh Hóa, là cháu gọi Lê Lợi bằng chú. Ông tham gia khởi nghĩa Lam Sơn từ những ngày đầu và thường được giao làm tướng tiên phong trong các trận đánh lớn. Năm 1421, trong trận chiến với quân Ai Lao, ông dẫn quân xông lên trước và tử trận do trúng tên. Sau khi khởi nghĩa thành công, ông được triều đình truy tặng nhiều danh hiệu cao quý và thờ phối tại tẩm miếu các công thần.",Quân nhân,,Nhà Hậu Lê,Tướng quốc; Thứ thủ quân thiết đột; Lương Nghĩa hầu; Nhập nội kiểm hiệu Thái úy Bình chương quân quốc trọng sự (truy tặng); Trung Vũ đại vương (truy tặng); Lương quận công Trung Vũ vương (truy tặng); Quận công Trung Dũng Anh Nghị Chân Hiến đại vương (truy tặng),,,,,,, - 1421
true,Lê Thanh Nghị,Nhân vật lịch sử,Lãnh đạo,"Lê Thanh Nghị, tên thật là Nguyễn Khắc Xứng, sinh tại thôn Bình Đê, xã Thượng Cốc, huyện Gia Lộc, tỉnh Hải Dương. Ông tham gia hoạt động cách mạng từ năm 1928, từng bị thực dân Pháp bắt giam và đày ra Côn Đảo. Sau Cách mạng tháng Tám, ông giữ nhiều chức vụ quan trọng trong chính quyền và Đảng, đặc biệt trong lĩnh vực công nghiệp và kế hoạch hóa kinh tế. Ông là Phó Thủ tướng từ 1960 đến 1981 và Phó Chủ tịch Hội đồng Nhà nước từ 1982 đến 1986.",Nhà cách mạng; Quan chức chính trị,,Cách mạng & kháng chiến,Phó Thủ tướng Chính phủ; Phó Chủ tịch kiêm Tổng Thư ký Hội đồng Nhà nước; Bộ trưởng Bộ Công nghiệp; Chủ nhiệm Ủy ban Kế hoạch Nhà nước; Chủ nhiệm Văn phòng Công nghiệp Phủ Thủ tướng; Chủ nhiệm Ủy ban Kiến thiết Cơ bản Nhà nước; Chủ tịch Ủy ban Kháng chiến Hành chính Liên khu III; Ủy viên Bộ Chính trị khóa II–V; Ủy viên Trung ương Đảng khóa II–V; Đại biểu Quốc hội khóa II–VII,,,,,,,6/3/1911 - 16/8/1989
true,Lê Thánh Tông,Nhân vật lịch sử,Phong kiến,"Lê Thánh Tông, tên húy là Lê Tư Thành, sinh tại Chùa Huy Văn, nay thuộc quận Đống Đa, Hà Nội; quê mẹ ở làng Động Bàng, huyện Yên Định, tỉnh Thanh Hóa. Ông trị vì từ năm 1460 đến 1497, là vị vua tại vị lâu nhất thời Lê sơ. Trong thời gian trị vì, ông tiến hành cải cách hành chính, ban hành Bộ luật Hồng Đức, chia đất nước thành 13 thừa tuyên và xây dựng hệ thống quan liêu từ trung ương đến địa phương. Ông chú trọng phát triển giáo dục, mở rộng khoa cử và lập hội Tao Đàn gồm 28 nhà thơ. Về văn hóa, ông để lại hàng trăm bài thơ chữ Hán và chữ Nôm. Triều đại của ông được xem là thời kỳ thịnh trị của chế độ quân chủ Việt Nam.","Chính trị gia, nhà văn hóa",,Nhà Hậu Lê,"Hoàng đế Đại Việt, vị vua thứ năm triều Lê sơ",,Cháu nội của Lê thái Tổ; con của Lê Thái Tông,,,,,25/8/1442 - 3/3/1497
true,Lê Trọng Tấn,Nhân vật lịch sử,Quân sự,"Lê Trọng Tấn là một trong những vị tướng tài năng của Quân đội Nhân dân Việt Nam, từng chỉ huy nhiều chiến dịch lớn như Điện Biên Phủ, Trị – Thiên, Đường 9 – Nam Lào, và Chiến dịch Hồ Chí Minh. Ông được đánh giá cao về khả năng tổ chức, chỉ huy tác chiến và xây dựng lực lượng. Trong Chiến dịch Điện Biên Phủ, ông là người trực tiếp chỉ huy mũi tiến công đầu tiên vào cứ điểm Him Lam. Sau năm 1975, ông giữ chức Tổng Tham mưu trưởng và Thứ trưởng Bộ Quốc phòng, góp phần quan trọng trong việc xây dựng quân đội thời bình.","Quân nhân, nhà chỉ huy quân sự",,Cách mạng & kháng chiến,"Đại tướng Quân đội Nhân dân Việt Nam, Tổng Tham mưu trưởng, Thứ trưởng Bộ Quốc phòng",,,,,,,1/10/1914 - 5/12/1986
true,Lê Trực,Nhân vật lịch sử,Cách mạng,"Lê Trực, tên khai sinh là Lê Vợn, sinh tại thôn Chân Linh, làng Thanh Thủy, phủ Quảng Trạch (nay thuộc xã Tiến Hóa, huyện Tuyên Hóa, tỉnh Quảng Bình). Ông xuất thân từ gia đình nho học, từng đỗ tiến sĩ võ và giữ nhiều chức vụ trong triều đình nhà Nguyễn. Năm 1882, khi thành Hà Nội thất thủ, ông bị cách chức và trở về quê. Sau khi vua Hàm Nghi phát động phong trào Cần Vương, ông khởi nghĩa tại Quảng Bình, sau đó phối hợp với Tôn Thất Đàm tiếp tục kháng chiến tại Hà Tĩnh. Sau khi vua Hàm Nghi bị bắt, ông giải tán nghĩa quân và sống ẩn dật tại quê nhà.","Võ quan, thủ lĩnh nghĩa quân",,Nhà Nguyễn & Pháp thuộc,"Đề đốc thành Hà Nội; Chánh lãnh binh Lạng Sơn, Thanh Hóa, Ninh Bình; Phó lãnh binh Hà Nội; Chánh hiệp quản Huế; Suất đội Ninh Bình; Tiến sĩ võ; Thủ lĩnh nghĩa quân Cần Vương tại Quảng Bình",,,,,,,1828 - 1918
true,Lê Văn Hiến,Nhân vật lịch sử,Cách mạng,"Lê Văn Hiến sinh tại xóm Cây Thông, xã Phước Ninh, thành phố Đà Nẵng; nguyên quán ở thôn An Nông, xã Hòa Hải, huyện Hòa Vang. Ông tham gia cách mạng từ năm 1927, là một trong những người sáng lập chi bộ Việt Nam Thanh niên Cách mạng Đồng chí Hội tại Đà Nẵng. Trong sự nghiệp chính trị, ông giữ nhiều chức vụ quan trọng trong chính phủ Việt Nam Dân chủ Cộng hòa, đặc biệt trong lĩnh vực tài chính và ngoại giao. Ông là Bộ trưởng Tài chính đầu tiên của nước Việt Nam mới và là Đại sứ đầu tiên tại Vương quốc Lào. Ngoài ra, ông từng bị thực dân Pháp bắt giam và đày đi Kon Tum. Sau khi ra tù, ông tiếp tục hoạt động bí mật và mở hiệu sách Việt Quảng – một cơ sở cách mạng tại miền Trung.","Chính khách, nhà ngoại giao",,Cách mạng & kháng chiến,"Bộ trưởng Bộ Lao động; Bộ trưởng Bộ Tài chính; Phó Chủ tịch Hội đồng Quốc phòng Tối cao, Thứ trưởng, Phó Chủ nhiệm Ủy ban Kế hoạch Nhà nước; Đại sứ Đặc mệnh toàn quyền tại Vương quốc Lào; Đại biểu Quốc hội khóa I, II, III",,,,,,,15/9/1904 - 15/11/1997
true,Lê Văn Hưu,Nhân vật lịch sử,Văn hoá - nghệ thuật,"Lê Văn Hưu sinh tại làng Phủ Lý, tên nôm là Kẻ Rị, nay thuộc xã Thiệu Trung, huyện Thiệu Hóa, tỉnh Thanh Hóa. Ông đỗ Bảng nhãn năm 1247 khi mới 17 tuổi, là một trong những người đầu tiên giữ danh hiệu Tam khôi của khoa cử Việt Nam. Trong thời gian làm việc tại Quốc sử viện, ông biên soạn bộ Đại Việt sử ký, được xem là bộ quốc sử đầu tiên của Việt Nam, ghi lại lịch sử từ thời Triệu Vũ Đế đến Lý Chiêu Hoàng. Dù tác phẩm gốc đã thất truyền, nội dung của ông vẫn được sử gia Ngô Sĩ Liên kế thừa trong Đại Việt sử ký toàn thư.","Sử gia, nhà giáo",,Nhà Trần,"Kiểm pháp quan, Binh bộ Thượng thư, Hàn lâm Viện Học sĩ kiêm Quốc sử Viện Giám tu",,,,,,,1230 - 1322
true,Lê Văn Linh,Nhân vật lịch sử,Quân sự,"Lê Văn Linh sinh tại làng Hải Lịch, huyện Lôi Dương (nay là xã Thọ Hải, huyện Thọ Xuân, tỉnh Thanh Hóa). Ông là một trong những người đầu tiên tham gia khởi nghĩa Lam Sơn và dự Hội thề Lũng Nhai năm 1416. Trong thời gian chiến đấu, ông thường được giao nhiệm vụ cố vấn quân sự và tham mưu chiến lược. Sau khi nhà Hậu Lê được thành lập, ông giữ nhiều chức vụ cao trong triều đình qua ba đời vua. Ông từng tham gia các chiến dịch quân sự như vây thành Nghệ An và dẹp loạn châu Ngọc Ma. Công lao của ông được ghi nhận bằng tước Hương Thượng hầu và nhiều chức danh trọng yếu trong triều chính.","Quan lại, nhà quân sự",,Nhà Hồ & Minh thuộc,Nhập nội Thiếu phó; Nhập nội Hữu bật; Tham đốc; Tả bộc xạ; Thái phó; Hương Thượng hầu,,,,,,,1377 - 1448
true,Lê Văn Lương,Nhân vật lịch sử,Quan chức,"Lê Văn Lương, tên thật là Nguyễn Công Miều, sinh tại làng Xuân Cầu, xã Nghĩa Trụ, huyện Văn Giang, tỉnh Hưng Yên. Ông tham gia cách mạng từ năm 1927, từng bị thực dân Pháp kết án tử hình và đày ra Côn Đảo. Sau Cách mạng Tháng Tám, ông giữ nhiều chức vụ quan trọng trong Đảng và chính quyền, đặc biệt trong lĩnh vực tổ chức cán bộ. Ông từng phụ trách công tác tuyên huấn, tổ chức và xây dựng Đảng trong thời kỳ kháng chiến và hòa bình. Trong thời gian làm Bí thư Thành ủy Hà Nội, ông có đóng góp vào công tác quy hoạch và phát triển đô thị. Với gần 70 năm hoạt động cách mạng, ông được trao tặng Huân chương Sao Vàng và nhiều huân chương cao quý khác.",Chính trị gia,,Cách mạng & kháng chiến,"Ủy viên Bộ Chính trị khóa II, IV; Bí thư Trung ương Đảng khóa II, III; Trưởng Ban Tổ chức Trung ương; Chánh Văn phòng Trung ương Đảng; Bí thư Thành ủy Hà Nội; Thứ trưởng Bộ Nội vụ; Đại biểu Quốc hội khóa VI, VII",,,,,,,28/3/1912 - 25/4/1995
true,Lê Văn Tám,Nhân vật lịch sử,Cách mạng,"Lê Văn Tám là tên gọi gắn với hình ảnh một thiếu niên cảm tử trong kháng chiến chống Pháp tại Sài Gòn năm 1945. Theo truyền thuyết, ông đã tẩm xăng vào người, tự thiêu và lao vào kho xăng Thị Nghè của quân Pháp, gây ra vụ nổ lớn phá hủy kho đạn. Hình ảnh “ngọn đuốc sống” của Lê Văn Tám được lan truyền rộng rãi như biểu tượng của lòng dũng cảm và tinh thần hy sinh. Tuy nhiên, nhiều nhà nghiên cứu cho rằng đây là nhân vật biểu tượng được đặt tên để cổ vũ tinh thần chiến đấu, không có hồ sơ xác thực về thân thế và ngày sinh cụ thể.",Thiếu niên cảm tử quân,,Nhà Nguyễn & Pháp thuộc,,,,,,,,1932 - 17/10/1945
true,Lê Văn Thiêm,Nhân vật lịch sử,Giáo dục,"Lê Văn Thiêm sinh tại xã Trung Lễ, huyện Đức Thọ, tỉnh Hà Tĩnh trong một gia đình có truyền thống hiếu học. Ông là người Việt Nam đầu tiên bảo vệ thành công luận án tiến sĩ toán học tại Đức năm 1945 và tiếp tục bảo vệ luận án tiến sĩ quốc gia tại Pháp năm 1949. Sau khi từ chối lời mời làm việc tại Mỹ, ông trở về Việt Nam tham gia kháng chiến và giảng dạy. Ông giữ nhiều chức vụ quan trọng trong ngành giáo dục và khoa học, có công lớn trong việc xây dựng nền toán học hiện đại của Việt Nam. Ông được trao Giải thưởng Hồ Chí Minh năm 1996 và Huân chương Độc lập hạng Nhất.","Nhà toán học, giáo sư đại học",,Cách mạng & kháng chiến,Viện trưởng đầu tiên Viện Toán học Việt Nam; Hiệu trưởng Đại học Sư phạm Hà Nội; Hiệu trưởng Đại học Tổng hợp Hà Nội; Đại biểu Quốc hội khóa I,,,,,,,29/3/1918 - 3/7/1991
false,Lệnh Cư,Địa danh,,,,,,,,,,,,,
false,Liên Mạc,Địa danh,,,,,,,,,,,,,
false,Liên Trì,Di tích,,,,,,,,,,,,,
true,Liên Việt,Không rõ,,"Liên Việt là một ngõ nay thuộc phường Kim Liên, Hà Nội. Ngõ thông ra phố Tây Sơn, cạnh số nhà 181. Ngõ có tên cũ là ngõ Nền Than, do nền ngõ trước đây làm bằng than xỉ lấp hố.",,,,,,,,,,,
true,Liễu Giai,Địa danh,,"Liễu Giai là tên một ngôi làng cổ ở phía Tây Hà Nội. Làng trước thuộc tổng Nội, huyện Vĩnh Thuận, nay phố Liễu Giai thuộc phường Ngọc Hà. Liễu Giai có nghĩa là ""con đường trồng liễu"", có thể do trước đây vào thời Lý, Trần có nhiều cung điện, dinh thự có trồng liễu ven đường, giống như ở phố Hoè Nhai là ""con đường trồng hoè"". Liễu Giai thuộc hệ thống Thập tam trại, là hệ thống các làng phía Tây kinh thành, có quan hệ mật thiết với kinh thành Thăng Long. Đình thờ thành hoàng làng là ông Hoàng Lệ Mật, là người đã xin vua Lý Nhân Tông cho dân làng Lệ Mật sang khu vực này thành lập làng ấp.",,,,,,,,,,,
false,Linh Đàm,Địa danh,,,,,,,,,,,,,
false,Linh Đường,Địa danh,,,,,,,,,,,,,
true,Linh Lang,Nhân vật lịch sử,Thần thoại,"Linh Lang là một vị thần được thờ chính ở tại đền Voi phục (thuộc Thăng Long tứ trấn). Sử sách không đề cập tới tên Linh Lang. Theo thần phả, ông là con vua Lý Thánh Tông, sinh ngày 13/12/1064, tên huý là Hoằng Chân, mẹ là cung phi họ Nguyễn, quê ở Đan Phượng, Sơn Tây. Ông được sinh ra ở khu vực Thủ Lệ ngày nay, tương truyền có công chỉ huy đánh lui quân Tống, sau đó lâm bệnh và qua đời. Tuy nhiên do có quá nhiều điểm thờ tự và gần 100 bản thần phả khác nhau nên rất khó xác minh danh tính lịch sử của ông. Nhiều nhà nghiên cứu cho rằng ông khởi nguyên là một thuỷ thần bản địa, gắn với tín ngưỡng thờ thần sông nước, sau này được lịch sử hoá và gắn với dòng dõi hoàng tộc nhà Lý.",,,,,,,,,,, - 
true,Lĩnh Nam,Địa danh,,"Lĩnh Nam là tên một địa danh cổ ở phía Đông Nam Hà Nội. Xã Lĩnh Nam trước thuộc huyện Thanh Trì, nay đường Lĩnh Nam chạy qua các phường Hoàng Mai, Lĩnh Nam, Tương Mai, Vĩnh Hưng, Vĩnh Tuy. Đường Lĩnh Nam nối từ khu vực sông Kim Ngưu tới hai làng Thuý Lĩnh và Nam Dư. Tên Lĩnh Nam có thể là ghép của tên hai làng Thuý Lĩnh và Nam Dư.",,,,,,,,,,,
false,Linh Quang,Địa danh,,,,,,,,,,,,,
false,Lò Đúc,Địa danh,,Lò Đúc là một loại dụng cụ được dùng để đúc đồng.,,,,,,,,,,,
true,Lò Rèn,Địa danh,,"Lò Rèn là tên một phố trong khu vực 36 phố phường, Hà Nội. Phố trước đây thuộc thôn Tân Khai, tổng Tiền Túc, sau thuộc tổng Thuận Mỹ, huyện Thọ Xương, nay phố thuộc phường Hoàn Kiếm. Phố trước đây được dân gian gọi là phố Hàng Bừa hoặc phố Hàng Cuốc. Từ cuối thế kỷ XIX, một số thợ rèn người làng Hoè Thị (nay thuộc phường Xuân Phương) đã ra đây mở lò rèn làm các nông cụ, vũ khí và các mặt hàng khác. Tới đầu thế kỷ XX, do nhu cầu xây dựng nhà cửa kiểu mới nên phố chuyển sang làm các mặt hàng mới như bu lông, cửa xếp sắt, cổng sắt hoa, vì vậy phố đổi tên thành phố Lò Rèn.",,,,,,,,,,"36 phố phường, Làng nghề",
false,Lò Sũ,Địa danh,,,,Đóng quan tài,,,,,,,,,
false,Lộc,Không rõ,,,,,,,,,,,,,
false,Long Biên,Địa danh,,"Long Biên là một địa danh cổ, xuất hiện từ thời nhà Hán (thế kỷ I). Có một số giả thuyết cho rằng tên gốc là Long Uyên (vũng rồng), sau đổi thành Long Biên (nằm cạnh rồng). Vào năm 627, nhà Đường đổi tên trở thành Long Biên như cũ.",,,,,,,,,,,
true,Long Châu,Địa danh,,,,,,,,,,,,,
true,Lủ,Địa danh,,"Cầu Lủ được đặt tên theo tên Nôm của làng Kim Lũ là Kẻ Lủ. Kim Lũ là một làng cổ ven sông Tô Lịch, nay thuộc các phường Định Công, Thanh Liệt, Khương Đình. Đây từng là trung tâm của ba xóm: Lủ Cầu, Lủ Trung và Lủ Văn. Vào thời Lê, Kim Lũ thuộc tổng Khương Đình, huyện Thanh Trì, phủ Thường Tín. Làng nổi tiếng với truyền thống khoa bảng, từng có 5 người đỗ Tiến sĩ và 15 người đỗ Trung khoa. Các danh nhân tiêu biểu gồm Nguyễn Công Thái – Tham tụng triều Lê, Nguyễn Văn Siêu (còn gọi là Nguyễn Siêu) – nhà văn hóa lớn, Nguyễn Trọng Hợp – đại thần triều Nguyễn, và Hoàng Đạo Thúy – nhà văn hóa hiện đại. Kim Lũ còn nổi tiếng với món chè lam Lủ, cốm, bánh đa khoai và nghề làm quạt thước. Trong kháng chiến, làng thuộc xã Tam Kim, sau nhập vào xã Đại Kim, nay là phường Định Công.",,"Làm chè lam, cốm, quạt thước, bánh đa khoai",,,,,"Lễ hội đình Kim Lũ vào ngày 12 tháng Hai âm lịch; Thờ Linh Lang Đại Vương và các vị thần bản địa; Tục rước kiệu, tế lễ, hát thờ; Tổ chức lễ mừng thọ, thi chữ, thi vật",Kẻ Lủ,Lủ Cầu; Lủ Văn; Lủ Trung,,
false,Lụa,Địa danh,,,,Dệt lụa,,,,,,,,,
true,Lương Định Của,Nhân vật lịch sử,Kinh tế - xã hội,"Lương Định Của sinh tại làng Hành Thiện, huyện Xuân Trường, tỉnh Nam Định. Ông tốt nghiệp ngành nông học tại Đại học Nông nghiệp Tokyo, Nhật Bản, và trở về Việt Nam năm 1950 để tham gia kháng chiến và phát triển nông nghiệp. Trong sự nghiệp, ông có nhiều đóng góp trong việc lai tạo giống cây trồng, cải tiến kỹ thuật canh tác và xây dựng hệ thống nghiên cứu nông nghiệp miền Nam. Ông từng giữ chức Viện trưởng Viện Khoa học Kỹ thuật Nông nghiệp miền Nam và tham gia đào tạo cán bộ nông nghiệp. Một số giống lúa do ông lai tạo được ứng dụng rộng rãi tại Việt Nam trong thập niên 1960–1970.",Nhà nông học,,Cách mạng & kháng chiến,Viện trưởng Viện Khoa học Kỹ thuật Nông nghiệp miền Nam,,,,,,,10/1/1920 - 28/1/1975
true,Lương Khánh Thiện,Nhân vật lịch sử,Cách mạng,"Lương Khánh Thiện sinh tại làng Mễ Tràng, xã Liêm Chính, huyện Thanh Liêm, tỉnh Hà Nam (nay thuộc thành phố Phủ Lý). Ông tham gia phong trào yêu nước từ những năm 1920, từng học tại Trường Kỹ nghệ Hải Phòng và hoạt động trong Hội Việt Nam Cách mạng Thanh niên. Sau khi gia nhập Đông Dương Cộng sản Đảng, ông bị bắt và đày ra Côn Đảo. Sau khi được ân xá năm 1936, ông tiếp tục hoạt động cách mạng, giữ nhiều chức vụ lãnh đạo tại Bắc Kỳ, Hà Nội và Hải Phòng. Ông bị bắt lần cuối năm 1941 và bị xử tử tại Kiến An.",Nhà cách mạng; Quan chức chính trị,,Nhà Nguyễn & Pháp thuộc,Bí thư Xứ ủy Bắc Kỳ; Bí thư Thành ủy Hà Nội; Bí thư Thành ủy Hải Phòng,,,,,,,13/10/1903 - 1/9/1941
true,Lương Ngọc Quyến,Nhân vật lịch sử,Cách mạng,"Lương Ngọc Quyến, hiệu Lập Nham, sinh tại làng Nhị Khê, huyện Thường Tín, tỉnh Hà Nội, trong một gia đình khoa bảng, là con thứ của chí sĩ Lương Văn Can. Ông từng du học tại Nhật Bản theo phong trào Đông Du, sau đó học quân sự tại Trung Quốc và giữ hàm thiếu tá trong quân đội Trung Hoa Dân Quốc. Năm 1912, ông được bầu làm Ủy viên quân sự của Việt Nam Quang phục Hội. Sau khi bị mật thám Anh bắt và trao cho thực dân Pháp, ông bị giam tại nhiều nhà lao ở Bắc Kỳ. Năm 1917, ông cùng Trịnh Văn Cấn lãnh đạo cuộc khởi nghĩa Thái Nguyên. Khi bị thương nặng và không thể rút lui, ông yêu cầu đồng đội bắn vào ngực để hy sinh tại chỗ.",Nhà cách mạng,,Nhà Nguyễn & Pháp thuộc,Ủy viên quân sự Bộ chấp hành Việt Nam Quang phục Hội,,Con thứ của Lương Văn Can,,,,,1885 - 5/9/1917
true,Lương Sử,Địa danh,,"Lương Sử là tên một ngôi làng cổ ở phía Tây Hà Nội. Làng trước thuộc tổng Hữu Nghiêm, sau thuộc tổng Yên Hoà, huyện Thọ Xương, nay 3 ngõ Lương Sử A, B và C thuộc phường Văn Miếu - Quốc Tử Giám. Làng được hình thành do sự hợp nhất của hai thôn Ngự Sử và Lương Sử. Khu vực này trước đây được gọi là Hàng Đũa (chính xác là phố Ngô Sĩ Liên hiện nay), do dân cư làm nghề vót đũa tre. Đình Lương Sử được xây dựng cùng thời với quần thể kiến trúc Văn Miếu - Quốc Tử Giảm, thờ Phạm Cự Lượng, là một công thần của vua Lê Đại Hành. Trong địa giới làng từng có di chỉ dinh Đốc học. Vào năm 1882, người dân Hà Nội đã làm lễ tang và chôn cất thi thể của Tổng đốc Hoàng Diệu sau khi ông tuẫn tiết ở cạnh đây. Dinh này sau đó làm đền thờ Nguyễn Tri Phương và Hoàng Diệu, gọi là đền Trung Liệt. Tới năm 1884, Khâm sai Kinh lược Bắc kỳ Hoàng Cao Khải cho chuyển đền này về khu vực ấp Thái Hà, tại vị trí phố Trung Liệt hiện nay.",,,,,,,,,Ngự Sử,,
true,Lương Thế Vinh,Nhân vật lịch sử,Giáo dục,"Lương Thế Vinh sinh tại làng Cao Hương, huyện Thiên Bản, trấn Sơn Nam (nay là thôn Cao Phương, xã Liên Bảo, huyện Vụ Bản, tỉnh Nam Định). Ông đỗ Trạng nguyên năm 1463 dưới triều vua Lê Thánh Tông và làm quan tại Viện Hàn lâm trong suốt 32 năm. Ông nổi tiếng với biệt danh “Trạng Lường” nhờ tài năng toán học và khả năng ứng dụng thực tiễn. Lương Thế Vinh là người biên soạn cuốn “Đại thành Toán pháp”, được xem là sách giáo khoa toán học đầu tiên của Việt Nam, và sáng chế bàn tính gẩy – công cụ tính toán sơ khai. Ngoài ra, ông còn khảo cứu nghệ thuật hát chèo qua tác phẩm “Hý phường phả lục”. Ông từng giảng dạy tại Quốc Tử Giám và đào tạo nhiều nhân tài.","Nhà toán học, học giả, nhà thơ",,Nhà Hậu Lê,Trạng nguyên triều Lê; Hàn lâm Thị thư chưởng Hàn lâm viện sự; Thành viên Hội Tao Đàn,,,,,,,17/8/1441 - 2/10/1496
true,Lương Văn Can,Nhân vật lịch sử,Cách mạng,"Lương Văn Can, tự Hiếu Liêm, hiệu Sơn Lão, sinh tại làng Nhị Khê, huyện Thường Tín, tỉnh Hà Đông (nay thuộc Hà Nội). Ông đỗ Cử nhân năm 1874 nhưng từ chối ra làm quan, chọn con đường giáo dục và khai sáng. Năm 1907, ông cùng một số sĩ phu thành lập trường Đông Kinh Nghĩa Thục tại Hà Nội, nhằm truyền bá tư tưởng tiến bộ và thúc đẩy cải cách xã hội qua giáo dục. Trường hoạt động trong thời gian ngắn nhưng có ảnh hưởng lớn đến phong trào yêu nước đầu thế kỷ XX. Ông còn để lại nhiều tác phẩm như “Kim cổ cách ngôn”, “Lương Ngọc Can toàn tập”, phản ánh tư tưởng khai sáng và đạo lý dân tộc.","Nhà giáo, nhà cách mạng",,Nhà Nguyễn & Pháp thuộc,,,Cha của Lương Ngọc Quyến,,,,,1854 - 13/6/1927
false,Lương Yên,Địa danh,,,,,,,,,,,,,
true,Lưu Cơ,Nhân vật lịch sử,Quan chức,"Lưu Cơ sinh tại động Hoa Lư, châu Đại Hoàng, nay thuộc tỉnh Ninh Bình. Ông là một trong bốn trụ cột của triều Đinh, cùng với Nguyễn Bặc, Đinh Điền và Trịnh Tú, có công lớn trong việc giúp Đinh Bộ Lĩnh dẹp loạn 12 sứ quân và thống nhất đất nước. Sau khi nhà Đinh thành lập, ông được giao quản lý Hoàng thành Thăng Long và có đóng góp trong việc tu sửa kiến trúc theo hướng nam, phù hợp với vị trí kinh đô Hoa Lư. Ông được xem là người đầu tiên trong lịch sử Việt Nam nắm giữ quyền hình pháp.","Chính trị gia, quân nhân",,Độc lập tự chủ sớm,Đô hộ phủ sĩ sư triều Đinh,,,,,,,940 - 1013
true,Lưu Hữu Phước,Nhân vật lịch sử,Văn hoá - nghệ thuật,"Lưu Hữu Phước sinh tại quận Ô Môn, tỉnh Cần Thơ. Ông học tại trường Petrus Ký và sau đó theo học Y – Dược tại Viện Đại học Đông Dương. Từ cuối thập niên 1930, ông hoạt động trong phong trào học sinh, sinh viên yêu nước và sáng tác nhiều ca khúc nổi tiếng như “Hồn tử sĩ”, “Bạch Đằng Giang”, “Hội nghị Diên Hồng”. Ông là tác giả bài “Thanh niên hành khúc”, sau trở thành quốc ca của Chính phủ Cách mạng Lâm thời miền Nam Việt Nam. Trong sự nghiệp, ông giữ nhiều chức vụ văn hóa – giáo dục và có ảnh hưởng lớn đến nền âm nhạc Việt Nam thế kỷ 20.","Nhạc sĩ, giáo sư, nhà lý luận âm nhạc",,Cách mạng & kháng chiến,Bộ trưởng Bộ Thông tin – Văn hóa của Chính phủ Cách mạng Lâm thời Cộng hòa miền Nam Việt Nam; Chủ nhiệm Ủy ban Văn hóa – Giáo dục của Quốc hội; Đại biểu Quốc hội; Viện sĩ,,,,,,,12/9/1921 - 8/6/1989
true,Lưu Khánh Đàm,Nhân vật lịch sử,Quan chức,"Lưu Khánh Đàm sinh tại thôn Yên Lãng, quận Cửu Chân (nay thuộc Thanh Hóa), cuối đời sống tại huyện Hưng Nhân, tỉnh Thái Bình. Ông phục vụ dưới các triều vua Lý Nhân Tông và Lý Thần Tông, từng giữ chức Thái úy và được giao trọng trách phò tá Thái tử lên ngôi khi vua Nhân Tông qua đời. Ông có vai trò trong việc tu sửa chùa Hương Nghiêm và từng được thiền sư Đạo Dung nhờ truyền đạt ý kiến lên triều đình. Lưu Khánh Đàm mất năm 1136, được ghi nhận là một đại thần có ảnh hưởng trong giai đoạn chuyển giao quyền lực triều Lý.","Chính trị gia, quân nhân",,Nhà Lý,"Thái úy triều Lý, Quang Lộc đại phu, Chánh sứ sửa chùa Hương Nghiêm",,,,,,, - 1136
true,Lưu Quang Vũ,Nhân vật lịch sử,Văn hoá - nghệ thuật,"Lưu Quang Vũ là một tác giả nổi bật trong văn học nghệ thuật Việt Nam cuối thế kỷ XX, với hàng chục vở kịch phản ánh sâu sắc đời sống xã hội và con người. Ông bắt đầu sáng tác thơ từ thời kỳ phục vụ trong quân đội, sau đó chuyển sang viết kịch và trở thành một trong những nhà viết kịch có ảnh hưởng lớn. Các tác phẩm của ông như Hồn Trương Ba, da hàng thịt và Tôi và chúng ta được đánh giá cao về tư tưởng và nghệ thuật. Ông sinh tại Phú Thọ, quê gốc ở Đà Nẵng, mất trong một tai nạn giao thông cùng vợ là nhà thơ Xuân Quỳnh và con trai.","Nhà thơ, nhà viết kịch, nhà văn",,Cách mạng & kháng chiến,Biên tập viên Tạp chí Sân khấu; Hội viên Hội Nhà văn Việt Nam,,Chồng của Xuân Quỳnh,,,,,17/4/1948 - 29/8/1988
true,Lý Đạo Thành,Nhân vật lịch sử,Quan chức,"Lý Đạo Thành sinh tại làng Cổ Pháp, huyện Từ Sơn, tỉnh Bắc Ninh, thuộc dòng dõi hoàng tộc nhà Lý. Ông từng giữ chức Thái sư dưới triều Lý Thánh Tông và là đại thần phụ chính khi vua Lý Nhân Tông lên ngôi lúc mới 7 tuổi. Trong thời gian nhiếp chính, ông góp phần ổn định triều chính và bảo vệ quyền lực hoàng gia. Sau biến động nội cung năm 1073, ông bị giáng chức và chuyển đi Nghệ An, nhưng được phục hồi chức vụ một năm sau. Ông mất năm 1081, được ghi nhận là một vị quan chính trực, có ảnh hưởng lớn trong giai đoạn đầu triều Lý Nhân Tông.",Chính trị gia,,Nhà Lý,"Thái sư triều Lý, Tể tướng, Thái phó bình chương quân quốc trọng sự, Tả gián nghị đại phu, Thống đốc Nghệ An",,,,,,, - 1081
true,Lý Nam Đế,Nhân vật lịch sử,Phong kiến,"Lý Nam Đế, tên thật là Lý Bí hoặc Lý Bôn, sinh tại vùng Giao Châu, có thể thuộc phủ Long Hưng, nay là tỉnh Thái Bình. Ông từng giữ chức Giám quân ở Giao Châu dưới thời nhà Lương. Năm 544, ông khởi nghĩa chống lại ách đô hộ phương Bắc và xưng đế, lập nước Vạn Xuân, mở đầu cho thời kỳ độc lập đầu tiên sau hơn 1000 năm Bắc thuộc. Trong thời gian trị vì, ông tổ chức bộ máy hành chính, xây dựng quân đội và đẩy lùi nhiều cuộc tấn công từ nhà Lương. Sau khi bệnh nặng, ông truyền ngôi cho Triệu Quang Phục và mất năm 548 tại động Khuất Lão. Triều Tiền Lý do ông sáng lập được xem là bước khởi đầu cho các triều đại độc lập sau này.","Chính trị gia, nhà quân sự",,Bắc Thuộc & khởi nghĩa,"Hoàng đế Vạn Xuân, người sáng lập triều Tiền Lý",,,,,,,17/10/503 - 13/4/548
true,Lý Quốc Sư,Nhân vật lịch sử,Tôn giáo,"Lý Quốc Sư, tên thật là Nguyễn Chí Thành, sinh tại làng Điền Xá, xã Gia Thắng, huyện Gia Viễn, tỉnh Ninh Bình. Ông là một cao tăng Phật giáo thời Lý, nổi tiếng với tài chữa bệnh và được vua Lý Thần Tông phong làm Quốc sư. Ông có công phục hưng nghề đúc đồng, từng đúc tượng Phật tại chùa Quỳnh Lâm – một trong Tứ Đại Khí của Đại Việt. Ngoài ra, ông còn được xem là tổ nghề Đông y Việt Nam.","Thiền sư, danh y, tổ nghề thủ công",,Nhà Lý,Quốc sư triều Lý; Thánh Nguyễn; Tổ nghề đúc đồng; Tổ nghề Đông y,,,,,,,15/10/1065 - 19/11/1141
true,Lý Sơn,Khác,,"Lý Sơn là một đặc khu thuộc tỉnh Quảng Ngãi, Việt Nam. Hòn đảo là vết tích của một ngọn lửa hình thành cách đây khoảng 25-30 triệu năm. Đặc khu Lý Sơn trước là huyện đảo, được tách ra từ huyện Bình Sơn của tỉnh Quảng Ngãi năm 1992, trở thành huyện đảo tiền tiêu.",,,,,,,,,,,
true,Lý Thái Tổ,Nhân vật lịch sử,Phong kiến,"Lý Thái Tổ, tên thật là Lý Công Uẩn, sinh tại châu Cổ Pháp, nay thuộc Từ Sơn, tỉnh Bắc Ninh. Ông xuất thân từ tầng lớp quý tộc và được nuôi dạy bởi các thiền sư, nổi bật là Lý Vạn Hạnh. Trước khi lên ngôi, ông từng giữ chức Điện tiền chỉ huy sứ dưới triều Tiền Lê. Năm 1009, ông được triều thần tôn lên làm vua, sáng lập triều Lý. Một trong những quyết định quan trọng của ông là dời đô từ Hoa Lư về Đại La, đổi tên thành Thăng Long vào năm 1010. Việc này đánh dấu bước phát triển đô thị và hành chính lâu dài của quốc gia. Triều đại ông kéo dài gần 20 năm, đặt nền móng cho sự ổn định chính trị và phát triển văn hóa thời Lý.",Hoàng đế; Tướng lĩnh quân sự,,Nhà Lý,Hoàng đế Đại Cồ Việt; Quốc công; Điện tiền chỉ huy sứ,,,,,,,8/3/974 - 31/3/1028
true,Lý Thường Kiệt,Nhân vật lịch sử,Quân sự,"Lý Thường Kiệt, tên thật là Tuấn, biểu tự Thường Kiệt, quê ở phường Thái Hòa, thành Thăng Long (nay thuộc Hà Nội). Có hai thuyết về họ gốc của ông - họ Ngô và họ Quách, trong đó thuyết họ Quách dựa trên văn bia thời Lý. Ông là danh tướng thời Lý, từng chỉ huy chiến dịch đánh Chiêm Thành năm 1069 và chiến dịch tấn công ba châu Khâm, Ung, Liêm của nhà Tống năm 1075. Năm 1077, ông chỉ huy phòng thủ sông Như Nguyệt, đánh bại quân Tống xâm lược. Ngoài quân sự, ông còn sáng tác bài thơ “Nam quốc sơn hà”, được xem là bản tuyên ngôn độc lập đầu tiên của Đại Việt. Ông giữ chức Thái úy và từng làm tể tướng dưới triều Lý Nhân Tông.","Nhà quân sự, nhà chính trị, nhà thơ",,Nhà Lý,Thái úy; Tể tướng triều Lý; Phụ chính triều Lý Nhân Tông; Chỉ huy quân đội trong các chiến dịch chống Tống và Chiêm Thành,,,,,,,1019 - 1105
true,Lý Tự Trọng,Nhân vật lịch sử,Cách mạng,"Lý Tự Trọng, tên thật là Lê Hữu Trọng, sinh tại làng Bản Mạy, tỉnh Nakhon Phanom, Thái Lan; quê gốc ở xã Thạch Minh, huyện Thạch Hà, tỉnh Hà Tĩnh. Ông là con của một gia đình Việt kiều yêu nước và được đưa sang Trung Quốc học tập từ nhỏ. Năm 1926, ông về nước hoạt động cách mạng, làm liên lạc cho Xứ ủy Nam Kỳ và tham gia tổ chức Đoàn Thanh niên Cộng sản Đông Dương. Ngày 9 tháng 2 năm 1931, trong một cuộc mít tinh tại Sài Gòn, ông đã nổ súng bắn chết viên mật thám Le Grand để bảo vệ đồng chí đang diễn thuyết. Sau đó, ông bị bắt và kết án tử hình khi mới 17 tuổi.",Nhà cách mạng,,Nhà Nguyễn & Pháp thuộc,,,,,,,,20/10/1914 - 21/11/1931
true,Lý Văn Phức,Nhân vật lịch sử,Quan chức,"Lý Văn Phức sinh tại làng Hồ Khẩu, huyện Vĩnh Thuận, phủ Hoài Đức, tỉnh Hà Nội. Ông xuất thân trong một gia đình Nho học gốc Phúc Kiến, Trung Quốc, sang Việt Nam lánh nạn và định cư tại Thăng Long. Sau khi đỗ Cử nhân năm 1819, ông được bổ nhiệm vào Hàn lâm viện và Quốc sử quán, rồi trải qua nhiều chức vụ trong triều Nguyễn. Ngoài công việc hành chính, ông là một tác gia Hán Nôm tiêu biểu đầu thế kỷ XIX, để lại nhiều tác phẩm văn học và sử học có giá trị. Ông từng được cử đi công cán tại Quảng Đông, Singapore và Philippines, góp phần vào hoạt động ngoại giao thời Minh Mạng.","Chính trị gia, nhà thơ, nhà giáo",,Nhà Nguyễn & Pháp thuộc,"Hàn lâm viện Biên tu, Quốc sử quán Biên tu, Thiêm sự bộ Lễ, Hiệp lý trấn Quảng Nam kiêm quản cơ Lục Kiên, Tham hiệp dinh Quảng Nam, Hộ bộ Hữu thị lang, Tham tri, Chủ khảo trường thi Hương Gia Định, Chủ sự bộ Binh, Quang Lộc tự Thiếu khanh",,,,,,,1785 - 1849
false,Mã Mây,Địa danh,,,,,,,,,,,,,
true,Mạc Đĩnh Chi,Nhân vật lịch sử,Quan chức,"Mạc Đĩnh Chi sinh tại làng Lũng Động, huyện Chí Linh, tỉnh Hải Dương. Ông đỗ Trạng nguyên năm 1304 dưới triều Trần Anh Tông và nổi tiếng với bài phú “Ngọc tỉnh liên” bảo vệ phẩm chất người tài. Ông từng được cử đi sứ sang nhà Nguyên, thể hiện tài ứng đối và bảo vệ danh dự quốc gia. Trong triều, ông giữ nhiều chức vụ cao và được đánh giá là vị quan thanh liêm, chính trực. Ông cũng là tổ tiên trực hệ của các hoàng đế triều Mạc sau này.","Chính trị gia, nhà ngoại giao, nhà thơ",,Nhà Trần,"Trạng nguyên triều Trần, Hàn lâm Đại học sĩ, Nhập nội Hành khiển, Đại liêu ban Tả bộc xạ, Chánh sứ đi sứ nhà Nguyên",,,,,,,1272 - 1346
true,Mạc Thái Tổ,Nhân vật lịch sử,Phong kiến,"Mạc Thái Tổ, tên thật là Mạc Đăng Dung, sinh tại làng Cổ Trai, huyện Nghi Dương, phủ Kinh Môn, trấn Hải Dương (nay thuộc huyện Kiến Thụy, Hải Phòng). Ông xuất thân từ tầng lớp bình dân, từng làm nghề đánh cá trước khi thi đậu Võ trạng nguyên và bước vào quân ngũ. Nhờ tài năng quân sự và chính trị, ông từng bước thăng tiến trong triều đình nhà Lê, đến năm 1527 thì giành ngôi, lập ra triều Mạc. Trong thời gian trị vì, ông cố gắng ổn định xã hội sau thời kỳ loạn lạc, tổ chức lại bộ máy hành chính và duy trì quan hệ ngoại giao với nhà Minh. Sau khi nhường ngôi cho con, ông giữ vai trò Thái thượng hoàng cho đến khi qua đời năm 1541.","Chính trị gia, nhà quân sự",,Phân tranh,"Hoàng đế Đại Việt, người sáng lập triều Mạc, Thái thượng hoàng, Thái sư Nhân quốc công, An Hưng vương, Đô Chỉ huy sứ vệ Thiên Vũ",,Cha của Mạc Thái Tông,,,,,22/12/1483 - 11/9/1541
true,Mạc Thái Tông,Nhân vật lịch sử,Phong kiến,"Mạc Thái Tông, tên thật là Mạc Đăng Doanh, là con trưởng của Mạc Thái Tổ Mạc Đăng Dung, quê gốc tại xã Cao Đôi, huyện Bình Hà (nay thuộc xã Nam Tân, huyện Nam Sách, tỉnh Hải Dương). Ông được lập làm thái tử năm 1527 và chính thức lên ngôi hoàng đế vào Tết Nguyên đán năm 1530 khi cha ông nhường ngôi và lui về làm Thái thượng hoàng. Trong thời gian trị vì, ông dùng niên hiệu Đại Chính và ban hành nhiều pháp lệnh nghiêm ngặt nhằm ổn định xã hội sau thời loạn lạc. Dưới sự hỗ trợ của Thái thượng hoàng, ông đã góp phần phục hồi kinh tế và trật tự xã hội, được sử sách ghi nhận là một vị vua có công lớn trong việc củng cố triều Mạc. Ông mất ngày 25 tháng 1 năm 1540, kết thúc 10 năm trị vì.","Chính trị gia, hoàng đế",,Phân tranh,"Hoàng đế Đại Việt, vị vua thứ hai triều Mạc",,Con của Mạc Thái Tổ,,,,, - 25/1/1540
true,Mạc Thị Bưởi,Nhân vật lịch sử,Cách mạng,"Mạc Thị Bưởi sinh tại thôn Long Động, xã Nam Tân, huyện Nam Sách, tỉnh Hải Dương, trong một gia đình nông dân nghèo. Bà tham gia phong trào cách mạng từ năm 1946, giữ nhiều vai trò như cán bộ phụ nữ, giao thông viên, tổ trưởng tổ du kích nữ và xã hội phó. Trong thời kỳ kháng chiến chống Pháp, bà tổ chức được ba tổ nữ du kích, xây dựng 35 cơ sở cách mạng tại ba thôn, và tham gia trinh sát cho các trận đánh. Năm 1951, trong khi vận động nhân dân chuẩn bị lương thực cho chiến dịch Trần Hưng Đạo, bà bị phục kích, bắt giữ và tra tấn đến chết. Năm 1955, bà được truy tặng danh hiệu Anh hùng Lực lượng vũ trang Nhân dân và Huân chương Quân công hạng II.","Cán bộ cách mạng, du kích",,Cách mạng & kháng chiến,Xã hội phó xã Nam Tân; Tổ trưởng tổ du kích nữ; Đảng viên Đảng Cộng sản Đông Dương,,,,,,,1927 - 23/4/1951
false,Mạc Xá,Địa danh,,,,,,,,,,,,,
true,Mai Anh Tuấn,Nhân vật lịch sử,Quan chức,"Mai Anh Tuấn sinh tại thôn Hoàng Cầu, huyện Vĩnh Thuận, Hà Nội, quê gốc xã Nga Thạch, huyện Nga Sơn, tỉnh Thanh Hóa. Ông đỗ Thám hoa năm 1843 dưới triều Thiệu Trị và được bổ làm Hàn lâm Thị độc. Sau khi dâng sớ can vua Tự Đức về việc tiết kiệm chi phí ngoại giao, ông bị giáng chức và điều đi làm Án sát Lạng Sơn. Năm 1851, trong lúc chống quân thổ phỉ xâm nhập từ Trung Quốc, ông tử trận cùng Chưởng vệ Nguyễn Đạc. Sau khi mất, ông được triều đình truy tặng và lập đền thờ tại Hà Nội và Thanh Hóa. Tên của ông được đặt cho một con phố xung quanh hồ Hoàng Cầu để tri ân công lao.","Chính trị gia, nhà giáo",,Nhà Nguyễn & Pháp thuộc,"Thám hoa triều Nguyễn, Hàn lâm Thị độc, Án sát tỉnh Lạng Sơn",,,,,,,1815 - 1851
true,Mai Chí Thọ,Nhân vật lịch sử,Quân sự,"Mai Chí Thọ, tên thật là Phan Đình Đống, sinh tại xã Nam Vân, huyện Nam Trực, tỉnh Nam Định. Ông tham gia cách mạng từ năm 1936 và từng bị thực dân Pháp giam giữ tại nhiều nhà tù. Sau năm 1945, ông giữ nhiều chức vụ trong ngành công an và chính quyền Nam Bộ. Trong thời kỳ sau 1975, ông đảm nhiệm vai trò lãnh đạo tại TP Hồ Chí Minh và Bộ Nội vụ. Năm 1989, ông được phong quân hàm Đại tướng, trở thành người đầu tiên trong lực lượng Công an Nhân dân Việt Nam đạt cấp bậc này. Ông là em trai của Lê Đức Thọ và Đinh Đức Thiện.","Quân nhân, chính khách",,Cách mạng & kháng chiến,"Đại tướng Công an Nhân dân Việt Nam; Bộ trưởng Bộ Nội vụ (nay là Bộ Công an); Ủy viên Bộ Chính trị khóa VI; Ủy viên Trung ương Đảng khóa IV, V, VI; Bí thư Thành ủy TP Hồ Chí Minh; Chủ tịch UBND TP Hồ Chí Minh; Đại biểu Quốc hội khóa VII, VIII",,,,,,,15/7/1922 - 28/5/2007
false,Mai Dịch,Địa danh,,,,,,,,,,,,,
false,Mai Động,Địa danh,,,,,,,,,,Kẻ Mơ,,,
true,Mai Hắc Đế,Nhân vật lịch sử,Cách mạng,"Mai Hắc Đế, tên thật là Mai Thúc Loan, sinh tại làng Ngọc Trừng, huyện Sa Nam, châu Hoan (nay thuộc huyện Nam Đàn, tỉnh Nghệ An). Ông xuất thân từ tầng lớp lao động, từng làm nghề săn bắn và nổi tiếng khỏe mạnh, giỏi vật. Năm 722, ông lãnh đạo cuộc khởi nghĩa chống ách đô hộ của nhà Đường, tập hợp lực lượng từ 32 châu và xây dựng căn cứ tại thành Vạn An bên sông Lam. Sau khi giành được quyền kiểm soát vùng rộng lớn, ông xưng là Hoàng đế nước Vạn Xuân. Cuộc khởi nghĩa bị đàn áp năm 723, ông mất tại núi Đụn.","Thủ lĩnh khởi nghĩa, quân nhân",,Bắc Thuộc & khởi nghĩa,Hoàng đế nước Vạn Xuân (tự xưng); Lãnh đạo cuộc khởi nghĩa chống nhà Đường,,,,,,,670 - 19/10/723
false,Mai Hương,Di tích,,,,,,,,,,,,,
false,Mai Lĩnh,Địa danh,,,,,,,,,,,,,
false,Mai Phúc,Địa danh,,,,,,,,,,,,,
true,Mai Xuân Thưởng,Nhân vật lịch sử,Cách mạng,"Mai Xuân Thưởng, tên húy là Mai Văn Siêu, sinh tại thôn Phú Lạc, xã Bình Thành, huyện Tuy Viễn (nay là huyện Tây Sơn), tỉnh Bình Định. Ông xuất thân trong một gia đình khoa bảng, cha là Mai Xuân Tín từng làm Bố chính tỉnh Cao Bằng. Năm 1878, ông đỗ tú tài, đến năm 1885 đỗ cử nhân. Sau khi vua Hàm Nghi ban chiếu Cần Vương, ông trở về quê chiêu mộ nghĩa sĩ, lập căn cứ tại Hòn Sưng và tham gia lãnh đạo phong trào kháng Pháp ở Bình Định. Sau khi Đào Doãn Địch qua đời, ông được suy tôn làm Nguyên soái nghĩa quân. Cuộc khởi nghĩa kéo dài đến năm 1887 thì bị đàn áp, ông bị bắt và xử trảm tại Gò Chàm, Bình Định.","Nhà cách mạng, sĩ phu",,Nhà Nguyễn & Pháp thuộc,Tán tương quân vụ; Nguyên soái nghĩa quân phong trào Cần Vương tại Bình Định,,,,,,,1860 - 7/6/1887
false,Mậu Lương,Địa danh,,"Làng Mậu Lương nằm ven sông Nhuệ, nay thuộc phường Kiến Hưng, quận Hà Đông, Hà Nội. Xưa kia, làng thuộc xã Trung Thanh Oai, tổng Thượng Thanh Oai, phủ Ứng Thiên, trấn Sơn Nam Thượng. Theo truyền thuyết, hai vị thành hoàng làng – Chàng Vàng và Đô Hồ – vốn là tiên đồng giáng trần, sau theo học Tản Viên Sơn Thánh, rồi trở về Mậu Lương truyền dạy dân nghề nông, nuôi tằm, dệt vải. Miếu Mậu Lương được lập để thờ hai ông cùng Lê triều Linh Hiển Hoàng hậu, được sắc phong Thượng đẳng phúc thần. Miếu được xếp hạng di tích quốc gia năm 1988. Làng là một trong những làng cổ tiêu biểu của vùng Hà Đông, mang đậm dấu ấn văn hóa dân gian Bắc Bộ.",,"Trồng lúa, nuôi tằm, dệt vải",,,,,"Lễ hội miếu Mậu Lương vào ngày 25 tháng Hai âm lịch; Tục thờ Chàng Vàng Đại Vương, Đô Hồ Đại Vương và Lê triều Linh Hiển Hoàng hậu; Rước kiệu hồi cung từ đình về miếu; Tế lễ rằm tháng Giêng cầu an",,,,
true,Mễ Trì,Địa danh,,"Mễ Trì là tên một ngôi làng cổ ở phía Tây Nam Hà Nội. Làng trước thuộc tổng Dịch Vọng, huyện Từ Liêm, phủ Hoài Đức, tỉnh Hà Nội; nay phố Mễ Trì thuộc phường Từ Liêm, còn phố Hồ Mễ Trì thuộc phường Đại Mỗ. Làng có tên Nôm là Kẻ Mẩy, có tên cũ là Anh Sơn. Tên Mễ Trì có nghĩa là ""ao gạo"", do khu vực này có đầm lớn, trồng giống lúa tám thơm, từng được tiến vua và ban tên làng. Dân gian có câu ""Cốm Vòng, gạo Tám Mễ Trì/ Tương Bần, húng Láng, còn gì ngon hơn"". Làng nổi tiếng với việc làm cốm. Tới đầu triều Nguyễn, làng tách ra thành hai thôn Thượng và Hạ. Hai đình Mễ Trì Thượng và Mễ Trì Hạ thờ Cao Sơn đại vương - Quý Minh đại vương, cùng Lý Bí (vua Lý Nam Đế), Diêm La Thiên tử Lý Phật Tử và nhiều nhân vật khác.",,"Trồng lúa tám thơm, làm cốm",,,,,,Kẻ Mẩy,Anh Sơn,,
true,Mễ Trì Hạ,Địa danh,,"Mễ Trì Hạ là tên một thôn cổ ở phía Tây Nam Hà Nội. Làng trước thuộc tổng Dịch Vọng, huyện Từ Liêm, phủ Hoài Đức, tỉnh Hà Nội; nay phố Mễ Trì Hạ thuộc phường Từ Liêm. Làng có tên Nôm là Kẻ Mẩy, có tên cũ là Anh Sơn. Tên Mễ Trì có nghĩa là ""ao gạo"", do khu vực này có đầm lớn, trồng giống lúa tám thơm, từng được tiến vua và ban tên làng. Dân gian có câu ""Cốm Vòng, gạo Tám Mễ Trì/ Tương Bần, húng Láng, còn gì ngon hơn"". Làng nổi tiếng với việc làm cốm. Tới đầu triều Nguyễn, làng Mễ Trì tách thành hai thôn Thượng và Hạ. Đình làng thờ Cao Sơn đại vương - Quý Minh đại vương, cùng Lý Bí (vua Lý Nam Đế), Diêm La Thiên tử Lý Phật Tử và nhiều nhân vật khác.",,"Trồng lúa tám thơm, làm cốm",,,,,,Kẻ Mẩy,Anh Sơn,,
true,Mễ Trì Thượng,Địa danh,,"Mễ Trì Thượng là tên một thôn cổ ở phía Tây Nam Hà Nội. Làng trước thuộc tổng Dịch Vọng, huyện Từ Liêm, phủ Hoài Đức, tỉnh Hà Nội; nay phố Mễ Trì Thượng thuộc phường Từ Liêm. Làng có tên Nôm là Kẻ Mẩy, có tên cũ là Anh Sơn. Tên Mễ Trì có nghĩa là ""ao gạo"", do khu vực này có đầm lớn, trồng giống lúa tám thơm, từng được tiến vua và ban tên làng. Dân gian có câu ""Cốm Vòng, gạo Tám Mễ Trì/ Tương Bần, húng Láng, còn gì ngon hơn"". Làng nổi tiếng với việc làm cốm. Tới đầu triều Nguyễn, làng Mễ Trì tách thành hai thôn Thượng và Hạ. Đình làng thờ Cao Sơn đại vương - Quý Minh đại vương, cùng Lý Bí (vua Lý Nam Đế), Diêm La Thiên tử Lý Phật Tử và nhiều nhân vật khác.",,"Trồng lúa tám thơm, làm cốm",,,,,,Kẻ Mẩy,Anh Sơn,,
,Miếu Chợ,,,,,,,,,,,,,,
false,Miếu Đầm,Di tích,,,,,,,,,,,,,
false,Miêu Nha,Địa danh,,,,,,,,,,,,,
true,Minh Khai,Nhân vật lịch sử,Cách mạng,"Nguyễn Thị Minh Khai, tên khai sinh là Nguyễn Thị Vịnh, sinh tại xã Vĩnh Yên, thành phố Vinh, tỉnh Nghệ An. Bà xuất thân trong một gia đình công chức nhỏ, sớm tiếp xúc với tư tưởng yêu nước và tham gia hoạt động cách mạng từ năm 1927. Sau khi gia nhập Đảng Cộng sản Đông Dương năm 1930, bà được cử sang Hương Cảng làm việc tại Văn phòng Đông Phương bộ của Quốc tế Cộng sản, rồi trở thành đại biểu dự Đại hội VII Quốc tế Cộng sản tại Moskva. Năm 1936, bà về nước, giữ chức Bí thư Thành ủy Sài Gòn – Chợ Lớn và lãnh đạo cao trào cách mạng tại Nam Kỳ. Sau khi bị bắt năm 1940, bà bị xử bắn tại Ngã ba Giồng, Hóc Môn vào năm 1941.",Nhà cách mạng,,Nhà Nguyễn & Pháp thuộc,Bí thư Thành ủy Sài Gòn – Chợ Lớn; Đại biểu dự Đại hội VII Quốc tế Cộng sản; Cán bộ Văn phòng Đông Phương bộ của Quốc tế Cộng sản,,Vợ của Lê Hồng Phong,,,,,1/11/1910 - 28/8/1941
false,Minh Tảo,Địa danh,,,,,,,,,,,,,
false,Mộ Lao,Địa danh,,,,,,,,,,,,,
false,Mọc,Địa danh,,"Kẻ Mọc là một vùng đất ở phía Tây Nam Hà Nội, bao gồm các làng Thượng Đình, Hạ Đình, Cự Lộc, Chính Kinh, Giáp Nhất và Quan Nhân. Vùng này trước đây có rừng, tên chữ của vùng này là Mộc Cự, sau đổi thành Nhân Mục. Sau này do dân đông nên chia thành hai xã là Nhân Mục Cựu và Nhân Mục Môn. Nhân Mục Cựu sau này thành hai làng là Thượng Đình và Hạ Đình, còn Nhân Mục Môn sau này thành các làng Cự Lộc, Chính Kinh, Giáp Nhất và Quan Nhân.",,,,,,,Hội cờ người; Lễ hội làng Mọc tổ chức 5 năm một lần,,"Mộc Cự, Nhân Mục, Nhân Mục Môn, Nhân Mục Cựu",,
false,Mỹ Đình,Địa danh,,,,,,,,,,,,,
true,Nam Cao,Nhân vật lịch sử,Văn hoá - nghệ thuật,"Nam Cao, tên thật là Trần Hữu Tri, là một trong những cây bút hiện thực xuất sắc của văn học Việt Nam thế kỷ XX. Ông sinh tại làng Đại Hoàng, huyện Lý Nhân, tỉnh Hà Nam. Trước Cách mạng tháng Tám, ông nổi bật với các truyện ngắn như “Chí Phèo”, “Lão Hạc”, “Đôi mắt”, phản ánh sâu sắc số phận người nghèo và người trí thức trong xã hội cũ. Sau Cách mạng, ông tham gia kháng chiến, làm công tác văn nghệ và hy sinh trong một chuyến công tác tại vùng địch hậu năm 1951.","Nhà văn, nhà báo",,Nhà Nguyễn & Pháp thuộc,,,,,,,,29/10/1915 - 30/11/1951
true,Nam Đồng,Địa danh,,"Nam Đồng là tên một làng cổ ở phía Tây Nam Hà Nội. Nam Đồng trước thuộc tổng Hạ, huyện Vĩnh Thuận, phủ Hoài Đức, tới năm 1954 thuộc 4 quận nội thành, nay phố Nam Đồng là ranh giới giữa hai phường Đống Đa và phường Kim Liên. Làng Nam Đồng bắt đầu từ Cống Đá (cống bắc qua sông Lừ trên đường Hà Nội - Hà Đông - nay là khoảng vị trí phố Nguyễn Lương Bằng giao với Trần Hữu Tước) ở phía Bắc, phía Nam giáp làng Khương Thượng, phía Đông giáp sông Lừ, phía Tây giáp làng Thịnh Quang. Làng Nam Đồng vốn ít dân, lại còn bị cắt đất để lập ấp Thái Hà và lấy đất mở rộng đường Hà Nội - Hà Đông (nay là phố Nguyễn Lương Bằng). Đình làng Nam Đồng ở số 73 phố Nguyễn Lương Bằng, thờ Lý Thường Kiệt. Hội làng tổ chức vào mồng 7 tháng hai.",,,,,,,,,,,
true,Nam Dư,Địa danh,,"Nam Dư là tên một ngôi làng cổ ở phía Đông Nam Hà Nội. Làng trước đây thuộc xã Nam Dư, tổng Thanh Trì, huyện Thanh Trì, sau thuộc xã Lĩnh Nam, huyện Thanh Trì. Nay phố Nam Dư thuộc hai phường Hoàng Mai và Vĩnh Hưng. Làng nổi tiếng với lễ hội rước nước (cấp thuỷ) diễn ra cùng với làng Thuý Lĩnh vào ngày 6 tháng Giêng hàng năm. Đình làng Nam Dư Hạ thờ ba vị thành hoàng, là Tam Đầu Cửu Vĩ Long Vương, Thái uý Nguyễn Xí và Lê Gia Hoàng Thái Hậu.",,"Trồng mía nấu mật, trồng dâu nuôi tằm",,,,,Lễ hội rước nước (cấp thuỷ) diễn ra cùng với làng Thuý Lĩnh vào mồng 6 tháng Giêng hàng năm,Kẻ Dựa,,,
false,Nam Đuống,Khác,,,,,,,,,,,,,
,Nam Hồng,,,,,,,,,,,,,,
false,Nam Lai,Địa danh,,,,,,,,,,,,,
false,Nam Ngư,Địa danh,,,,,,,,,,,,,
,Nam Phú,,,,,,,,,,,,,,
true,Nam Sơn,Nhân vật lịch sử,Văn hoá - nghệ thuật,"Nam Sơn, tên thật Nguyễn Vạn Thọ, sinh tại Hà Nội, quê gốc ở huyện Yên Lạc, tỉnh Vĩnh Phúc. Ông là một trong những họa sĩ đầu tiên của nền mỹ thuật hiện đại Việt Nam. Năm 1925, ông cùng họa sĩ Victor Tardieu người Pháp sáng lập Trường Cao đẳng Mỹ thuật Đông Dương, nơi đào tạo nhiều thế hệ họa sĩ nổi tiếng. Trong thời gian Nhật đảo chính Pháp năm 1945, ông được giao quyền quản lý trường với tư cách Hiệu trưởng. Ngoài giảng dạy, ông còn sáng tác nhiều tranh minh họa cho sách giáo khoa và tạp chí, góp phần định hình phong cách hội họa giao thoa giữa truyền thống và hiện đại.","Họa sĩ, giảng viên mỹ thuật",,Cách mạng & kháng chiến,Đồng sáng lập Trường Cao đẳng Mỹ thuật Đông Dương; Giáo sư chuyên ngành Đồ họa và Trang trí; Quyền Hiệu trưởng Trường Mỹ thuật Đông Dương (1945),,,,,,,15/2/1890 - 26/1/1973
false,Nam Tràng,Địa danh,,,,,,,,,,,,,
true,Ngã tư Sở,Địa danh,,"Ngã tư Sở là một ngã tên được đặt theo tên là một làng gần đó. Ngã tư Sở được xây ở khu vực làng Thịnh Quang Sở. Làng trước đây thuộc tổng Hạ, huyện Vĩnh Thuận, nay Ngã tư Sở là ranh giới giữa hai phường Đống Đa và Ô Chợ Dừa. Dân làng vốn từ làng Sở (nay thuộc phường Chương Mỹ, Hà Nội) ra Thăng Long kiếm sống, rồi lấy tên cũ đặt cho làng, gọi là làng Thịnh Quang Sở. Ngã tư Sở là một nút giao giữa đường Vành đai 2 và đường hướng tâm, đi từ phía Hà Nội về các tỉnh phía Tây Nam.",,,,,,,,,,,
false,Nghi Tàm,Địa danh,,"Nghi Tàm là tên một làng cổ ở phía Bắc Hà Nội. Làng thuộc tổng Thượng, huyện Vĩnh Thuận, nay là ranh giới giữa hai phường Tây Hồ và Hồng Hà. Làng gồm 4 xóm là Hoa Mỹ, Lê Viên, Yên Hoà và Làng Dâu. Từ Hoa công chúa là con gái vua Lý Thần Tông xin cho lập một trại tằm tang ở khu vực này, sau đó dạy dân làng nuôi dâu tằm",,"Dệt lưới, nuôi dâu tằm, trồng cây cảnh, trồng hoa, trồng cây thế",,,,,,,"Tích Ma, Tằm Tang",,
,Nghĩa Bình,,,,,,,,,,,,,,
false,Nghĩa Đô,Địa danh,,,,,,,,,,,,,
false,Nghĩa Dũng,Địa danh,,,,,,,,,,,,,
,Nghĩa Lộ,,,,,,,,,,,,,,
true,Nghĩa Tân,Địa danh,,"Nghĩa Tân là một địa danh ở phía Tây Hà Nội. Đây là một địa danh mới, các khu tập thể và phố Nghĩa Tân được xây trên cánh đồng của xã Nghĩa Đô. Năm 1982, xã Nghĩa Đô và khu tập thể tách ra, thành lập thị trấn Nghĩa Đô, huyện Từ Liêm, nhưng do ngày càng phát triển và lấn sang đất của Dịch Vọng nên chia thành hai thị trấn là Nghĩa Đô và Nghĩa Tân, cùng thuộc huyện Từ Liêm. Tháng 10/1997, thành phố thành lập quận Cầu Giấy, cả hai thành phường của quận mới.",,,,,,,,,,,
true,Nghiêm Xuân Yêm,Nhân vật lịch sử,Kỹ thuật,"Nghiêm Xuân Yêm sinh tại làng Tây Mỗ, huyện Từ Liêm, tỉnh Hà Đông (nay thuộc quận Nam Từ Liêm, Hà Nội). Ông tốt nghiệp thủ khoa khóa đầu tiên Trường Cao đẳng Nông Lâm Hà Nội và từng giảng dạy tại Trường Thăng Long. Sau năm 1941, ông từ chối làm việc cho chính quyền thuộc địa và lên Thái Nguyên lập đồn điền. Ông tham gia sáng lập Đảng Dân chủ Việt Nam và hoạt động trong Mặt trận Việt Minh. Trong sự nghiệp chính trị, ông giữ nhiều chức vụ quan trọng trong ngành nông nghiệp, có đóng góp lớn trong cải cách ruộng đất, phát triển nông trường quốc doanh và khoa học kỹ thuật nông nghiệp. Ông được trao Huân chương Sao vàng và tên ông được đặt cho một tuyến đường tại Hà Nội.","Kỹ sư nông nghiệp, chính khách",,Cách mạng & kháng chiến,Bộ trưởng Bộ Canh nông; Bộ trưởng Bộ Nông lâm; Bộ trưởng Bộ Nông nghiệp; Bộ trưởng Bộ Nông trường; Phó Chủ nhiệm thường trực Ủy ban Nông nghiệp Trung ương; Bộ trưởng phụ trách Khoa học và Kỹ thuật Nông nghiệp; Tổng Thư ký Đảng Dân chủ Việt Nam; Phó Chủ tịch Quốc hội khóa VII; Đại biểu Quốc hội khóa I đến VII; Ủy viên Đoàn Chủ tịch Ủy ban Trung ương Mặt trận Tổ quốc Việt Nam khóa I đến III,,,,,,,10/3/1913 - 2001
true,Ngô Đình Mẫn,Nhân vật lịch sử,Cách mạng,"Ngô Đình Mẫn sinh tại làng La Khê Tây, huyện Hoài Đức, tỉnh Hà Đông (nay thuộc quận Hà Đông, Hà Nội). Ông xuất thân trong một gia đình khoa bảng, từng học tại Trường Kỹ nghệ thực hành và làm việc tại hãng sửa chữa ô tô Aviat ở Hà Nội. Năm 1926, ông gia nhập Tân Việt Cách mạng Đảng, sau đó trở thành ủy viên Kỳ bộ Bắc Kỳ. Tháng 12 năm 1929, ông là đại biểu duy nhất của Bắc Kỳ tham dự hội nghị thành lập Đông Dương Cộng sản Liên đoàn. Sau khi tổ chức này sáp nhập vào Đảng Cộng sản Việt Nam, ông tiếp tục hoạt động cách mạng, phụ trách công tác tài chính và chỉ đạo phong trào tại Hải Phòng. Năm 1931, ông bị bắt và bị kết án khổ sai chung thân, lưu đày tại nhà tù Sơn La, nơi ông mất năm 1933. Năm 1988, ông được công nhận là liệt sĩ tiền bối cách mạng. Tên ông được đặt cho một tuyến phố ở gần quê hương ông để tưởng nhớ công lao.",Nhà cách mạng,,Nhà Nguyễn & Pháp thuộc,Ủy viên Kỳ bộ Bắc Kỳ Tân Việt Cách mạng Đảng; Xứ ủy viên Xứ ủy Bắc Kỳ Đảng Cộng sản Việt Nam,,,,,,,1905 - 1933
true,Ngô Gia Khảm,Nhân vật lịch sử,Kỹ thuật,"Ngô Gia Khảm sinh tại xã Tam Sơn, thị xã Từ Sơn, tỉnh Bắc Ninh. Ông tham gia hoạt động cách mạng từ năm 1928 và bị bắt giam trong thời kỳ thực dân Pháp. Sau khi ra tù, ông trở thành một trong những người đầu tiên xây dựng Xưởng Quân giới tại chiến khu Việt Bắc, chế tạo thành công lựu đạn và thuốc nổ phục vụ kháng chiến. Trong quá trình lao động, ông nhiều lần bị thương nhưng vẫn tiếp tục công việc. Sau năm 1954, ông giữ vai trò lãnh đạo tại Nhà máy Toa xe lửa Gia Lâm, đóng góp vào phát triển ngành công nghiệp đường sắt. Năm 1952, ông được Nhà nước phong tặng danh hiệu Anh hùng Lao động. Tên ông được đặt cho một con đường dẫn vào Nhà máy Xe lửa Gia Lâm để tri ân.","Công nhân quân giới, nhà quản lý công nghiệp",,Cách mạng & kháng chiến,"Giám đốc kiêm Bí thư Đảng ủy Nhà máy Toa xe lửa Gia Lâm, Trưởng ban Thanh tra Bộ Giao thông Vận tải",,,,,,,19/9/1912 - 1990
true,Ngô Gia Tự,Nhân vật lịch sử,Cách mạng,"Ngô Gia Tự sinh tại thôn Tam Sơn, huyện Từ Sơn, tỉnh Bắc Ninh, trong một gia đình nho học. Ông tham gia Hội Việt Nam Cách mạng Thanh niên từ năm 1926 và được cử sang Quảng Châu dự lớp huấn luyện do Nguyễn Ái Quốc tổ chức. Sau khi trở về, ông xây dựng cơ sở cách mạng tại Bắc Ninh – Bắc Giang, rồi trở thành Bí thư Tỉnh bộ và sau đó là Ủy viên Kỳ bộ Bắc Kỳ. Năm 1929, ông là một trong những người đề xuất thành lập Đảng Cộng sản Việt Nam. Sau khi Đảng ra đời, ông được cử làm Bí thư Xứ ủy lâm thời Nam Kỳ. Năm 1930, ông bị bắt tại Sài Gòn, đày ra Côn Đảo và mất tích trong một cuộc vượt ngục năm 1935.",Nhà cách mạng,,Nhà Nguyễn & Pháp thuộc,Bí thư Tỉnh bộ Việt Nam Cách mạng Thanh niên Bắc Ninh – Bắc Giang; Ủy viên Kỳ bộ Bắc Kỳ Việt Nam Cách mạng Thanh niên; Bí thư Xứ ủy lâm thời Đảng bộ Nam Kỳ,,,,,,,3/12/1908 - 1935
true,Ngô Huy Quỳnh,Nhân vật lịch sử,Kỹ thuật,"Ngô Huy Quỳnh sinh tại thôn Ngọc Lập, xã Phùng Chí Kiên, huyện Mỹ Hào, tỉnh Hưng Yên. Ông tốt nghiệp Trường Cao đẳng Mỹ thuật Đông Dương và là một trong những kiến trúc sư đầu tiên của Việt Nam được đào tạo bài bản. Năm 1945, ông thiết kế và chỉ đạo thi công Lễ đài Độc lập tại Quảng trường Ba Đình. Sau đó, ông tham gia kháng chiến tại Việt Bắc và góp phần thành lập Đoàn Kiến trúc sư Việt Nam. Ông chủ trì đồ án quy hoạch Thủ đô Hà Nội, thiết kế tiểu khu Kim Liên và tham gia xây dựng các công trình như Quảng trường Ba Đình, phương án Lăng Chủ tịch Hồ Chí Minh. Ngoài ra, ông còn giảng dạy và viết nhiều giáo trình chuyên ngành, đào tạo nhiều thế hệ kiến trúc sư cho đất nước.","Kiến trúc sư, giáo sư",,Cách mạng & kháng chiến,"Giáo sư ngành kiến trúc, thành viên sáng lập Đoàn Kiến trúc sư Việt Nam, cán bộ Bộ Kiến trúc, giảng viên Đại học Bách khoa Hà Nội và Đại học Kiến trúc Hà Nội",,,,,,,15/5/1920 - 2003
true,Ngô Quyền,Nhân vật lịch sử,Phong kiến,"Ngô Quyền sinh tại thôn Cam Lâm, xã Đường Lâm, thị xã Sơn Tây, Hà Nội. Ông xuất thân từ dòng họ hào trưởng, từng giữ chức Tiết độ sứ Tĩnh Hải quân sau khi đánh bại Kiều Công Tiễn. Năm 938, ông chỉ huy trận Bạch Đằng, đánh bại quân Nam Hán do Hoằng Thao chỉ huy, chấm dứt gần một nghìn năm Bắc thuộc. Năm 939, ông xưng vương, đóng đô tại Cổ Loa, mở đầu thời kỳ độc lập tự chủ của Việt Nam dưới triều Ngô. Ông mất năm 944, được sử sách ghi nhận là người đặt nền móng cho nhà nước phong kiến độc lập đầu tiên sau thời Bắc thuộc.","Tướng lĩnh quân sự, vua",,Bắc Thuộc & khởi nghĩa,Tiết độ sứ Tĩnh Hải quân; Ngô Vương (Tiền Ngô Vương),,Con rể của Dương Đình Nghệ,,,,,17/4/898 - 14/2/944
true,Ngô Sĩ Liên,Nhân vật lịch sử,Quan chức,"Ngô Sĩ Liên sinh tại làng Chúc Lý, huyện Chương Đức (nay thuộc huyện Chương Mỹ, Hà Nội). Ông đỗ tiến sĩ khoa Nhâm Tuất (1442) dưới triều Lê Thái Tông và từng giữ nhiều chức vụ quan trọng trong triều đình nhà Lê. Ông là tác giả chính của bộ Đại Việt sử ký toàn thư, công trình sử học lớn gồm 15 quyển, ghi chép lịch sử Việt Nam từ thời Hồng Bàng đến năm 1428. Bộ sử này được biên soạn theo lệnh vua Lê Thánh Tông và là tài liệu nền tảng cho các công trình sử học sau này. Ông từng tham gia khởi nghĩa Lam Sơn với vai trò thư ký và có đóng góp trong hoạt động ngoại giao thời kỳ đầu kháng chiến chống Minh.","Sử gia, chính trị gia",,Nhà Hậu Lê,"Đô ngự sử, Lễ bộ Hữu thị lang, Triều liệt đại phu kiêm Quốc Tử Giám Tư nghiệp, Sử quan tu soạn",,,,,,, - 
true,Ngô Tất Tố,Nhân vật lịch sử,Văn hoá - nghệ thuật,"Ngô Tất Tố sinh tại làng Lộc Hà, phủ Từ Sơn, tỉnh Bắc Ninh (nay thuộc huyện Đông Anh, Hà Nội). Ông là một trong những cây bút tiêu biểu của văn học hiện thực phê phán giai đoạn trước 1945. Tác phẩm nổi bật của ông gồm “Tắt đèn”, “Lều chõng”, “Việc làng”, phản ánh sâu sắc đời sống nông dân dưới chế độ phong kiến. Ngoài sáng tác, ông còn hoạt động báo chí với nhiều bút danh khác nhau và tham gia công tác văn hóa trong kháng chiến chống Pháp. Sau năm 1945, ông tiếp tục viết và giữ vai trò trong các tổ chức văn nghệ kháng chiến.","Nhà văn, nhà báo, dịch giả, nhà nghiên cứu",,Nhà Nguyễn & Pháp thuộc,Ủy viên Ban chấp hành Hội Văn nghệ Việt Nam; Chi hội trưởng Chi hội Văn nghệ Việt Bắc; Hội viên Hội Văn hóa cứu quốc,,,,,,,1893 - 20/4/1954
true,Ngô Thì Nhậm,Nhân vật lịch sử,Văn hoá - nghệ thuật,"Ngô Thì Nhậm sinh tại làng Tả Thanh Oai, huyện Thanh Oai, tỉnh Hà Tây (nay thuộc huyện Thanh Trì, Hà Nội), trong một gia đình có truyền thống văn học. Ông đỗ tiến sĩ năm 1775, từng làm quan dưới triều Lê – Trịnh, sau đó về ở ẩn và viết sách. Khi Tây Sơn ra Bắc, ông cộng tác với Nguyễn Huệ, giữ chức Thượng thư và tham gia biên soạn nhiều văn kiện chính trị. Ông có nhiều công trình văn học và lịch sử như “Hải Đông chí lược”, “Xuân Thu quản kiến”, “Viên văn tập”. Về cuối đời, ông xuất gia, lấy pháp hiệu Hải Lượng thiền sư.","Nhà văn, nhà thơ, quan lại, tu sĩ Phật giáo",,Nhà Tây Sơn,Hiến sát phó sứ Hải Dương; Giám sát ngự sử đạo Sơn Nam; Đốc đồng Kinh Bắc và Thái Nguyên; Công bộ Hữu thị lang; Thượng thư Bộ Lại và Bộ Binh triều Tây Sơn; Tĩnh phái hầu,,Con của Ngô Thì Sỹ,,,,,25/10/1746 - 1803
true,Ngô Thì Sỹ,Nhân vật lịch sử,Văn hoá - nghệ thuật,"Ngô Thì Sỹ, tự Thế Lộc, hiệu Ngọ Phong, là một học giả lớn thời Lê trung hưng. Ông sinh tại làng Tả Thanh Oai, trấn Sơn Nam (nay thuộc huyện Thanh Trì, Hà Nội), trong một gia đình Nho học nổi tiếng. Ông từng giữ nhiều chức vụ quan trọng trong triều đình như Hiến sát sứ, Tham chính và Đốc trấn, đồng thời là người sáng lập Ngô gia văn phái. Ông để lại nhiều tác phẩm sử học có giá trị như Việt sử tiêu án, Đại Việt sử ký tiền biên, và tham gia biên soạn Hoàng Lê nhất thống chí. Trong thời gian làm quan tại Lạng Sơn, ông có công khai thác động Nhị Thanh, biến nơi này thành thắng tích văn hóa.","Nhà sử học, nhà thơ, quan lại",,Phân tranh,"Hiến sát sứ Thanh Hóa, Tham chính Nghệ An, Đốc trấn Lạng Sơn",,Cha của Ngô Thì Nhậm,,,,,15/10/1726 - 22/10/1780
true,Ngô Văn Sở,Nhân vật lịch sử,Quân sự,"Ngô Văn Sở là một danh tướng của triều Tây Sơn, quê ở Bình Khê, Quy Nhơn (nay thuộc huyện Tây Sơn, tỉnh Bình Định). Ông tham gia khởi nghĩa Tây Sơn từ những ngày đầu và lập nhiều chiến công lớn, đặc biệt trong chiến dịch đánh bại quân Thanh năm 1789. Sau chiến thắng, ông được giao trấn giữ Bắc Hà và giữ chức Trấn thủ Thăng Long. Dưới thời vua Cảnh Thịnh, ông được phong Đại đổng lý, tiếp tục đảm nhiệm các công việc quân sự và hành chính tại miền Bắc.",Tướng lĩnh quân đội,,Nhà Tây Sơn,Đại tư mã; Đại đổng lý; Trấn thủ Thăng Long; tước Ích Quốc công,,,,,,, - 1795
true,Ngô Viết Thụ,Nhân vật lịch sử,Kỹ thuật,"Ngô Viết Thụ sinh tại làng Lang Xá, xã Thủy Thanh, thị xã Hương Thủy, tỉnh Thừa Thiên Huế. Ông là người Việt Nam đầu tiên đoạt giải Khôi nguyên La Mã về kiến trúc tại Pháp năm 1955, một giải thưởng danh giá quốc tế. Sau khi về nước, ông thiết kế nhiều công trình tiêu biểu như Dinh Độc Lập, Nhà thờ Phủ Cam, Chợ Đà Lạt, Trường Đại học Sư phạm Huế và Trường Đại học Y khoa Sài Gòn. Các thiết kế của ông kết hợp hài hòa giữa kiến trúc hiện đại và yếu tố truyền thống, có ảnh hưởng lớn đến quy hoạch đô thị Việt Nam giai đoạn giữa thế kỷ XX.",Kiến trúc sư,,Cách mạng & kháng chiến,Khôi nguyên La Mã ngành kiến trúc; Viện sĩ Danh dự Viện Kiến trúc Hoa Kỳ; Kiến trúc sư trưởng Dinh Độc Lập; Chủ nhiệm Văn phòng Tư vấn Kiến trúc và Chỉnh trang lãnh thổ Sài Gòn,,,,,,,17/9/1926 - 9/3/2000
false,Ngoạ Long,Địa danh,,"Ngọa Long là một làng cổ thuộc phường Phúc Diễn, quận Bắc Từ Liêm, Hà Nội, nằm trong vùng Kẻ Diễn xưa. Tên làng mang ý nghĩa “rồng nằm”, gợi liên tưởng đến sự tích Gia Cát Lượng thời Tam Quốc, biểu tượng cho trí tuệ tiềm ẩn. Làng có truyền thống nghề phụ như hàn nồi đồng, buôn bán lông gà lông vịt và đồng nát, từng là nguồn sống chính của nhiều hộ dân. Đình làng thờ Đức Thánh Tam Giang – vị tướng thủy quân thời Hùng Vương, cùng các vị thần bản thổ. Vị trí làng nằm gần đường Hồ Tùng Mậu, là một trong những điểm dân cư lâu đời phía Tây kinh thành Thăng Long, góp phần vào tiến trình đô thị hóa hiện đại của Hà Nội.",,"Hàn nồi đồng, buôn bán lông gà lông vịt, đồng nát",,,,,,Kẻ Diễn,,,
true,Ngọc Hà,Địa danh,,"Ngọc Hà là tên một làng cổ ở phía Tây Hà Nội. Làng trước thuộc tổng Nội, huyện Vĩnh Thuận, nay phố Ngọc Hà thuộc phường Ba Đình. Làng thuộc hệ thống Thập tam trại của kinh thành Thăng Long. Hai làng Ngọc Hà và Hữu Tiệp nổi tiếng với nghề trồng hoa, cung cấp hoa cho Thăng Long và các vùng lân cận, nên hai làng này được gọi là Trại Hàng Hoa.",,"Trồng hoa màu, đặc biệt là rau xanh và hoa cúc",,,,,,,,,
false,Ngọc Hồi,Địa danh,,,,,,,,,,,,,
false,Ngọc Khánh,Địa danh,,,,,,,,,,,Bảo Khánh,,
false,Ngọc Lâm,Địa danh,,,,,,,,,,,,,
,Ngọc Sơn,,,,,,,,,,,,,,
false,Ngọc Thuỵ,Địa danh,,"Ngọc Thuỵ là tên một làng cổ nằm ở tả ngạn sông Hồng, trước đây thuộc tổng Gia Thuỵ, huyện Gia Lâm, phủ Thuận An, trấn Kinh Bắc, nay thuộc phường Hồng Hà, thành phố Hà Nội",,,,,,,,,,,
false,Ngọc Trì,Không rõ,,,,,,,,,,,,,
false,Ngọc Trục,Địa danh,,,,,,,,,,,,,
false,Ngũ Nhạc,Địa danh,,,,,,,,,,,,,
false,Ngũ Xã,Địa danh,,,,,,,,,,,,,
true,Nguỵ Như Kon Tum,Nhân vật lịch sử,Giáo dục,"Nguỵ Như Kon Tum sinh tại Kon Tum, quê gốc ở xã Minh Hương, huyện Hương Trà, tỉnh Thừa Thiên Huế. Ông học tiểu học tại Huế, trung học tại Trường Bưởi (Hà Nội), sau đó du học tại Pháp và tốt nghiệp cử nhân Vật lý, thạc sĩ Lý–Hóa tại Đại học Paris. Ông từng làm nghiên cứu sinh tại phòng thí nghiệm của Frédéric Joliot-Curie. Sau khi về nước, ông giảng dạy tại nhiều trường trung học và tham gia hoạt động giáo dục, khoa học. Trong kháng chiến chống Pháp, ông giữ nhiều chức vụ trong ngành giáo dục và là người đặt nền móng cho giáo dục đại học Việt Nam. Năm 1956, ông được bổ nhiệm làm Hiệu trưởng đầu tiên của Đại học Tổng hợp Hà Nội. Ông còn tham gia biên soạn sách giáo khoa và từ điển bách khoa, có nhiều đóng góp cho ngành vật lý Việt Nam.","Nhà giáo, nhà khoa học vật lý",,Cách mạng & kháng chiến,Hiệu trưởng đầu tiên Đại học Tổng hợp Hà Nội; Đổng lý Sự vụ Bộ Quốc gia Giáo dục; Tổng Giám đốc Trung học vụ; Giám đốc Trường Sư phạm cao cấp; Chủ tịch Hội Vật lý Việt Nam; Ủy viên Đoàn Chủ tịch Liên hiệp các Hội Khoa học và Kỹ thuật Việt Nam,,,,,,,3/5/1913 - 28/3/1991
true,Nguyễn An Ninh,Nhân vật lịch sử,Cách mạng,"Nguyễn An Ninh sinh tại xã Long Thượng, huyện Cần Giuộc, tỉnh Chợ Lớn (nay thuộc tỉnh Long An), trong một gia đình trí thức Nho học. Ông từng du học tại Đại học Sorbonne (Pháp), tốt nghiệp cử nhân Luật hạng xuất sắc. Sau khi về nước năm 1923, ông sáng lập tờ báo La Cloche Fêlée bằng tiếng Pháp, cổ vũ tư tưởng tiến bộ và phản đối chính quyền thực dân. Ông tham gia nhiều phong trào yêu nước, từng bị bắt giam nhiều lần và cuối cùng hy sinh tại nhà tù Côn Đảo năm 1943. Nguyễn An Ninh được ghi nhận là một trí thức lớn có ảnh hưởng sâu rộng đến phong trào cách mạng Việt Nam đầu thế kỷ XX.",Nhà cách mạng; Nhà báo; Nhà văn; Nhà nghiên cứu tôn giáo,,Nhà Nguyễn & Pháp thuộc,Người sáng lập báo La Cloche Fêlée; Lãnh đạo Thanh niên Cao vọng Đảng,,,,,,,15/9/1900 - 14/8/1943
true,Nguyễn Bá Khoản,Nhân vật lịch sử,Cách mạng,"Nguyễn Bá Khoản sinh tại thôn Liễu Viên, xã Nghiêm Xuyên, huyện Thường Tín, tỉnh Hà Tây (nay thuộc Hà Nội). Ông là một trong những người tiên phong trong lĩnh vực nhiếp ảnh tư liệu tại Việt Nam, ghi lại nhiều sự kiện lịch sử từ thời kỳ Mặt trận Dân chủ Đông Dương, Cách mạng Tháng Tám đến kháng chiến chống Pháp và chống Mỹ. Trong hơn 60 năm cầm máy, ông đã để lại hàng vạn phim và ảnh, nhiều trong số đó được sử dụng trong các bảo tàng và triển lãm lớn. Năm 1996, ông được truy tặng Giải thưởng Hồ Chí Minh về văn học nghệ thuật.",Nghệ sĩ nhiếp ảnh,,Cách mạng & kháng chiến,"Phóng viên các báo Tin tức, Thời Thế, Bạn Dân, Cứu Quốc; Trưởng phái đoàn thanh tra mặt trận Nam Bộ; Chủ tịch Ủy ban hành chính lâm thời huyện Phú Xuyên; Thành viên Ủy ban Quân chính Hà Nội; Phóng viên ảnh Ban Điều tra Tội ác của Đế quốc Mỹ",,,,,,,3/7/1917 - 30/3/1993
true,Nguyễn Bặc,Nhân vật lịch sử,Quan chức,"Nguyễn Bặc quê tại động Hải Nham (nay thuộc xã Ninh Hải, huyện Hoa Lư, tỉnh Ninh Bình). Ông là bạn từ thuở nhỏ và là một trong những tướng lĩnh chủ chốt cùng Đinh Bộ Lĩnh dẹp loạn 12 sứ quân, thống nhất đất nước và lập ra nhà nước Đại Cồ Việt. Năm 970, ông được vua Đinh Tiên Hoàng phong làm Định Quốc công, đứng đầu triều đình về quản lý hành chính và quân sự. Năm 979, sau khi Đinh Tiên Hoàng và Đinh Liễn bị ám hại, ông cùng một số đại thần cất quân chống lại Lê Hoàn nhằm bảo vệ ngai vàng của nhà Đinh nhưng thất bại và bị bắt giết. Ông được hậu thế tôn vinh là một trong những khai quốc công thần tiêu biểu của nhà Đinh.","Đại thần, Nhà quân sự thời Đinh",,Độc lập tự chủ sớm,Định Quốc công,Thủ tướng Chính phủ,Em của Nguyễn Bồ,,,,,924 - 979
true,Nguyễn Biểu,Nhân vật lịch sử,Quan chức,"Nguyễn Biểu sinh tại làng Bình Hồ, huyện La Sơn, trấn Nghệ An (nay thuộc xã Yên Hồ, huyện Đức Thọ, tỉnh Hà Tĩnh). Ông đỗ Thái học sinh cuối thời Trần và giữ chức Điện tiền Ngự sử dưới triều Trùng Quang Đế. Năm 1413, ông được cử đi sứ sang trại quân Minh để giảng hòa, thực hiện kế hoãn binh. Trong buổi tiếp sứ, ông bị tướng Trương Phụ ép ăn đầu người để thị uy, nhưng ông vẫn bình thản ứng đối và ngâm thơ. Sau đó, ông bị giết bằng cách trói vào chân cầu để nước triều dâng nhấn chìm. Ông được nhân dân tôn thờ là Nghĩa vương và nhiều triều đại sau truy phong là Phúc thần.","Quan lại, nhà ngoại giao, nhà thơ",,Nhà Hồ & Minh thuộc,Thái học sinh (Tiến sĩ); Điện tiền Ngự sử triều Hậu Trần; Sứ thần đi sứ nhà Minh,,,,,,,1350 - 1413
true,Nguyễn Bỉnh Khiêm,Nhân vật lịch sử,Văn hoá - nghệ thuật,"Nguyễn Bỉnh Khiêm sinh tại làng Trung Am, huyện Vĩnh Lại, phủ Hạ Hồng, trấn Hải Dương (nay thuộc xã Lý Học, huyện Vĩnh Bảo, TP Hải Phòng). Ông đỗ Trạng nguyên năm 1535, từng làm quan dưới triều Mạc nhưng sau từ quan, về dạy học và viết sách tại Bạch Vân Am. Ông được biết đến với tài tiên tri qua các bài sấm ký, ảnh hưởng đến nhiều nhân vật lịch sử như Nguyễn Hoàng. Tác phẩm tiêu biểu gồm “Bạch Vân am thi tập”, “Sấm Trạng Trình”, và nhiều bài thơ chữ Hán, chữ Nôm. Sau khi mất, ông được nhân dân tôn kính và thờ phụng tại quê nhà.","Nhà thơ, nhà giáo, nhà triết học, quan lại",,Phân tranh,Trạng nguyên triều Mạc; Trình Tuyền hầu; Trình Quốc công; Quốc sư; Tuyết Giang phu tử,,,,,,,13/5/1491 - 28/11/1585
true,Nguyễn Bồ,Nhân vật lịch sử,Quân sự,"Nguyễn Bồ quê tại động Hải Nham (nay thuộc huyện Gia Viễn, tỉnh Ninh Bình). Ông là một trong những tướng lĩnh sớm tham gia vào lực lượng của Đinh Bộ Lĩnh từ căn cứ Hoa Lư, cùng với các em trai là Nguyễn Phặc và Nguyễn Bặc tham gia dẹp loạn 12 sứ quân. Ông kết hôn với công chúa Đinh Thục Nương và được phong chức Phò mã Đô úy. Năm 967, trong chiến dịch tấn công căn cứ Đường Lâm của sứ quân Ngô Xương Xí, Nguyễn Bồ cùng tướng Nguyễn Phặc đã tử trận tại trận địa sông Hoàng Long. Công lao của ông gắn liền với giai đoạn đầu xây dựng lực lượng, bình định các cát cứ để thống nhất đất nước, lập ra triều đại nhà Đinh.",Tướng lĩnh quân sự,,Độc lập tự chủ sớm,"Phò mã Đô úy, Đại tướng quân","Bộ trưởng Bộ Quốc phòng, Đại tướng","Anh rể Đinh Tiên Hoàng, anh của Nguyễn Bặc",,,,, - 967
true,Nguyễn Cảnh Chân,Nhân vật lịch sử,Quan chức,"Nguyễn Cảnh Chân sinh tại Thanh Chương, tỉnh Nghệ An, có tổ tiên gốc từ Đông Triều, Quảng Ninh. Ông đỗ Thái học sinh năm 1384 và từng giữ nhiều chức vụ quan trọng dưới triều Trần và Hồ, như An phủ sứ Hóa Châu và Lộ Thăng Hoa. Sau khi nhà Minh xâm lược, ông tham gia kháng chiến cùng Giản Định Đế, được phong làm Đồng Tri khu mật tham mưu quân sự. Ông bị bắt và mất tại Bắc Kinh năm 1409.","Quan lại, quân nhân, nhà ngoại giao",,Nhà Hồ & Minh thuộc,Tiến sĩ Thái học sinh; Đại tướng; Tham mưu quân sự thuộc Mật viện triều Trần; An phủ sứ Hóa Châu; An phủ sứ Lộ Thăng Hoa; Đồng Tri khu mật tham mưu quân sự triều Hậu Trần,,,,,,,1355 - 1409
true,Nguyễn Cảnh Dị,Nhân vật lịch sử,Quân sự,"Nguyễn Cảnh Dị sinh tại làng Ngọc Sơn, huyện Thanh Chương, tỉnh Nghệ An, là con trai của danh tướng Nguyễn Cảnh Chân. Sau khi cha ông bị Giản Định Đế xử tử, ông cùng Đặng Dung tôn Trần Quý Khoáng lên ngôi, tiếp tục kháng chiến chống quân Minh. Trong nhiều trận đánh, ông cùng các tướng lĩnh như Đặng Dung và Nguyễn Súy gây tổn thất lớn cho quân Minh. Năm 1414, ông bị bắt cùng Trùng Quang Đế và các tướng lĩnh khác. Theo sử sách, khi bị bắt, ông đã mắng Trương Phụ và bị giết.","Quân nhân, quan lại",,Nhà Hồ & Minh thuộc,Thái bảo; Quân sư triều Hậu Trần; Sứ thần đi sứ nhà Minh,,,,,,,1377 - 1414
true,Nguyễn Cao,Nhân vật lịch sử,Cách mạng,"Nguyễn Cao, hiệu Trác Phong, sinh tại làng Cách Bi, huyện Quế Dương, tỉnh Bắc Ninh (nay thuộc huyện Quế Võ, tỉnh Bắc Ninh). Ông đỗ Giải nguyên năm 1867 nhưng không ra làm quan ngay mà mở trường dạy học tại quê. Khi thực dân Pháp xâm lược Bắc Kỳ, ông chiêu mộ nghĩa quân phối hợp chống giặc, từng bị thương trong trận Gia Lâm năm 1883. Sau khi phục hồi, ông tiếp tục lãnh đạo nghĩa quân trong phong trào Cần Vương tại các tỉnh Bắc Ninh, Hưng Yên, Hải Dương. Bị bắt năm 1887, ông cự tuyệt dụ hàng và tự rạch bụng để thể hiện khí tiết. Sau đó, ông bị xử chém tại Hà Nội.","Quan lại, nhà giáo, thủ lĩnh nghĩa quân",,Nhà Nguyễn & Pháp thuộc,Giải nguyên; Tri huyện Yên Dũng; Tri phủ Lạng Giang; Án sát Nam Định; Bố chánh Thái Nguyên; Tán lý quân vụ Bắc Kỳ; Tán tương quân vụ Bắc Kỳ,,,,,,,1828 - 14/4/1887
true,Nguyễn Cao Luyện,Nhân vật lịch sử,Kỹ thuật,"Nguyễn Cao Luyện sinh tại thành phố Nam Định trong một gia đình nhà nho nghèo. Ông tốt nghiệp Trường Cao đẳng Mỹ thuật Đông Dương và từng tu nghiệp tại Pháp với các kiến trúc sư nổi tiếng như Le Corbusier và Auguste Perret. Sau khi về nước, ông mở văn phòng kiến trúc đầu tiên của người Việt tại Hà Nội, thiết kế nhiều công trình như Trường Thăng Long, Bệnh viện 167 Phùng Hưng, biệt thự tại Nguyễn Thái Học và Lý Thường Kiệt. Ông tham gia giảng dạy, sáng lập lớp đào tạo kiến trúc sư tiền thân của Đại học Kiến trúc Hà Nội, và là một trong những người sáng lập Hội Kiến trúc sư Việt Nam. Năm 1996, ông được trao Giải thưởng Hồ Chí Minh về Văn học – Nghệ thuật.","Kiến trúc sư, nhà báo, đại biểu Quốc hội",,Cách mạng & kháng chiến,"Thứ trưởng Bộ Kiến trúc, Viện trưởng Viện Thiết kế Kiến trúc, Ủy viên Trung ương Mặt trận Tổ quốc Việt Nam, Ủy viên Thường vụ Hội Liên hiệp Văn học Nghệ thuật Việt Nam, Đại biểu Quốc hội khóa II–V, Cố vấn Hội Kiến trúc sư Việt Nam",,,,,,,1/3/1908 - 10/10/1987
true,Nguyễn Chánh,Nhân vật lịch sử,Quân sự,"Nguyễn Chánh, bí danh Chí Thuần, sinh tại thôn Thọ Lộc, xã Tịnh Hà, huyện Sơn Tịnh, tỉnh Quảng Ngãi. Ông tham gia cách mạng từ năm 1929 và được kết nạp vào Đảng Cộng sản Việt Nam năm 1931. Trong khởi nghĩa Ba Tơ năm 1945, ông giữ vai trò Chính trị viên Đội du kích, góp phần quan trọng trong việc phát triển lực lượng vũ trang tại miền Trung. Sau đó, ông đảm nhiệm nhiều chức vụ lãnh đạo trong quân đội và chính quyền cách mạng. Ông được truy tặng danh hiệu Anh hùng Lực lượng vũ trang nhân dân và Huân chương Sao Vàng.","Quân nhân, nhà hoạt động cách mạng, chính khách",,Cách mạng & kháng chiến,Chính trị viên Đội du kích Ba Tơ; Bí thư Tỉnh ủy Quảng Ngãi; Bí thư Liên tỉnh ủy Quảng Ngãi – Bình Định – Phú Yên; Bí thư Liên khu ủy; Chính ủy kiêm Tư lệnh Liên khu 5; Phó Chủ nhiệm Tổng cục Chính trị Quân đội Nhân dân Việt Nam; Phó Tổng Tham mưu trưởng Quân đội Nhân dân Việt Nam; Chủ nhiệm Tổng cục Cán bộ (Bộ Quốc phòng); Ủy viên dự khuyết Trung ương Đảng khóa II,,,,,,,1/8/1914 - 24/9/1957
true,Nguyễn Chế Nghĩa,Nhân vật lịch sử,Quân sự,"Nguyễn Chế Nghĩa sinh tại xã Cối Xuyên, huyện Trường Tân, lộ Hồng Châu (nay là thôn Hội Xuyên, thị trấn Gia Lộc, tỉnh Hải Dương). Ông xuất thân từ gia đình có danh vọng, thông thạo võ nghệ và binh pháp từ nhỏ. Trong kháng chiến chống Nguyên Mông, ông đầu quân dưới trướng Phạm Ngũ Lão, tham gia trận Chi Lăng và được phong làm Khống Bắc đại tướng quân. Ông trấn thủ Lạng Sơn sáu năm, lập nhiều chiến công, được triều đình phong tước Nghĩa Xuyên công và gả công chúa Ngọc Hoa làm vợ. Sau khi mất, ông được thờ tại quê nhà và tên ông được đặt cho nhiều tuyến phố.","Quân nhân, quan lại",,Nhà Trần,Khống Bắc đại tướng quân; Thái úy; Nghĩa Xuyên công; Phò mã triều Trần,,,,,,,1265 - 1341
true,Nguyễn Chí Thanh,Nhân vật lịch sử,Quân sự,"Nguyễn Chí Thanh, tên thật là Nguyễn Vịnh, là một tướng lĩnh và nhà lãnh đạo chính trị nổi bật trong Quân đội Nhân dân Việt Nam. Ông từng giữ chức Chủ nhiệm Tổng cục Chính trị, là người đầu tiên đảm nhiệm vai trò chính trị cao cấp trong quân đội. Trong giai đoạn chiến tranh, ông được giao phụ trách chiến trường miền Nam với chức danh Bí thư Trung ương Cục miền Nam và Chính ủy Quân Giải phóng miền Nam. Ông đề ra chiến thuật đánh áp sát với phương châm “nắm thắt lưng địch mà đánh”, có ảnh hưởng lớn đến cách tổ chức và chỉ đạo chiến đấu.","Quân nhân, chính trị gia",,Cách mạng & kháng chiến,"Đại tướng Quân đội Nhân dân Việt Nam, Chủ nhiệm Tổng cục Chính trị, Bí thư Trung ương Cục miền Nam",,,,,,,1/1/1914 - 6/7/1967
true,Nguyễn Chính,Nhân vật lịch sử,Lãnh đạo,"Nguyễn Chính, tên thật là Cao Văn Chánh, sinh tại xã Tân Quý Tây, huyện Bình Chánh, TP. Hồ Chí Minh. Ông tham gia cách mạng từ năm 1945 và giữ nhiều chức vụ lãnh đạo tại địa phương và trung ương. Trong thời kỳ chiến tranh, ông từng là Bí thư Tỉnh ủy Long An và Mỹ Tho, tham gia chỉ đạo kháng chiến ở miền Nam. Sau năm 1975, ông đảm nhiệm các chức vụ quan trọng như Bộ trưởng Bộ Lương thực và Phó Chủ tịch Hội đồng Bộ trưởng. Ông được đánh giá là người có tư duy cải cách trong lĩnh vực kinh tế nông nghiệp. Ông mất năm 2016 tại TP. Hồ Chí Minh, hưởng thọ 92 tuổi.",Chính trị gia,,Cách mạng & kháng chiến,"Phó Chủ tịch Hội đồng Bộ trưởng, Bộ trưởng Bộ Lương thực, Bí thư Tỉnh ủy Long An, Chủ tịch Hội Nông dân Việt Nam, Ủy viên Trung ương Đảng các khóa IV, V, VI, VII",,,,,,,1/3/1924 - 29/10/2016
true,Nguyễn Cơ Thạch,Nhân vật lịch sử,Quan chức,"Nguyễn Cơ Thạch, tên khai sinh là Phạm Văn Cương, sinh tại xã Liên Minh, huyện Vụ Bản, tỉnh Nam Định. Ông tham gia hoạt động cách mạng từ năm 1937 và từng bị thực dân Pháp giam giữ nhiều năm. Sau Cách mạng Tháng Tám, ông giữ nhiều chức vụ trong Bộ Quốc phòng và chính quyền địa phương trước khi chuyển sang ngành ngoại giao từ năm 1954. Ông là Bộ trưởng Ngoại giao trong giai đoạn 1980–1991, đóng vai trò quan trọng trong việc ký kết Hiệp định Paris và thúc đẩy chính sách đối ngoại đa phương hóa, đa dạng hóa. Ông được đánh giá là một trong những nhà ngoại giao có ảnh hưởng lớn của Việt Nam thế kỷ XX.","Chính trị gia, nhà ngoại giao",,Cách mạng & kháng chiến,"Ủy viên Bộ Chính trị, Phó Chủ tịch Hội đồng Bộ trưởng, Bộ trưởng Bộ Ngoại giao, Quốc vụ khanh Bộ Ngoại giao, Đại biểu Quốc hội khóa VII, VIII",,,,,,,15/5/1921 - 10/4/1998
true,Nguyễn Công Hoan,Nhân vật lịch sử,Văn hoá - nghệ thuật,"Nguyễn Công Hoan sinh tại làng Xuân Cầu, huyện Văn Giang, tỉnh Bắc Ninh (nay thuộc tỉnh Hưng Yên). Ông là một trong những cây bút tiêu biểu của văn học hiện thực phê phán trước 1945, với phong cách trào phúng đặc trưng. Các tác phẩm nổi bật gồm “Kép Tư Bền”, “Bước đường cùng”, “Tinh thần thể dục”, phản ánh sâu sắc xã hội thực dân phong kiến. Sau Cách mạng tháng Tám, ông tiếp tục sáng tác và giữ vai trò lãnh đạo trong các tổ chức văn nghệ. Năm 1996, ông được truy tặng Giải thưởng Hồ Chí Minh về Văn học Nghệ thuật.","Nhà văn, nhà báo, nhà giáo",,Cách mạng & kháng chiến,Chủ tịch Hội Nhà văn Việt Nam khóa I (1957–1963); Giám đốc kiểm duyệt báo chí Bắc Bộ; Biên tập viên báo Vệ quốc quân; Đảng viên Đảng Lao động Việt Nam,,,,,,,1903 - 1977
true,Nguyễn Công Thái,Nhân vật lịch sử,Quan chức,"Nguyễn Công Thái sinh tại làng Kim Lũ, huyện Thanh Trì, Hà Nội (nay thuộc phường Đại Kim, quận Hoàng Mai). Ông đỗ tiến sĩ năm 1715 và từng đảm nhiệm nhiều chức vụ cao cấp trong triều đình Lê Trung Hưng. Năm 1728, ông được cử đi Tuyên Quang để đàm phán phân định biên giới với nhà Thanh, trong đó có việc xác lập lại vùng đất Tụ Long. Trong hơn 40 năm làm quan, ông gắn bó với nhiều biến động chính trị nội bộ thời kỳ Lê–Trịnh. Phố Nguyễn Công Thái tại khu vực Đại Kim được đặt tên theo ông, nằm gần quê cũ, nhằm ghi nhận vai trò của ông trong bộ máy hành chính và ngoại giao thời kỳ này.","Đại thần, nhà ngoại giao, nhà chính trị thời Lê Trung Hưng",,Phân tranh,"Tể tướng; Tế tửu Quốc Tử Giám; Thượng thư bộ Lễ, bộ Binh, bộ Lại; Tham tụng; Quốc lão; Thái tử Thái phó",,,,,,,1684 - 1758
true,Nguyễn Công Trứ,Nhân vật lịch sử,Quan chức,"Nguyễn Công Trứ sinh tại huyện Quỳnh Côi, phủ Thái Bình, tỉnh Thái Bình, quê gốc ở làng Uy Viễn, huyện Nghi Xuân, tỉnh Hà Tĩnh. Ông đỗ Giải nguyên năm 1819 và từng giữ nhiều chức vụ quan trọng trong triều Nguyễn như Thượng thư Bộ Binh, Tổng đốc Hải Yên và Dinh điền sứ. Ông có công lớn trong việc khai hoang lập ấp tại các vùng Kim Sơn (Ninh Bình) và Tiền Hải (Thái Bình), góp phần phát triển nông nghiệp. Trong lĩnh vực quân sự, ông tham gia dẹp các cuộc nổi dậy và chiến tranh Việt–Xiêm. Ông cũng là một nhà thơ nổi bật với phong cách tự sự, hào sảng, để lại nhiều tác phẩm có giá trị văn học.","Nhà chính trị, nhà quân sự, nhà thơ",,Nhà Nguyễn & Pháp thuộc,Thượng thư Bộ Binh; Tổng đốc Hải Yên; Dinh điền sứ; Giải nguyên khoa thi Hương trấn Nghệ An,,,,,,,19/12/1778 - 7/12/1858
true,Nguyễn Đạo An,Nhân vật lịch sử,Y học,"Nguyễn Đạo An, tên húy là Thư Kính, là một danh y nổi tiếng thế kỷ XVII, quê ở thôn Phú Diễn, Từ Liêm, Hà Nội. Ông học giỏi từ nhỏ, từng dạy học cho một người buôn thuốc Bắc gốc Trung Quốc tại Thăng Long, từ đó tiếp thu và phát triển kiến thức y học cổ truyền. Ông nổi tiếng với tài chữa bệnh, từng chữa khỏi mắt cho chúa Trịnh Tạc và được mời vào Thái y viện giữ chức sư phó, sau đó được phong Quốc sư và Phái quân công. Sau khi nghỉ hưu, ông về quê tiếp tục hành nghề và để lại nhiều phương thuốc trong sách “Gia thư hợp ký”. Tên ông được đặt cho một tuyến phố tại Hà Nội, gắn với vùng đất nơi ông sinh ra và hành nghề y, thể hiện sự ghi nhận của cộng đồng đối với công lao chữa bệnh tại địa phương.",Danh y y học cổ truyền,,Phân tranh,Sư phó Thái y viện; Thị giảng; Quốc sư; Phái quân công,,,,,,,1591 - 1664
true,Nguyễn Đình Chiểu,Nhân vật lịch sử,Văn hoá - nghệ thuật,"Nguyễn Đình Chiểu sinh tại làng Tân Thới, phủ Tân Bình, tỉnh Gia Định (nay thuộc Quận 1, TP Hồ Chí Minh). Ông xuất thân trong gia đình nhà nho, từng đỗ Tú tài và theo học tại Huế nhưng bị mù khi còn trẻ. Sau đó, ông về Ba Tri (Bến Tre) mở lớp dạy học, chữa bệnh và sáng tác văn thơ. Các tác phẩm tiêu biểu gồm “Lục Vân Tiên”, “Văn tế nghĩa sĩ Cần Giuộc”, “Ngư tiều y thuật vấn đáp”, thể hiện tinh thần đạo đức và lòng yêu nước. Ông được xem là một trong những nhà thơ lớn của miền Nam thế kỷ 19.","Nhà thơ, nhà giáo, thầy thuốc",,Nhà Nguyễn & Pháp thuộc,Được UNÉCO vinh danh là Danh nhân Văn hóa Thế giới,,,,,,,1/7/1822 - 3/7/1888
true,Nguyễn Đình Hoàn,Nhân vật lịch sử,Quan chức,"Nguyễn Đình Hoàn, hiệu Chu Phù, sinh tại phường Bái Ân, phủ Phụng Thiên, kinh thành Thăng Long (nay thuộc phường Nghĩa Đô, quận Cầu Giấy, Hà Nội). Ông đỗ Hoàng giáp năm 1688 dưới triều Lê Hy Tông và từng được khắc tên trên bia Tiến sĩ tại Văn Miếu – Quốc Tử Giám. Trong sự nghiệp, ông giữ nhiều chức vụ quan trọng trong triều đình Lê – Trịnh, từng trấn giữ Nghệ An và tham gia phân định địa giới với nhà Thanh. Ông được triều đình truy tặng tước Ân Quận công và tên thụy là Nhã Đạt Tiên sinh. Mộ phần hiện đặt tại huyện Ba Vì, Hà Nội.",Nhà giáo; Quan lại thời phong kiến,,Phân tranh,Hộ Khoa Đô Cấp sự trung; Đốc thị xứ Nghệ An; Đại lý tự Khanh; Binh bộ Hữu thị lang; Bồi tụng; Giám thí kỳ thi Hội; Binh bộ Tả thị lang; Ân Quận công,,,,,,,1661 - 21/1/1744
true,Nguyễn Đình Thi,Nhân vật lịch sử,Văn hoá - nghệ thuật,"Nguyễn Đình Thi sinh tại Luang Prabang (Lào), nguyên quán ở làng Vũ Thạch, nay thuộc phố Bà Triệu, quận Hoàn Kiếm, Hà Nội. Ông hoạt động trong phong trào văn hóa yêu nước từ thập niên 1940, từng bị bắt giam bởi mật thám Pháp. Sau Cách mạng Tháng Tám, ông giữ nhiều chức vụ trong lĩnh vực văn hóa và nghệ thuật. Ông sáng tác đa dạng ở các thể loại như tiểu thuyết, thơ, nhạc, triết luận và phê bình văn học. Một số tác phẩm tiêu biểu gồm “Xung kích”, “Vỡ bờ”, “Đất nước”, “Tiếng hát sông Hồng”. Năm 1996, ông được trao Giải thưởng Hồ Chí Minh về Văn học Nghệ thuật.","Nhà văn, nhà thơ, nhạc sĩ, nhà phê bình văn học, chính trị gia",,Cách mạng & kháng chiến,"Tổng Thư ký Hội Văn hóa Cứu quốc; Tổng Thư ký Hội Nhà văn Việt Nam khóa II, III; Chủ tịch Liên hiệp các Hội Văn học nghệ thuật Việt Nam; Đại biểu Quốc hội khóa I, II, III",,,,,,,20/12/1924 - 18/4/2003
true,Nguyễn Đình Tứ,Nhân vật lịch sử,Kỹ thuật,"Nguyễn Đình Tứ sinh tại xã Song Lộc, huyện Can Lộc, tỉnh Hà Tĩnh. Ông là một trong những nhà khoa học đầu tiên của Việt Nam nghiên cứu chuyên sâu về vật lý hạt nhân, từng công tác tại Viện nghiên cứu hạt nhân Dubna (Liên Xô cũ). Sau khi về nước, ông giữ nhiều chức vụ quan trọng trong lĩnh vực giáo dục và khoa học, đặt nền móng cho ngành năng lượng nguyên tử Việt Nam. Ông cũng là người đầu tiên đề xuất đưa điện hạt nhân vào Việt Nam và có nhiều công trình nghiên cứu quốc tế về tương tác hạt cơ bản. Với vai trò quản lý, ông góp phần phát triển hệ thống giáo dục đại học và thúc đẩy ứng dụng khoa học kỹ thuật trong nước.","Nhà vật lý hạt nhân, giáo sư, nhà quản lý khoa học và giáo dục",,Cách mạng & kháng chiến,"Ủy viên Bộ Chính trị khóa VIII, Bí thư Trung ương Đảng khóa VII, Trưởng ban Khoa giáo Trung ương, Bộ trưởng Bộ Đại học và Trung học chuyên nghiệp, Viện trưởng Viện Năng lượng nguyên tử Quốc gia, Chủ nhiệm Ủy ban Khoa học kỹ thuật của Quốc hội, Đại biểu Quốc hội khóa VI–VIII",,,,,,,1/10/1932 - 28/6/1996
true,Nguyễn Đỗ Cung,Nhân vật lịch sử,Văn hoá - nghệ thuật,"Nguyễn Đỗ Cung là một họa sĩ và nhà nghiên cứu mỹ thuật có nhiều đóng góp trong việc xây dựng nền mỹ thuật hiện đại Việt Nam. Ông tốt nghiệp Trường Cao đẳng Mỹ thuật Đông Dương, từng tham gia kháng chiến chống Pháp và mở lớp đào tạo nghệ sĩ trẻ tại miền Trung. Sau năm 1954, ông đảm nhiệm vai trò Viện trưởng Viện Mỹ thuật Việt Nam và xây dựng hệ thống trưng bày Bảo tàng Mỹ thuật Việt Nam. Ông sinh tại làng Xuân Tảo, Từ Liêm, Hà Nội.","Họa sĩ, nhà nghiên cứu mỹ thuật",,Cách mạng & kháng chiến,Đại biểu Quốc hội khóa I; Chủ tịch Liên đoàn Văn hóa kháng chiến Liên khu V; Viện trưởng Viện Mỹ thuật Việt Nam; Ủy viên Ban thường vụ Hội Mỹ thuật Việt Nam; Ủy viên Ban chấp hành Hội Liên hiệp Văn học Nghệ thuật Việt Nam,,,,,,,1/1/1912 - 22/9/1977
true,Nguyễn Đổng Chi,Nhân vật lịch sử,Văn hoá - nghệ thuật,"Nguyễn Đổng Chi là một học giả chuyên nghiên cứu văn hóa dân gian Việt Nam, với nhiều công trình có giá trị như Kho tàng truyện cổ tích Việt Nam, Lược khảo về thần thoại Việt Nam và Địa chí văn hóa dân gian Nghệ Tĩnh. Ông từng giữ chức Trưởng ban Hán Nôm và Quyền Viện trưởng Viện Nghiên cứu Hán Nôm, đóng góp vào việc bảo tồn và phát triển di sản Hán Nôm của dân tộc. Ông sinh ra tại Phan Thiết, quê gốc ở xã Ích Hậu, huyện Can Lộc (nay là huyện Lộc Hà), tỉnh Hà Tĩnh.",Nhà nghiên cứu văn hóa dân gian,,Cách mạng & kháng chiến,Trưởng ban Hán Nôm; Quyền Viện trưởng Viện Nghiên cứu Hán Nôm,,,,,,,6/1/1915 - 20/7/1984
true,Nguyễn Du,Nhân vật lịch sử,Văn hoá - nghệ thuật,"Nguyễn Du, tự Tố Như, hiệu Thanh Hiên, sinh tại làng Tiên Điền, huyện Nghi Xuân, tỉnh Hà Tĩnh. Ông xuất thân trong một gia đình khoa bảng, từng làm quan dưới cả triều Lê và triều Nguyễn. Năm 1813, ông được cử làm Chánh sứ sang Trung Quốc. Nguyễn Du để lại nhiều tác phẩm văn học có giá trị, nổi bật nhất là Truyện Kiều, một kiệt tác bằng chữ Nôm phản ánh sâu sắc số phận con người và xã hội phong kiến. Ngoài ra, ông còn sáng tác Nam trung tạp ngâm, Thanh Hiên thi tập, và Văn tế thập loại chúng sinh. Năm 1965, ông được UNESCO công nhận là Danh nhân văn hóa thế giới.","Nhà thơ, nhà văn, nhà ngoại giao",,Nhà Nguyễn & Pháp thuộc,Chánh thủ hiệu Thái Nguyên triều Lê; Lễ bộ Hữu Tham tri triều Nguyễn; Chánh sứ đi sứ Trung Quốc,,,,,,,3/1/1766 - 16/9/1820
true,Nguyễn Đức Cảnh,Nhân vật lịch sử,Cách mạng,"Nguyễn Đức Cảnh là một trong những người sáng lập Đảng Cộng sản Việt Nam và Tổng Công hội Đỏ Bắc Kỳ, tiền thân của Tổng Liên đoàn Lao động Việt Nam. Ông từng giữ chức Bí thư Thành ủy Hải Phòng và là Tổng biên tập đầu tiên của báo Lao động. Sinh ra tại Thái Bình, ông hoạt động tích cực trong phong trào yêu nước từ khi còn là học sinh, sau đó tham gia các tổ chức cách mạng như Hội Việt Nam Cách mạng Thanh niên và Đông Dương Cộng sản Đảng. Ông bị bắt và xử tử năm 1932 tại Hải Phòng.","Nhà báo, nhà hoạt động cách mạng",,Nhà Nguyễn & Pháp thuộc,"Bí thư Xứ ủy Bắc Kỳ, Bí thư Thành ủy Hải Phòng",,,,,,,2/2/1908 - 31/7/1932
true,Nguyễn Duy Thì,Nhân vật lịch sử,Quan chức,"Nguyễn Duy Thì sinh tại làng Hợp Lễ, xã An Lãng, nay là thị trấn Thanh Lãng, huyện Bình Xuyên, tỉnh Vĩnh Phúc. Ông đỗ Hoàng giáp năm 1598 dưới triều Lê Thế Tông và từng hai lần đi sứ sang nhà Minh vào các năm 1606 và 1623. Trong hơn 50 năm làm quan, ông phục vụ qua nhiều đời vua và chúa, giữ các chức vụ quan trọng như Thượng thư các bộ Công, Lại, Binh, Tế tửu Quốc Tử Giám, và Tham tụng. Ông từng dâng khải lên chúa Trịnh Tùng, đề xuất cải cách chính sự để an dân. Tư tưởng “lấy dân làm gốc” của ông được ghi nhận trong sử sách. Ông mất năm 1651, thọ 80 tuổi, được truy tặng Thái tể.","Nhà chính trị, nhà ngoại giao",,Nhà Hậu Lê,Thượng thư Bộ Công; Thượng thư Bộ Lại; Thượng thư Bộ Binh; Tế tửu Quốc Tử Giám; Tham tụng; Thái phó; Tuyền quận công,,,,,,,10/3/1572 - 1651
true,Nguyễn Duy Trinh,Nhân vật lịch sử,Quan chức,"Nguyễn Duy Trinh sinh tại xã Phúc Thọ, huyện Nghi Lộc, tỉnh Nghệ An. Ông tham gia cách mạng từ năm 1927, từng bị thực dân Pháp giam giữ và đày đi Côn Đảo. Sau Cách mạng Tháng Tám, ông giữ nhiều chức vụ lãnh đạo tại Trung Bộ và Liên khu 5. Từ năm 1965 đến 1980, ông là Bộ trưởng Ngoại giao, đóng vai trò quan trọng trong việc ký kết Hiệp định Paris năm 1973, góp phần chấm dứt chiến tranh và lập lại hòa bình ở Việt Nam. Ông được đánh giá là một trong những nhà ngoại giao tiêu biểu của thế kỷ XX.","Chính trị gia, nhà ngoại giao",,Cách mạng & kháng chiến,"Ủy viên Bộ Chính trị, Bí thư Trung ương Đảng, Phó Thủ tướng kiêm Bộ trưởng Bộ Ngoại giao, Chủ nhiệm Ủy ban Kế hoạch Nhà nước, Chủ nhiệm Ủy ban Khoa học Nhà nước, Đại biểu Quốc hội khóa I–VII",,,,,,,15/7/1910 - 20/4/1985
true,Nguyễn Gia Bồng,Nhân vật lịch sử,Cách mạng,"Nguyễn Gia Bồng sinh tại Gia Thụy, Gia Lâm, Hà Nội (nay thuộc quận Long Biên). Ông tham gia hoạt động cách mạng từ năm 1938 và được kết nạp vào Đảng Cộng sản Đông Dương năm 1940. Trong suốt quá trình công tác, ông đảm nhiệm nhiều vị trí lãnh đạo tại các tỉnh miền núi phía Bắc và trong chính quyền trung ương. Ông từng giữ chức Thứ trưởng Bộ Lương thực Thực phẩm từ năm 1971 đến 1984. Tên ông được đặt cho một tuyến đường tại phường Ngọc Thụy, quận Long Biên, Hà Nội nhằm ghi nhận những đóng góp của ông trong công cuộc xây dựng và phát triển đất nước.","Cán bộ cách mạng, du kích",,Cách mạng & kháng chiến,Thường trực tỉnh bộ Việt Minh Phú Thọ; Phó Bí thư Tỉnh ủy Tuyên Quang kiêm Bí thư tỉnh bộ Việt Minh Tuyên Quang; Bí thư Tỉnh ủy tỉnh Yên Bái; Ủy viên thường trực Ủy ban hành chính liên khu Việt Bắc; Thường vụ khu ủy Ủy ban hành chính khu Việt Bắc; Thứ trưởng Bộ Lương thực Thực phẩm,,,,,,,1921 - 1990
true,Nguyễn Gia Thiều,Nhân vật lịch sử,Văn hoá - nghệ thuật,"Nguyễn Gia Thiều sinh tại làng Liễu Ngạn, huyện Siêu Loại, phủ Thuận An, trấn Kinh Bắc (nay thuộc tỉnh Bắc Ninh). Ông xuất thân trong gia đình quý tộc, từng giữ nhiều chức vụ dưới triều Lê – Trịnh. Ngoài vai trò quan lại, ông nổi bật với tài năng văn chương, âm nhạc và hội họa. Tác phẩm tiêu biểu của ông là “Cung oán ngâm khúc”, một áng văn Nôm nổi tiếng phản ánh thân phận người phụ nữ trong xã hội phong kiến. Ông cũng từng xây dựng chùa Kim Liên và tham gia trang trí nội thất phủ chúa Trịnh.","Nhà thơ, nhạc sĩ, họa sĩ, quan lại",,Phân tranh,Hiệu úy quản Trung mã tả đội; Chỉ huy Thiêm sự; Tổng binh xứ Hưng Hóa; Ôn Như hầu,,,,,,,22/3/1741 - 22/6/1798
true,Nguyễn Hiền,Nhân vật lịch sử,Quan chức,"Nguyễn Hiền sinh tại làng Dương A, huyện Thượng Hiền, phủ Thiên Trường, nay thuộc xã Nam Thắng, huyện Nam Trực, tỉnh Nam Định. Ông đỗ trạng nguyên năm 1247 khi mới 13 tuổi, trở thành trạng nguyên trẻ nhất trong lịch sử khoa cử Việt Nam. Sau thời gian tu dưỡng, ông được bổ nhiệm làm quan dưới triều Trần, giữ chức Thượng thư Bộ Công và từng đi sứ nhà Nguyên. Năm 1255, ông được giao chỉ huy quân đội chống lại Chiêm Thành và giành thắng lợi. Ông cũng có đóng góp trong việc đắp đê quai vạc sông Hồng để phát triển nông nghiệp. Nguyễn Hiền mất năm 1256 khi mới 22 tuổi, được truy phong là “Đại vương thành hoàng” và thờ tại nhiều nơi ở miền Bắc Việt Nam.","Nhà Nho, quan lại",,Nhà Trần,Thượng thư Bộ Công; Trạng nguyên trẻ nhất trong khoa cử Việt Nam (13 tuổi),,,,,,,11/3/1234 - 5/9/1256
true,Nguyễn Hoàng,Nhân vật lịch sử,Phong kiến,"Nguyễn Hoàng, tên húy là Nguyễn Hoàng (chữ Hán: 阮潢), sinh tại làng Gia Miêu Ngoại Trang, huyện Tống Sơn, phủ Hà Trung, xứ Thanh Hoa (nay thuộc tỉnh Thanh Hóa). Ông là con trai của Nguyễn Kim, một trọng thần triều Hậu Lê. Sau biến cố chính trị khiến anh trai ông bị sát hại, Nguyễn Hoàng xin vào trấn thủ Thuận Hóa năm 1558, mở đầu cho sự hình thành chính quyền Đàng Trong. Trong hơn 50 năm cai trị, ông thi hành nhiều chính sách ổn định dân cư, phát triển kinh tế và mở rộng lãnh thổ về phía Nam. Ông được nhân dân tôn kính là Chúa Tiên, người đặt nền móng cho dòng họ Nguyễn Phúc và triều Nguyễn sau này. Nguyễn Hoàng mất năm 1613, hưởng thọ 88 tuổi, là một trong những vị quân chủ sống lâu nhất trong lịch sử Việt Nam.","Chính trị gia, nhà quân sự",,Phân tranh,"Chúa Tiên, vị chúa Nguyễn đầu tiên, người đặt nền móng cho triều Nguyễn",,,,,,,28/8/1525 - 20/7/1613
true,Nguyễn Hoàng Tôn,Nhân vật lịch sử,Cách mạng,"Nguyễn Hoàng Tôn, tên thật là Phạm Hữu Mẫn, sinh tại làng Trích Sài, thuộc khu vực Bưởi, Hà Nội. Ông tham gia hoạt động cách mạng từ năm 1929, từng thực hiện công tác “vô sản hóa” tại mỏ than Quảng Ninh và gây dựng phong trào công nhân. Năm 1931, ông bị bắt trong một cuộc vây ráp của mật thám Pháp tại Hải Phòng. Sau khi bị kết án tử hình, ông bị xử chém tại nhà tù Hỏa Lò năm 1932 khi mới 17 tuổi.",Cán bộ cách mạng,,Nhà Nguyễn & Pháp thuộc,Đảng viên Đảng Cộng sản Đông Dương; cán bộ liên lạc Xứ ủy Bắc Kỳ,,,,,,,1915 - 1932
true,Nguyên Hồng,Nhân vật lịch sử,Văn hoá - nghệ thuật,"Nguyên Hồng, tên khai sinh là Nguyễn Nguyên Hồng, sinh tại phố Hàng Cau, thành phố Nam Định, tỉnh Nam Định. Ông là nhà văn nổi bật trong văn học Việt Nam thế kỷ XX, với các tác phẩm tiêu biểu như Bỉ vỏ, Những ngày thơ ấu, Cửa biển. Văn chương của ông tập trung khắc họa số phận những người nghèo khổ, phụ nữ và trẻ em trong xã hội cũ, thể hiện tinh thần nhân đạo sâu sắc. Ông bắt đầu viết từ năm 1936 và có ảnh hưởng lớn đến dòng văn học hiện thực. Năm 1996, ông được truy tặng Giải thưởng Hồ Chí Minh về văn học nghệ thuật.","Nhà văn, nhà thơ",,Cách mạng & kháng chiến,Ủy viên Ban Chấp hành Hội Nhà văn Việt Nam,,,,,,,5/11/1918 - 2/5/1982
true,Nguyễn Hữu An,Nhân vật lịch sử,Quân sự,"Nguyễn Hữu An quê tại xã Trường Yên, huyện Hoa Lư, tỉnh Ninh Bình. Ông là một tướng lĩnh trực tiếp chỉ huy nhiều trận đánh và chiến dịch quan trọng của Quân đội nhân dân Việt Nam. Trong Chiến tranh Đông Dương, ông là Trung đoàn trưởng Trung đoàn 174 tại Chiến dịch Điện Biên Phủ. Trong Chiến tranh Việt Nam, ông là Tư lệnh đầu tiên của Mặt trận Tây Nguyên (B3), trực tiếp chỉ huy Trận Ia Đrăng năm 1965, và sau đó chỉ huy Quân đoàn 2 tiến vào giải phóng Sài Gòn năm 1975. Sau chiến tranh, ông tham gia chiến tranh biên giới Tây Nam và biên giới phía Bắc, trước khi chuyển sang công tác đào tạo sĩ quan cao cấp tại Học viện Quốc phòng.",Sĩ quan quân đội (Thượng tướng),,Cách mạng & kháng chiến,"Viện trưởng Học viện Quốc phòng, Tư lệnh Quân khu 2, Phó Tổng Tham mưu trưởng Quân đội nhân dân Việt Nam",,,,,,,1/10/1926 - 9/4/1995
true,Nguyễn Hữu Huân,Nhân vật lịch sử,Cách mạng,"Nguyễn Hữu Huân, thường được gọi là Thủ Khoa Huân, sinh tại làng Mỹ Tịnh An, huyện Kiến Hưng, tỉnh Định Tường (nay thuộc huyện Chợ Gạo, tỉnh Tiền Giang). Ông đỗ đầu kỳ thi Hương năm 1852 dưới triều Tự Đức và được bổ nhiệm làm giáo thụ. Khi thực dân Pháp xâm lược Nam Kỳ, ông tham gia khởi nghĩa, từng liên kết với các lực lượng như Trương Định và Võ Duy Dương. Ông lãnh đạo nghĩa quân hoạt động tại nhiều địa bàn như Tân An, Mỹ Tho, Cai Lậy và Thất Sơn. Sau nhiều lần bị truy bắt, ông bị xử tử năm 1875.","Sĩ phu, lãnh tụ khởi nghĩa",,Nhà Nguyễn & Pháp thuộc,Giáo thụ huyện Kiến Hưng; Phó quản đạo; lãnh đạo nghĩa quân Định Tường,,,,,,,1830 - 1875
true,Nguyễn Hữu Liêu,Nhân vật lịch sử,Quân sự,"Nguyễn Hữu Liêu sinh tại làng Tây Đam, huyện Từ Liêm, Hà Nội (nay thuộc phường Tây Tựu, quận Bắc Từ Liêm), nguyên quán ở làng Hương Mặc, Tiên Sơn, Bắc Ninh. Ông từng theo Nguyễn Khải Khang bỏ nhà Mạc theo nhà Lê, lập nhiều chiến công trong các trận đánh tại Yên Định, Yên Mô, Kinh Bắc và Thanh Hóa. Năm 1581, ông được phong làm Tây quân Đô đốc. Từ năm 1589, ông tham gia các chiến dịch đánh ra Thăng Long, góp phần đánh bại quân Mạc và chiếm lại kinh thành năm 1591. Ông là một trong những tướng lĩnh chủ chốt giúp củng cố triều Lê Trung Hưng trong thời kỳ phân tranh Lê–Mạc2.",Tướng lĩnh quân đội,,Phân tranh,Tây quân Đô đốc triều Lê Trung Hưng,,,,,,,1532 - 1597
true,Nguyễn Hữu Thọ,Nhân vật lịch sử,Lãnh đạo,"Nguyễn Hữu Thọ sinh tại làng Long Phú, tổng Long Hưng Hạ, quận Trung Quận, tỉnh Chợ Lớn (nay thuộc thị trấn Bến Lức, huyện Bến Lức, tỉnh Long An). Ông du học luật tại Pháp và hành nghề luật sư ở miền Tây Nam Bộ, nổi tiếng với các hoạt động bảo vệ người dân trước tòa án thực dân. Sau năm 1947, ông tham gia phong trào trí thức yêu nước và bị thực dân Pháp bắt giam. Năm 1962, ông được bầu làm Chủ tịch Mặt trận Dân tộc Giải phóng miền Nam Việt Nam, sau đó giữ chức Chủ tịch Hội đồng Cố vấn Chính phủ Cách mạng Lâm thời. Sau năm 1976, ông đảm nhiệm nhiều vị trí lãnh đạo cấp cao trong chính quyền Việt Nam thống nhất, góp phần vào công tác đối ngoại và xây dựng khối đại đoàn kết dân tộc.","Luật sư, chính trị gia",,Cách mạng & kháng chiến,"Chủ tịch Quốc hội, Quyền Chủ tịch nước, Phó Chủ tịch nước, Phó Chủ tịch Hội đồng Nhà nước, Chủ tịch Ủy ban Trung ương Mặt trận Tổ quốc Việt Nam, Chủ tịch Hội đồng Cố vấn Chính phủ Cách mạng Lâm thời Cộng hòa Miền Nam Việt Nam, Chủ tịch Mặt trận Dân tộc Giải phóng miền Nam Việt Nam, Đại biểu Quốc hội khóa VI–VIII",,,,,,,10/7/1910 - 24/12/1996
true,Nguyễn Huy Thảo,Nhân vật lịch sử,Cách mạng,"Nguyễn Huy Thảo sinh tại Gia Thụy, Long Biên, Hà Nội. Từ năm 1927, ông tham gia hoạt động cách mạng trong tổ chức kỳ bộ Việt Nam Cách mạng Thanh niên tại ga Hỏa xa Gia Lâm. Năm 1928, ông được cử ra khu mỏ Quảng Ninh, trực tiếp xây dựng cơ sở cách mạng tại Mạo Khê, góp phần phát triển phong trào công nhân và lan tỏa tư tưởng cách mạng trong giới thợ mỏ. Cuộc đời ông gắn liền với những hoạt động bí mật, kiên trì trong giai đoạn phong trào cách mạng Việt Nam còn non trẻ, để lại dấu ấn trong lịch sử đấu tranh giành độc lập đầu thế kỷ XX.",Nhà cách mạng,,Cách mạng & kháng chiến,Thành viên kỳ bộ Việt Nam Cách mạng Thanh niên,,,,,,,1903 - 1943
true,Nguyễn Huy Tự,Nhân vật lịch sử,Quan chức,"Nguyễn Huy Tự sinh tại làng Trường Lưu, huyện La Sơn, phủ Đức Quang, trấn Nghệ An (nay thuộc huyện Can Lộc, tỉnh Hà Tĩnh), trong một gia đình khoa bảng. Ông từng làm quan dưới triều Lê trung hưng và sau đó phục vụ triều Tây Sơn. Trong sự nghiệp, ông giữ nhiều chức vụ hành chính và quân sự, từng tham gia dẹp loạn ở vùng Tụ Long. Sau khi từ quan, ông về quê cùng cha chăm lo Phúc Giang thư viện. Tác phẩm tiêu biểu của ông là truyện thơ Nôm Hoa tiên, được đánh giá cao về giá trị văn học. Ông mất năm 1790 tại Phú Xuân, hưởng thọ 47 tuổi.","Chính trị gia, nhà văn",,Nhà Tây Sơn,"Thị nội văn chức, Binh phiên câu kê, Hồng lô tự thừa, Tri phủ Quốc Oai, Hiến sát phó sứ xứ Sơn Nam, Quản binh, Trấn thủ Hưng Hóa, Tiến triều ứng vụ, Hiệp lý lương hướng Sơn–Hưng–Tuyên, Đốc đồng Hưng Hóa, Khâm sai Giám đằng, Thanh hình hiến sát sứ Sơn Tây, Đốc đồng Sơn Tây, Hàn lâm viện hiệu lý, Hữu thị lang bộ Binh triều Tây Sơn",,,,,,,1743 - 27/7/1790
true,Nguyễn Huy Tưởng,Nhân vật lịch sử,Văn hoá - nghệ thuật,"Nguyễn Huy Tưởng sinh tại làng Dục Tú, huyện Từ Sơn, tỉnh Bắc Ninh (nay thuộc huyện Đông Anh, Hà Nội). Ông hoạt động trong phong trào văn hóa yêu nước từ thập niên 1930 và giữ nhiều chức vụ trong các tổ chức văn nghệ sau Cách mạng Tháng Tám. Ông là tác giả của nhiều tiểu thuyết và vở kịch lịch sử như “Vũ Như Tô”, “Đêm hội Long Trì”, “Bắc Sơn”, “Sống mãi với Thủ đô”. Các tác phẩm của ông có ảnh hưởng lớn đến văn học hiện đại Việt Nam. Năm 1996, ông được truy tặng Giải thưởng Hồ Chí Minh về Văn học Nghệ thuật.","Nhà văn, nhà viết kịch, chính trị gia",,Cách mạng & kháng chiến,Đại biểu Quốc hội khóa I; Phó thư ký Hội Văn hóa cứu quốc Việt Nam; Ủy viên Thường vụ Hội Văn nghệ Việt Nam; Thư ký Tạp chí Văn nghệ; Giám đốc đầu tiên Nhà xuất bản Kim Đồng,,,,,,,6/5/1912 - 25/7/1960
true,Nguyễn Hy Quang,Nhân vật lịch sử,Quan chức,"Nguyễn Hy Quang, tên húy là Vẹ, sinh tại làng Trung Tự, phường Đông Tác, huyện Thọ Xương, kinh thành Thăng Long (nay thuộc quận Đống Đa, Hà Nội). Ông xuất thân từ một gia đình có truyền thống học vấn, từng đỗ Giải nguyên năm 1657 và đỗ khoa Sĩ Vọng năm 1670. Trong gần hai thập kỷ phục vụ triều đình Lê trung hưng, ông giữ nhiều chức vụ quan trọng và tham gia phụ đạo cho các thế tử họ Trịnh. Ông được đánh giá cao về tài năng, đức độ và có đóng góp trong việc xây dựng nền hành chính và giáo dục thời kỳ cuối thế kỷ XVII. Sau khi mất, ông được truy phong là Trung đẳng phúc thần và thờ tại đình Trung Tự.",Nhà giáo; Quan lại thời phong kiến,,Phân tranh,Giáo thụ phủ Thường Tín; Lang trung bộ Lại kiêm Tri bộ Hộ; Quận công; Thượng thư,"Trưởng phòng Giáo dục và Đào tạo huyện Thường Tín; Vụ trưởng thuộc Bộ Nội vụ, kiêm nhiệm phụ trách đơn vị chuyên môn tương đương cấp Vụ thuộc Bộ Tài chính",,,,,,25/4/1634 - 6/5/1692
true,Nguyễn Khả Trạc,Nhân vật lịch sử,Quan chức,"Nguyễn Khả Trạc, tên thật là Nguyễn Văn Trạc, sinh tại làng Mai Dịch, huyện Từ Liêm, phủ Quốc Oai, trấn Sơn Tây (nay thuộc quận Cầu Giấy, Hà Nội). Ông đỗ Tiến sĩ năm 1631 dưới triều Lê Thần Tông và từng giữ nhiều chức vụ quan trọng trong triều đình nhà Lê trung hưng. Ông nổi tiếng thanh liêm, có công trong việc chỉnh đốn lại bộ máy hành chính, trừng trị tham nhũng và xây dựng hương ước phù hợp với thực tế địa phương. Sau khi về hưu, ông mở trường dạy học, lập chợ, dựng bia và được nhân dân tôn kính. Khi mất, ông được vua Lê Gia Tông ban sắc viếng và truy phong Hộ bộ Thượng thư, tước Liêm Quận công. Tên ông hiện được đặt cho cho một con phố ở gần quê hương ông để tri ân công lao.","Chính trị gia, nhà giáo, danh nhân văn hóa",,Phân tranh,"Đệ tam giáp đồng Tiến sĩ xuất thân, Đạo Hải Dương, Hiến sát phó sứ Nghệ An, Đề hình giám sát ngự sử, Hộ bộ Hữu thị lang, Lại bộ Tả thị lang, Binh bộ Thị lang, Hộ bộ Thượng thư, tước Liêm Quận công",,,,,,,1598 - 1672
true,Nguyễn Khắc Cần,Nhân vật lịch sử,Cách mạng,"Nguyễn Khắc Cần sinh tại làng Vân, xã Tiểu Hoa Lâm, tổng Đặng Xá, huyện Đông Ngàn, phủ Từ Sơn, tỉnh Bắc Ninh (nay thuộc xã Yên Viên, huyện Gia Lâm, Hà Nội). Ông từng đỗ thi Hương nhưng từ bỏ con đường khoa cử để dạy học và hoạt động yêu nước. Ông tham gia nhiều phong trào như Đông Du, Duy Tân hội, Đông Kinh Nghĩa Thục và Việt Nam Quang phục Hội. Năm 1913, ông bị bắt sau vụ ném tạc đạn vào khách sạn Hà Nội nhằm phản đối thực dân Pháp. Dù không trực tiếp thực hiện, ông nhận trách nhiệm để bảo vệ đồng đội. Ông bị xử chém tại nhà tù Hỏa Lò cùng sáu người khác.","Nhà Nho, chí sĩ yêu nước",,Nhà Nguyễn & Pháp thuộc,Ủy viên tán trợ trường Đông Kinh Nghĩa Thục; thành viên Việt Nam Quang phục Hội,,,,,,,1875 - 24/9/1913
false,Nguyễn Khắc Hạnh,Không rõ,,,,,,,,,,,,,
true,Nguyễn Khắc Hiếu,Nhân vật lịch sử,Văn hoá - nghệ thuật,"Tản Đà, tên thật là Nguyễn Khắc Hiếu, sinh tại làng Khê Thượng, huyện Bất Bạt, tỉnh Sơn Tây (nay thuộc huyện Ba Vì, Hà Nội). Ông xuất thân trong gia đình có truyền thống khoa bảng, từng học cả chữ Hán và chữ Quốc ngữ. Là một cây bút nổi bật đầu thế kỷ 20, ông sáng tác ở nhiều thể loại như thơ, văn xuôi, kịch và dịch thuật. Tác phẩm tiêu biểu gồm “Giấc mộng con”, “Thề non nước”, và nhiều bài thơ Đường dịch sang lục bát. Ông được xem là gạch nối giữa văn học trung đại và hiện đại, có ảnh hưởng lớn đến phong trào Thơ mới.","Nhà thơ, nhà văn, nhà báo, nhà viết kịch",,Nhà Nguyễn & Pháp thuộc,Chủ bút Hữu Thanh tạp chí và An Nam tạp chí,,,,,,,19/5/1889 - 7/6/1939
true,Nguyễn Khắc Nhu,Nhân vật lịch sử,Cách mạng,"Nguyễn Khắc Nhu sinh tại làng Song Khê, huyện Yên Dũng, tỉnh Bắc Giang. Ông xuất thân từ một gia đình Nho học, từng đỗ đầu kỳ thi Hương năm 1912 tại Bắc Kỳ và được gọi là “Đầu xứ Nhu”. Ông tham gia nhiều phong trào yêu nước như Đông Du, Đông Kinh Nghĩa Thục và Hội Quốc Dân Dục Tài. Năm 1928, ông gia nhập Việt Nam Quốc Dân Đảng và giữ vai trò Trưởng ban Lập pháp. Trong cuộc khởi nghĩa Yên Bái năm 1930, ông chỉ huy đánh đồn Hưng Hóa nhưng thất bại. Sau khi bị bắt, ông tự sát trong trại giam để giữ khí tiết.",Chí sĩ yêu nước,,Nhà Nguyễn & Pháp thuộc,Trưởng ban Lập pháp Việt Nam Quốc Dân Đảng,,,,,,,1882 - 11/2/1930
true,Nguyễn Khắc Viện,Nhân vật lịch sử,Y học,"Nguyễn Khắc Viện sinh tại xã Sơn Hòa, huyện Hương Sơn, tỉnh Hà Tĩnh. Ông là bác sĩ chuyên ngành nhi khoa và bệnh nhiệt đới, từng học và hoạt động tại Pháp trong nhiều năm. Tại đây, ông lãnh đạo phong trào Việt kiều yêu nước và viết nhiều bài giới thiệu văn hóa Việt Nam trên các tạp chí quốc tế. Sau khi về nước, ông giữ vai trò chủ biên các tạp chí nghiên cứu đối ngoại và sáng lập Trung tâm nghiên cứu tâm lý trẻ em. Ông có nhiều đóng góp trong lĩnh vực văn hóa, giáo dục và y học, đặc biệt trong việc quảng bá hình ảnh Việt Nam ra thế giới.","Bác sĩ nhi khoa; nhà biên kịch, quay phim tài liệu",,Cách mạng & kháng chiến,Giám đốc Nhà xuất bản Ngoại văn; Giám đốc Trung tâm nghiên cứu tâm lý trẻ em và tâm bệnh lý,,,,,,,5/2/1913 - 10/5/1997
true,Nguyễn Khang,Nhân vật lịch sử,Cách mạng,"Nguyễn Khang là một trong những lãnh đạo chủ chốt của phong trào cách mạng tại miền Bắc Việt Nam trong thập niên 1940. Ông từng giữ chức Bí thư Thành ủy Hà Nội và là người trực tiếp chỉ đạo cuộc Tổng khởi nghĩa giành chính quyền tại Hà Nội vào ngày 19 tháng 8 năm 1945. Sau Cách mạng tháng Tám, ông đảm nhiệm nhiều vị trí quan trọng trong chính quyền như Chủ tịch Ủy ban nhân dân Cách mạng Bắc Bộ, Bộ trưởng Văn phòng Thủ tướng phủ và Đại sứ Việt Nam tại Trung Quốc.",Chính trị gia,,Cách mạng & kháng chiến,"Bí thư Thành ủy Hà Nội, Chủ tịch Ủy ban nhân dân Cách mạng Bắc Bộ, Bộ trưởng Văn phòng Thủ tướng phủ, Đại sứ Việt Nam tại Trung Quốc",,,,,,,1919 - 1976
true,Nguyễn Khánh Toàn,Nhân vật lịch sử,Giáo dục,"Nguyễn Khánh Toàn sinh tại thành phố Vinh, Nghệ An, quê gốc ở làng Thanh Lương, Hương Trà, Thừa Thiên Huế. Ông từng học tại Trường Cao đẳng Sư phạm Đông Dương và sau đó nghiên cứu sử học tại Liên Xô. Trong sự nghiệp, ông có nhiều đóng góp cho giáo dục và khoa học xã hội Việt Nam, đặc biệt trong giai đoạn sau năm 1945. Ông từng giữ nhiều chức vụ quan trọng trong ngành giáo dục và nghiên cứu khoa học, đồng thời tham gia giảng dạy triết học và chủ nghĩa Mác – Lênin. Ông được bầu làm viện sĩ nước ngoài của Viện Hàn lâm Khoa học Liên Xô và CHDC Đức.","Nhà giáo, nhà khoa học",,Cách mạng & kháng chiến,Thứ trưởng Bộ Giáo dục; Phó Chủ nhiệm Ủy ban Khoa học Nhà nước; Chủ nhiệm Ủy ban Khoa học Xã hội Việt Nam; Ủy viên Dự khuyết Ban Chấp hành Trung ương Đảng khóa III; Đại biểu Quốc hội khóa II và III,,,,,,,1/8/1905 - 9/12/1993
false,Nguyên Khiết,Địa danh,,,,,,,,,,,,,
true,Nguyễn Khoái,Nhân vật lịch sử,Quân sự,"Nguyễn Khoái sinh tại vùng Hồng Châu, nay thuộc tỉnh Hải Dương. Ông nổi tiếng từ nhỏ với sức khỏe phi thường và võ nghệ xuất chúng. Trong hai cuộc kháng chiến chống quân Nguyên Mông năm 1285 và 1288, ông giữ vai trò chỉ huy đội quân Thánh Dực, bảo vệ vua Trần và tham gia các trận đánh lớn như Hàm Tử, Tây Kết và Bạch Đằng. Tại trận Bạch Đằng, ông được giao nhiệm vụ chia cắt đội hình thủy quân địch, góp phần quan trọng vào chiến thắng. Sau chiến công, ông được phong tước Liệt hầu và cấp thực ấp tại Khoái Châu, Hưng Yên.",Quân nhân,,Nhà Trần,Chỉ huy Thánh Dực Dũng Nghĩa quân; Liệt hầu,,,,,,,1240 - 
true,Nguyễn Khuyến,Nhân vật lịch sử,Văn hoá - nghệ thuật,"Nguyễn Khuyến, tên thật là Nguyễn Thắng, sinh tại làng Văn Khế, huyện Ý Yên, tỉnh Nam Định; quê nội ở làng Yên Đổ, huyện Bình Lục, tỉnh Hà Nam. Ông nổi tiếng là người học giỏi, đỗ đầu cả ba kỳ thi Hương, Hội, Đình nên được gọi là “Tam Nguyên Yên Đổ”. Trong sự nghiệp làm quan dưới triều Nguyễn, ông từng giữ nhiều chức vụ nhưng xin từ quan vào năm 1884, sống ẩn dật tại quê nhà. Ông để lại nhiều tác phẩm thơ chữ Hán và chữ Nôm, tiêu biểu như “Câu cá mùa thu”, “Khóc Dương Khuê”, thể hiện tâm trạng thời cuộc và tình cảm sâu sắc với thiên nhiên, bạn bè.","Nhà thơ, nhà giáo, quan lại",,Nhà Nguyễn & Pháp thuộc,Đốc học Hà Nội; Án sát Thanh Hóa; Bố chính Quảng Ngãi; Tu Quốc Sử Quán; Tam Nguyên Yên Đổ,,,,,,,15/2/1835 - 5/2/1909
true,Nguyễn Lam,Nhân vật lịch sử,Quan chức,"Nguyễn Lam, tên khai sinh là Lê Hữu Vị, sinh ngày 31 tháng 12 năm 1921 tại xã Tiên Tân, huyện Duy Tiên, tỉnh Hà Nam. Ông tham gia hoạt động cách mạng từ năm 1937, từng bị thực dân Pháp bắt giam và đày lên nhà tù Sơn La, nơi ông được kết nạp vào Đảng Cộng sản Đông Dương năm 1943. Sau Cách mạng Tháng Tám, ông giữ nhiều chức vụ quan trọng trong Đảng và Nhà nước, đặc biệt là Bí thư Thành ủy Hà Nội hai nhiệm kỳ và Chủ nhiệm Ủy ban Kế hoạch Nhà nước. Ông là Bí thư thứ nhất đầu tiên của Trung ương Đoàn Thanh niên Cộng sản Hồ Chí Minh, góp phần định hình tổ chức thanh niên trong thời kỳ đầu xây dựng đất nước. Nguyễn Lam mất năm 1990 tại Hà Nội, được Nhà nước truy tặng Huân chương Sao Vàng năm 2007.","Chính trị gia, nhà cách mạng",,Cách mạng & kháng chiến,"Bí thư Trung ương Đảng, Phó Chủ tịch Hội đồng Bộ trưởng, Chủ nhiệm Ủy ban Kế hoạch Nhà nước, Bí thư Thành ủy Hà Nội, Bí thư thứ nhất Trung ương Đoàn Thanh niên Cộng sản Hồ Chí Minh",,,,,,,1921 - 1990
true,Nguyễn Lân,Nhân vật lịch sử,Giáo dục,"Nguyễn Lân sinh tại làng Ngọc Lập, huyện Mỹ Hào, tỉnh Hưng Yên. Ông tốt nghiệp Trường Cao đẳng Sư phạm Đông Dương và giảng dạy tại nhiều trường như Hồng Bàng, Thăng Long, Quốc học Huế, Chu Văn An. Trong kháng chiến, ông giữ chức Giám đốc Giáo dục Liên khu Việt Bắc, phụ trách công tác giáo dục tại nhiều tỉnh miền núi. Sau năm 1956, ông giảng dạy tại Đại học Sư phạm Hà Nội, chuyên ngành tâm lý và giáo dục học. Ông là tác giả của nhiều sách giáo khoa và từ điển tiếng Việt, tiêu biểu như Từ điển tiếng Việt (1986), Từ điển thành ngữ và tục ngữ Việt Nam (1989). Năm 2001, ông được trao Giải thưởng Nhà nước về khoa học và công nghệ.","Nhà giáo, nhà nghiên cứu, nhà biên soạn từ điển",,Cách mạng & kháng chiến,Giám đốc Giáo dục Liên khu Việt Bắc; Giám đốc Học chính Trung bộ; Nhà giáo Nhân dân,,,,,,,14/6/1906 - 7/8/2003
false,Nguyễn Long,Nhân vật lịch sử,,,,,,,,,,,,, - 
true,Nguyễn Lương Bằng,Nhân vật lịch sử,Lãnh đạo,"Nguyễn Lương Bằng sinh tại xã Thanh Tùng, huyện Thanh Miện, tỉnh Hải Dương, trong một gia đình nhà nho nghèo. Ông tham gia hoạt động cách mạng từ năm 1925, từng bị bắt và giam giữ nhiều lần bởi chính quyền thực dân. Sau Cách mạng tháng Tám, ông giữ nhiều chức vụ quan trọng trong bộ máy chính quyền và Đảng, trong đó có vai trò Phó Chủ tịch nước từ năm 1969 đến khi qua đời năm 1979. Ông cũng là đại sứ đầu tiên của Việt Nam tại Liên Xô và có đóng góp lớn trong lĩnh vực tài chính, kiểm tra và ngoại giao.",Nhà cách mạng; Quan chức chính trị,,Cách mạng & kháng chiến,"Phó Chủ tịch nước Việt Nam Dân chủ Cộng hòa; Tổng Giám đốc Ngân hàng Quốc gia Việt Nam; Đại sứ tại Liên Xô; Tổng Thanh tra Chính phủ; Trưởng Ban Kiểm tra Trung ương; Ủy viên Trung ương Đảng các khóa I, II, III, IV",,,,,,,2/4/1904 - 20/7/1979
true,Nguyễn Minh Châu,Nhân vật lịch sử,Văn hoá - nghệ thuật,"Nguyễn Minh Châu sinh tại làng Văn Thai, xã Sơn Hải, huyện Quỳnh Lưu, tỉnh Nghệ An. Ông từng phục vụ trong quân đội và sau đó chuyển sang công tác văn nghệ, là một trong những cây bút tiêu biểu của văn học Việt Nam giai đoạn 1954–1975. Tác phẩm của ông phản ánh sâu sắc thân phận con người trong chiến tranh và thời kỳ hậu chiến, với các truyện ngắn và tiểu thuyết như “Dấu chân người lính”, “Chiếc thuyền ngoài xa”, “Bến quê”, “Cỏ lau”. Năm 2000, ông được truy tặng Giải thưởng Hồ Chí Minh về Văn học Nghệ thuật.","Nhà văn, biên tập viên, quân nhân",,Cách mạng & kháng chiến,Trợ lý văn hóa Trung đoàn 64 Sư đoàn 320; Biên tập viên Tạp chí Văn nghệ Quân đội; Hội viên Hội Nhà văn Việt Nam,,,,,,,20/10/1930 - 23/1/1989
true,Nguyễn Ngọc Chân,Nhân vật lịch sử,Kỹ thuật,"Nguyễn Ngọc Chân sinh tại làng Bạch Mai, huyện Hoàn Long, tỉnh Hà Đông cũ, nay thuộc quận Hai Bà Trưng, Hà Nội. Ông tốt nghiệp Khoa Kiến trúc Trường Mỹ thuật Đông Dương (1931–1936) và từng làm việc tại Đà Lạt, tham gia thiết kế các công trình đô thị và nghỉ dưỡng. Sau năm 1945, ông tham gia kháng chiến và là một trong những người sáng lập Hội Kiến trúc sư Việt Nam. Trong sự nghiệp, ông chủ trì thiết kế nhiều công trình dân dụng, tiêu biểu như phương án thiết kế Lăng Chủ tịch Hồ Chí Minh (1970) cùng chuyên gia Liên Xô. Ông được trao Giải thưởng Nhà nước về Văn học – Nghệ thuật năm 2001.",Kiến trúc sư,,Cách mạng & kháng chiến,"Viện trưởng Viện Thiết kế Dân dụng, Bộ Xây dựng; Chánh Văn phòng xây dựng Lăng Chủ tịch Hồ Chí Minh; Cố vấn Ban Chấp hành Hội Kiến trúc sư Việt Nam khóa III",,,,,,,7/1/1911 - 10/12/1990
true,Nguyễn Ngọc Doãn,Nhân vật lịch sử,Quân sự,"Nguyễn Ngọc Doãn sinh tại làng Thịnh Hào, quận Đống Đa, Hà Nội; quê ngoại ở làng Xuân Biểu, nay thuộc khu vực vườn Bách Thảo. Ông tốt nghiệp Trường Y Dược khoa Hà Nội năm 1939 và từng là bác sĩ trẻ tuổi nhất thời bấy giờ. Sau Cách mạng Tháng Tám, ông tham gia kháng chiến, giữ nhiều chức vụ trong ngành quân y. Ông là người đặt nền móng cho chuyên ngành dược lý học tại Việt Nam, biên soạn hơn 70 công trình khoa học, nhiều tài liệu được công bố quốc tế. Với phương châm kết hợp y học hiện đại và cổ truyền, ông có đóng góp lớn trong đào tạo và phát triển ngành y học quân sự.","Bác sĩ, giáo sư, thầy thuốc quân y",,Cách mạng & kháng chiến,Thiếu tướng Quân đội Nhân dân Việt Nam; Phó Giám đốc Bệnh viện Trung ương Quân đội 108; Viện trưởng quân y Yên Bái; Trưởng ban quân y mặt trận Tây Bắc; Chủ nhiệm Hội đồng Khoa học Y học Quân sự; Giáo sư; Thầy thuốc Nhân dân; Anh hùng Lực lượng vũ trang Nhân dân,,,,,,,17/6/1914 - 1987
true,Nguyễn Ngọc Nại,Nhân vật lịch sử,Cách mạng,"Nguyễn Ngọc Nại là đội trưởng đội du kích Hồng Hà, hoạt động tại các xã ven sông Hồng thuộc Hà Nội trong thời kỳ đầu Toàn quốc kháng chiến. Ông chỉ huy đội du kích thực hiện nhiệm vụ liên lạc và tiếp tế cho Trung đoàn Thủ đô trong 60 ngày đêm chiến đấu tại Liên khu I. Ngày 18–19 tháng 2 năm 1947, đội du kích Hồng Hà chiến đấu chống lại lực lượng quân Pháp có tàu chiến yểm trợ trên bãi Nghi Tàm để bảo vệ cho Trung đoàn Thủ đô rút lui qua cầu Long Biên. Nguyễn Ngọc Nại cùng nhiều đồng đội đã hy sinh trong trận đánh này. Năm 1996, ông được truy tặng danh hiệu Anh hùng Lực lượng vũ trang nhân dân.",Cán bộ dân quân,,Cách mạng & kháng chiến,Đội trưởng đội du kích Hồng Hà,,,,,,, - 19/2/1947
true,Nguyễn Ngọc Vũ,Nhân vật lịch sử,Cách mạng,"Nguyễn Ngọc Vũ sinh tại phố Khâm Thiên, Hà Nội, quê gốc ở huyện Tiên Sơn, tỉnh Bắc Ninh. Ông tham gia hoạt động cách mạng từ năm 1926, từng là hội viên Hội Việt Nam Cách mạng Thanh niên, sau đó gia nhập Đông Dương Cộng sản Đảng. Năm 1930, ông được cử làm Bí thư Thành ủy chính thức đầu tiên của Đảng bộ Hà Nội. Ông bị bắt vào cuối năm 1930 và qua đời tại nhà tù Hỏa Lò năm 1932 khi mới 24 tuổi. Năm 2000, ông được truy tặng bằng “Tổ quốc ghi công”.",Nhà cách mạng,,Nhà Nguyễn & Pháp thuộc,Bí thư Thành ủy Hà Nội; Ủy viên Xứ ủy Bắc Kỳ; Ủy viên Thành bộ Đông Dương Cộng sản Đảng Hà Nội,,,,,,,20/8/1908 - 1932
true,Nguyễn Như Đổ,Nhân vật lịch sử,Quan chức,"Nguyễn Như Đổ, tên chữ Mạnh An, hiệu Khiêm Trai, sinh tại làng Đại Lan Châu, huyện Thanh Đàm, trấn Sơn Nam (nay thuộc xã Duyên Hà, huyện Thanh Trì, Hà Nội). Ông đỗ Bảng nhãn năm 1442 khi mới 19 tuổi và nhanh chóng được bổ nhiệm vào Viện Hàn lâm. Trong sự nghiệp, ông ba lần đi sứ sang nhà Minh, nổi bật với việc biện bạch để miễn cống ngọc trai, thể hiện tinh thần bảo vệ dân sinh1. Dưới triều Lê Thánh Tông, ông giữ nhiều chức vụ quan trọng như Lại bộ Thượng thư, Thượng thư Bộ Lễ, Đại học sĩ điện Càn Đức và Tân khách của Thái tử. Ông cũng là người dạy học cho hoàng tử và tham gia chỉnh đốn bộ máy hành chính. Nguyễn Như Đổ mất năm 1526, thọ 103 tuổi, để lại dấu ấn sâu sắc trong lịch sử chính trị và ngoại giao thời Lê sơ.","Chính trị gia, nhà ngoại giao, nhà giáo dục, nhà thơ",,Nhà Hậu Lê,"Bảng nhãn triều Lê, Lại bộ Thượng thư, Thượng thư Bộ Lễ, Đại học sĩ điện Càn Đức, Tế tửu Quốc Tử Giám, Kiêm thừa chỉ Viện Hàn lâm",,,,,,,1424 - 1526
true,Nguyễn Như Uyên,Nhân vật lịch sử,Quan chức,"Nguyễn Như Uyên sinh năm 1436 tại làng Hạ Yên Quyết (tên nôm là làng Cót), nay thuộc phường Yên Hòa, quận Cầu Giấy, Hà Nội. Ông đỗ Đệ nhị giáp Tiến sĩ (Hoàng giáp) năm Quang Thuận thứ 10 (1469) dưới triều vua Lê Thánh Tông. Sau khi đỗ đạt, ông được bổ nhiệm làm Thượng thư Bộ Lại, đứng đầu sáu bộ trong triều đình, đồng thời giữ chức Tế tửu Quốc Tử Giám – hiệu trưởng trường đại học đầu tiên của Việt Nam. Ông là người khai khoa cho truyền thống hiếu học của dòng họ Nguyễn ở Hạ Yên Quyết, nơi sau này có nhiều người đỗ đạt cao, góp phần làm rạng danh đất Thăng Long. Tên ông được đặt cho một con phố ở gần quê hương để tri ân công lao của ông.","Chính trị gia, nhà giáo, danh nhân khoa bảng",,Nhà Hậu Lê,"Hoàng giáp triều Lê, Thượng thư Bộ Lại, Chưởng lục Bộ sự, Tế tửu Quốc Tử Giám",,,,,,,1436 - 
true,Nguyễn Phạm Tuân,Nhân vật lịch sử,Cách mạng,"Nguyễn Phạm Tuân sinh tại làng Kiên Bính, phủ Quảng Ninh, tỉnh Quảng Bình (nay thuộc thành phố Đồng Hới). Ông xuất thân từ gia đình nho học, đỗ Cử nhân năm 1873 và từng giữ nhiều chức vụ trong triều đình nhà Nguyễn. Sau khi kinh đô Huế thất thủ năm 1885, ông từ quan và tham gia phong trào Cần Vương, được phong làm Thượng tướng, trực tiếp phò tá vua Hàm Nghi chống Pháp tại Tuyên Hóa. Ông từng tổ chức đánh thành Quảng Bình và bị thương trong một trận giao tranh. Ông mất trong tù năm 1887 vì vết thương quá nặng.","Quan lại, chí sĩ yêu nước",,Nhà Nguyễn & Pháp thuộc,Tri phủ Đức Thọ; Thượng tướng Quân thứ Quảng Bình; Tán tương Quân vụ tỉnh Quảng Bình,,,,,,,1842 - 10/4/1887
true,Nguyễn Phan Chánh,Nhân vật lịch sử,Văn hoá - nghệ thuật,"Nguyễn Phan Chánh là họa sĩ tiên phong trong nghệ thuật tranh lụa hiện đại Việt Nam. Ông sinh tại Hà Tĩnh, từng theo học Trường Cao đẳng Mỹ thuật Đông Dương và là sinh viên khóa đầu tiên của trường. Tác phẩm của ông như “Chơi ô ăn quan”, “Cô gái rửa rau” được giới thiệu tại triển lãm Paris năm 1931, đánh dấu lần đầu tranh lụa Việt Nam được công chúng quốc tế biết đến. Sau Cách mạng tháng Tám, ông tham gia kháng chiến và giảng dạy tại Đại học Mỹ thuật Hà Nội. Năm 1996, ông được truy tặng Giải thưởng Hồ Chí Minh về văn học nghệ thuật.",Họa sĩ,,Cách mạng & kháng chiến,Đại biểu Quốc hội Việt Nam Dân chủ Cộng hòa khóa III,,,,,,,21/7/1892 - 22/11/1984
true,Nguyễn Phong Sắc,Nhân vật lịch sử,Cách mạng,"Nguyễn Phong Sắc, tên khai sinh là Nguyễn Đình Sắc, sinh tại làng Bạch Mai, Hà Nội. Ông xuất thân từ gia đình có truyền thống yêu nước, từng học Trường Bưởi và đỗ đầu kỳ thi Thành chung năm 1924. Sau khi từ chối du học Pháp, ông làm việc tại Sở Tài chính Đông Dương nhưng sớm tham gia Hội Việt Nam Cách mạng Thanh niên. Ông là một trong những người sáng lập Chi bộ Cộng sản Bắc Kỳ và có vai trò quan trọng trong việc phát triển phong trào cách mạng tại Trung Kỳ, đặc biệt là thành lập chi bộ cộng sản đầu tiên ở Vinh. Ông bị bắt năm 1931 và mất tại nhà tù Vinh.",Chí sĩ cách mạng,,Nhà Nguyễn & Pháp thuộc,Ủy viên Ban Chấp hành Trung ương Đảng Cộng sản Đông Dương; thành viên Chi bộ Cộng sản Bắc Kỳ,,,,,,,1/2/1902 - 28/8/1931
true,Nguyễn Phúc Chu,Nhân vật lịch sử,Lãnh đạo,"Nguyễn Phúc Chu (sinh tại Phú Xuân, nay thuộc thành phố Huế, tỉnh Thừa Thiên Huế) là vị Chúa Nguyễn thứ sáu của Đàng Trong. Trong thời gian cầm quyền, ông tập trung mở rộng lãnh thổ về phía Nam, đặt phủ Gia Định năm 1698 và sáp nhập các vùng đất Nam Bộ ngày nay vào bản đồ Đại Việt, đồng thời thiết lập hệ thống hành chính vững chắc. Ông chú trọng phát triển kinh tế, chiêu mộ dân khai hoang, mở mang thương cảng Hội An và duy trì chính sách đối ngoại hòa hoãn. Là người sùng đạo Phật, ông cho tu bổ chùa Thiên Mụ, đúc Đại Hồng Chung và mở rộng ảnh hưởng của Phật giáo Đàng Trong.","Quân chủ, Nhà chính trị, Nhà quân sự",,Phân tranh,Chúa Nguyễn,Nguyên thủ quốc gia,,,,,,11/6/1675 - 1/6/1725
true,Nguyễn Phúc Lai,Nhân vật lịch sử,Cách mạng,"Nguyễn Phúc Lai sinh tại xã Chi Long, huyện Nam Xương (nay là huyện Lý Nhân), tỉnh Hà Nam. Ông sống ở Hà Nội và làm nghề đánh giày trước khi gia nhập Vệ quốc đoàn vào tháng 4 năm 1946. Trong thời kỳ Toàn quốc kháng chiến, ông là tiểu đội trưởng chiến đấu tại Liên khu III. Ngày 6/1/1947, trong trận chiến chống quân Pháp tại khu vực Giảng Võ – La Thành, ông đã dùng bom ba càng lao vào xe tăng địch và hy sinh. Năm 1997, ông được truy tặng danh hiệu Anh hùng Lực lượng vũ trang nhân dân.",Cảm tử quân,,Cách mạng & kháng chiến,"Anh hùng Lực lượng Vũ trang nhân dân; Tiểu đội trưởng Trung đội 1, Đại đội 2, Tiểu đoàn 56 Vệ quốc đoàn",,,,,,,1928 - 6/1/1947
true,Nguyễn Quang Bích,Nhân vật lịch sử,Cách mạng,"Nguyễn Quang Bích, tự Hàm Huy, hiệu Ngư Phong, sinh tại làng Trình Phố, phủ Kiến Xương, tỉnh Nam Định (nay thuộc tỉnh Thái Bình). Ông đỗ Hoàng giáp năm 1869 và từng giữ nhiều chức vụ quan trọng trong triều Nguyễn. Là một vị quan thanh liêm, ông nổi tiếng với tài văn chương và lòng yêu nước. Sau khi Pháp xâm lược Bắc Kỳ, ông không chấp nhận đường lối thỏa hiệp của triều đình mà lui về vùng Tây Bắc, tổ chức kháng chiến. Ông là một trong những thủ lĩnh tiêu biểu của phong trào Cần Vương, từng được vua Hàm Nghi phong làm Hiệp Thống Quân vụ Đại thần. Nguyễn Quang Bích mất năm 1890 tại căn cứ Tiên Động, Phú Thọ, để lại dấu ấn sâu sắc trong lịch sử chống Pháp và văn học yêu nước thế kỷ XIX.","Chính trị gia, nhà thơ, lãnh tụ kháng chiến",,Nhà Nguyễn & Pháp thuộc,"Hoàng giáp triều Nguyễn, Tri phủ Diên Khánh, Án sát Sơn Tây, Tế tửu Quốc Tử Giám, Tuần phủ Hưng Hóa, Hiệp Thống Bắc Kỳ Quân vụ Đại thần, Thượng thư Bộ Lễ",,,,,,,1832 - 1890
true,Nguyễn Quốc Trị,Nhân vật lịch sử,Quân sự,"Nguyễn Quốc Trị là một trong những sĩ quan đầu tiên được phong danh hiệu Anh hùng Lực lượng vũ trang nhân dân vào năm 1952. Ông sinh tại làng Phượng Kỷ, huyện Đô Lương, tỉnh Nghệ An, từng tham gia kháng chiến chống Nhật và Pháp từ rất sớm. Trong Chiến dịch Biên giới năm 1950, ông chỉ huy đơn vị phá vỡ kế hoạch hợp quân của Pháp, góp phần quan trọng vào thắng lợi chiến dịch. Sau năm 1954, ông là Trung đoàn trưởng Trung đoàn Thủ Đô, trực tiếp tham gia lễ tiếp quản Hà Nội. Ông hy sinh năm 1967 tại quê nhà trong một lần về thăm và động viên bộ đội.",Quân nhân,,Nhà Nguyễn & Pháp thuộc,"Thượng tá Quân đội Nhân dân Việt Nam, Trung đoàn trưởng Trung đoàn Thủ Đô, Hiệu trưởng Trường Quân chính Quân khu 4",,,,,,,1921 - 16/8/1967
true,Nguyễn Quý Đức,Nhân vật lịch sử,Văn hoá - nghệ thuật,"Nguyễn Quý Đức sinh tại làng Thiên Mỗ, huyện Từ Liêm, trấn Sơn Tây (nay thuộc phường Đại Mỗ, quận Nam Từ Liêm, Hà Nội). Ông đỗ Thám hoa năm 1676 và từng giữ nhiều chức vụ cao dưới triều Lê – Trịnh. Trong sự nghiệp, ông tham gia biên soạn bộ sử “Đại Việt sử ký tục biên”, làm Chánh sứ sang triều Thanh và giữ chức Tể tướng. Ông nổi tiếng là người thanh liêm, có nhiều cải cách hành chính giúp ổn định xã hội. Sau khi về hưu, ông sống giản dị tại quê nhà và được nhân dân tôn kính.","Nhà giáo, nhà thơ, nhà sử học, chính trị gia, ngoại giao",,Phân tranh,Thám hoa; Hàn lâm viện Hiệu thảo; Đốc đồng Cao Bằng; Thiêm đô ngự sử; Chánh sứ tuế cống triều Thanh; Thượng thư Bộ Binh; Tham tụng; Thiếu phó; Thiếu bảo; Đông các Đại học sĩ; Liêm Quận công,,,,,,,1648 - 1720
true,Nguyễn Quyền,Nhân vật lịch sử,Cách mạng,"Nguyễn Quyền, hiệu Đông Đường, sinh tại làng Thượng Trì (làng Đìa), xã Thượng Mão, phủ Thuận Thành, tỉnh Bắc Ninh. Ông đỗ Tú tài năm 1891 và được bổ làm Huấn đạo tỉnh Lạng Sơn. Năm 1907, ông từ quan và cùng Lương Văn Can sáng lập trường Đông Kinh Nghĩa Thục tại Hà Nội, cổ vũ học chữ Quốc ngữ và tư tưởng canh tân. Sau khi trường bị đóng cửa, ông bị bắt và đày ra Côn Đảo, sau đó bị an trí tại Bến Tre. Trong thời gian sống lưu vong, ông làm nghề bốc thuốc và tiếp tục truyền bá tư tưởng tiến bộ. Ông mất tại Bến Tre năm 1941.",Chí sĩ yêu nước,,Nhà Nguyễn & Pháp thuộc,Huấn đạo tỉnh Lạng Sơn; Giám học trường Đông Kinh Nghĩa Thục,,,,,,,1869 - 1941
true,Nguyễn Siêu,Nhân vật lịch sử,Quan chức,"Nguyễn Siêu, tên thật là Nguyễn Văn Định, tự Tốn Ban, hiệu Phương Đình, sinh tại làng Kim Lũ, huyện Thanh Trì (nay thuộc quận Hoàng Mai, Hà Nội). Ông nổi tiếng thông minh, học rộng và từng kết giao với Cao Bá Quát. Sau khi đỗ Phó bảng năm 1838, ông giữ nhiều chức vụ trong triều đình nhà Nguyễn và từng đi sứ sang Trung Quốc. Về sau, ông từ quan, sống tại Hà Nội, chuyên dạy học và biên soạn sách. Ông để lại nhiều công trình nghiên cứu bằng chữ Hán như “Địa dư chí”, “Phương Đình thi tập”, “Phương Đình văn loại”, có giá trị về văn học, sử học và địa lý.","Nhà thơ, nhà nghiên cứu văn hóa, quan lại triều Nguyễn",,Nhà Nguyễn & Pháp thuộc,"Á nguyên kỳ thi Hương; Phó bảng kỳ thi Hội; Hàn lâm viện Kiểm thảo; Chủ sự Bộ Lễ; Viên ngoại lang; Thừa chỉ Nội các; Thị giảng hoàng tử; Phó sứ đi sứ nhà Thanh; Học sĩ Viện Tập hiền; Án sát Hà Tĩnh, Hưng Yên; Hàn lâm viện Thị độc",,,,,,,1799 - 1872
true,Nguyễn Sơn,Nhân vật lịch sử,Quân sự,"Nguyễn Sơn, tên thật là Vũ Nguyên Bác, sinh tại làng Kiêu Kỵ, huyện Gia Lâm, Hà Nội. Ông là người Việt duy nhất được phong quân hàm tướng trong cả Quân đội Nhân dân Việt Nam và Quân Giải phóng Nhân dân Trung Quốc, nên được gọi là “Lưỡng quốc tướng quân”. Ông từng tham gia Vạn lý Trường chinh, ba lần bị khai trừ khỏi Đảng Cộng sản Trung Quốc nhưng vẫn kiên định lý tưởng cách mạng. Sau khi về nước năm 1945, ông giữ nhiều chức vụ quân sự và giáo dục quan trọng, góp phần xây dựng lực lượng vũ trang và đào tạo cán bộ. Ngoài quân sự, ông còn có đóng góp về văn hóa, từng bảo vệ giá trị của Truyện Kiều, tuồng và chèo trước những quan điểm sai lệch. Ông mất năm 1956 tại Hà Nội, để lại dấu ấn sâu sắc trong lịch sử cách mạng Việt Nam.","Quân nhân, nhà cách mạng, nhà văn hóa",,Cách mạng & kháng chiến,Thiếu tướng Quân đội Nhân dân Việt Nam; Thiếu tướng Quân Giải phóng Nhân dân Trung Quốc; Tư lệnh kiêm Chính ủy Liên khu 4 và Liên khu 5; Chủ tịch Ủy ban Kháng chiến Hành chính Nam Bộ; Hiệu trưởng Trường Lục quân trung học Quảng Ngãi; Cục trưởng Cục Quân huấn Bộ Tổng tham mưu,,,,,,,1/10/1908 - 21/10/1956
true,Nguyễn Sơn Hà,Nhân vật lịch sử,Doanh nhân,"Nguyễn Sơn Hà sinh năm 1894 tại Hà Nội, quê gốc ở huyện Quốc Oai, tỉnh Sơn Tây (nay thuộc Hà Nội). Ông xuất thân trong một gia đình nghèo, cha mất sớm, phải bỏ học từ năm 14 tuổi để đi làm. Sau thời gian làm thuê cho hãng sơn dầu Sauvage Cottu của Pháp tại Hải Phòng, ông tự học kỹ thuật sản xuất sơn và thành lập hãng sơn Gecko, trở thành người Việt đầu tiên chế tạo sơn dầu. Sản phẩm của ông có chất lượng tốt, giá thành thấp, từng bước cạnh tranh với hàng ngoại nhập. Ông còn sáng lập Đông Kinh ấn quán và tham gia nhiều hoạt động xã hội. Nguyễn Sơn Hà được xem là một trong những doanh nhân tiêu biểu đầu thế kỷ 20 tại Việt Nam.","Doanh nhân, nhà kỹ nghệ",,Cách mạng & kháng chiến,Chủ hãng sơn Gecko; Người Việt Nam đầu tiên chế tạo sơn dầu,,,,,,,8/7/1894 - 1980
true,Nguyễn Thái Học,Nhân vật lịch sử,Cách mạng,"Nguyễn Thái Học sinh tại làng Thổ Tang, phủ Vĩnh Tường, tỉnh Vĩnh Yên (nay thuộc huyện Vĩnh Tường, tỉnh Vĩnh Phúc). Ông từng theo học tại Viện Đại học Đông Dương nhưng bỏ học giữa chừng để hoạt động chính trị. Năm 1927, ông cùng một số trí thức trẻ thành lập Việt Nam Quốc dân Đảng với mục tiêu giành độc lập bằng con đường vũ trang. Ông là người lãnh đạo cuộc khởi nghĩa Yên Bái năm 1930, một sự kiện lớn trong phong trào chống thực dân Pháp. Sau khi khởi nghĩa thất bại, ông bị bắt và xử chém cùng 12 đồng chí tại Yên Bái.",Nhà cách mạng,,Nhà Nguyễn & Pháp thuộc,Sáng lập viên và Đảng trưởng Việt Nam Quốc dân Đảng,,,,,,,1/12/1902 - 17/6/1930
true,Nguyễn Thanh Bình,Nhân vật lịch sử,Quan chức,"Nguyễn Thanh Bình, tên thật là Nguyễn Văn Huyên, sinh ngày 4 tháng 5 năm 1918 tại xã Nhân Thắng, huyện Gia Bình, tỉnh Bắc Ninh. Ông tham gia phong trào dân chủ Đông Dương từ năm 1938 và được kết nạp vào Đảng Cộng sản Đông Dương năm 1939. Trong sự nghiệp, ông giữ nhiều chức vụ quan trọng trong bộ máy nhà nước và Đảng, nổi bật là Bí thư Thành ủy Hà Nội giai đoạn 1986–1988 và sau đó là Thường trực Ban Bí thư. Ông có đóng góp lớn trong lĩnh vực quản lý kinh tế, đặc biệt qua các chức vụ như Chủ nhiệm Ủy ban Vật giá Nhà nước và Bộ trưởng Bộ Nội thương. Nguyễn Thanh Bình mất ngày 19 tháng 3 năm 2008 tại Hà Nội, hưởng thọ 89 tuổi.",Chính trị gia,,Cách mạng & kháng chiến,"Bí thư Thành ủy Hà Nội, Thường trực Ban Bí thư Trung ương Đảng, Ủy viên Bộ Chính trị, Bộ trưởng Bộ Thủy lợi, Bộ trưởng Bộ Nội thương, Chủ nhiệm Ủy ban Thanh tra Chính phủ, Đại biểu Quốc hội khóa III–VIII",,,,,,,1918 - 2008
true,Nguyễn Thế Rục,Nhân vật lịch sử,Cách mạng,"Nguyễn Thế Rục quê tại làng Mễ Trì (nay thuộc phường Từ Liêm, thành phố Hà Nội). Ông là một trong những nhà lý luận chính trị và cán bộ lãnh đạo sớm của Đảng Cộng sản Đông Dương. Sau khi học tập tại Trường Đại học Phương Đông ở Liên Xô, ông về nước hoạt động cách mạng và tham gia Ban Chấp hành Trung ương Đảng giai đoạn 1930 - 1931. Ông có nhiều đóng góp trong việc biên soạn, truyền bá tài liệu lý luận Mác - Lênin và tổ chức các cơ quan báo chí cách mạng thời kỳ đầu như báo Lao Động, Dân Cày. Ông bị chính quyền thực dân Pháp bắt giữ và qua đời trong nhà tù do chế độ lao tù khắc nghiệt.","Nhà cách mạng, Nhà lý luận chính trị",,Nhà Nguyễn & Pháp thuộc,"Ủy viên Ban Chấp hành Trung ương Đảng Cộng sản Đông Dương, Trưởng Ban Tuyên huấn Trung ương",,,,,,,1902 - 1938
true,Nguyễn Thị Định,Nhân vật lịch sử,Lãnh đạo,"Nguyễn Thị Định sinh tại xã Lương Hòa, huyện Giồng Trôm, tỉnh Bến Tre. Bà tham gia hoạt động cách mạng từ năm 1936 và trở thành đảng viên Đảng Cộng sản Đông Dương năm 1938. Trong kháng chiến chống Pháp và Mỹ, bà giữ nhiều vai trò lãnh đạo, đặc biệt là trong phong trào Đồng khởi Bến Tre năm 1960. Bà là nữ Thiếu tướng đầu tiên của Quân đội nhân dân Việt Nam và có đóng góp lớn trong công tác vận động quần chúng, tổ chức lực lượng vũ trang và xây dựng chính quyền cách mạng. Sau năm 1975, bà đảm nhiệm nhiều chức vụ trong chính quyền và tổ chức phụ nữ, góp phần thúc đẩy bình đẳng giới và phát triển xã hội.","Chính trị gia, tướng lĩnh quân đội",,Cách mạng & kháng chiến,"Phó Chủ tịch Hội đồng Nhà nước, Chủ tịch Hội Liên hiệp Phụ nữ Việt Nam, Phó Tư lệnh Quân Giải phóng miền Nam Việt Nam, Phó Tư lệnh Chiến dịch Hồ Chí Minh, Bí thư Tỉnh ủy Bến Tre, Ủy viên Trung ương Đảng khóa IV–VI, Đại biểu Quốc hội khóa VI–VIII",,,,,,,15/3/1920 - 26/8/1992
true,Nguyễn Thị Duệ,Nhân vật lịch sử,Văn hoá - nghệ thuật,"Nguyễn Thị Duệ sinh tại làng Kiệt Đặc, phủ Bằng Châu, trấn Dương Kinh (nay thuộc phường Văn An, TP Chí Linh, tỉnh Hải Dương). Bà là người phụ nữ đầu tiên trong lịch sử khoa bảng Việt Nam đỗ tiến sĩ, từng giả trai đi thi dưới tên Nguyễn Du và đỗ thủ khoa kỳ thi Hội năm 1594. Sau khi bị phát hiện, bà được vua Mạc trọng dụng, giao việc giảng dạy trong cung. Sau khi nhà Mạc thất thế, bà tiếp tục được triều Lê – Trịnh mời làm quan giáo tập. Bà có ảnh hưởng lớn trong việc đào tạo nhân tài và được nhân dân tôn kính, lập đền thờ sau khi mất.","Nhà giáo, nhà thơ, nữ sĩ",,Phân tranh,Tiến sĩ triều Mạc; Tinh Phi; Cung Trung Giáo Tập; Lễ Nghi Học Sĩ; Chiêu Nghi hiệu Nghi Ái Quan,,,,,,,14/3/1574 - 8/11/1654
true,Nguyễn Thị Thập,Nhân vật lịch sử,Lãnh đạo,"Nguyễn Thị Thập, tên thật là Nguyễn Thị Ngọc Tốt, sinh tại xã Long Hưng, huyện Châu Thành, tỉnh Mỹ Tho (nay thuộc tỉnh Tiền Giang). Bà tham gia cách mạng từ năm 1928, từng bị thực dân Pháp bắt giam nhiều lần. Trong khởi nghĩa Nam Kỳ năm 1940, bà là thành viên ban lãnh đạo tại tỉnh Mỹ Tho. Sau Cách mạng Tháng Tám, bà giữ vai trò lãnh đạo phong trào phụ nữ Nam Bộ và được bầu làm Chủ tịch Hội Liên hiệp Phụ nữ Việt Nam từ năm 1956 đến 1974. Bà là nữ chính trị gia giữ chức Phó Chủ tịch Quốc hội lâu năm và là người phụ nữ đầu tiên được trao tặng Huân chương Sao Vàng.",Chính trị gia,,Cách mạng & kháng chiến,"Phó Chủ tịch Quốc hội khóa III–VI, Chủ tịch Hội Liên hiệp Phụ nữ Việt Nam, Ủy viên Trung ương Đảng khóa III–IV, Ủy viên dự khuyết Trung ương Đảng khóa II, Bí thư Đảng đoàn phụ nữ kiêm Trưởng ban Phụ vận Trung ương, Đại biểu Quốc hội khóa I–VI",,,,,,,10/10/1908 - 19/3/1996
true,Nguyễn Thiện Thuật,Nhân vật lịch sử,Cách mạng,"Nguyễn Thiện Thuật sinh tại làng Xuân Dục, huyện Đường Hào (nay thuộc xã Xuân Dục, thị xã Mỹ Hào, tỉnh Hưng Yên). Ông từng giữ nhiều chức vụ trong triều Nguyễn, nhưng sau khi Pháp chiếm Bắc Kỳ, ông từ quan và tổ chức khởi nghĩa Bãi Sậy, một trong những phong trào lớn thuộc Cần Vương. Ông áp dụng chiến thuật du kích, dựa vào địa hình sình lầy và sự ủng hộ của dân chúng để chống Pháp. Cuộc khởi nghĩa kéo dài hơn 10 năm, lan rộng khắp Hưng Yên, Hải Dương, Thái Bình. Sau khi thất thế, ông sang Quảng Tây, Trung Quốc và mất tại đó năm 1926.","Nhà chính trị, thủ lĩnh khởi nghĩa",,Nhà Nguyễn & Pháp thuộc,Tri phủ Từ Sơn; Tán tương quân vụ tỉnh Hải Dương và Sơn Tây; Chánh sứ sơn phòng tỉnh Hưng Hóa; Bắc kỳ Hiệp thống quân vụ đại thần,,,,,,,23/3/1844 - 25/5/1926
true,Nguyễn Thiếp,Nhân vật lịch sử,Quan chức,"Nguyễn Thiếp sinh tại làng Mật Thôn, huyện La Sơn (nay thuộc huyện Can Lộc, tỉnh Hà Tĩnh). Ông nổi tiếng là một học giả uyên bác, từng chọn sống ẩn dật tại núi Thiên Nhẫn để giảng dạy và nghiên cứu. Dưới thời Tây Sơn, ông được vua Quang Trung mời ra giúp nước, giữ chức Viện trưởng Quốc Tử Giám và tham gia xây dựng Phượng Hoàng Trung Đô. Tác phẩm tiêu biểu của ông là bài luận Bàn về phép học, phản ánh tư tưởng giáo dục tiến bộ thời kỳ đó.","Nhà giáo, danh sĩ, nhà tư tưởng, cố vấn chính trị",,Nhà Tây Sơn,"Viện trưởng Quốc Tử Giám Phú Xuân, Quân sư cố vấn nhà Tây Sơn",,,,,,,25/8/1723 - 6/2/1804
true,Nguyễn Thời Trung,Nhân vật lịch sử,Quân sự,"Nguyễn Thời Trung sinh tại làng Phong Lâm, huyện Gia Lộc, tỉnh Hải Dương. Ông đỗ tiến sĩ năm 1565 dưới triều Mạc và được cử đi sứ sang nhà Minh. Trong chuyến đi, ông học nghề thuộc da và đóng giày, sau đó truyền lại cho dân làng khi trở về. Nhờ công truyền nghề, ba làng Phong Lâm, Trúc Lâm và Văn Lâm phát triển thành vùng nghề da giày nổi tiếng. Ông được tôn làm tổ nghề da giày Việt Nam và thờ phụng tại đình làng Phong Lâm.","Quan lại, sứ thần, tổ nghề thủ công",,Phân tranh,Tiến sĩ triều Mạc; Thừa chính sứ; Thành hoàng làng Phong Lâm,,,,,,,1565 - 
true,Nguyễn Thượng Hiền,Nhân vật lịch sử,Cách mạng,"Nguyễn Thượng Hiền sinh tại làng Liên Bạt, huyện Sơn Lãng, tỉnh Hà Đông (nay thuộc huyện Ứng Hòa, Hà Nội). Ông xuất thân trong gia đình khoa bảng, là con Hoàng giáp Nguyễn Thượng Phiên và con rể quan Phụ chính Tôn Thất Thuyết. Sau khi đỗ Hoàng giáp năm 1892, ông được bổ làm Toản tu Quốc Sử quán, sau đó làm Đốc học Nam Định. Không đồng tình với chính sách của triều đình trước thực dân Pháp, ông từ quan và sang Trung Quốc hoạt động cách mạng, cùng Phan Bội Châu lập Việt Nam Quang phục Hội. Ông mất tại Hàng Châu năm 1925. Ngoài hoạt động chính trị, ông còn để lại nhiều tác phẩm thơ văn bằng chữ Hán và Nôm.","Chí sĩ yêu nước, nhà thơ",,Nhà Nguyễn & Pháp thuộc,Toản tu Quốc Sử quán; Đốc học Nam Định; lãnh đạo Việt Nam Quang phục Hội,,,,,,,1868 - 28/12/1925
true,Nguyễn Trác,Nhân vật lịch sử,Quan chức,"Nguyễn Trác, bí danh Thiều, sinh tại làng Hà Thanh, phủ Điện Bàn, tỉnh Quảng Nam. Ông tham gia hoạt động cách mạng từ năm 1930, từng bị thực dân Pháp kết án 10 năm tù và đày ra Côn Đảo, nơi ông tiếp tục tổ chức hoạt động trong nhà tù. Sau Cách mạng tháng Tám, ông giữ nhiều chức vụ trong ngành tư pháp và tổ chức Đảng, tiêu biểu như Thứ trưởng Bộ Tư pháp và Phó Chánh án Tòa án Nhân dân Tối cao. Ông có đóng góp trong việc xây dựng hệ thống pháp luật và tổ chức công đoàn thời kỳ đầu của nước Việt Nam Dân chủ Cộng hòa.","Nhà chính trị, cán bộ tư pháp",,Cách mạng & kháng chiến,Thứ trưởng Bộ Tư pháp; Phó Chánh án Tòa án Nhân dân Tối cao; Bí thư Đảng đoàn Bộ Tư pháp; Bí thư Xứ ủy Trung Kỳ; Bí thư Thành ủy Đà Nẵng; Đại biểu Quốc hội tỉnh Nghệ An,,,,,,,4/11/1904 - 11/8/1986
true,Nguyễn Trãi,Nhân vật lịch sử,Quan chức,"Nguyễn Trãi sinh tại làng Nhị Khê, huyện Thường Tín, phủ Ứng Thiên, nay thuộc thành phố Hà Nội. Ông là con của Nguyễn Phi Khanh, tiến sĩ cuối đời Trần, và cháu ngoại của Trần Nguyên Đán. Sau khi đỗ Thái học sinh năm 1400, ông làm quan dưới triều Hồ. Khi nhà Minh xâm lược, ông tham gia khởi nghĩa Lam Sơn, trở thành mưu sĩ thân cận của Lê Lợi, phụ trách soạn thảo văn thư và hoạch định chiến lược. Sau khi khởi nghĩa thành công, ông giữ nhiều chức vụ cao trong triều đình nhà Lê. Các tác phẩm tiêu biểu của ông gồm Bình Ngô đại cáo, Quân trung từ mệnh tập, Ức Trai thi tập, và Dư địa chí, có ảnh hưởng lớn đến văn học và tư tưởng Việt Nam. Ông bị kết án trong vụ án Lệ Chi Viên năm 1442, được minh oan năm 1464.","Nhà chính trị, nhà văn, nhà thơ, nhà ngoại giao",,Nhà Hậu Lê,Ngự sử đài Chính chưởng triều Hồ; Nhập nội hành khiển; Lại bộ Thượng thư kiêm hành Khu mật viện sự triều Lê,,Cháu ngoại của Trần Nguyên Đán,,,,,1380 - 19/9/1442
true,Nguyễn Tri Phương,Nhân vật lịch sử,Quân sự,"Nguyễn Tri Phương sinh tại làng Đường Long, xã Điền Lộc, huyện Phong Điền, tỉnh Thừa Thiên Huế. Ông xuất thân từ tầng lớp bình dân, không qua khoa cử nhưng được trọng dụng nhờ tài năng và phẩm chất. Trong sự nghiệp, ông giữ nhiều chức vụ cao dưới các triều vua Minh Mạng, Thiệu Trị và Tự Đức, nổi bật với vai trò Tổng chỉ huy quân đội triều Nguyễn trong các cuộc kháng chiến chống Pháp tại Đà Nẵng, Gia Định và Hà Nội. Sau khi thành Hà Nội thất thủ năm 1873, ông bị thương nặng và qua đời trong khi bị quân Pháp giam giữ.","Chính trị gia, quân nhân",,Nhà Nguyễn & Pháp thuộc,"Thượng thư Bộ Công, Tổng đốc Long Tường, Tổng đốc An Hà, Phụ chính Đại thần, Khâm sai quân thứ đại thần Trấn Tây, Hiệp biện Đại học sĩ, tước Tráng Liệt bá",,,,,,,21/7/1800 - 20/12/1873
true,Nguyễn Trực,Nhân vật lịch sử,Quan chức,"Nguyễn Trực sinh tại làng Bối Khê, xã Tam Hưng, huyện Thanh Oai, Hà Nội. Ông đỗ Trạng nguyên năm 1442 dưới triều Lê Thái Tông, là trạng nguyên đầu tiên của nhà Hậu Lê. Trong sự nghiệp, ông giữ nhiều chức vụ quan trọng trong triều đình và từng đi sứ sang nhà Minh. Theo một số ghi chép, ông tham gia kỳ thi Đình tại Bắc Kinh và đỗ Trạng nguyên, được gọi là “Lưỡng quốc Trạng nguyên”. Ông có đóng góp trong giáo dục qua vai trò Tế tửu Quốc Tử Giám và được lưu danh tại bia tiến sĩ Văn Miếu.","Chính trị gia, nhà giáo, nhà ngoại giao",,Nhà Hậu Lê,"Trạng nguyên triều Lê, Trực học sĩ Viện Hàn lâm, Vũ kỵ úy, An phủ sứ Nam Sách, Thị giảng, Ngự tiền học sinh cục thứ hai Viện Hàn lâm, Trung thư thị lang, Thiếu trung khanh đại phu Ngự sử đài Ngự sử thị Đô úy, Thự trung thư lệnh, Tri tam quán sự, Hàn lâm viện Thừa chỉ kiêm Tế tửu Quốc Tử Giám Thăng Long",,,,,,,31/5/1417 - 1474
true,Nguyễn Trung Ngạn,Nhân vật lịch sử,Quan chức,"Nguyễn Trung Ngạn quê tại làng Thổ Hoàng, huyện Thiên Thi (nay thuộc thị trấn Ân Thi, huyện Ân Thi, tỉnh Hưng Yên). Ông đỗ Hoàng giáp năm mới 16 tuổi và trở thành một trong những vị quan toàn tài bậc nhất thời Trần. Trên lĩnh vực ngoại giao, ông hai lần đi sứ nhà Nguyên và bảo vệ thành công thể diện quốc gia bằng tài ứng đối. Khi giữ chức Kinh sư Đại Doãn (đứng đầu kinh thành Thăng Long), ông thiết lập kỷ cương, trị an nghiêm minh và lập ra các kho Bình chuẩn để điều tiết giá gạo cứu tế dân nghèo. Ông cũng là người cùng Trương Hán Siêu soạn thảo bộ luật ""Hình thư"" và sách ""Hoàng triều đại điển"", đặt nền móng cho hệ thống luật pháp và điển chế thời Trần, đồng thời để lại tập thơ ""Giới Hiên thi tập"".","Đại thần, Nhà chính trị, Nhà ngoại giao, Nhà thơ thời Trần",,Nhà Trần,"Kinh sư Đại Doãn, Nhập nội Hành khiển, Thượng thư sảnh Hữu bật, Kinh lược sứ lạng giang","Chủ tịch Ủy ban nhân dân thành phố Hà Nội, Phó Thủ tướng Chính phủ",,,,,,1289 - 1370
true,Nguyễn Trung Trực,Nhân vật lịch sử,Cách mạng,"Nguyễn Trung Trực, tên thật là Nguyễn Văn Lịch, sinh tại thôn Bình Nhựt, phủ Tân An, tỉnh Gia Định (nay thuộc huyện Bến Lức, tỉnh Long An). Xuất thân từ dân chài, ông sớm tham gia nghĩa quân chống Pháp, từng giữ chức Quyền sung Quản đạo dưới quyền Trương Định. Ông nổi bật với hai chiến công lớn: đốt cháy tàu chiến L’Espérance của Pháp tại vàm Nhựt Tảo năm 1861 và đánh chiếm đồn Rạch Giá năm 1868. Sau khi bị bắt, ông bị xử tử tại chợ Rạch Giá ngày 27/10/1868.",Thủ lĩnh nghĩa quân,,Nhà Nguyễn & Pháp thuộc,Quyền sung Quản đạo; thủ lĩnh nghĩa quân chống Pháp tại Nam Kỳ,,,,,,,1838 - 27/10/1868
true,Nguyễn Trường Tộ,Nhân vật lịch sử,Kinh tế - xã hội,"Nguyễn Trường Tộ sinh tại làng Bùi Chu, xã Hưng Trung, huyện Hưng Nguyên, tỉnh Nghệ An, trong một gia đình Công giáo. Ông học chữ Hán từ nhỏ, sau đó được Giám mục Gauthier dạy tiếng Pháp và các môn khoa học phương Tây. Ông từng sang Hồng Kông và một số nước khác để học tập, rồi trở về nước với mong muốn cải cách xã hội. Trong thập niên 1860, ông viết nhiều bản điều trần gửi vua Tự Đức, đề xuất cải cách giáo dục, luật pháp, kinh tế và quân sự nhằm hiện đại hóa đất nước. Tuy không được triều đình chấp nhận, các tư tưởng của ông vẫn được đánh giá là tiến bộ và có ảnh hưởng lâu dài đến tư duy cải cách ở Việt Nam.","Danh sĩ, kiến trúc sư, nhà cải cách xã hội",,Nhà Nguyễn & Pháp thuộc,,,,,,,,1830 - 1871
true,Nguyễn Tư Giản,Nhân vật lịch sử,Quan chức,"Nguyễn Tư Giản sinh tại làng Du Lâm, xã Mai Lâm, huyện Đông Anh, Hà Nội. Ông xuất thân trong một gia đình khoa bảng, từng đỗ Hoàng giáp năm 1844 và giữ nhiều chức vụ trong triều Nguyễn. Ông nổi bật với tư tưởng cải cách và có nhiều đóng góp trong công tác trị thủy sông Hồng, nhằm giảm thiệt hại do lũ lụt ở Bắc Bộ. Ngoài ra, ông từng tham gia biên soạn bộ Thiệu Trị văn quy và được đánh giá là một quan chức có tư duy hành chính tiến bộ trong bối cảnh xã hội biến động cuối thế kỷ XIX.","Chính trị gia, nhà giáo, nhà cải cách",,Nhà Nguyễn & Pháp thuộc,"Hoàng giáp triều Nguyễn, Tu soạn Hàn lâm viện, Tri phủ Ninh Thuận, Thị giảng học sĩ, Binh khoa cấp sự trung, Quang Lộc tự khanh, Thị lang Bộ Lại, Hiệp chính Biện lý đê chính sự vụ",,,,,,,1823 - 1890
true,Nguyễn Tuân,Nhân vật lịch sử,Văn hoá - nghệ thuật,"Nguyễn Tuân sinh tại phố Hàng Bạc, Hà Nội; quê gốc ở thôn Thượng Đình, xã Nhân Mục (nay thuộc phường Nhân Chính, quận Thanh Xuân, Hà Nội). Ông là một trong những cây bút lớn của văn học Việt Nam hiện đại, nổi bật với thể loại tùy bút và bút ký. Trước Cách mạng Tháng Tám, ông nổi tiếng với tác phẩm “Vang bóng một thời”, thể hiện chủ nghĩa xê dịch và tinh thần tài hoa. Sau năm 1945, ông tiếp tục sáng tác với phong cách đổi mới, tiêu biểu là “Sông Đà” và các tập ký về kháng chiến. Văn phong của ông được đánh giá cao về sự uyên bác và khả năng sử dụng tiếng Việt điêu luyện. Tên ông được đặt cho một con đường ở gần Thượng Đình để tưởng nhớ.","Nhà văn, nhà báo, diễn viên",,Cách mạng & kháng chiến,Tổng thư ký Hội Văn nghệ Việt Nam (1948–1957); Hội viên Hội Nhà văn Việt Nam; Giải thưởng Hồ Chí Minh về Văn học Nghệ thuật,,,,,,,10/7/1910 - 28/7/1987
true,Nguyễn Văn Cừ,Nhân vật lịch sử,Lãnh đạo,"Nguyễn Văn Cừ sinh tại xã Phù Khê, huyện Từ Sơn, tỉnh Bắc Ninh, trong một gia đình Nho học. Ông tham gia cách mạng từ khi còn là học sinh trường Bưởi ở Hà Nội, từng bị thực dân Pháp bắt và đày ra Côn Đảo. Sau khi được trả tự do năm 1936, ông tích cực khôi phục tổ chức Đảng và phong trào cách mạng ở Bắc Kỳ. Năm 1938, ông được bầu làm Tổng Bí thư khi mới 26 tuổi, trở thành một trong những lãnh đạo trẻ nhất trong lịch sử Đảng. Ông là tác giả của tác phẩm nổi tiếng “Tự chỉ trích”, góp phần thúc đẩy công tác xây dựng Đảng. Sau Khởi nghĩa Nam Kỳ năm 1940, ông bị thực dân Pháp kết án tử hình và xử bắn tại Hóc Môn, Gia Định. Nguyễn Văn Cừ được truy tặng Huân chương Sao Vàng và ghi danh là một trong những Tổng Bí thư tiêu biểu của Đảng.","Chính trị gia, nhà cách mạng",,Nhà Nguyễn & Pháp thuộc,"Tổng Bí thư Đảng Cộng sản Đông Dương (1938–1940), Ủy viên Ban Thường vụ Trung ương Đảng, Bí thư Đặc khu ủy Hòn Gai–Uông Bí",,,,,,,9/7/1912 - 28/8/1941
true,Nguyễn Văn Giáp,Nhân vật lịch sử,Cách mạng,"Nguyễn Văn Giáp, tên húy là Nguyễn Thường, tự Văn Giáp, hiệu Chu Cát, sinh tại làng Tả Thanh Oai, huyện Thanh Oai, tỉnh Hà Đông (nay thuộc huyện Thanh Trì, Hà Nội). Ông đỗ cử nhân khoa Giáp Tý năm 1864, từng giữ nhiều chức vụ trong triều Nguyễn, nổi bật là Bố chính tỉnh Sơn Tây và Tổng đốc Sơn-Hưng-Tuyên. Trong thời kỳ thực dân Pháp xâm lược Bắc Kỳ, ông chỉ huy quân dân phòng thủ thành Sơn Tây và sau đó tổ chức lực lượng nghĩa quân tại vùng Phú Thọ. Ông là một trong những lãnh tụ tiêu biểu của phong trào Cần Vương cuối thế kỷ XIX.","Nhà chính trị, nhà quân sự",,Nhà Nguyễn & Pháp thuộc,Cử nhân; Tri huyện Chân Lộc; Tri phủ Đoan Hùng; Bố chính tỉnh Sơn Tây; Tuần phủ Sơn Tây; Tham tán hiệp đốc Bắc Kỳ; Quân vụ Đại thần; Phấn Trung tướng quân; Tổng đốc Sơn-Hưng-Tuyên,,,,,,,1837 - 1887
true,Nguyễn Văn Hưởng,Nhân vật lịch sử,Y học,"Nguyễn Văn Hưởng, còn gọi là Nguyễn Thành Tâm, sinh tại xã Mỹ Hiệp, huyện Chợ Mới, tỉnh An Giang. Ông là bác sĩ chuyên ngành vi trùng học và Đông y, từng học tại Trường Đại học Y khoa Hà Nội và bảo vệ luận án tiến sĩ tại Paris năm 1932. Sau khi về nước, ông làm việc tại Viện Pasteur Sài Gòn, rồi mở phòng khám tư đầu tiên có phòng xét nghiệm tại Sài Gòn. Trong kháng chiến, ông tham gia công tác y tế cách mạng, chế tạo huyết thanh chống uốn ván và nhiều loại vaccine. Ông giữ chức Bộ trưởng Bộ Y tế từ năm 1969 đến 1974, có nhiều đóng góp trong xây dựng hệ thống y tế Việt Nam. Ông được trao Giải thưởng Hồ Chí Minh năm 1996.","Bác sĩ, giáo sư, nhà vi trùng học, chuyên gia Đông y",,Cách mạng & kháng chiến,"Bộ trưởng Bộ Y tế; Phó Chủ tịch Ủy ban Thường vụ Quốc hội khóa II, III; Ủy viên Đoàn Chủ tịch Ủy ban Trung ương Mặt trận Tổ quốc Việt Nam; Đại biểu Quốc hội khóa I",,,,,,,22/12/1906 - 4/8/1998
true,Nguyễn Văn Huyên,Nhân vật lịch sử,Văn hoá - nghệ thuật,"Nguyễn Văn Huyên sinh tại thôn Lai Xá, xã Kim Chung, huyện Hoài Đức, tỉnh Hà Tây (nay thuộc Hà Nội). Ông là người Việt Nam đầu tiên bảo vệ thành công luận án tiến sĩ văn khoa tại Đại học Sorbonne, Pháp năm 1934. Sau khi về nước, ông từ chối làm quan, chuyển sang giảng dạy và nghiên cứu văn hóa dân tộc. Ông giữ chức Bộ trưởng Giáo dục trong gần ba thập kỷ, có nhiều đóng góp trong việc xây dựng nền giáo dục Việt Nam hiện đại. Các công trình nghiên cứu của ông về văn hóa dân gian, kiến trúc nhà sàn và hát đối đáp được đánh giá cao trong giới học thuật.","Giáo sư, tiến sĩ, nhà sử học, nhà dân tộc học, nhà giáo dục, nhà nghiên cứu văn hóa",,Cách mạng & kháng chiến,"Bộ trưởng Bộ Quốc gia Giáo dục Việt Nam (1946–1975); Đại biểu Quốc hội khóa II, III, IV, V; Ủy viên Hội đồng nghiên cứu khoa học Đông Dương; Giải thưởng Hồ Chí Minh về Khoa học – Công nghệ (truy tặng)",,,,,,,16/11/1905 - 19/10/1975
true,Nguyễn Văn Linh,Nhân vật lịch sử,Lãnh đạo,"Nguyễn Văn Linh, tên khai sinh là Nguyễn Văn Cúc, sinh tại xã Giai Phạm, huyện Mỹ Văn, tỉnh Hưng Yên. Ông tham gia cách mạng từ năm 1929, từng bị thực dân Pháp bắt và đày ra Côn Đảo hai lần. Sau Cách mạng Tháng Tám, ông hoạt động chủ yếu ở miền Nam, giữ nhiều chức vụ lãnh đạo trong kháng chiến chống Pháp và Mỹ. Năm 1986, ông được bầu làm Tổng Bí thư tại Đại hội VI của Đảng, mở đầu cho công cuộc Đổi Mới, chuyển nền kinh tế từ kế hoạch hóa tập trung sang kinh tế thị trường định hướng xã hội chủ nghĩa. Ông nổi tiếng với chuyên mục “Những việc cần làm ngay” trên báo Nhân Dân, phản ánh tinh thần cải cách và chống tiêu cực. Nguyễn Văn Linh được xem là người đặt nền móng cho thời kỳ phát triển mới của Việt Nam sau chiến tranh.",Chính trị gia,,Cách mạng & kháng chiến,"Tổng Bí thư Ban Chấp hành Trung ương Đảng Cộng sản Việt Nam (1986–1991), Bí thư Thành ủy TP Hồ Chí Minh, Bí thư Trung ương Cục miền Nam, Chủ tịch Tổng Công đoàn Việt Nam, Cố vấn Ban Chấp hành Trung ương Đảng",,,,,,,1/7/1915 - 27/4/1998
true,Nguyễn Văn Lộc,Nhân vật lịch sử,Quan chức,"Nguyễn Văn Lộc, còn gọi là Trương Đỗ Uông, sinh tại thôn Tảo Khê, xã Tảo Dương Văn, huyện Ứng Hòa, tỉnh Hà Đông (nay thuộc Hà Nội). Ông tham gia cách mạng từ năm 1932 và là người tổ chức Chi bộ Đảng đầu tiên tại huyện Ứng Hòa. Trong kháng chiến chống Pháp, ông giữ nhiều chức vụ lãnh đạo tại các khu và liên khu. Sau năm 1954, ông đảm nhiệm các vị trí trong ngành nông nghiệp và thanh tra của Chính phủ, từng giữ chức Bộ trưởng Bộ Nông nghiệp và Chủ nhiệm Ủy ban Thanh tra. Ông được truy tặng Huân chương Hồ Chí Minh và Huân chương Sao vàng.","Nhà cách mạng, quan chức chính quyền",,Cách mạng & kháng chiến,Bộ trưởng Bộ Nông nghiệp; Bộ trưởng Chủ nhiệm Ủy ban Thanh tra của Chính phủ; Thứ trưởng Bộ Thủy lợi; Chủ tịch Ủy ban Hành chính Liên khu III; Bí thư liên khu ủy III; Phó Bí thư Khu ủy khu II; Bí thư Tỉnh ủy Sơn Tây và Hà Đông; Sứ ủy viên Bắc Kỳ; Ủy viên dự khuyết Ban Chấp hành Trung ương Đảng Lao động Việt Nam,,,,,,,1914 - 1979
true,Nguyễn Văn Luyện,Nhân vật lịch sử,Cách mạng,"Nguyễn Văn Luyện là bác sĩ tốt nghiệp xuất sắc Trường Y khoa Đông Dương, từng làm luận án tại Pháp về y học xã hội, tập trung vào vấn đề tử vong trẻ sơ sinh. Sau khi về nước, ông từ chối làm việc cho chính quyền thực dân, mở nhà thương tư nhân tại Hà Nội để khám chữa bệnh cho người nghèo. Ông sáng lập tờ báo “Tin Mới” nhằm truyền bá kiến thức y học và xã hội. Ngoài ra, ông còn viết sách hướng dẫn chăm sóc bà mẹ và trẻ sơ sinh. Sau Cách mạng tháng Tám, ông tham gia Mặt trận Việt Minh, được bầu làm đại biểu Quốc hội khóa I và tham gia đoàn đàm phán tại Hội nghị Fontainebleau.","Bác sĩ, nhà báo, nhà hoạt động xã hội",,Nhà Nguyễn & Pháp thuộc,Ủy viên Ban Thường trực Quốc hội khóa I; Ủy viên Ban chấp hành Trung ương Đảng Dân chủ Việt Nam,,,,,,,30/4/1898 - 20/12/1946
true,Nguyễn Văn Ngọc,Nhân vật lịch sử,Văn hoá - nghệ thuật,"Nguyễn Văn Ngọc, tự Ôn Như, sinh tại làng Hoạch Trạch (làng Vạc), xã Thái Học, huyện Bình Giang, tỉnh Hải Dương. Ông học cả Hán học và Tây học, từng giảng dạy tại nhiều trường lớn ở Hà Nội như trường Bưởi và trường Sư phạm. Trong hơn 30 năm làm giáo học, ông đã sưu tầm và biên soạn nhiều sách giáo khoa, sách nghiên cứu văn học có giá trị như “Cổ học tinh hoa”, “Truyện cổ nước Nam”, “Tục ngữ phong dao”, “Nam thi hợp tuyển”. Ông có đóng góp lớn trong việc bảo tồn và phổ biến văn hóa dân gian, đặc biệt là sân khấu chèo qua việc thành lập rạp hát Sán nhiên đài tại Hà Nội.","Nhà giáo, nhà văn, nhà biên khảo, nhà sưu tầm văn hóa dân gian",,Nhà Nguyễn & Pháp thuộc,Đốc học tỉnh Hà Đông; Thanh tra các trường sơ học; Chủ nhiệm Tu thư cục Nha học chính; Hội trưởng Hội ái hữu các nhà giáo; Thành viên Khai Trí Tiến Đức và Cổ Kim Thư xã,,,,,,,1/3/1890 - 26/4/1942
true,Nguyễn Văn Ninh,Nhân vật lịch sử,Kỹ thuật,"Nguyễn Văn Ninh sinh tại làng Đông Kinh, thị xã Lạng Sơn, trong một gia đình dân tộc Tày. Ông là một trong hai người Việt đầu tiên tốt nghiệp Khoa Kiến trúc Trường Mỹ thuật Đông Dương (khóa 1926–1931). Trước năm 1945, ông thiết kế nhiều công trình tại Huế và Đà Lạt, tiêu biểu như Dinh Bảo Đại (Dinh III). Sau năm 1954, ông phụ trách thiết kế Lễ đài Ba Đình (1955, 1960), Nhà sàn Bác Hồ (1958), và tham gia quy hoạch kiến trúc Hà Nội thời kỳ đầu xây dựng chính quyền mới. Các công trình của ông thể hiện sự kết hợp giữa kiến trúc truyền thống và hiện đại, có ảnh hưởng đến phong cách kiến trúc Việt Nam thế kỷ XX.",Kiến trúc sư,,Cách mạng & kháng chiến,Giám đốc Kiến trúc vụ của Chính phủ Việt Nam Dân chủ Cộng hòa,,,,,,,3/2/1908 - 15/4/1975
true,Nguyễn Văn Tố,Nhân vật lịch sử,Văn hoá - nghệ thuật,"Nguyễn Văn Tố, bút hiệu Ứng Hoè, sinh tại làng Đông Thành, huyện Thọ Xương, tỉnh Hà Đông (nay thuộc phố Bát Sứ, quận Hoàn Kiếm, Hà Nội). Ông là trí thức Nho học và Tây học, từng làm việc tại Trường Viễn Đông Bác Cổ và có nhiều công trình nghiên cứu về văn hóa, lịch sử Việt Nam. Trước năm 1945, ông tích cực hoạt động trong Hội Trí Tri và Hội Truyền bá chữ Quốc ngữ, góp phần nâng cao dân trí. Sau Cách mạng Tháng Tám, ông giữ nhiều chức vụ trong chính phủ lâm thời. Ông hy sinh năm 1947 tại Bắc Kạn trong một cuộc tấn công của quân Pháp vào chiến khu Việt Bắc.","Nhà giáo, nhà nghiên cứu, nhà văn hóa, chính trị gia",,Nhà Nguyễn & Pháp thuộc,Bộ trưởng Bộ Cứu tế Xã hội; Chủ tịch Quốc hội khóa I; Quốc vụ khanh Chính phủ Liên hiệp lâm thời; Hội trưởng Hội Trí Tri; Chủ nhiệm Hội Truyền bá chữ Quốc ngữ,,,,,,,5/6/1889 - 7/10/1947
true,Nguyễn Văn Trỗi,Nhân vật lịch sử,Cách mạng,"Nguyễn Văn Trỗi là một chiến sĩ biệt động hoạt động tại Sài Gòn trong thời kỳ chiến tranh Việt Nam. Ông sinh tại làng Thanh Quýt, huyện Điện Bàn, tỉnh Quảng Nam, và từng làm thợ điện tại Nhà máy điện Chợ Quán. Năm 1964, ông tham gia tổ chức biệt động và nhận nhiệm vụ đặt mìn nhằm vào phái đoàn quân sự Hoa Kỳ do Bộ trưởng Quốc phòng Robert McNamara dẫn đầu. Ông bị bắt khi thực hiện nhiệm vụ và bị xử bắn tại Khám Chí Hòa. Hành động của ông được ghi nhận như một biểu tượng của tinh thần quyết tử.","Công nhân, chiến sĩ biệt động",,Cách mạng & kháng chiến,,,,,,,,1/2/1940 - 15/10/1964
true,Nguyễn Văn Tuyết,Nhân vật lịch sử,Quân sự,"Nguyễn Văn Tuyết, còn gọi là Đô đốc Tuyết, là một trong Tây Sơn thất hổ tướng. Ông có thể quê ở Quảng Trị hoặc Bình Định, theo các nguồn sử liệu khác nhau. Trước khi gia nhập phong trào Tây Sơn, ông từng sống phiêu bạt và học võ từ một người thầy. Ông tham gia nhiều chiến dịch lớn, đặc biệt là trận đại phá quân Thanh năm 1789, nơi ông chỉ huy đạo quân thủy tiến vào sông Lục Đầu, uy hiếp mặt trận phía Đông. Năm 1802, ông tử trận khi bảo vệ Bắc Thành trước quân Nguyễn Ánh.",Quân nhân,,Nhà Tây Sơn,Đô đốc; Đại đô đốc Kinh lược Hải Dương; Tả quân thống lĩnh thủy bộ binh triều Tây Sơn,,,,,,, - 16/6/1802
false,Nguyễn Văn Viên,Không rõ,,,,,,,,,,,,,
true,Nguyễn Viết Xuân,Nhân vật lịch sử,Cách mạng,"Nguyễn Viết Xuân sinh tại xóm Thượng, xã Ngũ Kiên, phủ Vĩnh Tường, tỉnh Vĩnh Yên (nay thuộc tỉnh Vĩnh Phúc). Ông xuất thân từ gia đình nông dân nghèo, từng đi ở đợ từ nhỏ. Năm 1952, ông gia nhập Quân đội nhân dân Việt Nam và sau đó trở thành đảng viên Đảng Cộng sản Việt Nam. Trong chiến tranh, ông từng giữ nhiều chức vụ như trinh sát, tiểu đội trưởng, trung đội trưởng và chính trị viên. Ngày 18/11/1964, ông bị thương nặng trong trận chiến tại Quảng Bình nhưng vẫn tiếp tục chỉ huy chiến đấu. Câu nói “Nhằm thẳng quân thù! Bắn!” của ông trở thành khẩu hiệu nổi tiếng. Ông được truy tặng danh hiệu Anh hùng Lực lượng vũ trang nhân dân năm 1967.",Chiến sĩ quân đội,,Cách mạng & kháng chiến,"Anh hùng Lực lượng vũ trang nhân dân; Chính trị viên Đại đội 3, Tiểu đoàn 14 pháo cao xạ, Sư đoàn 325, Quân khu 4",,,,,,,20/1/1933 - 18/11/1964
true,Nguyễn Vĩnh Bảo,Nhân vật lịch sử,Cách mạng,"Nguyễn Vĩnh Bảo sinh tại thôn Đào Xá, xã Hòa Bình, huyện Ân Thi, tỉnh Hưng Yên, trong một gia đình nhà giáo có truyền thống cách mạng. Từ nhỏ, ông đã tham gia kháng chiến và hoạt động văn nghệ trong Đoàn Thiếu nhi nghệ thuật do nhạc sĩ Lưu Hữu Phước phụ trách. Sau khi tốt nghiệp Trường Âm nhạc Việt Nam, ông được cử đi học tại Nhạc viện Kiev (Liên Xô), nơi ông sáng tác nhiều tác phẩm khí nhạc và ca khúc có giá trị nghệ thuật. Ông hy sinh năm 1967 khi đang hoạt động tại chiến trường miền Nam. Một tuyến phố tại Hà Nội mang tên ông, đặt gần quê nhà, nhằm ghi nhớ những đóng góp của ông trong lĩnh vực âm nhạc và cách mạng.","Nhạc sĩ, chiến sĩ cách mạng",,Cách mạng & kháng chiến,Diễn viên Đoàn Thiếu nhi nghệ thuật kháng chiến; Nhạc sĩ sáng tác khí nhạc và thanh nhạc; Học viên Nhạc viện Kiev,,,,,,,31/5/1936 - 20/3/1967
false,Nguyên Xá,Địa danh,,,,"Làm bánh kẹo, gia công hàng phố",,,,,,Kẻ Diễn,,,
true,Nguyễn Xí,Nhân vật lịch sử,Quân sự,"Nguyễn Xí sinh tại làng Thượng Xá, huyện Chân Phúc (nay là xã Khánh Hợp, huyện Nghi Lộc, tỉnh Nghệ An). Ông tham gia khởi nghĩa Lam Sơn từ năm 1418, là một trong những tướng lĩnh chủ chốt trong các chiến dịch lớn như Tốt Động – Chúc Động, Đông Quan và Xương Giang. Sau khi Lê Lợi lên ngôi, ông được phong nhiều chức vụ cao và tiếp tục phụng sự qua bốn đời vua nhà Hậu Lê. Ông góp phần ổn định triều chính, trong đó có việc phế truất Lê Nghi Dân và đưa Lê Thánh Tông lên ngôi. Tên ông được khắc trên bia công thần và thờ tại đền Nguyễn Xí ở Nghệ An.","Quân nhân, chính trị gia",,Nhà Hậu Lê,Long hổ thượng tướng quân; Hữu tướng quốc; Thái úy Quận công; Thái sư Cương Quốc Công; Trung Trinh Đại vương,,,,,,,1397 - 1465
true,Nguyễn Xiển,Nhân vật lịch sử,Lãnh đạo,"Nguyễn Xiển sinh tại làng Trung Mỹ, xã Yên Trường (nay là phường Hồng Sơn, thành phố Vinh, tỉnh Nghệ An), trong một gia đình Nho học. Ông đỗ đầu tú tài Tây và giành học bổng sang Pháp học tại Đại học Toulouse, chuyên ngành khoa học tự nhiên. Sau khi về nước năm 1932, ông dạy học tại Hà Nội và sau đó chuyển sang ngành khí tượng thủy văn, từng là Giám đốc Đài Khí tượng Phù Liễn hiện đại nhất Đông Dương thời bấy giờ. Sau Cách mạng Tháng Tám, ông giữ nhiều chức vụ quan trọng trong chính quyền và Quốc hội, đồng thời có đóng góp lớn trong việc xây dựng ngành giáo dục đại học và phổ biến khoa học kỹ thuật. Ông là một trong những trí thức tiêu biểu của Việt Nam thế kỷ XX, được trao tặng Huân chương Hồ Chí Minh và Huân chương Sao Vàng.","Nhà khoa học, chính trị gia, nhà giáo",,Cách mạng & kháng chiến,"Phó Chủ tịch Quốc hội khóa II–VII, Tổng Thư ký Đảng Xã hội Việt Nam, Bộ trưởng Bộ Cứu tế–Xã hội, Giám đốc Nha Khí tượng Thủy văn Việt Nam, Chủ tịch Hội phổ biến Khoa học–Kỹ thuật Việt Nam, Đại biểu Quốc hội khóa I–VIII",,,,,,,27/7/1907 - 9/11/1997
true,Nguyễn Xuân Khoát,Nhân vật lịch sử,Văn hoá - nghệ thuật,"Nguyễn Xuân Khoát sinh tại phố Nhà Thờ, Hà Nội. Ông là một trong những người tiên phong của nền tân nhạc Việt Nam, từng học tại Viễn Đông Nhạc viện và chơi thành thạo nhiều nhạc cụ như contrebasse, piano, violin. Tác phẩm đầu tay “Bình minh” (1938) được xem là mốc mở đầu cho tân nhạc Việt. Ông sáng tác nhiều ca khúc, hợp xướng và thanh xướng kịch mang đậm chất liệu dân gian như “Tiếng chuông nhà thờ”, “Con cò mày đi ăn đêm”, “Trống Tràng Thành”. Ngoài sáng tác, ông còn viết tiểu luận, khảo cứu về âm nhạc truyền thống như ca trù, chèo, quan họ. Ông có ảnh hưởng lớn trong việc định hình bản sắc âm nhạc dân tộc hiện đại.","Nhạc sĩ, nghệ sĩ dương cầm, nhà nghiên cứu âm nhạc",,Cách mạng & kháng chiến,Chủ tịch Hội Nhạc sĩ Việt Nam khóa I và II (1957–1983); Thành viên sáng lập Hội Nhạc sĩ Việt Nam; Thành viên Hội Khuyến nhạc Hà Nội; Giải thưởng Hồ Chí Minh về Văn học Nghệ thuật (1996),,,,,,,11/2/1910 - 7/5/1993
true,Nguyễn Xuân Linh,Nhân vật lịch sử,Quan chức,"Nguyễn Xuân Linh sinh tại xã Nam Quang, huyện Nam Đàn, tỉnh Nghệ An. Ông tham gia cách mạng từ năm 1930, từng bị bắt và giam giữ nhiều lần trong thời kỳ hoạt động bí mật. Sau khi ra tù, ông tiếp tục xây dựng cơ sở Đảng và giữ vai trò lãnh đạo trong phong trào Việt Minh tại Nghệ Tĩnh. Ông là người đứng đầu cuộc tổng khởi nghĩa Tháng Tám năm 1945 tại khu vực này. Trong giai đoạn sau, ông giữ nhiều chức vụ lãnh đạo tại Nghệ An, Hà Tĩnh và Quốc hội. Ông được Nhà nước trao tặng Huân chương Sao Vàng và Huân chương Hồ Chí Minh để ghi nhận những đóng góp trong sự nghiệp cách mạng.","Nhà chính trị, cán bộ cách mạng",,Cách mạng & kháng chiến,"Bí thư Tỉnh ủy Nghệ An; Bí thư Tỉnh ủy Hà Tĩnh; Bí thư Mặt trận Việt Minh liên tỉnh Nghệ Tĩnh; Thư ký Ủy ban Thường vụ Quốc hội; Ủy viên Ban Thường vụ Quốc hội; Đại biểu Quốc hội khóa III, IV",,,,,,,9/9/1909 - 10/3/1988
true,Nguyễn Xuân Nguyên,Nhân vật lịch sử,Y học,"Nguyễn Xuân Nguyên sinh tại xã Quảng Giao, huyện Quảng Xương, tỉnh Thanh Hóa. Ông là bác sĩ chuyên ngành nhãn khoa, từng giữ nhiều chức vụ trong ngành y tế và chính quyền cách mạng. Trước năm 1945, ông nghiên cứu và điều trị bệnh đau mắt hột, công bố hàng chục công trình khoa học trong và ngoài nước. Sau Cách mạng tháng Tám, ông được cử làm Giám đốc Y tế miền Duyên Hải Bắc Bộ và Chủ tịch Ủy ban Hành chính Thành phố Hải Phòng, góp phần ổn định tình hình địa phương trong giai đoạn đầu kháng chiến. Ông được trao Giải thưởng Hồ Chí Minh năm 1996 vì những đóng góp trong ngành nhãn khoa Việt Nam.","Bác sĩ, giáo sư y khoa chuyên ngành nhãn khoa",,Cách mạng & kháng chiến,Chủ nhiệm khoa Mắt và khoa Ngoại Trường Đại học Y Hà Nội; Giám đốc Nhà thương chữa mắt Hàng Gà; Giám đốc Y tế miền Duyên Hải Bắc Bộ; Chủ tịch Ủy ban Hành chính Thành phố Hải Phòng,,,,,,,21/1/1907 - 1975
true,Nguyễn Xuân Nham,Nhân vật lịch sử,Quan chức,"Nguyễn Xuân Nham là một danh nhân quê ở phường Yên Hòa, quận Cầu Giấy, Hà Nội. Ông đỗ Tiến sĩ khoa Kỷ Mùi năm 1499 dưới triều vua Lê Hiến Tông. Trong sự nghiệp làm quan, ông từng giữ chức Thừa Chính Sử, được đánh giá là người thanh liêm, có công với dân. Tên ông hiện được đặt cho một tuyến phố tại Hà Nội như một hình thức ghi nhận đóng góp của ông đối với lịch sử địa phương.",Quan lại thời phong kiến,,Nhà Hậu Lê,Tiến sĩ; Thừa Chính Sử,,,,,,, - 
false,Nhà Chung,Di tích,,,,,,,,,,,,,
false,Nhà Hoả,Di tích,,Nhà Hoả là tên một ngôi đền thờ Thần Hoả của thôn Yên Nội. Đền thờ này hiện ở địa chỉ số 30 phố Hàng Điếu.,,,,,,,,,,,
false,Nhà Thờ,Di tích,,,,,,,,,,,,,
true,Nhân Hoà,Địa danh,,"Nhân Hoà là tên một địa danh ở phía Tây Nam Hà Nội. Tên địa danh này được ghép từ hai làng là Quan Nhân và Hoà Mục, trong đó làng Quan Nhân thuộc vùng Kẻ Mọc, còn làng Hoà Mục có tên Nôm là Kẻ Đáy. Nhân Hoà trước đây thuộc xã Nhân Chính, huyện Từ Liêm, nay phố Nhân Hoà thuộc phường Thanh Xuân. Trong địa giới hai làng này có di tích gò Đống Thây, là mộ tập thể chôn xác của quân đội nhà Minh trong trận chiến Cống Mọc năm 1426.",,,,,,,,,,,
false,Nhân Huệ,Không rõ,,,,,,,,,,,,,
false,Nhân Trạch,Địa danh,,,,,,,,,,,,,
false,Nhật Chiêu,Địa danh,,,,,,,,,,,,,
false,Nhật Tân,Địa danh,,,,"Trồng hoa, đặc biệt là hoa đào cảnh",,,,,"Hội hoa đào vào dịp Tết Nguyên Đán; Tục trồng đào thế, đào cảnh phục vụ trang trí Tết; Tổ chức lễ hội truyền thống tại đình làng Nhật Tân",,Nhật Chiêu,,
false,Nhật Tảo,Địa danh,,,,,,,,,,,,,
true,Nhổn,Địa danh,,"Nhổn hay Kẻ Nhổn là tên một ngôi làng ở phía Tây Hà Nội. Làng có tên chữ là Tu Hoàng, trước đây là một xã thuộc tổng Kim Thìa, huyện Đan Phượng, phủ Quốc Oai, trấn Sơn Tây, sau thuộc tỉnh Hà Đông; nay đường Nhổn là ranh giới của hai phường Tây Tựu và Xuân Phương. Làng vốn là làng nhỏ, chia thành hai giáp Đông và Đoài. Dân làng chủ yếu làm ruộng, nhưng do ở giao lộ giữa đường thiên lý nối Hà Nội đi Sơn Tây (nay là trục Quốc lộ 32) và đường vành đai nối Văn Điển lên đê sông Hồng (nay là Đường tỉnh 70A), nên làng có lợi thế buôn bán. Từ giữa thế kỷ XVII tại đây đã hình thành phố Nhổn, bán hàng ăn uống và giải khát cho khách vãng lai. Làng sớm lập hương ước với khá nhiều các điều về bảo vệ an ninh. Đình làng thờ vua Lý Nam Đế.",,,,,,,,Kẻ Nhổn,Tu Hoàng,,
,Ninh Kiều,,,,,,,,,,,,,,
false,Noi,Địa danh,,,,Nghề may truyền thống,,,,,,Kẻ Noi,,,
false,Nội Miếu,Di tích,,,,,,,,,,,,,
true,Nông Quốc Chấn,Nhân vật lịch sử,Văn hoá - nghệ thuật,"Nông Quốc Chấn, tên thật là Nông Văn Quỳnh, là nhà thơ người dân tộc Tày, sinh tại xã Cốc Đán, huyện Ngân Sơn, tỉnh Bắc Kạn. Ông là một trong những người đầu tiên đưa hơi thở núi rừng Việt Bắc vào thi ca hiện đại, với các tác phẩm nổi bật như “Dọn về làng”, “Tiếng ca người Việt Bắc”, “Đèo Gió”. Ngoài sáng tác, ông còn giữ nhiều chức vụ trong lĩnh vực văn hóa và giáo dục, góp phần phát triển văn học các dân tộc thiểu số. Ông được trao Giải thưởng Hồ Chí Minh về văn học nghệ thuật.","Nhà thơ, nhà văn",,Cách mạng & kháng chiến,"Thứ trưởng Bộ Văn hóa, Hiệu trưởng Đại học Văn hóa Hà Nội, Chủ tịch Hội Văn hóa văn nghệ các dân tộc",,,,,,,18/11/1923 - 4/2/2002
false,Nông Vụ,Không rõ,,,,,,,,,,,,,
false,Núi Trúc,Địa danh,,,,,,,,,,,,,
false,Ô Cách,Địa danh,,,,,,,,,,,,,
false,Ô Chợ Dừa,Địa danh,,,,,,,,,,,,,
true,Ô Đồng Lầm,Địa danh,,"Ô Đồng Lầm là một cửa ô ở phía Nam của thành Thăng Long, nằm ở ngã tư Lê Duẩn, Đại Cồ Việt, Giải Phóng và Xã Đàn. Đồng Lầm là tên Nôm của làng Kim Hoa, trước thuộc tổng Tả Nghiêm, huyện Thọ Xương, sau thuộc tổng Kim Liên, huyện Thọ Xương, nay thuộc phường Văn Miếu - Quốc Tử Giám. Làng được đổi tên thành làng Kim Liên năm 1841 do kỵ huý. Vào mùa nước lên, hai hồ Ba Mẫu và Bảy Mẫu đầy nước, còn vào mùa nước khô, đáy hồ cạn nước, dân làng Đồng Lầm xuống tận dụng cấy lúa, trồng rau, lấy bùn ở đáy hồ lên nhuộm áo màu nâu ngả sang đen nên làng có tên Nôm là làng Đồng Lầm. Ca dao Hà Nội có câu ""Đồng Lầm có vải nâu non/ Có hồ cá rộng, có con sông dài"" để chỉ vị trí của làng ở cạnh hồ rộng (là hồ Ba Mẫu và Bảy Mẫu) và con sông dài (là sông Kim Ngưu - một nhánh của sông Tô Lịch). Đình làng Kim Liên thờ thần Cao Sơn (một nhân vật huyền thoại đã cùng Sơn Tinh khắc chế được Thuỷ Tinh), được coi là Thăng Long Tứ Trấn. Vị trí làng ở cạnh một cửa ô ở phía Nam thành Thăng Long, nên cửa ô này được gọi là ô Kim Hoa, ô Kim Liên, còn dân gian gọi quen là ô Đồng Lầm.",,,,,,,,,"Kim Liên, Kim Hoa",,
true,Ô Quan Chưởng,Địa danh,,"Ô Quan Chưởng (hay Ô Quan Trưởng) là một trong các cửa ô của Hà Nội. Đây là cửa ô còn sót lại duy nhất của thành Đại La. Cửa ô trước đây thuộc thôn Thanh Hà, phường Đông Hà, tổng Hậu Nghiêm (sau đổi thành tổng Đồng Xuân), huyện Thọ Xương, nên từng có tên là Ô Thanh Hà và Ô Đông Hà. Cửa ô Cửa Đông (do là một trong những cửa ô phía Đông, và gần chợ Cửa Đông). Tên Ô Quan Chưởng là do nhân dân đặt để tưởng nhớ vị Quan Chưởng cơ cùng khoảng 100 binh lính đã tử thủ ở đây trong trận chiến với quân Pháp. Theo dân gian truyền lại, sau khi bị bắt và xử tử, thi thể của ông bị bêu ở sông Hồng, ở gần vị trí Ô Quan Chưởng. Ô Quan Chưởng được xây dựng trên con phố nối khu vực 36 phố phường với cửa sông. Cổng xây có vọng lâu, được canh gác và kiểm soát cẩn mật để giữ an ninh cho khu phố bên trong. Hiện cửa ô còn giữ được lối tam quan với cửa chính và hai cửa phụ hai bên, nóc cửa chính có vọng lâu.",,,,,,,,,,,
true,Ông Ích Khiêm,Nhân vật lịch sử,Quân sự,"Ông Ích Khiêm sinh tại làng Phong Lệ, huyện Điện Bàn, tỉnh Quảng Nam (nay thuộc quận Cẩm Lệ, TP Đà Nẵng). Ông đỗ cử nhân năm 15 tuổi và từng giữ nhiều chức vụ dưới triều Tự Đức. Trong cuộc kháng chiến chống Pháp tại Đà Nẵng năm 1858, ông cùng Nguyễn Tri Phương chỉ huy nghĩa quân, lập nhiều công trạng trong việc phòng thủ và ngăn chặn quân xâm lược. Dù nổi tiếng thanh liêm và có tài thao lược, ông bị hãm hại và mất trong tù tại Bình Thuận năm 1884. Mộ ông hiện đặt tại Gò Mô, Đà Nẵng.","Quân nhân, quan lại",,Nhà Nguyễn & Pháp thuộc,Tri huyện Kim Thành; Tri phủ; Đốc binh; Thị độc sung Tán tương; Hồng lô tự khanh Biện lý Bộ Lễ; Thị lang Bộ Binh; Thị độc (truy phong),,,,,,,25/1/1829 - 8/9/1884
true,Other,Khác,,,,,,,,,,,,,
true,Phạm Đình Hổ,Nhân vật lịch sử,Quan chức,"Phạm Đình Hổ sinh tại làng Đan Loan, huyện Đường An, tỉnh Hải Dương (nay thuộc xã Nhân Quyền, huyện Bình Giang, tỉnh Hải Dương). Ông xuất thân trong một gia đình khoa bảng, học rộng hiểu sâu, từng giảng dạy tại Quốc Tử Giám và làm quan dưới triều Nguyễn. Ông là tác giả của nhiều tác phẩm văn học và khảo cứu nổi bật như Vũ trung tùy bút, Tang thương ngẫu lục (viết chung với Nguyễn Án), phản ánh đời sống xã hội và văn hóa Việt Nam cuối thế kỷ XVIII – đầu thế kỷ XIX. Văn phong của ông giàu chất tùy bút, ghi chép sinh động các sự kiện và phong tục đương thời, có giá trị sử liệu và văn học.","Nhà văn, nhà Nho, học giả",,Nhà Tây Sơn,Giảng sư Quốc Tử Giám; Học sĩ triều Nguyễn,,,,,,,1768 - 1839
true,Phạm Hồng Thái,Nhân vật lịch sử,Cách mạng,"Phạm Hồng Thái, tên thật là Phạm Thành Tích, sinh tại làng Xuân Nha, tổng Văn Viên, phủ Hưng Nguyên, tỉnh Nghệ An (nay thuộc xã Hưng Nhân, huyện Hưng Nguyên). Ông từng làm công nhân tại nhiều nhà máy ở Vinh, Hải Phòng và Bắc Kạn, đồng thời tích cực tuyên truyền tư tưởng yêu nước trong giới lao động. Năm 1924, ông gia nhập tổ chức Tâm Tâm Xã tại Quảng Châu, Trung Quốc. Ngày 19/6/1924, ông thực hiện vụ ám sát Toàn quyền Đông Dương Martial Merlin tại khách sạn Victoria, Quảng Châu. Dù không thành công, vụ việc gây chấn động dư luận quốc tế. Bị truy đuổi, ông nhảy xuống sông Châu Giang và hy sinh. Thi hài ông được an táng tại nghĩa trang Hoàng Hoa Cương, nơi chôn cất nhiều liệt sĩ Trung Quốc.",Nhà cách mạng,,Nhà Nguyễn & Pháp thuộc,Thành viên tổ chức Tâm Tâm Xã,,,,,,,14/5/1895 - 19/6/1924
true,Phạm Hùng,Nhân vật lịch sử,Quan chức,"Phạm Hùng, tên khai sinh là Phạm Văn Thiện, là một chính khách Việt Nam từng giữ chức Chủ tịch Hội đồng Bộ trưởng từ năm 1987 đến khi qua đời năm 1988. Ông hoạt động cách mạng từ rất sớm, từng bị kết án tử hình và đày ra Côn Đảo. Trong kháng chiến chống Mỹ, ông giữ vai trò Bí thư Trung ương Cục miền Nam, chỉ đạo các lực lượng vũ trang tại chiến trường. Sau năm 1975, ông đảm nhiệm nhiều chức vụ quan trọng trong chính phủ và Đảng.",Chính khách,,Cách mạng & kháng chiến,"Chủ tịch Hội đồng Bộ trưởng nước Cộng hòa Xã hội chủ nghĩa Việt Nam, Phó Chủ tịch Hội đồng quốc phòng và an ninh",,,,,,,11/6/1912 - 10/3/1988
true,Phạm Huy Thông,Nhân vật lịch sử,Văn hoá - nghệ thuật,"Phạm Huy Thông sinh tại Hà Nội, quê gốc ở làng Đào Xá, xã Bãi Sậy, huyện Ân Thi, tỉnh Hưng Yên. Ông từng du học tại Pháp, đỗ tiến sĩ Luật và thạc sĩ Sử – Địa, là người Việt đầu tiên giữ chức Ủy viên Hội đồng Giáo dục tối cao của Pháp. Sau năm 1954, ông về nước, giữ nhiều chức vụ trong ngành giáo dục và nghiên cứu khoa học xã hội. Ông có đóng góp lớn trong lĩnh vực khảo cổ học, văn hóa dân gian và giáo dục đại học. Ngoài ra, ông còn sáng tác thơ và kịch thơ, tiêu biểu như “Tiếng địch sông Ô”. Năm 1987, ông được bầu làm Viện sĩ nước ngoài của Viện Hàn lâm Khoa học CHDC Đức.","Nhà thơ, nhà giáo, nhà khoa học xã hội, nhà khảo cổ học, chính trị gia",,Cách mạng & kháng chiến,"Hiệu trưởng Đại học Sư phạm Hà Nội (1956–1967); Viện trưởng Viện Khảo cổ học Việt Nam (1967–1988); Phó Chủ nhiệm Ủy ban Khoa học Xã hội và Nhân văn; Chủ tịch Hội Liên hiệp Thanh niên Việt Nam; Đại biểu Quốc hội khóa II, III",,,,,,,22/11/1916 - 21/6/1988
true,Phạm Khắc Hoè,Nhân vật lịch sử,Quan chức,"Phạm Khắc Hoè sinh tại xã Đức Nhân, huyện Đức Thọ, tỉnh Hà Tĩnh, trong một gia đình khoa bảng. Sau khi tốt nghiệp Trường Cao đẳng Pháp luật và Hành chính Hà Nội, ông làm việc trong triều đình nhà Nguyễn và giữ chức Đổng lý Ngự tiền văn phòng dưới thời vua Bảo Đại. Năm 1945, ông tham gia soạn thảo chiếu thoái vị của Bảo Đại, góp phần kết thúc chế độ phong kiến ở Việt Nam. Sau này, ông tiếp tục công tác trong chính quyền, từng giữ chức Vụ trưởng Vụ Pháp chế Phủ Thủ tướng. Ngoài hoạt động chính trị, ông còn viết sách, để lại nhiều hồi ký và tác phẩm phản ánh thời cuộc, được đánh giá là nguồn tư liệu quan trọng về giai đoạn chuyển giao lịch sử giữa phong kiến và hiện đại.","Luật sư, nhà văn, công chức",,Cách mạng & kháng chiến,"Đổng lý Ngự tiền văn phòng triều Bảo Đại, Vụ trưởng Vụ Pháp chế Phủ Thủ tướng","Chánh Văn phòng Chủ tịch nước, Vụ trưởng Vụ Pháp chế Văn phòng Chính phủ",,,,,,1901 - 22/6/1995
true,Phạm Khắc Quảng,Nhân vật lịch sử,Y học,"Phạm Khắc Quảng sinh tại huyện Đức Thọ, tỉnh Hà Tĩnh. Ông là bác sĩ chuyên ngành lao và bệnh phổi, từng học tại Trường Đại học Y Hà Nội và có nhiều đóng góp trong công tác phòng chống lao tại Việt Nam. Ông kế tục sự nghiệp của bác sĩ Phạm Ngọc Thạch, phát triển Viện chống lao và đào tạo hàng nghìn bác sĩ chuyên khoa. Ông là tác giả của “Chương trình chống lao 10 điểm” được áp dụng từ năm 1976, góp phần cải thiện công tác phòng chống lao trên toàn quốc.","Giáo sư, bác sĩ chuyên khoa lao",,Cách mạng & kháng chiến,Viện trưởng Viện chống lao; Chủ nhiệm Bộ môn Lao Trường Đại học Y Hà Nội; Chủ tịch Hội chống lao Việt Nam,,,,,,,1912 - 2000
true,Phạm Ngọc Thạch,Nhân vật lịch sử,Y học,"Phạm Ngọc Thạch sinh tại Quy Nhơn, tỉnh Bình Định. Ông là bác sĩ chuyên khoa lao và các bệnh phổi, từng học tại Đại học Y Hà Nội và Đại học Y khoa Paris. Sau khi về nước, ông mở phòng khám tư tại Sài Gòn, nổi tiếng với tinh thần phục vụ người nghèo. Trong kháng chiến, ông giữ nhiều chức vụ quan trọng trong chính quyền và ngành y tế. Ông là Bộ trưởng Bộ Y tế đầu tiên của nước Việt Nam Dân chủ Cộng hòa và có nhiều đóng góp trong việc xây dựng hệ thống y tế kháng chiến.","Giáo sư, bác sĩ",,Cách mạng & kháng chiến,"Bộ trưởng Bộ Y tế; Thứ trưởng Phủ Chủ tịch; Chủ tịch Ủy ban Kháng chiến Hành chính Đặc khu Sài Gòn – Chợ Lớn; Trưởng ban Y tế của Đảng Lao động Việt Nam; Đại biểu Quốc hội khóa II, III",,,,,,,7/5/1909 - 7/11/1968
true,Phạm Ngũ Lão,Nhân vật lịch sử,Quân sự,"Phạm Ngũ Lão sinh tại làng Phù Ủng, huyện Ân Thi, tỉnh Hưng Yên. Ông là gia tướng của Trần Hưng Đạo và có vai trò quan trọng trong các cuộc kháng chiến chống Nguyên Mông lần thứ hai và ba. Ông từng chỉ huy quân Thánh Dực, tham gia các chiến dịch tại Vạn Kiếp, Bạch Đằng, Ai Lao và Chiêm Thành. Ngoài quân sự, ông còn sáng tác thơ, nổi bật với bài “Thuật hoài”. Sau khi mất, ông được triều đình truy phong là Thượng Đẳng Phúc Thần.","Quân nhân, nhà thơ",,Nhà Trần,Thượng tướng quân; Điện súy; Hữu Kim ngô Đại tướng quân; Thân Vệ Đại tướng quân; Quan Nội hầu; Thượng Đẳng Phúc Thần (truy phong),,,,,,,1255 - 1320
true,Phạm Sư Mạnh,Nhân vật lịch sử,Quan chức,"Phạm Sư Mạnh sinh tại làng Hiệp Thạch, huyện Hiệp Sơn, phủ Kinh Môn (nay thuộc tỉnh Hải Dương). Ông là học trò của Chu Văn An và đỗ Thái học sinh năm 1323 dưới triều Trần Minh Tông. Trong sự nghiệp, ông từng đi sứ nhà Nguyên và giữ nhiều chức vụ cao trong triều Trần qua ba đời vua. Ông để lại dấu ấn trong văn học với tập thơ Hiệp Thạch tập, hiện chỉ còn một phần được lưu lại trong các tuyển tập cổ. Ngoài ra, ông có bài văn bia nổi tiếng tại chùa Sùng Hưng, Thanh Hóa.","Chính trị gia, nhà thơ, nhà ngoại giao",,Nhà Trần,"Chưởng bạ thư kiêm khu mật tham chính, Nhập nội hành khiển tri khu mật viện sự, Hành khiển tả tư lang trung, Tri khu mật viện sự, Nhập nội nạp ngôn",,,,,,,1300 - 1384
true,Phạm Thận Duật,Nhân vật lịch sử,Cách mạng,"Phạm Thận Duật sinh tại làng Yên Mô Thượng, huyện Yên Mô, tỉnh Ninh Bình. Ông đỗ cử nhân năm 1850 và từng giữ nhiều chức vụ quan trọng trong triều Nguyễn, nổi bật ở lĩnh vực hành chính, ngoại giao và sử học. Ông là người kiểm duyệt cuối cùng bộ Khâm định Việt sử thông giám cương mục và có vai trò trong việc trị thủy vùng tả ngạn sông Hồng. Năm 1885, ông tham gia phò vua Hàm Nghi ra Quảng Trị và góp phần khởi xướng phong trào Cần Vương. Trên đường đi chiêu tập nghĩa sĩ, ông bị bắt và sau đó bị đày ra đảo Tahiti, nơi ông qua đời giữa biển.","Chính trị gia, sử gia, nhà ngoại giao",,Nhà Nguyễn & Pháp thuộc,"Thượng thư Bộ Hình, Thượng thư Bộ Hộ, Phó Tổng tài Quốc Sử Quán kiêm Quản Quốc Tử Giám, Đại thần Viện Cơ mật, Khâm sai Chánh sứ",,,,,,,4/11/1825 - 29/11/1885
true,Phạm Tiến Duật,Nhân vật lịch sử,Văn hoá - nghệ thuật,"Phạm Tiến Duật sinh tại huyện Thanh Ba, tỉnh Phú Thọ. Sau khi tốt nghiệp Đại học Sư phạm Hà Nội năm 1964, ông nhập ngũ và phục vụ trong Đoàn 559 trên tuyến đường Trường Sơn. Những năm tháng chiến đấu đã trở thành nguồn cảm hứng cho các sáng tác thơ của ông, nổi bật với phong cách trẻ trung, ngang tàng và giàu chất lính. Các tác phẩm tiêu biểu gồm “Bài thơ về tiểu đội xe không kính”, “Trường Sơn Đông Trường Sơn Tây”, “Vầng trăng và những quầng lửa”. Sau chiến tranh, ông công tác tại Hội Nhà văn Việt Nam và có nhiều đóng góp trong lĩnh vực văn nghệ. Năm 2012, ông được truy tặng Giải thưởng Hồ Chí Minh về Văn học Nghệ thuật.","Nhà thơ, phóng viên, quân nhân",,Cách mạng & kháng chiến,Hội viên Hội Nhà văn Việt Nam; Phó trưởng Ban Đối ngoại Hội Nhà văn Việt Nam; Tổng biên tập Tạp chí Diễn đàn Văn nghệ Việt Nam (2001–2006),,,,,,,14/1/1941 - 4/12/2007
true,Phạm Tu,Nhân vật lịch sử,Cách mạng,"Phạm Tu là công thần khai quốc dưới triều Tiền Lý, có vai trò quan trọng trong cuộc khởi nghĩa của Lý Bí chống lại nhà Lương. Ông từng chỉ huy đánh chiếm thành Long Biên và giữ chức Tả tướng, đứng đầu ban võ của nhà nước Vạn Xuân. Năm 543, ông được giao nhiệm vụ đánh dẹp quân Lâm Ấp ở phía Nam và giành thắng lợi tại Cửu Đức. Ông mất năm 545 trong một trận chiến tại vùng cửa sông Tô, Hà Nội. Tên ông được đặt cho một tuyến phố tại xã Thanh Liệt, huyện Thanh Trì, Hà Nội - nơi ông sinh ra và từng tập hợp nghĩa quân - nhằm ghi nhận công lao của ông với địa phương và trong công cuộc chống ngoại xâm.",Võ tướng,,Bắc Thuộc & khởi nghĩa,"Tả tướng, Trưởng ban võ nhà nước Vạn Xuân",,,,,,,19/4/476 - 545
true,Phạm Tuấn Tài,Nhân vật lịch sử,Cách mạng,"Phạm Tuấn Tài, tự Mộng Tiên, sinh tại huyện Vụ Bản, tỉnh Nam Định. Ông là một trong những trí thức yêu nước đầu thế kỷ XX, từng giảng dạy tại Nam Định, Tuyên Quang và Hà Nội. Cuối năm 1926, ông cùng anh trai Phạm Tuấn Lâm thành lập Nam Đồng thư xã, chuyên xuất bản sách cổ vũ tinh thần dân tộc. Năm 1927, ông tham gia sáng lập Việt Nam Quốc dân Đảng. Sau vụ ám sát chủ mộ phu người Pháp năm 1929, ông bị bắt và bị lưu đày Côn Đảo. Trong tù, ông vẫn bí mật viết báo và tiếp xúc với các tù nhân cộng sản. Ông ra tù năm 1936 và mất năm 1937 vì bệnh lao.","Nhà giáo, nhà cách mạng",,Nhà Nguyễn & Pháp thuộc,Thành viên sáng lập Nam Đồng thư xã; Thành viên sáng lập Việt Nam Quốc dân Đảng,,,,,,,1905 - 1937
true,Phạm Văn Bạch,Nhân vật lịch sử,Quan chức,"Phạm Văn Bạch sinh tại làng Khánh Lộc, tỉnh Trà Vinh. Ông du học tại Pháp và đỗ Tiến sĩ Luật năm 1936 tại Đại học Lyon. Sau khi về nước, ông hành nghề luật sư và tham gia hoạt động cách mạng. Năm 1945, ông được bầu làm Chủ tịch Ủy ban Kháng chiến Hành chính Nam Bộ. Sau năm 1954, ông giữ nhiều chức vụ trong chính quyền miền Bắc, nổi bật là Chánh án Tòa án nhân dân Tối cao từ 1959 đến 1981. Ông có đóng góp lớn trong việc xây dựng nền pháp luật Việt Nam thời kỳ đầu sau cách mạng.","Luật sư, thẩm phán, giáo sư",,Cách mạng & kháng chiến,"Chủ tịch Ủy ban Kháng chiến Hành chính Nam Bộ, Chánh án Tòa án nhân dân Tối cao, Phó Chủ tịch Hội Luật gia Dân chủ Quốc tế, Ủy viên Chủ tịch đoàn Ủy ban Trung ương Mặt trận Tổ quốc Việt Nam",,,,,,,18/6/1910 - 8/3/1986
true,Phạm Văn Đồng,Nhân vật lịch sử,Lãnh đạo,"Phạm Văn Đồng, bí danh Anh Tô, sinh tại làng Thi Phổ, xã Đức Tân, huyện Mộ Đức, tỉnh Quảng Ngãi. Ông là học trò và cộng sự thân thiết của Chủ tịch Hồ Chí Minh, từng tham gia lớp huấn luyện chính trị do Nguyễn Ái Quốc tổ chức tại Quảng Châu năm 1926. Trong suốt 75 năm hoạt động cách mạng, ông giữ nhiều chức vụ quan trọng trong chính phủ và Đảng, đặc biệt là Thủ tướng trong hơn 30 năm - lâu nhất trong lịch sử Việt Nam. Ông là người đại diện Việt Nam ký Hiệp định Genève năm 1954, góp phần quan trọng vào việc chấm dứt chiến tranh ở Đông Dương. Với phong cách làm việc điềm đạm, trí tuệ và tận tụy, ông được nhân dân và bạn bè quốc tế kính trọng. Ông được trao tặng Huân chương Sao Vàng và nhiều huân chương cao quý khác.","Nhà cách mạng, chính trị gia, nhà ngoại giao",,Cách mạng & kháng chiến,"Thủ tướng Chính phủ Việt Nam Dân chủ Cộng hòa (1955-1976), Thủ tướng Chính phủ nước Cộng hòa Xã hội chủ nghĩa Việt Nam (1976-1987), Bộ trưởng Bộ Ngoại giao, Phó Thủ tướng Chính phủ, Bộ trưởng Bộ Tài chính, Cố vấn Ban Chấp hành Trung ương Đảng, Đại biểu Quốc hội khóa I-VIII",,,,,,,1/3/1905 - 29/4/2000
true,Phạm Văn Nghị,Nhân vật lịch sử,Quan chức,"Phạm Văn Nghị, hiệu Nghĩa Trai, sinh tại xã Tam Đăng, huyện Đại An, phủ Nghĩa Hưng (nay thuộc thôn Tam Quang, xã Yên Thắng, huyện Ý Yên, tỉnh Nam Định). Ông đỗ Hoàng giáp năm 1838 và từng giữ nhiều chức vụ trong triều Nguyễn. Sau khi cáo quan, ông mở trường dạy học và khai khẩn đất hoang ven biển, lập trại Sĩ Lâm. Năm 1858, khi Pháp tấn công Đà Nẵng, ông tổ chức đội nghĩa dũng gồm 365 người xin vào Nam đánh giặc. Dù không được chấp thuận, ông vẫn tiếp tục hoạt động phòng thủ ở miền Bắc. Ông từng bị triều đình tước chức sau thất thủ Nam Định, nhưng được phục hàm trước khi mất. Tên ông gắn liền với phong trào sĩ phu yêu nước giữa thế kỷ XIX.","Nhà giáo, nhà thơ, quan lại",,Nhà Nguyễn & Pháp thuộc,Hoàng giáp; Tu soạn Viện Hàn lâm; Tri phủ Lý Nhân; Biên tu Quốc sử quán; Đốc học Nam Định; Thị độc Học sĩ; Thương biện Nam Định,,,,,,,1805 - 1880
true,Phan Bá Vành,Nhân vật lịch sử,Cách mạng,"Phan Bá Vành sinh tại làng Minh Giám, nay là làng Nguyệt Lâm, xã Vũ Bình, huyện Kiến Xương, tỉnh Thái Bình. Ông xuất thân từ tầng lớp nông dân, từng làm thuê và nổi tiếng với sức khỏe vượt trội. Từ năm 1821, ông lãnh đạo cuộc khởi nghĩa nông dân lớn nhất dưới triều Nguyễn, hoạt động chủ yếu ở vùng đồng bằng Bắc Bộ. Nghĩa quân do ông chỉ huy từng đánh chiếm nhiều đồn lũy, gây tổn thất lớn cho quân triều đình. Cuộc khởi nghĩa kéo dài gần 7 năm và bị dập tắt vào năm 1827. Ông bị bắt và mất trong năm đó.",Thủ lĩnh nghĩa quân nông dân,,Nhà Nguyễn & Pháp thuộc,Lãnh đạo cuộc khởi nghĩa nông dân chống triều Nguyễn tại Sơn Nam Hạ,,,,,,,10/9/1790 - 1827
true,Phan Bội Châu,Nhân vật lịch sử,Cách mạng,"Phan Bội Châu, tên thật là Phan Văn San, sinh tại làng Đan Nhiễm, xã Xuân Hòa, huyện Nam Đàn, tỉnh Nghệ An. Ông đỗ Giải nguyên kỳ thi Hương năm 1900 và sớm từ bỏ con đường khoa cử để dấn thân vào sự nghiệp cứu nước. Năm 1904, ông sáng lập Duy Tân Hội, sau đó phát động phong trào Đông Du đưa thanh niên Việt Nam sang Nhật Bản học tập. Từ năm 1912, ông hoạt động tại Trung Quốc và thành lập Việt Nam Quang phục Hội. Năm 1925, ông bị Pháp bắt cóc và đưa về nước, bị quản thúc tại Huế cho đến khi qua đời. Ông để lại nhiều tác phẩm văn học và chính trị có giá trị như “Việt Nam vong quốc sử”, “Ngục trung thư” và “Truyện Chân tướng quân”.","Nhà cách mạng, nhà văn, nhà thơ, nhà sử học",,Nhà Nguyễn & Pháp thuộc,Sáng lập Duy Tân Hội; lãnh đạo phong trào Đông Du; Chủ tịch Việt Nam Quang phục Hội,,,,,,,26/12/1867 - 29/10/1940
true,Phan Chu Trinh,Nhân vật lịch sử,Cách mạng,"Phan Chu Trinh, còn gọi là Phan Châu Trinh, sinh tại làng Tây Lộc, huyện Tiên Phước, phủ Tam Kỳ, tỉnh Quảng Nam (nay thuộc xã Tam Lộc, huyện Phú Ninh). Ông đỗ Phó bảng năm 1901 nhưng sớm từ quan để theo đuổi con đường canh tân đất nước. Ông chủ trương đấu tranh bất bạo động, khai dân trí, chấn dân khí, hậu dân sinh, phản đối chế độ quân chủ và kêu gọi cải cách xã hội. Ông từng sang Nhật và Pháp để vận động quốc tế ủng hộ phong trào Duy Tân. Sau khi bị Pháp bắt và giam tại Côn Đảo, ông được trả tự do và sống tại Sài Gòn cho đến khi qua đời năm 1926.","Nhà cách mạng, nhà văn, nhà thơ, nhà hoạt động chính trị",,Nhà Nguyễn & Pháp thuộc,Phó bảng triều Nguyễn; sáng lập phong trào Duy Tân; thành viên Hội Việt Nam Cách mạng Đồng minh,,,,,,,9/9/1872 - 24/3/1926
true,Phan Đình Giót,Nhân vật lịch sử,Cách mạng,"Phan Đình Giót sinh tại làng Vĩnh Yên (nay là thôn 8), xã Cẩm Quan, huyện Cẩm Xuyên, tỉnh Hà Tĩnh. Ông xuất thân từ gia đình nghèo, từng đi ở từ nhỏ và tham gia lực lượng tự vệ sau Cách mạng Tháng Tám. Năm 1950, ông gia nhập bộ đội chủ lực và tham gia nhiều chiến dịch lớn như Trung Du, Hòa Bình, Tây Bắc và Điện Biên Phủ. Trong trận đánh mở màn chiến dịch Điện Biên Phủ tại cứ điểm Him Lam ngày 13/3/1954, ông đã dùng thân mình lấp lỗ châu mai để mở đường cho đồng đội xung phong. Ông được truy tặng danh hiệu Anh hùng Lực lượng vũ trang nhân dân và Huân chương Quân công hạng Nhì.",Chiến sĩ quân đội,,Cách mạng & kháng chiến,"Anh hùng Lực lượng vũ trang nhân dân; Tiểu đội phó bộ binh Đại đội 58, Tiểu đoàn 428, Trung đoàn 141, Đại đoàn 312, Quân đội Nhân dân Việt Nam",,,,,,,1922 - 13/3/1954
true,Phan Đình Phùng,Nhân vật lịch sử,Cách mạng,"Phan Đình Phùng sinh tại làng Đông Thái, huyện La Sơn, tỉnh Hà Tĩnh (nay thuộc xã Tùng Ảnh, huyện Đức Thọ). Ông xuất thân từ gia đình khoa bảng, từng đỗ đầu kỳ thi Đình năm 1877 và giữ nhiều chức vụ trong triều đình nhà Nguyễn. Sau khi vua Hàm Nghi phát động phong trào Cần Vương năm 1885, ông từ quan và đứng lên lãnh đạo cuộc khởi nghĩa Hương Khê chống Pháp. Nghĩa quân do ông chỉ huy hoạt động chủ yếu tại các tỉnh Bắc Trung Bộ, xây dựng căn cứ tại Hương Sơn và Hương Khê. Dưới sự giúp sức của Cao Thắng và nhiều trí thức, ông tổ chức sản xuất vũ khí và tiến hành chiến tranh du kích trong suốt hơn 10 năm. Ông mất năm 1896 trong một trận vây ráp của quân Pháp.","Nhà Nho, chí sĩ yêu nước, lãnh tụ nghĩa quân",,Nhà Nguyễn & Pháp thuộc,Đình nguyên Tiến sĩ triều Nguyễn; Tri huyện Yên Khánh; Ngự sử Đô sát viện; Tham biện Sơn phòng Hà Tĩnh; Tán lý quân vụ phong trào Cần Vương,,,,,,,6/6/1847 - 21/1/1896
,Phan Hiền,,,,,,,,,,,,,,
true,Phan Huy Chú,Nhân vật lịch sử,Quan chức,"Phan Huy Chú sinh tại thôn Thụy Khuê, huyện Yên Sơn, phủ Quốc Oai (nay thuộc xã Sài Sơn, huyện Quốc Oai, Hà Nội), quê gốc ở thôn Chi Bông, xã Thu Hoạch, huyện Thiên Lộc, tỉnh Hà Tĩnh. Ông là con trai của Phan Huy Ích, xuất thân từ gia đình khoa bảng. Dù chỉ đỗ Tú tài, ông nổi bật với công trình Lịch triều hiến chương loại chí, bộ sách tổng hợp về chế độ và tổ chức hành chính các triều đại Việt Nam. Ông từng đi sứ Trung Quốc và có ảnh hưởng lớn trong giới học thuật đầu thế kỷ XIX.","Chính trị gia, sử gia, nhà thơ, nhà thư tịch",,Nhà Nguyễn & Pháp thuộc,Tư vụ Bộ Công,,Con của Phan Huy Ích,,,,,1782 - 28/5/1840
true,Phan Huy Ích,Nhân vật lịch sử,Quan chức,"Phan Huy Ích sinh tại làng Thu Hoạch, huyện Thiên Lộc, phủ Đức Quang, trấn Nghệ An (nay thuộc xã Thạch Châu, huyện Lộc Hà, tỉnh Hà Tĩnh). Ông đỗ Tiến sĩ năm 1775 và từng làm quan dưới ba triều đại: Lê trung hưng, Tây Sơn và Nguyễn. Dưới thời Tây Sơn, ông đảm nhiệm công việc ngoại giao, từng đi sứ sang nhà Thanh và tham gia đoàn mừng thọ vua Càn Long. Ngoài hoạt động chính trị, ông để lại nhiều tác phẩm văn học có giá trị, tiêu biểu là các bài thơ và văn tế mang tính phản ánh xã hội đương thời.","Chính trị gia, nhà thơ, nhà ngoại giao",,Nhà Tây Sơn,"Hàn lâm thừa chỉ, Đốc đồng Thanh Hóa, Hiến sát sứ Thanh Hóa, Tả Thị lang Bộ Hộ, Thượng thư Bộ Lễ",,Cha của Phan Huy Chú; con rể của Ngô Thì Nhậm,,,,,9/1/1751 - 13/3/1822
true,Phan Kế Bính,Nhân vật lịch sử,Văn hoá - nghệ thuật,"Phan Kế Bính sinh tại làng Thụy Khuê, huyện Hoàn Long, tỉnh Hà Đông (nay thuộc quận Tây Hồ, Hà Nội). Ông đỗ cử nhân Hán học năm 1906 nhưng không ra làm quan, mà hoạt động trong lĩnh vực báo chí và văn hóa. Ông là cây bút chủ lực của Đông Dương tạp chí, đồng thời tham gia biên tập nhiều tờ báo lớn đầu thế kỷ 20. Các công trình tiêu biểu gồm “Việt Nam phong tục”, “Nam Hải dị nhân liệt truyện”, “Việt Hán văn khảo”, và bản dịch “Tam quốc chí diễn nghĩa” cùng Nguyễn Văn Vĩnh. Ông có đóng góp lớn trong việc nghiên cứu và phổ biến văn hóa dân tộc, đặc biệt trong giai đoạn giao thời giữa Nho học và Tây học.","Nhà văn, nhà báo, dịch giả, nhà nghiên cứu văn hóa",,Nhà Nguyễn & Pháp thuộc,"Chủ bút Đông Dương tạp chí; Biên tập viên Lục tỉnh tân văn, Trung Bắc tân văn; Thành viên phong trào Duy Tân",,,,,,,1875 - 30/5/1921
true,Phan Kế Toại,Nhân vật lịch sử,Lãnh đạo,"Phan Kế Toại sinh tại làng Mông Phụ, tổng Cam Thịnh, huyện Phúc Thọ, tỉnh Sơn Tây (nay thuộc xã Đường Lâm, thị xã Sơn Tây, Hà Nội). Ông xuất thân trong một gia đình quan lại, từng du học tại Trường Hành chính Thuộc địa ở Paris. Trước năm 1945, ông làm quan trong chính quyền bảo hộ, giữ các chức vụ như Tri huyện, Tuần phủ, Tổng đốc tại nhiều tỉnh. Sau Cách mạng tháng Tám, ông tham gia Việt Minh và giữ các chức vụ quan trọng trong chính phủ như Bộ trưởng Bộ Nội vụ và Phó Thủ tướng Chính phủ từ năm 1955 đến khi qua đời. Ông có đóng góp trong việc xây dựng bộ máy hành chính và tổ chức chính quyền thời kỳ đầu của nước Việt Nam Dân chủ Cộng hòa.","Nhà chính trị, công chức hành chính",,Cách mạng & kháng chiến,Khâm sai Bắc Bộ; Bộ trưởng Bộ Nội vụ; Phó Thủ tướng Chính phủ; Ủy viên Hội đồng Quốc phòng Tối cao; Ủy viên Đoàn Chủ tịch Ủy ban Trung ương Mặt trận Tổ quốc Việt Nam,,,,,,,2/2/1892 - 26/6/1973
true,Phan Phu Tiên,Nhân vật lịch sử,Văn hoá - nghệ thuật,"Phan Phu Tiên sinh tại làng Vẽ (nay là Đông Ngạc, quận Bắc Từ Liêm, Hà Nội), quê gốc ở làng Thu Hoạch, huyện Thiên Lộc, trấn Nghệ An (nay thuộc huyện Lộc Hà, tỉnh Hà Tĩnh). Ông đỗ Thái học sinh đời Trần và từng giữ nhiều chức vụ dưới triều Lê sơ. Ông là tác giả của “Việt âm thi tập” – hợp tuyển thơ văn đầu tiên của Việt Nam, và được giao biên soạn “Đại Việt sử ký tục biên”, nối tiếp bộ sử của Lê Văn Hưu. Ngoài ra, ông còn viết sách y học “Bản thảo thực vật toát yếu”, liệt kê hơn 400 loại thực phẩm và công dụng chữa bệnh. Các công trình của ông góp phần khôi phục văn hóa sau thời kỳ đô hộ Minh.","Nhà sử học, nhà biên khảo, thầy thuốc",,Nhà Trần,Đồng tu sử Viện Quốc Sử; An phủ sứ Thiên Trường và Hoan Châu,,,,,,,1370 - 1482
true,Phan Tây Nhạc,Nhân vật lịch sử,Quân sự,"Phan Tây Nhạc là một vị tướng thời Hùng Vương thứ 18, có công trong việc bảo vệ đất nước và giữ yên bờ cõi. Theo truyền thuyết và thần tích, ông được nhân dân thờ phụng tại nhiều đình làng ở Hà Nội, đặc biệt tại đình Thị Cấm và đình Hòe Thị (Nam Từ Liêm). Dù sử liệu chính thống không ghi chép chi tiết, Phan Tây Nhạc vẫn được xem là một trong những nhân vật tiêu biểu của thời kỳ dựng nước, gắn liền với tín ngưỡng thờ các tướng lĩnh thời Hùng Vương.",Tướng lĩnh thời Hùng Vương,,Hồng Bàng - sơ sử,Tướng quân dưới triều Hùng Vương thứ 18,,,,,,, - 
true,Phan Trọng Tuệ,Nhân vật lịch sử,Quân sự,"Phan Trọng Tuệ quê tại xã Sài Sơn, huyện Quốc Oai, thành phố Hà Nội. Ông tham gia cách mạng từ sớm, kinh qua nhiều vị trí lãnh đạo trong quân đội và chính quyền. Ông là Tư lệnh kiêm Chính ủy đầu tiên của lực lượng Công an vũ trang (nay là Bộ đội Biên phòng). Trên cương vị Bộ trưởng Bộ Giao thông Vận tải trong thời kỳ Chiến tranh Việt Nam, ông trực tiếp chỉ đạo công tác đảm bảo giao thông thông suốt, xây dựng tuyến Đường Hồ Chí Minh và khôi phục hệ thống hạ tầng sau chiến tranh. Với những đóng góp quan trọng cho sự nghiệp quốc phòng và hạ tầng giao thông quốc gia, ông đã được Nhà nước trao tặng Huân章 Sao Vàng.","Sĩ quan quân đội (Trung tướng), Nhà chính trị",,Cách mạng & kháng chiến,"Phó Thủ tướng Chính phủ, Bộ trưởng Bộ Giao thông Vận tải, Tư lệnh kiêm Chính ủy Công an vũ trang Trung ương, Ủy viên Ban Chấp hành Trung ương Đảng Cộng sản Việt Nam",,,,,,,11/7/1917 - 8/10/1996
true,Phan Văn Đáng,Nhân vật lịch sử,Lãnh đạo,"Phan Văn Đáng, bí danh Hai Văn, sinh tại xã Mỹ Lộc, huyện Tam Bình, tỉnh Vĩnh Long. Ông tham gia cách mạng từ năm 1930, từng bị thực dân Pháp bắt và đày ra Côn Đảo sau khởi nghĩa Nam Kỳ năm 1940. Sau Cách mạng tháng Tám, ông giữ nhiều chức vụ lãnh đạo tại Vĩnh Long và Xứ ủy Nam Bộ. Từ năm 1961 đến 1975, ông là Phó Bí thư Trung ương Cục miền Nam, tham gia chỉ đạo kháng chiến chống Mỹ. Sau năm 1975, ông giữ chức Phó Chủ tịch Quốc hội và Phó Trưởng Ban Tổ chức Trung ương. Ông được truy tặng Huân chương Sao Vàng năm 2008 để ghi nhận những đóng góp trong sự nghiệp cách mạng.","Nhà cách mạng, nhà chính trị",,Cách mạng & kháng chiến,"Phó Bí thư Trung ương Cục miền Nam; Ủy viên Ban Chấp hành Trung ương Đảng khóa III, IV; Phó Chủ tịch Ủy ban Thường vụ Quốc hội khóa VI; Đại biểu Quốc hội khóa VI; Chủ tịch Công đoàn Giải phóng; Trưởng Ban Tổ chức Trung ương Cục miền Nam",,,,,,,1/10/1918 - 9/5/1997
true,Phan Văn Trị,Nhân vật lịch sử,Văn hoá - nghệ thuật,"Phan Văn Trị sinh tại thôn Hưng Thạnh, huyện Bảo An, trấn Vĩnh Thanh (nay thuộc xã Thạnh Phú Đông, huyện Giồng Trôm, tỉnh Bến Tre). Ông đỗ Cử nhân năm 1849 nhưng không ra làm quan, sống bằng nghề dạy học và làm thơ. Trong thời kỳ Pháp xâm lược Nam Kỳ, ông sáng tác nhiều bài thơ yêu nước, phê phán triều đình nhu nhược và quan lại xu nịnh. Ông nổi tiếng với chùm thơ đối đáp với Tôn Thọ Tường và các bài vịnh vật mang tính châm biếm. Sau này, ông sống tại huyện Phong Điền, Cần Thơ, nơi có khu mộ và đền thờ được công nhận là Di tích Lịch sử cấp Quốc gia.","Nhà thơ, nhà giáo, thầy thuốc",,Nhà Nguyễn & Pháp thuộc,,,,,,,,1830 - 22/6/1910
true,Phan Văn Trường,Nhân vật lịch sử,Cách mạng,"Phan Văn Trường là một trong những trí thức yêu nước tiêu biểu đầu thế kỷ XX. Ông sinh tại làng Đông Ngạc, huyện Từ Liêm, Hà Nội, và là người Việt đầu tiên đỗ Tiến sĩ luật tại Đại học Sorbonne, Pháp. Trong thời gian sống tại Paris, ông hoạt động tích cực trong phong trào yêu nước, cùng Phan Châu Trinh và Nguyễn Tất Thành thành lập các hội đoàn và xuất bản báo chí nhằm đấu tranh cho quyền lợi của người Việt. Ông là một trong bốn người ký tên bản “Yêu sách của nhân dân An Nam” gửi Hội nghị Versailles năm 1919. Sau khi về nước, ông tiếp tục hoạt động báo chí và vận động dân chủ. Ông cũng có công về mặt văn hóa vì là người đầu tiên chính thức đề xướng việc dùng chữ Quốc ngữ là văn tự cho người Việt.","Luật sư, nhà báo",,Nhà Nguyễn & Pháp thuộc,Hội trưởng Hội Đồng bào Thân ái tại Pháp,,,,,,,25/9/1876 - 1933
true,Pháo Đài Láng,Địa danh,,"Pháo đài Láng là một di tích lịch sử ở phía Tây Hà Nội, trước đây nằm trong địa phận làng Láng Trung, nay phố Pháo Đài Láng thuộc phường Láng Thượng, Hà Nội. Di tích nay nằm trong khuôn viên Trung tâm khí tượng thuỷ văn quốc gia. Vị trí này trước được gọi là Gò Cả, vào năm 1940 quân đội Pháp đã dựng một pháo đài với ba khẩu pháo 75mm và bốn khẩu cao xạ. Sau khi Nhật đảo chính Pháp, pháo đài rơi vào tay người Nhật. Khi quân Nhật đầu hàng, họ cho phá huỷ các cố pháo lớn và vứt các bộ phận quan trọng. Quân Việt Minh cho tìm kiếm thu nhặt ở các nơi về, dồn các bộ phận từ 20 khẩu pháo cao xạ thành 7 khẩu hoàn chỉnh bắn được. Vào 20:03 ngày 19/12/1946, Pháo đài Láng cùng với Pháo đài Xuân Tảo và Xuân Canh phát hoả, bắn pháo vào Sở chỉ huy và kho hậu cần của quân Pháp để mở đầu cho Toàn quốc kháng chiến ở Thủ đô. Sáng ngày 20/12/1946, Pháo đài Láng bắn chặn quân Pháp từ Đồn Thuỷ (khu vực nhượng địa - nay là khu vực phía sau trường Đại học Dược, Đại học Tổng hợp, xung quanh phố Phạm Ngũ Lão) tiến về Bắc Bộ Phủ (nay là Nhà khách Chính phủ trên phố Ngô Quyền - đối diện vườn hoa Con Cóc). Sáng ngày 21/12, Pháo đài Láng bắn rơi một máy bay của quân Pháp. Đến ngày 10/1/1947, Pháo đài Láng được lệnh phá huỷ pháo và rút về Hà Đông. Pháo được tháo dỡ chuyển đi, các bộ phận quá nặng thì phá huỷ tại chỗ.",,,,,,,,,,,
true,Phất Lộc,Khác,,"Ngõ Phất Lộc có tên gọi bắt nguồn từ làng Phất Lộc ở huyện Đông Quan, Thái Bình. Năm 1717, một thư sinh họ Bùi từ làng này lên Thăng Long học tại Quốc Tử Giám rồi định cư ở thôn Tiên Hạ. Dân làng theo lên lập nghiệp, hình thành cộng đồng cư dân và đặt tên ngõ theo quê gốc",,,,,,,,,,,
true,Phó Đức Chính,Nhân vật lịch sử,Cách mạng,"Phó Đức Chính sinh tại làng Đa Ngưu, nay thuộc xã Tân Tiến, huyện Văn Giang, tỉnh Hưng Yên. Sau khi tốt nghiệp Trường Cao đẳng Công chính, ông được bổ nhiệm sang Lào làm việc nhưng sớm từ bỏ công việc để hoạt động cách mạng. Năm 1927, ông tham gia sáng lập Việt Nam Quốc Dân Đảng, trở thành cánh tay phải của Nguyễn Thái Học, phụ trách công tác tổ chức và hoạch định kế hoạch khởi nghĩa. Sau vụ ám sát trùm mộ phu người Pháp Bazin, ông bị bắt và kết án tù treo nhưng vẫn tiếp tục hoạt động bí mật. Trong cuộc khởi nghĩa Yên Bái năm 1930, ông bị bắt tại Sơn Tây và bị kết án tử hình. Ngày 17/6/1930, ông cùng Nguyễn Thái Học và 11 đồng chí bị xử chém tại pháp trường Yên Bái. Trước khi hy sinh, ông đã nói: “Đại sự không thành! Chết là vinh! Còn chống án làm chi vô ích!”.",Nhà cách mạng,,Nhà Nguyễn & Pháp thuộc,Lãnh tụ Việt Nam Quốc Dân Đảng; phụ trách công tác tổ chức Tổng bộ,,,,,,,1907 - 17/6/1930
false,Phổ Giác,Di tích,,,,,,,,,,,,,
false,Phú Cường,Không rõ,,,,,,,,,,,,,
false,Phú Diễn,Địa danh,,,,"Trồng bưởi Diễn, làm vàng mã, tổ chức hội bơi thuyền",,,,,,Kẻ Diễn,Phúc Khê,,
false,Phú Đô,Địa danh,,,,Làm bún,,,,,,,,,
true,Phủ Doãn,Địa danh,,"Phủ Doãn là một chức quan đứng đầu phủ Phụng Thiên, được đặt từ thời Hồng Đức. Phủ này bao gồm hai huyện Vĩnh Xương và Quảng Đức (sau đổi thành Thọ Xương và Vĩnh Thuận), tương ứng với các quận nội thành cũ Hà Nội, bao gồm các quận Hoàn Kiếm, Hai Bà Trưng, Ba Đình, Đống Đa, Tây Hồ. Nha Phủ Doãn là nơi làm việc cho Phủ Doãn được đặt tại khu vực phố Phủ Doãn. Trên phố Phủ Doãn có Nhà thương Phủ Doãn (nay là Bệnh viện Việt-Đức). Nhà thương Phủ Doãn được thành lập năm 1896 do một nữ tu sĩ đứng ra quyên tiền, xây dựng ở đầu phố Phủ Doãn. Năm 1904, chính quyền chủ trương xây dựng nhà thương thành nơi chữa bệnh cho người bản xứ, nên dỡ bỏ nhà thương cũ và xây nhà kiểu mới, mở cổng chính quay ra phố Tràng Thi và đặt tên là Bệnh viện Bảo hộ.",,,,,,,,,,,
true,Phù Đổng Thiên Vương,Nhân vật lịch sử,Thần thoại,"Phù Đổng Thiên Vương, còn gọi là Thánh Gióng, là một trong Tứ Bất Tử trong tín ngưỡng dân gian Việt Nam. Theo truyền thuyết, ông sinh ra tại làng Phù Đổng, ba tuổi không nói năng, nhưng khi đất nước có giặc ngoại xâm, ông vùng dậy, ăn khỏe, lớn nhanh, cưỡi ngựa sắt, cầm roi sắt đánh tan quân giặc Ân. Sau chiến thắng, ông bay về trời. Công lao của ông được ghi nhớ qua lễ hội Gióng và các đền thờ tại Hà Nội và Bắc Ninh.","Nhân vật truyền thuyết, danh tướng huyền thoại",,Hồng Bàng - sơ sử,Xung Thiên Thần Vương,,,,,,, - 
false,Phú Gia,Địa danh,,,,,,,,,,Kẻ Gạ,,,
false,Phú Hựu,Địa danh,,,,,,,,,,,,,
false,Phú Kiều,Không rõ,,,,,,,,,,,,,
false,Phú La,Địa danh,,,,,,,,,,,,,
false,Phú Lương,Địa danh,,,,,,,,,,,,,
false,Phú Minh,Không rõ,,,,,,,,,,,,,
false,Phú Mỹ (Chương Mỹ),Địa danh,,,,,,,,,,,,,
false,Phú Mỹ (Từ Liêm),Địa danh,,,,,,,,,,,,,
false,Phú Thượng,Địa danh,,,,Làm xôi?,,,,,,,,,
false,Phú Viên,Địa danh,,"Phú Viên là một địa danh cổ tại khu vực ven sông Hồng. Trước năm 1945, Phú Viên là một xã thuộc tổng Gia Thụy, huyện Gia Lâm. Tới sau năm 1955, Phú Viên trở thành một thôn thuộc xã Hồng Tiến, quận VIII ngoại thành Hà Nội. Phố Phú Viên được đặt tên vào tháng 12, năm 2006",,"Đánh cá, vận tải thủy, làm giấy thủ công",,,,,,,,,
false,Phú Xá,Địa danh,,,,,,,,,,Kẻ Xù,,,
false,Phúc Đam,Địa danh,,,,,,,,,,,,,
false,Phúc Diễn,Địa danh,,,,Trồng bưởi Diễn,,,,,,,Phù Diễn,,
false,Phúc Hoa,Không rõ,,,,,,,,,,,,,
false,Phúc La,Địa danh,,,,,,,,,,,,,
false,Phúc Lợi,Địa danh,,,,,,,,,,,,,
false,Phúc Lý,Địa danh,,,,Có tục ném đất,,,,,,,,,
false,Phúc Minh,Không rõ,,,,,,,,,,,,,
false,Phúc Tân,Địa danh,,,,,,,,,,,,,
false,Phúc Thành,Không rõ,,,,,,,,,,,,,
false,Phúc Tiến,Không rõ,,,,,,,,,,,,,
false,Phúc Xá,Địa danh,,"Phúc Xá là một làng cổ ven sông Hồng, nay thuộc tổ dân phố số 8, phường Ngọc Thụy, quận Long Biên, Hà Nội. Vốn có tên là Ân Xá từ thời Lý, sau đổi thành Cơ Xá, rồi Phúc Xá. Vị trí làng từng nằm ở bãi giữa sông Hồng, sau chuyển sang bờ Bắc do biến động dòng chảy. Đình Phúc Xá thờ danh tướng Lý Thường Kiệt, Đào Kỳ – Đại nguyên soái thời Hai Bà Trưng, cùng các vị thần thời Hùng Vương và hai công chúa giúp vận chuyển lương thực cho triều Lý. Trong kháng chiến chống Pháp và Mỹ, dân làng Phúc Xá đã kiên cường bảo vệ cầu phao Chương Dương – tuyến giao thông chiến lược. Làng có truyền thống yêu nước, nhiều công trình tâm linh như đình, chùa, đền vẫn được bảo tồn.",,,,,,,"Lễ hội đình Phúc Xá thờ Lý Thường Kiệt, Đào Kỳ, các vị thần thời Hùng Vương; lễ cầu an và giỗ Thành hoàng làng",,"Ân Xá, Cơ Xá",,
true,Phùng Chí Kiên,Nhân vật lịch sử,Quân sự,"Phùng Chí Kiên, tên thật là Nguyễn Vỹ, sinh tại làng Mỹ Quan, huyện Diễn Châu, tỉnh Nghệ An. Ông từng học tại Trường Quân sự Hoàng Phố và Đại học Phương Đông của Quốc tế Cộng sản. Trong sự nghiệp cách mạng, ông hoạt động tại Trung Quốc, Liên Xô và sau đó trở về Việt Nam chỉ đạo phong trào trong nước. Ông là người phụ trách công tác quân sự đầu tiên của Đảng Cộng sản Đông Dương và được truy phong là vị tướng đầu tiên của Quân đội Nhân dân Việt Nam. Ông bị bắt và hy sinh tại Bắc Kạn năm 1941.","Quân nhân, chính trị gia",,Nhà Nguyễn & Pháp thuộc,Ủy viên Thường vụ Ban Chấp hành Trung ương Đảng Cộng sản Đông Dương khóa I; Chỉ huy trưởng Trung đội Cứu quốc quân thứ nhất; Tổng chỉ huy Khu căn cứ Bắc Sơn – Võ Nhai,,,,,,,18/5/1901 - 22/8/1941
true,Phùng Hưng,Nhân vật lịch sử,Lãnh đạo,"Phùng Hưng sinh tại làng Đường Lâm, nay thuộc thị xã Sơn Tây, Hà Nội. Ông xuất thân từ một gia đình hào phú, có sức khỏe phi thường. Cuối thế kỷ VIII, ông lãnh đạo cuộc khởi nghĩa chống lại ách đô hộ của nhà Đường tại An Nam, cùng các em là Phùng Hải và Phùng Dĩnh. Nghĩa quân chiếm giữ vùng Đường Lâm và tiến đánh thành Tống Bình, buộc quan đô hộ Cao Chính Bình phải rút lui. Sau khi giành quyền kiểm soát, ông cai quản vùng đất trong một thời gian ngắn trước khi qua đời. Con ông là Phùng An kế tục sự nghiệp. Phùng Hưng được nhân dân tôn xưng là Bố Cái Đại Vương và thờ tại nhiều nơi, trong đó có đền thờ ở làng Cam Lâm, Hà Nội.",Thủ lĩnh khởi nghĩa,,Bắc Thuộc & khởi nghĩa,Đô Quân; Bố Cái Đại Vương,,,,,,,5/1/761 - 13/9/802
true,Phùng Khắc Khoan,Nhân vật lịch sử,Quan chức,"Phùng Khắc Khoan sinh tại làng Phùng Xá, huyện Thạch Thất, trấn Sơn Tây (nay thuộc Hà Nội). Ông đỗ Hoàng giáp năm 1580 dưới triều Lê Thế Tông, từng giữ nhiều chức vụ quan trọng trong triều đình nhà Lê trung hưng. Năm 1597, ông được cử làm Chánh sứ sang triều Minh, nơi ông giao lưu văn chương với sứ thần Triều Tiên Lý Toái Quang. Ông để lại nhiều tác phẩm thơ văn như Ngôn chí thi tập, Mai Lĩnh sứ hoa thi tập, phản ánh tư tưởng và đời sống văn hóa thời kỳ hậu Lê. Sau khi nghỉ hưu, ông về quê tu sửa cầu cống và sống gần gũi với dân làng.","Chính trị gia, nhà thơ, nhà ngoại giao",,Phân tranh,"Ký lục ngự dinh, Cấp sự trung Binh khoa, Cấp sự trung Bộ Lễ, Hồng lô tự khanh, Hữu thị lang Bộ Công, Thừa chính Thanh Hoa, Công bộ Tả thị lang, Lại bộ Tả thị lang, Thượng thư Bộ Công, Thượng thư Bộ Hộ, Chánh sứ sang triều Minh, tước Mai Quận công",,,,,,,1528 - 1613
false,Phùng Khoang,Địa danh,,,,,,,,,,Kẻ Mọc,,,
false,Phượng Bãi,Không rõ,,,,,,,,,,,,,
,Phương Bản,,,,,,,,,,,,,,
false,Phương Canh,Địa danh,,,,,,,,,,,,,
,Phượng Giang,,,,,,,,,,,,,,
true,Phương Liệt,Địa danh,,"Phương Liệt là tên một ngôi làng cổ ở phía Nam Hà Nội. Làng trước đây thuộc tổng Thịnh Liệt (còn gọi là tổng Sét), huyện Thanh Trì, nay phố Phương Liệt thuộc phường Phương Liệt. Làng gốc là Giáp Cửu, là một giáp (đơn vị nhỏ hơn của làng) của làng Thịnh Liệt (tên Nôm là Kẻ Sét), sau này tách thành làng riêng. Làng có địa giới rất rộng, kéo dài từ khoảng sân bay Bạch Mai (đường Lê Trọng Tấn hiện nay) đến ngã tư Vọng. Phương Liệt tiếng Hán có nghĩa là thơm tho, do trong địa giới của làng có nhiều ao hồ và trồng nhiều sen, nên dân làng sống bằng nghề làm ruộng, đánh bắt cá, ươm rau muống bè, bán lá và hoa sen. Làng là nơi cung cấp lá sen để gói cốm của làng Vòng và gói cà bát muối của làng Hạ Đình. Sau này khi người Pháp xây dựng thành phố Hà Nội, dân làng Phương Liệt nhận làm cả nghề quét vôi. Đình làng thờ Cao Sơn Đại vương.",,,,,,,,,Vọng,,
false,Phương Mai,Địa danh,,,,,,,,,,,,,
false,Phương Nam,Không rõ,,,,,,,,,,,,,
,Phượng Yên,,,,,,,,,,,,,,
true,Quan Hoa,Địa danh,,"Quan Hoa là tên một xóm thuộc làng Thượng Yên Quyết, nằm ở phía Tây Hà Nội. Trong xóm có cụ Nguyễn Công Thịnh (có nguồn ghi tên cụ là Nguyễn Đình Thịnh) là Tri huyện Hoa Khê (phủ Lâm Thao, trấn Sơn Tây, nay là xã Cẩm Khê, tỉnh Phú Thọ) đã từ quan, bỏ về nhà ở đây dạy học. Ông nổi tiếng là người thanh liêm, có nhiều công giúp dân làng khai trí. Dân làng gọi ông là Quan Huyện Hoa Khê, rút gọn lại thành Quan Hoa rồi lấy tên đó đặt cho xóm.",,,,,,,,,,,
false,Quần Ngựa,Địa danh,,,,,,,,,,,,,
true,Quan Nhân,Địa danh,,"Quan Nhân là tên một ngôi làng cổ ở phía Tây Nam Hà Nội. Làng thuộc xã Nhân Mục Môn, tổng Khương Đình, huyện Thanh Trì, sau nhập huyện Từ Liêm, nay phố Quan Nhân thuộc phường Thanh Xuân, Hà Nội. Trước đây đường đi qua làng là đường thập đạo, nối Hà Nội với các tỉnh phía Tây và Tây Nam (sau khi có ấp Thái Hà, đường thập đạo phải đi tránh ấp Thái Hà ra, cuối cùng đi qua khu vực Ngã tư Sở như này nay). Làng thuộc vùng Kẻ Mọc, phân ra thành Nhân Mục Môn và Nhân Mục Cựu. Nhân Mục Môn bao gồm Quan Nhân, Cự Lộc, Chính Kinh, Giáp Nhất. Nhân Mục Cựu bao gồm Thượng Đình và Hạ Đình. Theo Quốc sử tạp lục thì hồi thế kỷ X, các làng ở đây đều có rừng nên mới gọi là Kẻ Mọc (tên chữ là Mộc Cự, sau đổi thành Nhân Mục). Làng Quan Nhân chia thành hai xóm, xóm Chùa và xóm Sòi. Đình làng Quan Nhân thờ Hùng Lãng Công, là một vị tướng từ thời Hùng Vương có công chiến đấu với quân Nam Chiếu (khu vực Vân Nam, Trung Quốc hiện nay). Làng có truyền thống hiếu học, có nhiều người được đỗ đạt, làm quan lớn.",,"Dạy học, làm quan, khoa bảng",,,,,,Kẻ Mọc,Nhân Mục,,
false,Quán Sứ,Di tích,,,,,,,,,,,,,
true,Quán Thánh,Di tích,,"Quán Thánh (không phải Quan Thánh) là tên của một ngôi đền nằm ở góc Tây Bắc của thành Hà Nội. Đền có tên chữ là Trấn Vũ Quán, gốc là một Quán thờ Thánh Trấn Vũ. Quán là nơi tu hành, thờ tự của những người theo Đạo giáo, đạo thần tiên, lấy Lão Tử làm giáo tổ và do Trương Đạo Lăng sáng lập thời Đông Hán. Thánh Trấn Vũ (hay Trấn Vũ) là một vị thần tượng trưng cho sao Bắc cực, thống trị phương Bắc, quản lý các loài thuỷ tộc trong tín ngưỡng Đạo giáo. Nguyên xưng là Huyền Vũ Đại Đế, đến năm 1012 do kỵ húy Triệu Huyền Lãng nên đổi thành Chân Vũ, thông xưng là Bắc Cực Huyền Thuyên Thượng Đế, thường được gọi tắt là Huyền Đế, Bắc Đế, Hắc Đế, hay Chân Vũ Đại Đế. Ngài tượng trưng cho Bắc Cung Huyền Vũ trong Nhị Thập Bát Tú, là vị đại thần của Đạo giáo thống lĩnh phương Bắc, có thể lãnh toàn bộ thủy tộc và mọi sự vật liên quan đến nước.",,,,,,,,,,,
true,Quan Thổ,Địa danh,,"Quan Thổ là tên một làng cổ ở phía Tây Nam Hà Nội. Quan Thổ trước thuộc tổng Hạ, huyện Vĩnh Thuận, sau này hợp nhất với thôn Quan Trạm thành thôn Thổ Quan, thuộc tổng Yên Hoà. Nay Quan Thổ thuộc phường Văn Miếu - Quốc Tử Giám.",,,,,,,,,,,
false,Quan Thôn,Không rõ,,,,,,,,,,,,,
true,Quán Tình,Địa danh,,"Quán Tình là tên một ngôi làng cổ ở Đông Bắc Hà Nội. Làng trước thuộc tổng Đặng Xá, huyện Gia Lâm, phủ Thuận An, trấn Kinh Bắc, sau đổi thành trấn Bắc Ninh, rồi thành tỉnh Bắc Ninh, nay phố Quán Tình thuộc phường Việt Hưng. Làng có tên Nôm là Kẻ Tạnh. Làng Quán Tình nằm ven sông Đuống, đất đai màu mỡ, nên dân cư trồng hoa màu và dâu tằm. Do khu vực này chịu nhiều thiên tai và nằm giữa khu vực phức tạp, nên người Quán Tình có tính cách dũng mãnh, nhiều người theo ngạch võ chứ không đi theo con đường khoa cử. Làng thờ Hoài Đạo cư sĩ, là một nho sĩ và đạo sĩ cuối thời Lý, đầu thời Trần. Do thời buổi loạn lạc nên ông nổi lên dẹp loạn. Khi Trần Thủ Độ định chuyển ngôi từ nhà Lý sang nhà Trần, ông đã nổi quân chống lại triều đình, buộc Trần Thủ Độ phải giảng hoà, sau này phải xin vua Trần phong làm Hoài Đạo Hiếu Vũ vương, gả công chúa cho và cho lập tư dinh ở Ninh Giang.",,,,,,,,Kẻ Tạnh,,,
false,Quảng An,Địa danh,,,,,,,,,,,,,
false,Quảng Bá,Địa danh,,,,,,,,,,,,,
false,Quảng Khánh,Địa danh,,,,,,,,,,,,,
false,Quang Lãm,Không rõ,,,,,,,,,,,,,
false,Quang Liệt,Địa danh,,,,,,,,,,,,,
false,Quang Tiến,Không rõ,,,,,,,,,,,,,
true,Quang Trung,Nhân vật lịch sử,Phong kiến,"Quang Trung, tên thật là Nguyễn Huệ, sinh tại Bình Định, quê gốc Nghệ An. Ông là một trong ba anh em Tây Sơn tam kiệt, lãnh đạo cuộc khởi nghĩa Tây Sơn, chấm dứt nội chiến Trịnh – Nguyễn và lật đổ triều Lê. Năm 1788, ông lên ngôi hoàng đế, lấy niên hiệu Quang Trung. Trong thời gian trị vì, ông đánh bại quân Thanh trong trận Ngọc Hồi – Đống Đa đầu xuân Kỷ Dậu 1789, được xem là một trong những chiến công hiển hách nhất lịch sử Việt Nam. Ngoài quân sự, ông còn tiến hành cải cách hành chính, giáo dục, kinh tế và khuyến khích dùng chữ Nôm. Quang Trung mất năm 1792 tại Phú Xuân, hưởng dương 40 tuổi.","Chính trị gia, nhà quân sự",,Nhà Tây Sơn,"Hoàng đế Đại Việt, vị vua thứ hai triều Tây Sơn",,Chồng của Lê Ngọc Hân,,,,,1753 - 16/9/1792
false,Quốc Tử Giám,Địa danh,,,,,,,,,,,,,
false,Quyết Thắng,Tư tưởng xã hội,,,,,,,,,,,,,
false,Quỳnh,Địa danh,,,,,,,,,,,,,
false,Quỳnh Lôi,Địa danh,,,,,,,,,,,,,
false,Quỳnh Mai,Địa danh,,,,,,,,,,,,,
false,Rạng Đông,Không rõ,,,,,,,,,,,,,
false,Sa Đôi,Địa danh,,,,,,,,,,,,,
false,Sài Đồng,Địa danh,,,,,,,,,,,,,
true,Sân Quần,Khác,,"Sân Quần là tên một ngõ trên phố Khâm Thiên, Hà Nội. Tên sân quần này được dân gian đặt do trước đây có nhiều sân chơi quần vợt (tennis) cho người Pháp, công chức và những người thượng lưu. Sau năm 1954, số lượng người trở lại và di cư tới Hà Nội tăng vọt nên các sân quần vợt này biến mất dần.",,,,,,,,,,,
true,Sở Thượng,Địa danh,,"Sở Thượng là tên một ngôi làng ở phía Nam Hà Nội. Làng trước thuộc tổng Thanh Trì, huyện Thanh Trì, phủ Thường Tín, trấn Sơn Nam Thượng, sau thuộc tỉnh Cầu Đơ và tỉnh Hà Đông, nay thuộc phường Hoàng Mai. Làng trước đây là một phần của làng Yên Duyên nên còn được gọi là Yên Duyên Sở Thượng. Làng còn có tên khác là Sở Lờ, do dân làng có nghề đan lờ đánh cá. Đình làng Sở Thượng thờ Cao Sơn đại vương, Linh Lang đại vương và Thái Phú đại vương.",,Đan lờ đánh cá,,,,,,,Sở Lờ,,
false,Sơn Tây,Khác,,"Sơn Tây là tên một tỉnh cũ ở Đồng bằng sông Hồng, phía Tây Hà Nội. Tỉnh tồn tại từ năm 1831 tới năm 1965, ban đầu là Thừa tuyên Sơn Tây thời Hậu Lê, nay là một phần của Hà Nội, Phú Thọ và Tuyên Quang. Tỉnh có địa giới khá rộng, theo bản đồ hành chính năm 1891 thì kéo dài từ khoảng thành phố Yên Bái, chạy dọc theo sông Hồng, bao gồm cả một phần tỉnh Phú Thọ, thành phố Việt Trì, tới khu vực huyện Sơn Tây cũ, giáp với Hà Nội tại sông Đáy.",,,,,,,,,,,
false,Sông Đuống,Khác,,,,,,,,,,,,,
false,Sông Kim Ngưu,Địa danh,,"Sông Kim Ngưu là một con sông quan trọng trong thành phố Hà Nội. Sông Kim Ngưu gốc rẽ nhánh khỏi sông Tô Lịch tại ngã tư Cầu Giấy - Bưởi - Láng, chảy dọc theo Đê La Thành, tách 1 nhánh tại nút giao Khâm Thiên - Tôn Đức Thắng - Đê La Thành - Ô Chợ Dừa - Nguyễn Lương Bằng - Trần Hữu Tước - Xã Đàn thành sông Lừ, chảy tới ngã ba Đại Cồ Việt - Trần Đại Nghĩa tách 1 nhánh nữa thành sông Sét, chảy tiếp tới đường Trần Khát Chân, đê Trần Khát Chân, ngõ 29 phố Vĩnh Tuy, phố Dương Văn Bé rồi chảy lộ thiên xuống khu vực hồ Yên Sở. Đoạn sông Kim Ngưu từ ngã tư Trần Khát Chân - Lò Đúc - Kim Ngưu xuống hồ Yên Sở là đoạn mới, được đào thẳng vào năm 1961-1962. Sông Kim Ngưu được đặt tên theo truyền thuyết trâu vàng. Truyền thuyết Kim Ngưu kể rằng, thiền sư Minh Không sang Trung Quốc chữa bệnh cho vua nhà Đường. Ông được thẳng công bằng đồng đen, mang về Thăng Long đúc thành một chiếc chuông lớn. Nhịp chuông đầu tiên vang lên, khiến con Trâu Vàng ở phương Bắc ngỡ tiếng mẹ gọi, liền chạy sang. Đến Thăng Long, Trâu Vàng không thấy mẹ đâu nên dẫm đạp lồng lộn, tạo thành vùng đầm lầy, ngày nay là hồ Tây. Tức mình, nó lao xuống ẩn mình dưới đáy hồ, dấu chân và luồng di chuyển của nó rẽ đất, tạo thành sông Kim Ngưu bây giờ. Sông Kim Ngưu là một trong 3 con sông tạo nên La Thành cổ, theo câu ca dao ""Nhị Hà quanh Bắc sang Đông/ Kim Ngưu, Tô Lịch là sông bên này"", trong đó hai sông Tô Lịch và Kim Ngưu đóng vai trò phòng thủ, là hào nước của đê La Thành.",,,,,,,,,,,
false,Sông Lừ,Địa danh,,"Sông Lừ là tên gọi dân gian của sông Lư Giang, một phân lưu của sông Kim Ngưu tại Hà Nội. Tên “Lừ” là đọc chệch của “Lư Giang”. Khu vực quanh sông gắn với nhiều di tích như đền Lừ, nơi thờ các nhân vật như khởi nghĩa Hai Bà Trưng",,,,,,,,,,,
false,Sông Nhuệ,Địa danh,,,,,,,,,,,,,
true,Sông Sét,Địa danh,,"Sét là tên một con sông ở phía Nam Hà Nội. Sông Sét là một nhánh của sông Kim Ngưu. Sông Sét bắt đầu tách khỏi sông Kim Ngưu từ vị trí ngã ba Đại Cồ Việt - Trần Đại Nghĩa, đi dọc theo phố Trần Đại Nghĩa (hiện tại phần này đã được cống hoá), tiếp tục xuống phía Nam rồi chảy lộ thiên tới hồ Yên Sở. Sông được đặt tên theo tên Nôm của một làng mà sông chảy qua là làng Thịnh Liệt, hay còn gọi là Kẻ Sét.",,,,,,,,,,,
false,Sùng Khang,Không rõ,,,,,,,,,,,,,
true,Tạ Đông Trung,Nhân vật lịch sử,Quân sự,"Tạ Đông Trung sinh tại Bình Lục, tỉnh Hà Nam, và cư trú tại Ngọc Lâm, quận Long Biên, Hà Nội. Ông nhập ngũ năm 1966 và được đào tạo phi công tại Liên Xô. Từ năm 1969 đến 1975, ông là phi công tiêm kích MIG-17 thuộc Trung đoàn không quân 923, tham gia chiến đấu trong kháng chiến chống Mỹ. Sau năm 1975, ông chuyển sang lái máy bay A-37 và giữ chức phi đội phó Trung đoàn không quân 937. Trong giai đoạn 1975–1977, ông chỉ huy nhiều trận không kích, gây thiệt hại lớn cho đối phương. Ông hy sinh ngày 1/10/1977 trong một trận oanh kích tại khu vực biên giới Tây Ninh. Tên ông được đặt cho một con phố cạnh sân bay Gia Lâm để tưởng nhớ công lao của ông.",Phi công quân sự,,Cách mạng & kháng chiến,Đại đội trưởng; Phi đội phó; Anh hùng Lực lượng Vũ trang Nhân dân,,,,,,,1948 - 1/10/1977
true,Tạ Hiện,Nhân vật lịch sử,Cách mạng,"Tạ Hiện, còn gọi là Tạ Quang Hiện, là võ quan triều Nguyễn, từng giữ chức Đề đốc quân vụ Bắc Kỳ. Sau khi triều đình ký hòa ước với Pháp, ông từ quan và lãnh đạo nghĩa quân chống Pháp tại Thái Bình và Nam Định trong phong trào Cần Vương. Ông từng chỉ huy liên quân Việt–Thanh đánh thắng quân Pháp trong trận Bắc Lệ năm 1884. Cuộc khởi nghĩa của ông kéo dài từ năm 1883 đến 1887.",Võ quan nhà Nguyễn,,Nhà Nguyễn & Pháp thuộc,Đề đốc quân vụ Bắc Kỳ triều Nguyễn,,,,,,,1841 - 1887
true,Tạ Quang Bửu,Nhân vật lịch sử,Kỹ thuật,"Tạ Quang Bửu sinh tại thôn Hoành Sơn, xã Khánh Sơn, huyện Nam Đàn, tỉnh Nghệ An. Ông du học tại Pháp và Anh, từng theo học tại Đại học Sorbonne, Bordeaux và Oxford, chuyên ngành toán học và vật lý. Sau khi về nước, ông tham gia cách mạng và giữ nhiều chức vụ quan trọng trong chính quyền Việt Nam Dân chủ Cộng hòa. Ông là người đặt nền móng cho ngành khoa học kỹ thuật và công nghệ quân sự Việt Nam, đồng thời có đóng góp lớn trong lĩnh vực giáo dục đại học. Là hiệu trưởng đầu tiên của Đại học Bách khoa Hà Nội, ông thúc đẩy đào tạo kỹ sư và nghiên cứu khoa học trong nước. Ông cũng là đại diện Việt Nam ký Hiệp định Genève năm 1954. Tên ông được đặt cho một con phố nằm trong khu Bách Khoa để tri ân.","Giáo sư, nhà khoa học, nhà quản lý giáo dục và quốc phòng",,Cách mạng & kháng chiến,"Bộ trưởng Bộ Quốc phòng, Bộ trưởng Bộ Đại học và Trung học chuyên nghiệp, Thứ trưởng Bộ Quốc phòng, Chủ nhiệm Ủy ban Khoa học Nhà nước, Hiệu trưởng Đại học Bách khoa Hà Nội, Đại biểu Quốc hội khóa I–VI",,Con rể của Hoàng Đạo Thuý,,,,,23/7/1910 - 21/8/1986
true,Tam Đa,Khác,,"Tam Đa là tên một địa danh ở phía Tây thành Thăng Long. Khu vực này thuộc làng Thuỵ Khuê. Thời Pháp thuộc có một người tên Tạ Văn Trạc, học trường kỹ nghệ Tây, từng dự hội chợ đấu xảo Toulouse. Sau ông về nước, mở cơ sở sản xuất dầu gió, dầu xoa bóp ở khu vực này, gọi là nhà thuốc Ích Phong. Trước cửa nhà thuốc bày bộ tượng Phúc Lộc Thọ bằng sành, nên người dân gọi là nhà thuốc Tam Đa, lấy tên nhà thuốc này để đặt cho con dốc gần đó.",,,,,,,,,,,
false,Tam Khương,Địa danh,,,,,,,,,,,,,
false,Tạm Thương,Địa danh,,Kho chứa tạm khóc thuế của triều đình nhà Nguyễn (kho Tạm Thương),,,,,,,,,,,
true,Tam Trinh,Nhân vật lịch sử,Cách mạng,"Tam Trinh sinh vào đầu Công nguyên, quê ở huyện Đông Sơn, tỉnh Thanh Hóa (có tài liệu ghi là Long Biên). Ông nổi tiếng là đô vật giỏi, từng dạy võ, dạy chữ và truyền nghề làm đậu phụ cho dân làng Mai Động (nay thuộc quận Hoàng Mai, Hà Nội). Khi Hai Bà Trưng phát động khởi nghĩa chống nhà Đông Hán, ông tập hợp hàng nghìn dân binh, tham gia đánh chiếm thành Luy Lâu. Sau khi Hai Bà Trưng xưng vương, ông được phong tước hầu và giữ chức phụ chính. Năm 43, trước sức mạnh quân Hán do Mã Viện chỉ huy, ông tử trận tại Mai Động. Tên ông được đặt cho một tuyến phố tại khu vực này để ghi nhớ công lao kháng chiến và truyền dạy võ nghệ dân gian.","Tướng lĩnh quân sự, võ sĩ dân gian",,Bắc Thuộc & khởi nghĩa,Châu trưởng vùng Cổ Mai; Tướng lĩnh khởi nghĩa thời Hai Bà Trưng,,,,,,,22 TCN - 43
false,Tân Ấp,Khác,,,,,,,,,,,,,
false,Tân Dân,Không rõ,,,,,,,,,,,,,
false,Tân Đô,Không rõ,,,,,,,,,,,,,
,Tân Hồng,,,,,,,,,,,,,,
false,Tân Khai,Địa danh,,,,,,,,,,,,,
false,Tân Lạc,Không rõ,,,,,,,,,,,,,
false,Tân Lập,Khác,,,,,,,,,,,,,
false,Tân Mai,Địa danh,,,,,,,,,,Kẻ Mơ,Mơ Mới,,
false,Tân Mỹ,Khác,,,,,,,,,,,,,
false,Tân Nhuệ,Khác,,,,,,,,,,,,,
false,Tân Phong,Không rõ,,,,,,,,,,,,,
false,Tân Thịnh,Không rõ,,,,,,,,,,,,,
false,Tân Thuỵ,Không rõ,,,,,,,,,,,,,
false,Tân Triều,Địa danh,,,,,,,,,,,,,
false,Tân Xuân,Không rõ,,,,,,,,,,,,,
true,Tăng Bạt Hổ,Nhân vật lịch sử,Cách mạng,"Tăng Bạt Hổ, tên thật là Tăng Doãn Văn, sinh tại làng An Thường, xã Ân Thạnh, huyện Hoài Ân, tỉnh Bình Định. Ông tham gia kháng chiến chống Pháp từ năm 14 tuổi, từng hoạt động trong lực lượng Cờ Đen của Lưu Vĩnh Phúc và sau đó hưởng ứng phong trào Cần Vương. Ông xây dựng chiến khu tại vùng núi Kim Sơn, liên kết với Mai Xuân Thưởng và tổ chức phòng thủ tại nhiều vị trí ở Bình Định. Sau khi phong trào bị đàn áp, ông rời Việt Nam, làm thủy thủ trên tàu buôn, đi qua nhiều nước như Lào, Trung Quốc, Nga, Nhật. Trong chiến tranh Nga–Nhật, ông gia nhập Hải quân Nhật Bản và tham gia một số trận đánh.","Chiến sĩ kháng chiến, thủy thủ",,Nhà Nguyễn & Pháp thuộc,Không có chức danh chính thức trong bộ máy nhà nước,,,,,,,19/7/1858 - 1906
false,Tây Đam,Địa danh,,"Tây Đàm là tên cổ của làng Đăm, nay thuộc phường Tây Tựu, quận Bắc Từ Liêm, Hà Nội. Tên làng từng đổi từ Tây Đàm sang Tây Đăm do kỵ húy vua Lê Thế Tông, rồi thành Tây Tựu dưới triều Nguyễn. Làng nổi tiếng với lễ hội Bơi Đăm, thờ Đức Thánh Tam Giang – vị tướng thủy quân thời Hùng Vương. Lễ hội diễn ra vào tháng Ba âm lịch, với nghi thức rước kiệu, bơi thuyền, tế lễ tại thủy đình. Từ thập niên 1990, Tây Đàm phát triển mạnh nghề trồng hoa, trở thành vùng chuyên canh hoa lớn nhất Hà Nội, cung cấp hoa tươi quanh năm cho nội thành và các tỉnh lân cận. Vị trí làng nằm gần đường 32, cách trung tâm Hà Nội khoảng 20 km, là vùng đất hội tụ truyền thống văn hóa, lễ hội và kinh tế nông nghiệp hiện đại.",,Trồng hoa,,,,,,Kẻ Đăm,Tây Đàm; Tây Đăm,,
true,Tây Hồ,Địa danh,,"Tây Hồ (hay hồ Tây, hồ Dâm Đàm, hồ Xác Cáo, hồ Kim Ngưu, hồ Lãng Bạc, Đoái Hồ) là một hồ nước lớn ở phía Bắc Hà Nội. Hồ trước đây là một phần của sông Hồng, sau này do quá trình bồi tụ phù sa nên đã tách thành một hồ nước riêng. Hồ có nhiều tên gọi, mỗi tên gọi đều liên quan tới một truyền thuyết khác nhau. Hồ từ xưa được coi là thắng cảnh nổi tiếng, các vua chúa từ thời Lý - Trần đã lập nhiều cung điện xung quanh hồ làm nơi nghỉ mát, giải trí. Hồ Tây cũng là nguồn kiếm sống của các làng xung quanh, như các Quảng Bá, Nhật Tân, Nghi Tàm, Yên Phụ, Thuỵ Khuê, Võng Thị, Trích Sài, Đông Hồ, Yên Thái, etc. Hiện nay trong quá trình đô thị hoá Hà Nội, hồ cũng đang bị đặt câu hỏi về câu chuyện giữ gìn cảnh quan hồ, hay khai thác cảnh quan cho một nhóm nhỏ.",,,,,,,,,,,
false,Tây Kết,Sự kiện lịch sử,,Trận Tây Kết diễn ra năm 1285,,,Nhà Trần,,,,,,,,
false,Tây Mỗ,Địa danh,,,,,,,,,,Kẻ Mỗ,,,
false,Tây Sơn,Triều đại/ Quốc hiệu,,Tây Sơn là một triều đại phong kiến trong lịch sử Nhà nước Việt Nam.,,,,,,,,,,,
false,Tây Trà,Không rõ,,,,,,,,,,,,,
false,Tây Tựu,Địa danh,,"Tây Tựu là làng cổ phía Tây Bắc Hà Nội, nay thuộc quận Bắc Từ Liêm. Tên gốc là Tây Đàm, đổi thành Tây Đăm rồi Tây Tựu do kỵ húy các vua triều Nguyễn. Làng nổi tiếng với lễ hội Bơi Đăm thờ Đức Thánh Tam Giang – tướng thủy quân thời Hùng Vương. Từ thập niên 1990, Tây Tựu phát triển mạnh nghề trồng hoa, trở thành “thủ phủ hoa” của Hà Nội với hơn 200 ha đất chuyên canh. Các loại hoa chủ lực gồm cúc, hồng, ly, đồng tiền… được trồng quanh năm nhờ kỹ thuật hiện đại. Nghề hoa giúp nâng cao thu nhập, tạo việc làm cho hàng nghìn lao động và đóng góp lớn vào kinh tế đô thị. Vị trí làng nằm gần đường 32, cách trung tâm Hà Nội khoảng 20 km, là vùng đất hội tụ truyền thống lễ hội và nông nghiệp hiện đại.",,Trồng hoa,,,,,,Kẻ Đăm,Tây Đàm; Tây Đăm,,
false,Thạch Bàn,Địa danh,,,,,,,,,,,,,
false,Thạch Cầu,Địa danh,,,,,,,,,,,,,
true,Thái Hà,Địa danh,,"Thái Hà là tên một ấp ở phía Tây Nam Hà Nội. Ấp Thái Hà trước thuộc địa phận phường Thịnh Quang và trại Yên Lãng, tổng Hạ, huyện Vĩnh Thuận, sau thuộc ấp Thái Hà, làng Thịnh QUang và Yên Lãng, huyện Hoàn Long, tỉnh Hà Đông. Nay phố Thái Hà và ngõ Thái Hà thuộc phường Đống Đa; một phần phố Thái Hà là ranh giới giữa phường Đống Đa và phường Ô Chợ Dừa. Ấp Thái Hà trước đây là vùng đầm lầy, ngập nước, tổng diện tích khoang 150ha. Năm 1893, Khâm sai Kinh lược Bắc kỳ Hoàng Cao Khải được ban cho thực ấp Thái Hà. Ông đã cho đào các hệ thống kênh mương để thoát nước, khiến cho vùng đất này có thể trồng trọt và xây dựng được, sau này thành làng và ấp, bán cho các quan chức để xây dinh thự riêng. Dinh Hoàng Cao Khải xây ở góc Đông Nam, giáp đường Tây Sơn, và có sinh từ (đền thờ sống), hiện nay ở ngõ 252 Tây Sơn. Có một số ý kiến cho rằng Thái Hà là tên ghép của Đông Thái (quê của Hoàng Cao Khải) và Hà Đông. Có một số ý kiến khác cho rằng Thái Hà là Thái Xuyên đọc chệch sang, vì Xuyên và Hà đều là sông.",,,,,,,,,,,
false,Thái Lợi,Không rõ,,,,,,,,,,,,,
true,Thái Phiên,Nhân vật lịch sử,Cách mạng,"Thái Phiên sinh tại làng Nghi An, huyện Hòa Vang, tỉnh Quảng Nam (nay thuộc quận Cẩm Lệ, thành phố Đà Nẵng). Ông từng theo học chữ Hán và Tây học, sau đó làm việc trong ngành thương chính nhưng từ chức để tham gia hoạt động yêu nước. Năm 1904, ông tham gia Duy Tân hội và trở thành một trong những nhân vật chủ chốt tại Quảng Nam. Từ năm 1913, ông là một trong các lãnh đạo của Việt Nam Quang Phục Hội ở miền Trung. Năm 1916, ông cùng Trần Cao Vân tổ chức cuộc khởi nghĩa phối hợp với vua Duy Tân nhưng thất bại. Ông bị bắt và xử chém tại pháp trường An Hòa, Huế.",Nhà hoạt động cách mạng,,Nhà Nguyễn & Pháp thuộc,Lãnh đạo Duy Tân hội; thành viên Việt Nam Quang Phục Hội,,,,,,,1882 - 17/5/1916
false,Thái Thịnh,Địa danh,,,,,,,,,,,,,
true,Thâm Tâm,Nhân vật lịch sử,Văn hoá - nghệ thuật,"Thâm Tâm, tên thật là Nguyễn Tuấn Trình, sinh tại thị xã Hải Dương, tỉnh Hải Dương. Ông bắt đầu sự nghiệp văn chương từ cuối thập niên 1930, nổi bật với bài thơ Tống biệt hành, mang phong cách cổ điển kết hợp hiện đại. Trước Cách mạng Tháng Tám, ông viết cho nhiều tờ báo như Tiểu thuyết thứ bảy, Ngày nay, và tham gia Hội Văn hóa Cứu quốc. Sau năm 1945, ông gia nhập quân đội, làm báo và viết kịch phục vụ kháng chiến. Ông mất trong chiến dịch Biên giới năm 1950 khi đang công tác tại mặt trận. Năm 2007, ông được truy tặng Giải thưởng Nhà nước về văn học nghệ thuật.","Nhà thơ, nhà báo, nhà viết kịch",,Cách mạng & kháng chiến,"Biên tập viên báo Tiên Phong, thư ký tòa soạn báo Vệ quốc quân",,,,,,,12/5/1917 - 18/8/1950
false,Thăng Long,Địa danh,,,,,,,,,,,,,
false,Thanh Am,Địa danh,,,,,,,,,,,,,
true,Thanh Bảo,Địa danh,,"Thanh Bảo là tên một làng cổ ở cạnh thành Hà Nội. Làng vốn thuộc tổng Yên Thành, huyện Vĩnh Thuận, nay phố Thanh Bảo thuộc phường Ba Đình. Làng được thành lập do sự hợp nhất giữa hai thôn là Thanh Ninh và Phụ Bảo từ giữa thế kỷ XIX. Khi Hà Nội trở thành thành phố nhượng địa thì đổi tên làng thành Ngọc Thanh. Vị trí phố Thanh Bảo giao với phố Sơn Tây trước đây là ô Thanh Bảo, là cửa ô nối thành Thăng Long đi các tỉnh phía Tây.",,,,,,,,,,,
false,Thanh Bình,Không rõ,,,,,,,,,,,,,
true,Thành Công (Giảng Võ),Tư tưởng xã hội,,"Thành Công là tên một làng cổ ở phía Tây Nam Hà Nội. Làng vốn thuộc tổng Hạ, huyện Vĩnh Thuận, nay phố Thành Công thuộc phường Giảng Võ. Làng ban đầu có tên là Công Bộ (do có nghề dệt vải của Bộ Công - là bộ phụ trách về xây dựng và sản xuất thủ công nghiệp), rồi đổi thành Nhược Công, sau đó theo lời dân làng: ""Nhược Công nghe nó yếu nên đổi thành Thành Công cho nó mạnh"". Làng Thành Công vốn là làng nhỏ, nằm ở rìa ngoài của làng Láng, nên các sinh hoạt tín ngưỡng phải chung với làng Láng. Cổng làng Thành Công ở đầu ngõ 491 đường La Thành, tuy nhiên trong quá trình giải phóng mặt bằng, thi công mở rộng đường Vành đai 1 đã bị hư hại nghiêm trọng, giờ đã bị phá huỷ. Đình làng Thành Công Đức Đoàn Thưởng Đại Vương và Thụ La Công Chúa, là tổ nghề dệt vải.",,,,,,,,,,,
true,Thành Công (Hà Đông),Không rõ,,,,,,,,,,,,,
false,Thanh Đàm,Địa danh,,,,,,,,,,,,,
false,Thanh Hà,Địa danh,,,,,,,,,,,,,
false,Thanh Lãm,Địa danh,,,,,,,,,,,,,
false,Thanh Lân,Địa danh,,,,,,,,,,,,,
false,Thanh Liệt,Địa danh,,,,,,,,,,,,,
false,Thanh Lương,Địa danh,,,,,,,,,,,,,
false,Thanh Miến,Địa danh,,,,,,,,,,,,,
true,Thanh Nhàn,Địa danh,,"Thanh Nhàn là tên một làng cổ ở Hà Nội. Làng thuộc tổng Hậu Nghiêm, sau đổi là tổng Thanh Nhàn, huyện Thọ Xương. Làng gồm hai thôn Thượng và Hạ, thôn Thượng được đặt tên là Lạc Nghiệp, thôn Hạ có tên An Cư. Phố mới tồn tại, được đặt tên là Thanh Nhàn năm 1986, sau đó mở rộng vào năm 2015.",,,,,,,,,,,
true,Thanh Niên,Tư tưởng xã hội,,"Thanh Niên là tên một phố ngăn giữa hồ Tây và hồ Trúc Bạch. Hiện nay phố nằm trên ranh giới giữa 2 phường Tây Hồ và Ba Đình. Phố được hình thành dựa trên cơ sở là con đập giữa hồ Tây và hồ Trúc Bạch, có thể được đắp từ thời Hậu Lê hoặc thời vua Lê - chúa Trịnh. Tới năm 1958-1959, đông đảo thanh niên, học sinh Thủ đô tới đây lao động, đắp cao và mở rộng đường, nên thành phố cho đặt tên đường là Thanh Niên.",,,,,,,,,,,
true,Thành Thái,Nhân vật lịch sử,Phong kiến,"Thành Thái, tên khai sinh là Nguyễn Phúc Bửu Lân, sinh tại Huế, là vị hoàng đế thứ 10 của triều Nguyễn, trị vì từ năm 1889 đến 1907. Ông lên ngôi khi mới 10 tuổi và được biết đến với tính cách cương nghị, có nhiều biểu hiện chống lại sự kiểm soát của thực dân Pháp. Do đó, ông bị buộc thoái vị và bị lưu đày sang đảo Réunion. Sau khi trở về nước năm 1947, ông sống tại Sài Gòn cho đến khi qua đời năm 1954. Dù không có miếu hiệu, ông được ghi nhận là một trong ba vị vua có tinh thần phản kháng trong thời kỳ Pháp thuộc, cùng với Hàm Nghi và Duy Tân.",Hoàng đế,,Nhà Nguyễn & Pháp thuộc,Hoàng đế Đại Nam; Thụy hiệu Hoài Trạch Công,,,,,,,14/3/1879 - 20/3/1954
false,Thanh Trì,Địa danh,,"Làng Thanh Trì là một làng cổ ven sông Hồng, nay thuộc xã Thanh Trì, huyện Thanh Trì, Hà Nội. Xưa kia, làng có tên là Thanh Đàm, nghĩa là “đầm nước trong xanh”, nhưng đổi thành Thanh Trì vào thời Lê Trung Hưng để tránh kỵ húy vua Lê Duy Đàm. Làng nổi tiếng với nghề làm bánh cuốn truyền thống, được xem là đặc sản của Hà Nội, từng được nhà văn Thạch Lam ca ngợi trong tác phẩm “Hà Nội băm sáu phố phường”. Bánh cuốn Thanh Trì mỏng, mềm, thơm mùi hành phi, thường ăn kèm với giò chả Ước Lễ và rau thơm Láng. Làng có các xóm cổ như Đại Đồng, Đình Sét, Tân Thành, Thanh Lương và Vĩnh Thuận. Đình làng Thanh Trì dựng trên gò Ngũ Nhạc, thờ Đô Hồ phu nhân – một nhân vật huyền thoại gắn với nghề bắt hến trên sông Nhuệ. Thanh Trì là một trong những làng nghề tiêu biểu nhất của vùng ven đô Thăng Long.",,Làm bánh cuốn,,,,,Lễ hội làng vào ngày 1 tháng 3 âm lịch; Thi tráng bánh cuốn giữa các thôn; Tục thờ Đô Hồ phu nhân tại đình Ngũ Nhạc; Tổ chức hội làng với các trò chơi dân gian,,Thanh Đàm,,
false,Thanh Yên,Không rõ,,,,,,,,,,,,,
true,Thể Giao,Địa danh,,"Thể Giao là tên một ngôi làng cổ ở phía Nam Hà Nội. Làng trước đây thuộc tổng Tiền Nghiêm, huyện Thọ Xương, sau thuộc tổng Vĩnh Xương, nay phố Thể Giao thuộc phường Hai Bà Trưng. Đình làng ở số 3 Thể Giao, trong đình còn bia được khắc năm 1885, tuy nhiên hiện tại đình đã bị xuống cấp nghiêm trọng. Làng Thể Giao còn có từ chỉ thờ các vị tiên hiền nho học của làng, hiện ở khoảng phố Quang Trung. Trên địa giới làng có Chợ Đuổi, tên gọi như vậy là do tới 6h chiều, các ông ""khán chợ"" (bảo vệ) đóng cổng chợ Hôm, nên đuổi người bán ra khỏi chợ. Dân chúng bèn kéo nhau về bãi cỏ làng Thể Giao họp chợ tiếp, dần dần hình thành Chợ Đuổi.",,,,,,,,,,,
false,Thê Húc,Khác,,"Cầu Thê Húc được xây dựng năm 1865 bởi Nguyễn Văn Siêu, nối từ bờ hồ Hoàn Kiếm đến đền Ngọc Sơn. Tên “Thê Húc” nghĩa là “nơi đậu ánh sáng Mặt Trời buổi sáng sớm”",,,,,,,,,,,
true,Thép Mới,Nhân vật lịch sử,Văn hoá - nghệ thuật,"Thép Mới, tên thật là Hà Văn Lộc, sinh tại thành phố Nam Định, nguyên quán xã Quảng An, quận Tây Hồ, Hà Nội. Ông hoạt động cách mạng từ năm 1938 và là một trong những cây bút chủ lực của báo chí cách mạng Việt Nam. Sau Cách mạng Tháng Tám, ông viết cho các báo Cờ Giải Phóng, Sự Thật, Cứu Quốc, và là thành viên sáng lập Báo Nhân Dân năm 1951. Ông nổi tiếng với các bài phóng sự và chính luận như Hà Nội cầm súng chiến đấu, Điện Biên Phủ trên không, và Hà Nội – Thủ đô của phẩm giá con người. Văn phong của ông sắc sảo, gần gũi thực tiễn, phản ánh tinh thần chiến đấu và đời sống nhân dân.","Nhà báo, nhà văn",,Cách mạng & kháng chiến,"Phó Tổng Biên tập Báo Nhân Dân, Tổng Biên tập Báo Giải Phóng, Ủy viên Ban Chấp hành Hội Nhà văn Việt Nam khóa II và III",,,,,,,15/2/1925 - 28/8/1991
false,Thị Cẩm,Không rõ,,,,,,,,,,,,,
true,Thi Sách,Nhân vật lịch sử,Cách mạng,"Thi Sách là một thủ lĩnh địa phương ở vùng Giao Chỉ, nay thuộc miền Bắc Việt Nam, vào cuối thế kỷ I. Ông kết hôn với Trưng Trắc, người sau này cùng em gái Trưng Nhị lãnh đạo cuộc khởi nghĩa chống lại ách đô hộ của nhà Hán. Sau khi Thi Sách bị nhà Hán sát hại, Trưng Trắc đã phát động khởi nghĩa vào năm 40, chiếm lĩnh được nhiều thành trì và lập nên chính quyền độc lập trong gần ba năm. Thi Sách được ghi nhận là người có ảnh hưởng lớn đến phong trào kháng chiến của Hai Bà Trưng.",Nhà hoạt động chính trị,,Bắc Thuộc & khởi nghĩa,Thủ lĩnh chống ngoại xâm tại Giao Chỉ dưới thời nhà Hán,,Chồng của Trưng Trắc,,,,, - 43
false,Thiên Hiền,Không rõ,,,,,,,,,,,,,
,Thiên Hùng,,,,,,,,,,,,,,
false,Thiên Phúc,Không rõ,,,,,,,,,,,,,
true,Thiền Quang,Địa danh,,"Thiền Quang là một ngôi làng cổ ở phía Nam Hà Nội. Làng trước đây thuộc tổng Tiền Nghiêm, huyện Thọ Xương, sau thuộc tổng Vĩnh Xương, huyện Thọ Xương, nay phố Thiền Quang thuộc phường Hai Bà Trưng, Hà Nội. Tên làng đôi khi bị đọc nhầm thành Thuyền Quang hay Thiền Cuông. Thiền Quang có nghĩa là đạo sáng, ánh sáng của thiền. Trong ranh giới của làng có hồ Thiền Quang là hồ lớn. Trước đây hồ thông với hồ Bảy Mẫu thành một cụm đầm lầy lớn, sau này đường Trần Nhân Tông được xây dựng (khoảng giữa hai năm 1911 và 1925) thì chia cắt hồ ra làm hai phần như bây giờ. Hồ trước đây có tên là hồ Ha-le, được đặt theo tên của một đốc lý người Hà Nội là Charles Halais, người có một số bất động sản trên phố Nguyễn Du gần hồ.",,,,,,,,,,,
false,Thịnh Hào,Địa danh,,,,,,,,,,,,,
true,Thịnh Liệt,Địa danh,,"Thịnh Liệt là tên một ngôi làng cổ ở phía Nam Hà Nội. Làng trước đây thuộc tổng Thịnh Liệt (còn gọi là tổng Sét), huyện Thanh Trì, nay phố Thịnh Liệt thuộc phường Hoàng Mai. Làng có tên Nôm là Kẻ Sét, có tên khác là Cổ Liệt, nổi tiếng với đặc sản cá rô đầm Sét, từng được Nguyễn Trãi ghi trong ""Dư địa chí"". Làng có địa dư lớn, trải dài từ ngã tư Vọng tới khoảng gần Pháp Vân, nằm ở khu vực ngã ba sông Sét và sông Lừ, từng là nơi vua Lê - chúa Trịnh du ngoạn bằng thuyền rồng. Làng có 9 giáp, từ Giáp Nhất tới Giáp Cửu, sau tách nhập còn 6 giáp chính là Giáp Nhất (tránh nhầm lẫn với Giáp Nhất ở Thanh Xuân), Giáp Nhị, Giáp Tứ, Giáp Lục, Giáp Bát và Giáp Cửu (sau này đổi tên và phát triển thành làng Phương Liệt, hay còn gọi là làng Vọng).",,"Nuôi cá rô đầm, tổ chức hội bơi chải, khoa bảng",,,,,,Kẻ Sét,Cổ Liệt,,
true,Thịnh Quang,Địa danh,,"Thịnh Quang là tên một ngôi làng cổ ở phía Tây Nam Hà Nội. Làng trước đây thuộc tổng Hạ, huyện Vĩnh Thuận, nay thuộc hai phường Đống Đa và phường Ô Chợ Dừa. Theo lưu truyền từ nhiều đời, dân làng Thịnh Quang vốn từ làng Sở (nay thuộc phường Chương Mỹ, Hà Nội) ra Thăng Long kiếm sống, rồi lấy tên cũ đặt cho làng, gọi là làng Sở. Ngã tư Sở (hay còn gọi vui là Ngã tư Khổ) ở gần đó được đặt tên theo làng là một nút giao giữa đường Vành đai 2 và đường hướng tâm, đi từ phía Hà Nội về các tỉnh phía Tây Nam.",,,,,,,,,"Thịnh Quang Sở, Thịnh Hào, Sở, Thịnh Hào",,
true,Thịnh Yên,Địa danh,,"Thịnh Yên là tên một ngôi làng cổ ở phía Nam Hà Nội. Làng mới được thành lập khoảng giữa thế kỷ XIX, thuộc tổng Tả Nghiêm, sau thuộc tổng Kim Liên, huyện Thọ Xương, nay phố Thịnh Yên thuộc phường Hai Bà Trưng. Làng là sự hợp thành của ba thôn Thịnh Xương, Yên Thọ, và Sài Tân, có nguồn cho rằng là hai thôn Thịnh Xương và Yên Bàn. Trong làng Thịnh Yên có đình Thịnh Yên ở 12 ngõ Thịnh Yên, thờ Linh Lang; cụm di tích Chùa Vua, bao gồm chùa Hưng Khánh và Đế Thích điện. Trong địa giới làng cũng có đàn Nam Giao (hiện nay là Vincom Bà Triệu), trước được sử dụng để tế trời từ triều đại nhà Lý đến hết nhà Lê Trung Hưng. Tên làng được đặt cho một cửa ô cạnh làng là ô Thịnh Yên, tên dân gian là ô Cầu Dền. Tên phố được đặt vào tháng 6/1964 để bảo lưu tên làng cũ.",,,,,,,Hội cờ người tổ chức từ 6 tới 9 tháng Giêng.,,,,
false,Thọ Lão,Địa danh,,,,,,,,,,,,,
false,Thợ Nhuộm,Địa danh,,,,,,,,,,,,,
true,Thổ Quan,Địa danh,,"Thổ Quan là tên một làng cổ ở phía Tây Nam Hà Nội. Làng trước thuộc tổng Yên Hoà, huyện Thọ Xương, sau thuộc Tổng Hữu Nghiêm, rồi về tổng Yên Hoà, huyện Thọ Xương; nay ngõ Thổ Quan thuộc phường Văn Miếu - Quốc Tử Giám. Tên Thổ Quan là ghép từ hai làng Quan Thổ và Quan Trạm. Đình Thổ Quan thờ ba anh em họ Đào (là Đào Hiển Hựu, Đào Quý Minh và Đào Phương Dung) đã theo Hai Bà Trưng chống lại Tô Định và Mã Viện.",,,,,,,,,,,
false,Thọ Tháp,Không rõ,,,,,,,,,,,,,
true,Thọ Xương,Địa danh,,"Thọ Xương là tên của một đơn vị hành chính cũ của Thăng Long. Giới hạn của huyện Thọ Xương là trong vành đai 2 của Hà Nội hiện tại (theo bản đồ Hà Nội 1891). Từ thế kỷ XV (thời Hậu Lê), kinh thành được gọi là Đông Kinh, thuộc phủ Phụng Thiên. Dưới phủ Phụng Thiên có hai huyện Quảng Đức và Vĩnh Xương. Huyện Vĩnh Xương đổi thành Thọ Xương vào đời Mạc Phúc Hải (1541-1546), còn huyện Quảng Đức đổi thành huyện Vĩnh Thuận và năm 1805 (đời Gia Long). Huyện Thọ Xương tương ứng với quận Hoàn Kiếm, Hai Bà Trưng và một phần các quận Ba Đình, Đống Đa cũ, còn huyện Vĩnh Thuận tương đương với một phần quận Đống Đa, Ba Đình, Tây Hồ và Cầu Giấy. Huyện lỵ huyện Thọ Xương ở khoảng vị trí 107 phố Tôn Đức Thắng vào đầu nhà Nguyễn, tới năm 1842 thì dời về thôn Tiên Thị, tổng Tiền Túc, tương ứng với phố Ấu Triệu, ngõ Huyện và ngõ Thọ Xương. Năm 1888, chính quyền Pháp lấy đất huyện Thọ Xương mở phố, bãi bỏ huyện lỵ, chỉ còn sót lại tấm bia dựng ở cổng huyện lỵ khắc năm 1881.",,,,,,,,,,,
false,Thống Nhất (Long Biên),Tư tưởng xã hội,,,,,,,,,,,,,
false,Thống Nhất (Tương Mai),Tư tưởng xã hội,,,,,,,,,,,,,
true,Thông Phong,Địa danh,,"Thông Phong là tên một ngõ trên đường Tôn Đức Thắng, Hà Nội. Ngõ trước đây thuộc thôn Huy Văn, tổng Hữu Nghiêm, huyện Thọ Xương. Trước đây có nhiều nhà làm nghề đốt lò thuỷ tinh để thổi thông phong, là chụp thuỷ tinh của đèn dầu hoả.",,Thổi thông phong (bóng đèn thuỷ tinh dầu hoả),,,,,,,,,
true,Thuốc Bắc,Địa danh,,"Thuốc Bắc là một tập hợp các loại thuốc được sử dụng trong Đông y của Trung Quốc. Gọi là thuốc Bắc để phân biệt với thuốc Nam là thuốc theo Y học Cổ truyền Việt Nam. Thành phần chính của thuốc Bắc là các bộ phận của thực vật như rễ, củ, thân, vỏ, lá, hoa, quả, hạt; các bộ phận cơ thể động vật như xương, da, thịt, mỡ, nội tạng; và các loại khoáng chất, tinh thể như hoàng thổ, thạch tín, băng phiến. Các thành phần của thuốc Bắc thường được phơi khô, tẩm sấy, ngâm rượu hoặc nấu thành cao.",,,,,,,,,,,
false,Thượng Cát,Địa danh,,,,,,,,,,,,,
true,Thượng Đình,Địa danh,,"Thượng Đình là tên một ngôi làng cổ ở phía Tây Nam Hà Nội. Làng thuộc tổng Hạ, huyện Thanh Trì, sau chuyển về huyện Từ Liêm, nay phố Thượng Đình thuộc phường Khương Đình. Làng thuộc vùng Kẻ Mọc, từng hợp nhất với làng Hạ Đình thành xã Nhân Mục Cựu. Hai làng chung nhau hai ngôi đình: đình Thượng (gần chùa Tam Huyền) thờ Từ Vinh, đình Hạ thờ Đông Hải đại vương Đoàn Thượng - một thế lực quân sự cuối thời Lý. Làng có bốn xóm: Tó, Bồ, Đình và Chùa. Chùa Tam Huyền (Sùng Phúc tự) được dựng từ thời Lý, trùng tu lớn vào các năm 1614 và 1747, là trung tâm tín ngưỡng của vùng. Văn chỉ của làng từng là văn chỉ hàng tổng. Hội làng tổ chức từ mồng 7 đến mồng 10 tháng Giêng, nổi bật với lệ thi xôi gà giữa các giáp.",,,,,,,,Kẻ Mọc,Nhân Mục Cựu,,
false,Thượng Mạo,Địa danh,,,,Nghề mộc,,,,,,,,,
false,Thượng Thanh,Địa danh,,,,,,,,,,,,,
true,Thượng Thuỵ,Địa danh,,"Thượng Thuỵ là tên một ngôi làng cổ ở phía Tây Bắc Hà Nội. Trước làng thuộc xã Thượng Thuỵ, tổng Phú Gia, huyện Từ Liêm, nay phố Thượng Thuỵ thuộc phường Phú Thượng. Làng có tên Nôm là Kẻ Bạc, do từ thời nhà Đường (Bắc thuộc - thế kỷ VIII), ở bến sông đầu làng có viên Thái thú lập trạm thu thuế bằng bạc với những người buôn thuyền bè qua đây. Ngoài làm ruộng, làng còn trồng dâu nuôi tằm, ươm tơ để bán cho các làng nghề ở Kẻ Bưởi để dệt vải, dệt lĩnh. Trước đây làng còn nghề làm gốm với các sản phẩm chum, vại, sau chuyển sang buôn chuối trên sông. Đình làng thờ thuỷ thần. Tục truyền vào thế kỷ I, có Thái thú Lưu Long nổi tiếng tàn ác, sau khi đàn áp xong Hai Bà Trưng đã lập dinh cơ tại làng. Một đêm ông mơ thấy thuỷ thần, tự xưng là Long Vương báo mộng sẽ bắt cả gia đình xuống sông. Ông hoảng sợ xin tha tội, hứa sẽ lập đền thờ, nhưng đến đêm 14/8 âm lịch, nước sông lên đột ngột, cuốn cả gia đình đi. Dân làng cho là linh thiêng nên lập đền thờ, sau này mở rộng thành đình.",,"Trồng dâu nuôi tằm, ươm tơ; làm gốm; buôn chuối",,,,,,Kẻ Bạc,Làng Bạc,,
,Thượng Yên Quyết,,,"Làng trước đây thuộc tổng Dịch Vọng, huyện Từ Liêm, phủ Quốc Oai, trấn Sơn Tây, nay thuộc hai phường Cầu Giấy và Yên Hoà, Hà Nội. Khu vực hai làng này gọi chung là Kẻ Cót. Kẻ Cót nằm trong nhóm ""tứ danh hương"" của đất Thăng Long: Mỗ, La, Canh, Cót, nổi bật về truyền thống hiếu học và khoa bảng. Tại Cầu Giấy, năm 1873 có cuộc chiến giữa quân Pháp và quân triều đình nhà Nguyễn do Hoàng Tá Viêm chỉ huy, khiến đại uý Francis Garnier tử trận.",,,,,,,,Kẻ Cót,,,
true,Thuỵ Khuê,Địa danh,,"Thuỵ Khuê là tên một làng cổ ở Hà Nội. Làng trước đây thuộc tổng Trung, huyện Vĩnh Thuận, nay phố Thuỵ Khuê thuộc phường Tây Hồ. Làng có tên gốc là Thuỵ Chương, sau do kỵ huý nên đổi là Thuỵ Khuê. Có ý kiến cho rằng trước đây khu vực này là điện Thuỵ Chương thời Lý, sau này Hồ Quý Ly cho dỡ để mang vật liệu xây dựng vào xây kinh đô mới ở Thanh Hoá. Địa dư của làng kéo dài từ khoảng trường chuyên Chu Văn An tới khoảng phố Văn Cao. Dân cư ở làng chủ yếu làm ruộng, đánh cá, buôn bán nhỏ và dệt vải và lụa. Trong làng còn có chùa Châu Lâm, tên Nôm là chùa bà Đanh. Ở đầu làng trước đây có nhà in tên là Schneider, tới năm 1907 thì phá dỡ chùa bà Đanh, nhà in thành trường Trung học Bảo hộ, thường gọi là trường Bưởi, nay là Trường Trung học phổ thông Chuyên Chu Văn An, hay còn được học sinh trường gọi vui là ""Trường Trung học Phổ thông công lập Chất lượng cao Thành phố Hà Nội Chuyên Chuẩn Chọn Trọng Điểm Quốc gia khu vực miền Bắc đạt chuẩn Quốc tế, thành viên Cambridge mã số VN 283 một trăm mười sáu năm truyền thống Anh hùng Lao động trong thời kì đổi mới huân chương Lao động và độc lập hạng nhất Bưởi - Chu Văn An"". Ở ngõ 124 phố Thuỵ Khuê còn có đền Cố Lê, do Gia Long cho xây dựng để thờ những viên quan nhà Lê theo Lê Chiêu Thống sang Trung Quốc sau khi bị Tây Sơn đánh bại năm 1789. Trong làng có ông Nguyễn Đoan đỗ Tiến sĩ năm 1502 và ông Phan Kế Bính đỗ Cử nhân năm 1906.",,"Dệt vải, lụa, làm rượu",,,,,,,Thuỵ Chương,,
true,Thuý Lĩnh,Địa danh,,"Thuý Lĩnh là tên một làng cổ ở phía Đông Nam Hà Nội. Trước làng thuộc xã Thuý Lĩnh, tổng Thanh Trì, sau thuộc xã Vạn Xuân, huyện Thanh Trì, rồi thuộc xã Lĩnh Nam, huyện Thanh Trì cũ. Nay phố Thuý Lĩnh thuộc phường Lĩnh Nam. Làng ban đầu có tên là Thuý Ái, sau đổi tên thành Thuý Lĩnh. Đình làng thờ Linh Lang Đại vương",,,,,,,Lễ hội vật cầu và rước nước (cấp thuỷ) tổ chức vào 6 tháng Giêng mỗi năm,,Thuý Ái,,
true,Thuỵ Phương,Địa danh,,"Thuỵ Phương là tên một làng cổ ở phía Tây Bắc Hà Nội. Làng trước thuộc tổng Phú Gia, huyện Từ Liêm, tỉnh Hà Nội, nay phố Thuỵ Phương thuộc phường Đông Ngạc. Làng có tên Nôm là Chèm, tên tiếng Việt gốc là ""T'lem"", sau phiên âm Hán Việt thành Từ Liêm. Làng có tên chữ là Thuỵ Điềm (là một cách phát âm khác của T'lem), sau đổi thành Thuỵ Hương, rồi đổi thành Thuỵ Phương. Đình làng thờ Lý Ông Trọng, tên thật là Lý Thân, là một nhân vật từ thời An Dương Vương. Theo lưu truyền, ông từng giúp An Dương Vương chiến thắng quân Tần, sau đó làm sứ nhà Tần. Khi ông đi sứ, nhà Tần bị quân Hung nô tấn công, vua Tần dùng Lý Thân đi đánh giặc, nếu bại thì khử được một tướng Âu Lạc, nếu thắng thì mua chuộc về. Lý Thân thắng, được vua Tần phong chức gả con gái và cho ở lại, nhưng ông xin về và đưa công chúa theo. Sau đó ít lâu, quân Hung nô lại tấn công, quân Tần chống cự không nổi nên triệu Lý Thân sang, nhưng ông từ chối. Vua Tần phải làm hình thế nhân Lý Thân, dựng ở cửa thành, cho người làm cử động chân tay. Đình Chèm được dựng năm 715, sau đó qua nhiều lần tủ sửa lớn. Đặc biệt năm 1902, đình được kiệu lên hơn hai mét để tránh nước lụt. Hội Chèm diễn ra từ 15 đến 17 tháng 5 âm lịch, với sự tham gia của làng Chèm, Hoàng Xá và Mạc Xá. Ba làng kết nghĩa với nhau do trước đây cụ Nguyễn Văn Chất (thành hoàng làng Hoàng Xá) từng đi sứ cùng Lý Thân và làm quản mã, còn làng Mạc Xá thờ vọng Lý Thân.",,Làm giò; làm thuyền nan,,,,,Hội làng Chèm tổ chức từ 15 đến 17 tháng 5 cùng hai làng Hoàng Xá và Mạc Xá; Tục kết nghĩa với hai làng Hoàng Xá và Mạc Xá,Kẻ Chèm,,,
false,Tiến Bộ,Tư tưởng xã hội,,,,,,,,,,,,,
false,Tiến Thành,Không rõ,,,,,,,,,,,,,
true,Tiểu Công Nghệ,Khác,,"Tiểu Công Nghệ là tên một phố ở phía Tây Nam Hà Nội, hiện nay thuộc phường Hà Đông. Phố ở vùng trung tâm của thị xã Hà Đông thời Pháp, lúc này là trung tâm để tiếp thị và tiêu thị các sản phẩm của làng nghề thủ công truyền thống. Thị xã có Bảo tàng để trưng bày, tiếp thị và sản xuất hàng thủ công, mỹ nghệ, công nghệ, và đưa hàng đi hội chợ ở Marseille. Phố Tiểu Công Nghệ nằm trong khu vực này.",,,,,,,,,,,
false,Tình Quang,Địa danh,,,,,,,,,,Kẻ Vịa/Vỉa,,,
true,Tô Hiến Thành,Nhân vật lịch sử,Quan chức,"Tô Hiến Thành sinh tại làng Hạ Mỗ, huyện Vĩnh Khang, phủ Quốc Oai (nay thuộc xã Hạ Mỗ, huyện Đan Phượng, Hà Nội). Ông từng đỗ Thái học sinh năm 1138 và giữ nhiều chức vụ cao cấp dưới triều Lý, nổi bật là Thái phó và Thái úy. Ông có công trong việc dẹp loạn Thân Lợi, chống xâm lược từ Chiêm Thành và Khmer, đồng thời củng cố vị thế Đại Việt với nhà Tống. Cuối đời, ông được giao phụ chính cho vua Lý Cao Tông, thể hiện phẩm chất công minh và trung trực. Tên ông được đặt cho nhiều trường học và đường phố để ghi nhớ công lao trong việc bảo vệ và xây dựng triều chính thời Lý.","Nhà chính trị, nhà quân sự",,Nhà Lý,Thái phó; Thái úy; Bình chương quân quốc trọng sự,,,,,,,11/2/1102 - 17/7/1179
true,Tô Hiệu,Nhân vật lịch sử,Cách mạng,"Tô Hiệu sinh năm 1912 tại thôn Xuân Cầu, xã Nghĩa Trụ, huyện Văn Giang, tỉnh Hưng Yên. Ông xuất thân trong một gia đình nhà nho có truyền thống yêu nước. Từ thời niên thiếu, ông đã tham gia các phong trào học sinh yêu nước và sau đó hoạt động trong Việt Nam Thanh niên Cách mạng Đồng chí hội. Sau thời gian bị tù đày tại Côn Đảo, ông được kết nạp vào Đảng Cộng sản Đông Dương. Từ năm 1937, ông giữ vai trò quan trọng trong việc khôi phục Xứ ủy Bắc Kỳ và phát triển phong trào cách mạng tại Hải Phòng, Hưng Yên, Hải Dương. Năm 1939, ông được phân công làm Bí thư khu B và Bí thư Thành ủy Hải Phòng. Ông bị bắt và mất tại nhà tù Sơn La năm 1944 do bệnh lao.",Nhà hoạt động cách mạng,,Nhà Nguyễn & Pháp thuộc,Bí thư Thành ủy Hải Phòng; Ủy viên Ban Thường vụ Xứ ủy Bắc Kỳ,,,,,,,1912 - 7/3/1944
true,Tô Hoàng,Địa danh,,"Tô Hoàng là một địa danh của làng Bạch Mai. Tô Hoàng trước thuộc tổng Tả Nghiêm, huyện Thọ Xương, sau thuộc tổng Kim Liên, huyện Thọ Xương; nay đường đê Tô Hoàng thuộc phường Bạch Mai. Làng Bạch Mai xưa gồm 6 giáp, bao gồm Tô, Hoàng, Nội, Mật, Nhất và Nhị. Tô Hoàng là địa danh ghép của 2 giáp Tô và giáp Hoàng. Tô Hoàng thờ chung một đình, là đình Tô Hoàng, hiện trong ngõ Tô Hoàng. Đình Tô Hoàng thờ Linh Lang (là một nhân vật truyền thuyết từ thời Lý).",,,,,,,,Kẻ Mơ,,,
true,Tố Hữu,Nhân vật lịch sử,Văn hoá - nghệ thuật,"Tố Hữu, tên thật là Nguyễn Kim Thành, sinh tại xã Quảng Thọ, huyện Quảng Điền, tỉnh Thừa Thiên Huế. Ông là một trong những nhà thơ tiêu biểu của dòng thơ cách mạng Việt Nam, với các tập thơ nổi bật như Từ ấy, Việt Bắc, Gió lộng. Bên cạnh sự nghiệp văn học, ông giữ nhiều chức vụ quan trọng trong bộ máy chính trị Việt Nam từ sau năm 1945 đến thập niên 1980. Thơ ông thường gắn liền với các sự kiện lịch sử và thể hiện quan điểm chính trị rõ nét. Tuy nhiên, ông có nhiều quyết định chính trị gây tranh cãi. Ông được trao Giải thưởng Hồ Chí Minh về văn học nghệ thuật.","Nhà thơ, chính khách",,Cách mạng & kháng chiến,"Ủy viên Bộ Chính trị khóa IV, V; Bí thư Trung ương Đảng khóa II, III, IV; Phó Chủ tịch Hội đồng Bộ trưởng; Phó Thủ tướng Chính phủ; Trưởng ban Tuyên giáo Trung ương; Chủ nhiệm Văn phòng Văn giáo Chính phủ; Đại biểu Quốc hội khóa II, VII",,,,,,,4/10/1920 - 9/12/2002
,Tô Lịch,Địa danh,,"Sông Tô Lịch là một con sông quan trọng trong thành phố Hà Nội. Sông Tô Lịch gốc rẽ nhánh khỏi sông Hồng tại ngã ba Chợ Gạo - Trần Nhật Duật, sau đó chảy qua Nguyễn Siêu, ngõ Gạch, chảy chéo lên phố Hàng Lược, Hàng Cót, nhập vào hệ thống hào nước bao quanh Hoàng thành Thăng Long, rồi rẽ chảy qua phía Tây, đi qua Phan Đình Phùng, đi dưới trường THCS Chu Văn An, ngõ 2 dốc La Pho, một phần ngõ 10 đường Hoàng Hoa Thám, ngõ 79 đường Thuỵ Khuê, ngõ 11 dốc Tam Đa, ngõ 6 dốc Tam Đa, phố Đồng Cổ, chảy dưới chợ Bưởi, đi tiếp qua ngõ 24 Võ Chí Công, ngõ 2 đường Hoàng Quốc Việt rồi chảy lộ thiên. Sông Tô Lịch được đặt tên theo một vị thần truyền thuyết. Tương truyền, Tô Lịch là một người đứng đầu làng Long Đỗ. Khi xảy ra đói kém, ông đã lấy của trong nhà ra giúp cho nhân dân xung quanh, vì vậy được mọi người rất tin và phục. Khi mất, ông được tôn làm thành hoàng làng, dòng sông chảy qua làng Long Đỗ được đặt theo tên ông là sông Tô Lịch. Sau này trong thời Bắc thuộc, khi Cao Biền làm Tiết độ sứ ở Tĩnh Hải quân, ông cho đắp thành Đại La, lấy núi Long Đỗ làm trung tâm. Một hôm ông đi dạo chơi thì thấy lòng sông có mây mù tối tăm nên lấy bùa ra yểm, nhưng sau thần Long Đỗ cho mưa gió đánh xuống dữ dội, khiến bùa của Cao Biền đều thành cát bụi. Cao Biền sợ hãi, cho lập đền thờ tại vị trí đó để phụng thờ Long Đỗ thần quân. Khi Lý Thái Tổ đắp lại thành, vì cứ đắp tới đâu lại đổ tại đó, nên sai người xin cầu thần Long Đỗ. Người cầu đảo thấy có con ngựa trắng từ trong đền đi ra, chạy quanh thành một vòng, tới đâu hiện rõ vết chân, rồi biến mất vào đền. Vua cho đắp thành theo dấu chân ngựa thì không lở nữa. Vua bèn phong thần Long Đỗ làm thành hoàng của Thăng Long, và đổi tên đền thành đền Bạch Mã, nay ở 76 phố Hàng Buồm.",,,,,,,,,,,
true,Tô Ngọc Vân,Nhân vật lịch sử,Văn hoá - nghệ thuật,"Tô Ngọc Vân sinh tại phố Hàng Quạt, Hà Nội; quê gốc là làng Xuân Cầu, huyện Văn Giang, tỉnh Hưng Yên. Ông là một trong những họa sĩ tiêu biểu của nền mỹ thuật hiện đại Việt Nam, thuộc nhóm “tứ kiệt” cùng với Nguyễn Gia Trí, Nguyễn Tường Lân và Trần Văn Cẩn. Ông tốt nghiệp Trường Cao đẳng Mỹ thuật Đông Dương năm 1931 và sau đó giảng dạy tại đây. Các tác phẩm nổi bật gồm Thiếu nữ bên hoa huệ, Hai thiếu nữ và em bé, Bộ đội nghỉ chân bên đồi. Ông mất trong chiến dịch Điện Biên Phủ khi đang công tác tại chiến trường. Năm 1996, ông được truy tặng Giải thưởng Hồ Chí Minh về văn học nghệ thuật.","Họa sĩ, nhà giáo, nhà phê bình mỹ thuật",,Nhà Nguyễn & Pháp thuộc,"Giáo sư Trường Cao đẳng Mỹ thuật Đông Dương, thành viên Hiệp hội nghệ sĩ Pháp, Giám đốc Trường Mỹ thuật kháng chiến",,,,,,,15/12/1906 - 17/6/1954
false,Tố Tịch,Địa danh,,,,,,,,,,,,,
true,Tô Tiền,Địa danh,,"Tô Tiền là tên một làng cổ ở phía Tây Nam Hà Nội. Làng vốn là một thôn thuộc Khâm Thiên Giám, thuộc tổng Tiền Nghiêm, sau thuộc tổng Vĩnh Xương/ Vĩnh Yên, huyện Thọ Xương, nay ngõ Tô Tiền thuộc phường Văn Miếu - Quốc Tử Giám. Tới giữa thế kỷ XIX, thôn Tô Tiền cùng thôn Khâm Đức, Tương Thuận và Trung Kính hợp lại thành thôn Mỹ Đức.",,,,,,,,,,,
true,Tô Vĩnh Diện,Nhân vật lịch sử,Cách mạng,"Tô Vĩnh Diện sinh năm 1924 tại thôn Dược Khê, xã Nông Trường, huyện Nông Cống, tỉnh Thanh Hóa. Ông xuất thân trong một gia đình nghèo, từng làm tá điền trước khi tham gia dân quân địa phương. Năm 1949, ông nhập ngũ và được phân công vào lực lượng pháo cao xạ. Trong quá trình hành quân lên chiến dịch Điện Biên Phủ, ông hy sinh khi dùng thân mình chèn bánh pháo để ngăn khẩu pháo lao xuống vực tại dốc Chuối, ngày 1/2/1954. Hành động của ông giúp bảo toàn vũ khí cho đơn vị. Năm 1956, ông được truy tặng danh hiệu Anh hùng Lực lượng vũ trang nhân dân và Huân chương Quân công hạng Nhì.",Bộ đội pháo binh,,Cách mạng & kháng chiến,"Anh hùng Lực lượng vũ trang nhân dân; Tiểu đội trưởng pháo cao xạ 37mm thuộc Đại đội 827, Tiểu đoàn 394, Trung đoàn 367",,,,,,,1924 - 1/2/1954
true,Tôn Đức Thắng,Nhân vật lịch sử,Lãnh đạo,"Tôn Đức Thắng sinh tại Cù lao Ông Hổ, làng Mỹ Hòa Hưng, tỉnh An Giang. Ông xuất thân từ một gia đình nông dân khá giả, từng học nghề thợ máy tại Sài Gòn. Ông tham gia hoạt động yêu nước từ đầu thế kỷ XX, nổi bật với việc ủng hộ Cách mạng Tháng Mười Nga khi đang làm việc tại Pháp. Sau khi về nước, ông giữ nhiều chức vụ quan trọng trong chính quyền cách mạng, kế nhiệm Hồ Chí Minh làm Chủ tịch nước năm 1969. Ông là Chủ tịch nước đầu tiên của chính thể Cộng hòa Xã hội Chủ nghĩa Việt Nam sau năm 1976. Tên ông được đặt cho nhiều địa danh, trường học và công trình tưởng niệm trên cả nước.",Nhà cách mạng; Quan chức chính trị,,Cách mạng & kháng chiến,Chủ tịch nước Việt Nam Dân chủ Cộng hòa; Chủ tịch nước Cộng hòa Xã hội Chủ nghĩa Việt Nam; Phó Chủ tịch nước; Trưởng Ban Thường trực Quốc hội; Chủ tịch Mặt trận Tổ quốc Việt Nam; Bộ trưởng Bộ Nội vụ; Thanh tra đặc biệt toàn quốc; Ủy viên Trung ương Đảng; Đại biểu Quốc hội các khóa I–VI,,,,,,,20/8/1888 - 30/3/1980
true,Tôn Quang Phiệt,Nhân vật lịch sử,Cách mạng,"Tôn Quang Phiệt sinh tại xã Võ Liệt, huyện Thanh Chương, tỉnh Nghệ An. Ông xuất thân từ một gia đình Nho học và sớm tham gia các phong trào yêu nước như Việt Nam Nghĩa Đoàn, Hội Phục Việt, sau này là Đảng Tân Việt. Trong thời kỳ chống Pháp, ông bị bắt và đày đi Buôn Ma Thuột. Sau Cách mạng Tháng Tám, ông giữ nhiều chức vụ trong chính quyền cách mạng, nổi bật là Chủ tịch Ủy ban nhân dân Cách mạng tỉnh Thừa Thiên và Tổng Thư ký Ủy ban Thường vụ Quốc hội. Ông có đóng góp trong hoạt động lập pháp và giáo dục, đồng thời là một cây bút thơ văn có ảnh hưởng trong giới trí thức đương thời.","Chính trị gia, sử gia, nhà thơ, nhà giáo",,Cách mạng & kháng chiến,"Chủ tịch Ủy ban nhân dân Cách mạng tỉnh Thừa Thiên, Tổng Thư ký Ủy ban Thường vụ Quốc hội, Phó Trưởng ban Thường trực Quốc hội, Đại biểu Quốc hội khóa I–IV",,,,,,,20/2/1900 - 1/12/1973
true,Tôn Thất Đàm,Nhân vật lịch sử,Cách mạng,"Tôn Thất Đàm là con trai trưởng của Phụ chính Đại thần Tôn Thất Thuyết, từng giữ chức Khâm sai Chưởng lý quân vụ đại thần dưới triều vua Hàm Nghi. Sau biến cố kinh thành Huế năm 1885, ông cùng vua Hàm Nghi và gia quyến rút lên vùng Tuyên Hóa, Quảng Bình, tham gia phong trào Cần Vương chống Pháp. Trong thời gian bảo vệ vua, ông điều hành triều đình kháng chiến và chỉ huy lực lượng nghĩa quân. Sau khi vua Hàm Nghi bị bắt năm 1888, ông tự sát tại Hà Tĩnh.",Võ quan,,Nhà Nguyễn & Pháp thuộc,Khâm sai Chưởng lý quân vụ đại thần triều Hàm Nghi,,"Con trai cả của Tôn Thất Thuyết, anh trai của Tôn Thất Thiệp",,,,,1864 - 15/11/1888
true,Tôn Thất Thiệp,Nhân vật lịch sử,Cách mạng,"Tôn Thất Thiệp là con trai của Phụ chính Đại thần Tôn Thất Thuyết, từng tham gia bảo vệ vua Hàm Nghi trong phong trào Cần Vương chống Pháp. Sau cuộc biến kinh thành Huế năm 1885, ông cùng vua Hàm Nghi rút về Tuyên Hóa, Quảng Bình. Trong thời gian ẩn náu, ông được giao nhiệm vụ bảo vệ vua và bị giết trong một trận phục kích năm 1888 khi mới 18 tuổi.",Võ quan,,Nhà Nguyễn & Pháp thuộc,Khâm sai quân vụ triều Nguyễn,,Con trai thứ của Tôn Thất Thuyết; em trai của Tôn Thất Đàm,,,,,1870 - 1/11/1888
true,Tôn Thất Thuyết,Nhân vật lịch sử,Cách mạng,"Tôn Thất Thuyết sinh tại làng Phú Mộng, bên bờ sông Bạch Yến cạnh Kinh thành Thuận Hóa, nay thuộc phường Kim Long, thành phố Huế. Ông xuất thân từ dòng dõi quý tộc, là con của Đề đốc Tôn Thất Đính. Trong sự nghiệp quan trường, ông từng giữ nhiều chức vụ quan trọng như Án sát Hải Dương, Biện lý Bộ Hộ, Tán lý quân thứ Thái Nguyên. Ông nổi bật với vai trò lãnh đạo quân sự trong các chiến dịch chống quân xâm lược và là người chủ trì việc phế lập các vua Dục Đức, Hiệp Hòa, Kiến Phúc. Năm 1885, sau thất bại trong cuộc binh biến chống Pháp, ông phò vua Hàm Nghi ra Quảng Trị và nhân danh vua ban chiếu Cần Vương. Sau đó, ông sang Trung Quốc và mất tại Long Châu năm 1913.","Chính khách, quan lại triều Nguyễn",,Nhà Nguyễn & Pháp thuộc,"Phụ chính đại thần, Nhiếp chính dưới các triều Dục Đức, Hiệp Hòa, Kiến Phúc và Hàm Nghi",,Cha của Tôn Thất Đàm và Tôn Thất Thiệp,,,,,12/5/1839 - 22/9/1913
true,Tôn Thất Tùng,Nhân vật lịch sử,Y học,"Tôn Thất Tùng sinh tại Thanh Hóa, lớn lên ở Huế, xuất thân từ một gia đình hoàng tộc triều Nguyễn. Ông là bác sĩ phẫu thuật nổi tiếng với công trình nghiên cứu về gan, đặc biệt là “phương pháp mổ gan khô” được áp dụng rộng rãi trong điều kiện chiến tranh. Ông là người Việt đầu tiên thi đỗ nội trú tại Bệnh viện Phủ Doãn thời Pháp thuộc, mở đường cho thế hệ bác sĩ bản xứ. Trong kháng chiến, ông tổ chức đào tạo bác sĩ quân y và dân y, góp phần xây dựng nền y học Việt Nam hiện đại. Tên ông được đặt cho một số đường phố tại Hà Nội để ghi nhận công lao trong lĩnh vực y học và giáo dục.","Bác sĩ, giáo sư y học, nhà phẫu thuật",,Cách mạng & kháng chiến,Thứ trưởng Bộ Y tế; Giám đốc Bệnh viện Phủ Doãn (nay là Bệnh viện Việt Đức); Chủ nhiệm Bộ môn Ngoại khoa Trường Đại học Y Hà Nội; Viện sĩ Viện Hàn lâm Y học Liên Xô; Viện sĩ Viện Hàn lâm Phẫu thuật Paris,,,,,,,10/5/1912 - 7/5/1982
true,Tông Đản,Nhân vật lịch sử,Quân sự,"Tông Đản, còn gọi là Nùng Tông Đản, là tướng lĩnh người dân tộc Nùng, sinh năm 1046. Ông từng là thuộc tướng của Lý Thường Kiệt trong cuộc kháng chiến chống Tống (1075–1077). Trong chiến dịch tấn công vào các thành Ung Châu, Khâm Châu và Liêm Châu, ông được giao chỉ huy lực lượng bộ binh, phối hợp cùng đại quân triều Lý. Sau chiến thắng, ông được phong Lang Trung tướng quân và triệu về kinh thành Thăng Long giữ chức Đô quân thống lĩnh Ngự tiền sử. Một số tài liệu ghi nhận tên ông trong các biến động chính trị sau đó, nhưng thông tin không rõ ràng.",Tướng lĩnh quân đội,,Nhà Lý,Phó tướng chỉ huy bộ binh trong chiến dịch đánh Tống; Lang Trung tướng quân; Đô quân thống lĩnh Ngự tiền sử,,,,,,,1046 - 
true,Tống Duy Tân,Nhân vật lịch sử,Cách mạng,"Tống Duy Tân sinh tại làng Bồng Trung, xã Vĩnh Tân (nay là xã Minh Tân), huyện Vĩnh Lộc, tỉnh Thanh Hóa. Ông đỗ cử nhân năm 1870 và tiến sĩ năm 1875, từng giữ các chức vụ như Tri huyện, Đốc học và Thương biện tỉnh vụ tại Thanh Hóa. Sau khi hưởng ứng dụ Cần Vương năm 1885, ông được vua Hàm Nghi phong làm Chánh sứ sơn phòng Thanh Hóa, tham gia xây dựng các căn cứ kháng chiến như Ba Đình, Phi Lai và Hùng Lĩnh. Năm 1889, ông trở về quê để tiếp tục lãnh đạo phong trào chống Pháp. Ông bị bắt và mất năm 1892.","Nhà chính trị, nhà giáo, thủ lĩnh khởi nghĩa",,Nhà Nguyễn & Pháp thuộc,Tri huyện; Đốc học Thanh Hóa; Thương biện tỉnh vụ; Chánh sứ sơn phòng Thanh Hóa,,,,,,,1837 - 23/11/1892
true,Tống Tất Thắng,Nhân vật lịch sử,Quân sự,"Tống Tất Thắng sinh tại làng Nam Hoa Thượng, huyện Thanh Chương (nay thuộc xã Nam Trung, huyện Nam Đàn, tỉnh Nghệ An). Ông đỗ Tiến sĩ năm 1505 dưới triều vua Lê Uy Mục và được phong làm Thống Chinh nguyên súy bình Man. Trong sự nghiệp, ông từng giữ các chức vụ quan trọng như Lại bộ Thượng thư và Đông Các Đại học sĩ. Ông nổi bật với tài năng văn võ song toàn, nhiều lần được triều đình giao nhiệm vụ trấn giữ biên cương chống giặc Ai Lao, Chiêm Thành và Bồn Man. Sau khi mất, ông được an táng tại quê nhà và được nhân dân tôn làm Thành hoàng.","Chính trị gia, võ quan, nhà giáo",,Nhà Hậu Lê,"Thống Chinh nguyên súy bình Man, Lại bộ Thượng thư, Đông Các Đại học sĩ, tước Nghĩa Quận công",,,,,,,1487 - 
true,Trại Cá,Địa danh,,"Trại cá là tên một ngõ ở phía Nam Hà Nội. Ngõ trước thuộc thôn Hoàng Mai, tổng Hoàng Mai, huyện Thanh Trì, phủ Thường Tín, trấn Sơn Nam Thượng, nay ngõ thuộc phường Tương Mai. Trước đây trong ngõ có một trại cá chuyên gây cá giống để cung cấp cho các nơi khác. Trại cá này có từ sau năm 1954.",,,,,,,,,,,
false,Trại Gà,Không rõ,,,,,,,,,,,,,
true,Trại Găng,Địa danh,,"Trại Găng là tên một ngõ ở phía Nam Hà Nội. Ngõ trước thuộc tổng Tả Nghiêm, huyện Thọ Xương, sau thành tổng Kim Liên, huyện Thọ Xương, nay thuộc phường Bạch Mai. Trước năm 1945, giáp khu vực này có một trại nuôi thỏ của một người Pháp, xung quanh dựng hàng rào bằng cây găng, sau này một dược sĩ mua lại làm nơi nuôi ngựa đua, nên gọi là Trại Găng.",,,,,,,,,,,
false,Trại Tóc,Không rõ,,,,,,,,,,,,,
true,Trạm (Hoàn Kiếm),Địa danh,,"Trạm là tên một con ngõ ở phía Đông thành Hà Nội, thuộc khu vực 36 phố phường. Trước ngõ thuộc thôn Yên Trung Hạ, tổng Tiền Nghiêm, sau thuộc tổng Vĩnh Xương, huyện Thọ Xương, nay Ngõ Trạm thuộc phường Hoàn Kiếm. Trước đây tại khu vực này có trạm dịch để vận chuyển thông tin. Vào đầu triều Nguyễn, tên trạm được xác định bằng cách ghép tên tỉnh với tên thôn nơi đặt trạm, nên trạm này có tên là Hà Trung.",,,,,,,,,,,
false,Trạm (Long Biên),Địa danh,,,,,,,,,,,,,
true,Trần Bình,Nhân vật lịch sử,Cách mạng,"Trần Bình, tên thật là Trần Văn Tích, sinh tại thôn Thọ Lộc, xã Minh Khai, huyện Vụ Bản, tỉnh Nam Định. Ông tham gia lực lượng công an quận 6 tại Hà Nội từ năm 1946, hoạt động trong đội “Hành động” chuyên thực hiện các nhiệm vụ đặc biệt. Năm 1947, ông cùng đồng đội thực hiện vụ ám sát Chủ tịch Hội đồng An dân Bắc Việt Trương Đình Tri. Sau đó, ông bị bắt trong một nhiệm vụ khác và bị kết án tử hình bởi tòa án binh Pháp. Ông hy sinh ngày 19/5/1949. Năm 1995, ông được truy tặng danh hiệu Anh hùng Lực lượng Vũ trang Nhân dân.",Chiến sĩ công an,,Cách mạng & kháng chiến,Anh hùng Lực lượng vũ trang nhân dân,,,,,,,5/9/1928 - 19/5/1949
true,Trần Bình Trọng,Nhân vật lịch sử,Quân sự,"Trần Bình Trọng sinh tại xã Bảo Thái, nay thuộc xã Liêm Cần, huyện Thanh Liêm, tỉnh Hà Nam. Ông là tướng nhà Trần, nổi bật trong cuộc kháng chiến chống Nguyên Mông lần thứ hai năm 1285. Trong trận chiến tại bãi Đà Mạc, ông đã hy sinh khi chặn quân Nguyên, thể hiện tinh thần kiên trung. Sau khi mất, ông được triều đình truy phong Bảo Nghĩa vương. Công lao của ông gắn liền với việc bảo vệ triều đình Trần và trở thành một biểu tượng về khí tiết và lòng trung nghĩa trong lịch sử Việt Nam.",Danh tướng quân sự,,Nhà Trần,"Bảo Nghĩa hầu, truy phong Bảo Nghĩa vương","Ủy viên Trung ương Đảng/ Thứ trưởng Bộ Quốc phòng; Anh hùng dân tộc được phong tặng Huân chương cao quý, danh hiệu cấp quốc gia",,,,,,1259 - 26/2/1285
true,Trần Cao Vân,Nhân vật lịch sử,Cách mạng,"Trần Cao Vân, tên thật là Trần Công Thọ, sinh tại làng Tư Phú, tổng Đa Hòa, phủ Điện Bàn, tỉnh Quảng Nam (nay thuộc xã Điện Quang, thị xã Điện Bàn). Ông từng tu hành tại chùa Cổ Lâm, nhưng sớm từ bỏ con đường khoa cử và Phật giáo để dấn thân vào phong trào yêu nước. Ông tham gia nhiều cuộc khởi nghĩa chống Pháp, trong đó nổi bật là cuộc khởi nghĩa năm 1916 do Việt Nam Quang Phục Hội chủ xướng, phối hợp cùng vua Duy Tân và Thái Phiên. Cuộc khởi nghĩa thất bại, ông bị bắt và xử chém tại pháp trường An Hòa (Huế) ngày 17 tháng 5 năm 1916. Trước khi hy sinh, ông để lại bài thơ khí phách thể hiện lòng trung nghĩa với vua và nước.","Nhà yêu nước, nhà hoạt động cách mạng",,Nhà Nguyễn & Pháp thuộc,Cố vấn Chính phủ lâm thời khởi nghĩa Duy Tân; Thành viên Việt Nam Quang Phục Hội,,,,,,,1866 - 1916
true,Trần Cung,Nhân vật lịch sử,Cách mạng,"Trần Cung, tên thật là Nguyễn Ngọc Cư, sinh tại làng Hội Khê, xã Vũ Hội, huyện Vũ Thư, tỉnh Thái Bình. Ông tham gia hoạt động cách mạng từ năm 1923 và là một trong những người đầu tiên tổ chức chi bộ Đảng tại Chí Linh năm 1930. Trong suốt thời kỳ trước Cách mạng Tháng Tám, ông nhiều lần bị bắt và giam giữ tại Hỏa Lò và Côn Đảo. Sau năm 1945, ông giữ nhiều chức vụ quan trọng trong chính quyền cách mạng, trong đó có vai trò Bí thư Thành ủy Hà Nội đầu tiên. Ông cũng từng là thẩm phán Tòa án nhân dân tối cao và được Nhà nước trao tặng Huân chương Hồ Chí Minh.","Nhà cách mạng, quan chức chính quyền",,Cách mạng & kháng chiến,Bí thư Thành ủy Hà Nội; Xứ ủy viên Xứ ủy Bắc Kỳ; Phó Chủ tịch Ủy ban Hành chính khu Tả Ngạn; Thẩm phán Tòa án nhân dân tối cao; Ủy viên Ủy ban thẩm phán Tòa án nhân dân tối cao,,,,,,,1898 - 9/10/1995
true,Trần Đại Nghĩa,Nhân vật lịch sử,Quân sự,"Trần Đại Nghĩa, tên thật là Phạm Quang Lễ, sinh tại xã Chánh Hiệp, huyện Tam Bình, tỉnh Vĩnh Long. Ông du học tại Pháp và tốt nghiệp nhiều trường kỹ thuật danh tiếng. Sau khi về nước năm 1946, ông được Chủ tịch Hồ Chí Minh giao phụ trách chế tạo vũ khí cho quân đội kháng chiến, đặt nền móng cho ngành công nghiệp quốc phòng Việt Nam. Ông từng giữ nhiều chức vụ quan trọng trong lĩnh vực khoa học và giáo dục, là hiệu trưởng đầu tiên của Trường Đại học Bách khoa Hà Nội. Với những đóng góp lớn, ông được phong Thiếu tướng và được tặng Giải thưởng Hồ Chí Minh về khoa học – công nghệ. Tên ông được đặt cho một con đường đi qua Đại học Bách Khoa để tri ân công lao của ông.",Kỹ sư quân sự; Nhà khoa học; Tướng lĩnh quân đội; Nhà quản lý khoa học,,Cách mạng & kháng chiến,Thiếu tướng Quân đội Nhân dân Việt Nam; Cục trưởng Cục Quân giới; Chủ nhiệm Ủy ban Khoa học và Kỹ thuật Nhà nước; Viện trưởng Viện Khoa học Việt Nam; Hiệu trưởng Trường Đại học Bách khoa Hà Nội; Viện sĩ Viện Hàn lâm Khoa học Liên Xô; Anh hùng Lao động,,,,,,,13/9/1913 - 9/8/1997
true,Trần Đăng Khoa,Nhân vật lịch sử,Quan chức,"Trần Đăng Khoa sinh tại làng Thế Lại Thượng, huyện Hương Trà, tỉnh Thừa Thiên Huế. Ông tốt nghiệp Trường Cao đẳng Công chính Hà Nội và tiếp tục học hàm thụ tại Trường Kỹ sư Eyrolles Paris. Trong sự nghiệp, ông tham gia thiết kế nhiều công trình thủy lợi lớn như đập Bái Thượng (Thanh Hóa), đập Đô Lương (Nghệ An), và hệ thống cấp nước tại các đô thị miền Trung. Ông là Bộ trưởng đầu tiên của ngành Thủy lợi Việt Nam và có đóng góp lớn trong việc xây dựng nền móng kỹ thuật thủy lợi hiện đại.",Kỹ sư công chính,,Cách mạng & kháng chiến,"Bộ trưởng Bộ Giao thông Công chính, Bộ trưởng Bộ Thủy lợi và Kiến trúc, Bộ trưởng Bộ Thủy lợi, Phó Chủ tịch Quốc hội, Chủ nhiệm Ủy ban Kinh tế – Kế hoạch và Ngân sách Quốc hội, Giám đốc Học viện Thủy lợi, Giám đốc Viện Nghiên cứu Khoa học Thủy lợi, Phó Tổng Thư ký Đảng Dân chủ Việt Nam, Đại biểu Quốc hội khóa I–VII",,,,,,,4/5/1906 - 1989
true,Trần Đăng Ninh,Nhân vật lịch sử,Quan chức,"Trần Đăng Ninh, tên thật là Nguyễn Tuấn Đáng, sinh tại xã Quảng Phú Cầu, huyện Ứng Hòa, Hà Nội. Ông tham gia hoạt động cách mạng từ năm 1935, từng bị thực dân Pháp bắt giam nhiều lần và vượt ngục thành công. Sau Cách mạng Tháng Tám, ông giữ các chức vụ quan trọng trong Đảng và quân đội, đặc biệt là Trưởng Ban Kiểm tra Trung ương đầu tiên và Tổng cục trưởng Tổng cục Cung cấp, tiền thân của Tổng cục Hậu cần. Ông có đóng góp lớn trong việc xây dựng lực lượng hậu cần phục vụ kháng chiến chống Pháp.","Chính trị gia, quân nhân",,Cách mạng & kháng chiến,"Ủy viên Trung ương Đảng, Bí thư Xứ ủy Bắc Kỳ, Trưởng Ban Kiểm tra Trung ương, Tổng cục trưởng Tổng cục Cung cấp",,,,,,,1910 - 6/10/1955
true,Trần Danh Tuyên,Nhân vật lịch sử,Quan chức,"Trần Danh Tuyên, tên thật là Nguyễn Văn Luận, sinh tại xã Ninh Sơn, huyện Việt Yên, tỉnh Bắc Giang. Ông tham gia cách mạng từ năm 1935, từng hoạt động tại Nhà máy kẽm Quảng Yên và bị bắt giam vì hoạt động bí mật. Sau Cách mạng Tháng Tám, ông giữ nhiều chức vụ quan trọng trong chính quyền và Quốc hội, nổi bật là Bí thư Thành ủy Hà Nội và Bộ trưởng Bộ Vật tư. Ông cũng có đóng góp trong lĩnh vực công đoàn và đối ngoại, từng giữ vai trò Tổng Thư ký Tổng Công đoàn Việt Nam và Chủ tịch Ủy ban Đoàn kết Nhân dân Á–Phi.","Chính trị gia, nhà hoạt động cách mạng",,Cách mạng & kháng chiến,"Bí thư Thành ủy Hà Nội, Bộ trưởng Bộ Vật tư, Phó Trưởng Ban Đối ngoại Trung ương, Ủy viên Dự khuyết Ban Chấp hành Trung ương Đảng khóa III, Chủ nhiệm Ủy ban Kế hoạch và Ngân sách Quốc hội, Tổng Thư ký Tổng Công đoàn Việt Nam, đại biểu Quốc hội khóa I–VI",,,,,,,20/8/1911 - 1997
true,Trần Điền,Nhân vật lịch sử,Tổ nghề,"Trần Điền sống vào thế kỷ VI, quê ở làng Định Công, nay thuộc quận Hoàng Mai, Hà Nội. Ông là một trong ba anh em gồm Trần Điền, Trần Điện và Trần Hòa, được xem là những người khai sáng nghề kim hoàn tại Việt Nam. Sau thời gian học nghề chế tác vàng bạc ở phương Bắc, ông trở về quê mở xưởng sản xuất đồ trang sức, truyền nghề cho dân làng. Nghề kim hoàn từ đó trở thành truyền thống của làng Định Công và lan rộng đến phố Hàng Bạc trong kinh thành Thăng Long. Ông được dân làng tôn làm tổ nghề và thờ tại đền ở đầu phố Hàng Bồ.",Nghệ nhân kim hoàn,,Bắc Thuộc & khởi nghĩa,Tổ sư nghề kim hoàn,,,,,,, - 
true,Trần Duy Hưng,Nhân vật lịch sử,Quan chức,"Trần Duy Hưng sinh tại thôn Hòe Thị, xã Xuân Phương, huyện Từ Liêm, Hà Nội. Ông tốt nghiệp Đại học Y Đông Dương năm 1939 và từng mở bệnh viện tư nhân tại phố Hàng Bông, nơi vừa chữa bệnh miễn phí cho người nghèo vừa là cơ sở cách mạng. Sau Cách mạng Tháng Tám, ông trở thành Thị trưởng Hà Nội và sau đó là Chủ tịch Ủy ban Hành chính thành phố trong gần 25 năm. Ông cũng từng giữ các chức vụ Thứ trưởng Bộ Nội vụ, Thứ trưởng Bộ Y tế và là đại biểu Quốc hội liên tục từ khóa I đến khóa VII.","Bác sĩ, quan chức chính quyền",,Cách mạng & kháng chiến,Thị trưởng Hà Nội; Chủ tịch Ủy ban Hành chính thành phố Hà Nội; Thứ trưởng Bộ Nội vụ; Thứ trưởng Bộ Y tế; Đại biểu Quốc hội khóa I–VII,,,,,,,16/1/1912 - 2/10/1988
true,Trần Hoà,Nhân vật lịch sử,Tổ nghề,"Trần Hoà là một trong ba anh em gồm Trần Điền, Trần Điện và Trần Hoà, được dân làng Định Công (nay thuộc quận Hoàng Mai, Hà Nội) tôn vinh là tổ nghề kim hoàn Việt Nam. Vào thời vua Lý Nam Đế (thế kỷ VI), ba ông rời làng đi học nghề, trong đó Trần Điền sang Trung Quốc học chế tác vàng bạc. Sau khi trở về, cả ba cùng mở xưởng sản xuất đồ trang sức, truyền nghề cho dân làng. Nghề kim hoàn từ đó trở thành truyền thống của làng Định Công và lan rộng đến phố Hàng Bạc. Tên tuổi của Trần Hoà được ghi nhớ qua lễ hội tổ nghề hằng năm và đền thờ tại Hà Nội.",Nghệ nhân kim hoàn,,Bắc Thuộc & khởi nghĩa,Tổ sư nghề kim hoàn Việt Nam,,,,,,, - 
true,Trần Hưng Đạo,Nhân vật lịch sử,Quân sự,"Trần Hưng Đạo, tên thật là Trần Quốc Tuấn, sinh tại làng Tức Mặc, phủ Thiên Trường, nay thuộc tỉnh Nam Định. Ông là con trai của An Sinh Vương Trần Liễu, thuộc hoàng tộc nhà Trần. Trong thế kỷ XIII, ông chỉ huy quân đội Đại Việt đánh bại ba cuộc xâm lược của quân Nguyên Mông vào các năm 1258, 1285 và 1288, nổi bật với trận thủy chiến Bạch Đằng. Ông được phong làm Quốc công tiết chế, thống lĩnh toàn quân. Sau khi mất, ông được triều đình truy phong nhiều tước hiệu cao quý và được thờ tại đền Kiếp Bạc.",Tướng lĩnh quân sự,,Nhà Trần,Quốc công tiết chế; Thượng phụ Thái sư; Hưng Đạo Đại vương,,Cháu gọi Trần Thái Tông là chú,,,,,1226 - 3/10/1300
true,Trần Hữu Dực,Nhân vật lịch sử,Lãnh đạo,"Trần Hữu Dực sinh tại làng Cẩm Phổ, xã Triệu Phước, huyện Triệu Phong, tỉnh Quảng Trị. Ông tham gia cách mạng từ năm 1930, từng bị thực dân Pháp bắt và đày ra Côn Đảo. Sau Cách mạng Tháng Tám, ông giữ nhiều chức vụ lãnh đạo trong chính quyền và quân đội, đặc biệt trong lĩnh vực hậu cần và nông nghiệp. Ông có đóng góp trong việc xây dựng hệ thống quản lý hành chính, phát triển kinh tế nông trường và tổ chức hậu cần phục vụ chiến đấu. Sau năm 1975, ông tiếp tục tham gia công tác lập pháp và giám sát trong Quốc hội.",Chính trị gia,,Cách mạng & kháng chiến,"Phó Thủ tướng Chính phủ, Bộ trưởng Phủ Thủ tướng, Viện trưởng Viện Kiểm sát Nhân dân Tối cao, Chủ nhiệm Tổng cục Hậu cần Bộ Quốc phòng, Bộ trưởng Bộ Nông trường, Chủ nhiệm Văn phòng Nông nghiệp Phủ Thủ tướng, Chủ tịch Ủy ban Hành chính Trung Bộ, Chủ tịch Ủy ban nhân dân tỉnh Quảng Trị, Ủy viên Ban Chấp hành Trung ương Đảng, Đại biểu Quốc hội khóa I–VII",,,,,,,15/1/1910 - 23/9/1993
true,Trần Hữu Tước,Nhân vật lịch sử,Y học,"Trần Hữu Tước sinh tại làng Bạch Mai, huyện Hoàn Long, tỉnh Hà Đông (nay thuộc quận Hai Bà Trưng, Hà Nội). Ông là bác sĩ chuyên khoa tai–mũi–họng, từng học và làm việc tại Pháp trước khi trở về nước năm 1946. Ông có nhiều đóng góp trong việc xây dựng ngành tai–mũi–họng Việt Nam, đào tạo thế hệ bác sĩ mới và phát triển hệ thống bệnh viện chuyên khoa. Ông từng giữ nhiều chức vụ trong ngành y tế và các tổ chức xã hội. Tên ông được đặt cho một phố tại Hà Nội để ghi nhận công lao trong lĩnh vực y học và giáo dục của địa phương.","Giáo sư, bác sĩ chuyên khoa Tai - Mũi - Họng",,Cách mạng & kháng chiến,"Viện trưởng Viện Tai-Mũi-Họng Trung ương; Giám đốc Bệnh viện Bạch Mai; Chủ tịch Hội Tai-Mũi-Họng Việt Nam; Chủ tịch Tổng hội Y học Việt Nam; Phó Chủ tịch Hội Chữ Thập Đỏ Việt Nam; Ủy viên Đoàn Chủ tịch Ủy ban Trung ương Mặt trận Tổ quốc Việt Nam; Đại biểu Quốc hội khóa II, III, IV",,,,,,,13/10/1913 - 23/10/1983
true,Trần Huy Liệu,Nhân vật lịch sử,Quan chức,"Trần Huy Liệu là một nhà hoạt động văn hóa và chính trị Việt Nam, nổi bật với vai trò trong lĩnh vực sử học và báo chí. Ông từng giữ chức Bộ trưởng Bộ Thông tin – Tuyên truyền, Chủ nhiệm Ủy ban Thống nhất của Quốc hội và Viện trưởng Viện Sử học. Năm 1945, ông đại diện Chính phủ tiếp nhận ấn kiếm từ vua Bảo Đại tại Huế. Với nhiều công trình nghiên cứu lịch sử và hoạt động báo chí, ông góp phần định hình nền sử học hiện đại Việt Nam.","Nhà sử học, nhà báo, nhà văn",,Cách mạng & kháng chiến,Bộ trưởng Bộ Thông tin – Tuyên truyền; Chủ nhiệm Ủy ban Thống nhất của Quốc hội; Viện trưởng Viện Sử học,,,,,,,5/11/1901 - 28/7/1969
true,Trần Khánh Dư,Nhân vật lịch sử,Quân sự,"Trần Khánh Dư sinh tại trại An Trung, xã Dương Hòa, lộ Lý Nhân (nay thuộc tỉnh Hà Nam), là con của Thượng tướng Trần Phó Duyệt. Ông được nhận làm con nuôi của vua Trần Thánh Tông và phong tước Nhân Huệ vương. Trong kháng chiến chống Nguyên Mông lần thứ hai và ba, ông giữ vai trò chỉ huy quan trọng, đặc biệt trong trận Vân Đồn năm 1288, nơi ông tiêu diệt đoàn thuyền lương của quân Nguyên. Ông cũng tham gia chiến dịch đánh Chiêm Thành năm 1312. Tuy có nhiều công lao, ông từng bị sử sách phê phán vì những hành vi cá nhân gây tranh cãi.","Quân nhân, chính trị gia",,Nhà Trần,Phiêu Kỵ đại tướng quân; Phó đô tướng quân; Nhân Huệ vương; Thiên tử nghĩa nam,,,,,,,1240 - 1340
true,Trần Khát Chân,Nhân vật lịch sử,Quân sự,"Trần Khát Chân sinh tại làng Hà Lãng, phủ Vĩnh Ninh (nay là xã Hà Lương, huyện Vĩnh Lộc, tỉnh Thanh Hóa), thuộc dòng dõi Trần Bình Trọng. Ông đỗ Thái học sinh năm 1388 và được triều đình giao chỉ huy đội quân Long Tiệp. Năm 1390, ông lập công lớn khi chỉ huy trận phục kích trên sông Hải Triều, tiêu diệt vua Chiêm Thành Chế Bồng Nga, chấm dứt nhiều năm xâm lược. Năm 1399, ông tham gia âm mưu chống lại Hồ Quý Ly nhưng thất bại và bị xử tử cùng hàng trăm người khác.","Quân nhân, chính trị gia",,Nhà Trần,Thái học sinh; Tướng quân Long Tiệp; Nội vệ Thượng tướng quân,,,,,,,1370 - 1399
true,Trần Kim Xuyến,Nhân vật lịch sử,Cách mạng,"Trần Kim Xuyến sinh năm 1921 tại xã Sơn Mỹ, huyện Hương Sơn, tỉnh Hà Tĩnh. Ông tốt nghiệp Trường Quốc học Vinh và từng làm việc tại tòa sứ Bắc Giang. Trong thời kỳ tiền khởi nghĩa, ông hoạt động cách mạng bán công khai, tổ chức các phong trào xã hội và tuyên truyền. Sau Cách mạng tháng Tám, ông được giao phụ trách Việt Nam Thông tấn xã và tham gia tổ chức lễ Tuyên ngôn Độc lập năm 1945. Năm 1946, ông trúng cử đại biểu Quốc hội khóa I. Trong kháng chiến chống Pháp, ông chỉ đạo sơ tán tài liệu của Nha Thông tin và hy sinh tại Đầm Sen, huyện Chương Mỹ, Hà Nội năm 1947. Ông được truy tặng Huân chương Kháng chiến hạng Nhất.","Nhà báo, cán bộ tuyên truyền",,Cách mạng & kháng chiến,Phó Giám đốc Nha Thông tin Việt Nam; Đổng lý Văn phòng Bộ Tuyên truyền; Đại biểu Quốc hội khóa I tỉnh Bắc Giang,,,,,,,1921 - 3/3/1947
true,Trần Nguyên Đán,Nhân vật lịch sử,Quan chức,"Trần Nguyên Đán sinh tại Côn Sơn, thuộc huyện Chí Linh, tỉnh Hải Dương. Ông là tôn thất nhà Trần, chắt của Chiêu Minh vương Trần Quang Khải. Trong sự nghiệp, ông từng giữ chức Đại phu Ngự sử đài dưới đời Trần Dụ Tông và sau đó là Tư đồ phụ chính dưới đời Trần Nghệ Tông. Ông có vai trò trong việc dẹp loạn Dương Nhật Lễ và phụ trách bang giao với các nước. Về cuối đời, ông trí sĩ về Côn Sơn, sống ẩn dật và sáng tác thơ văn, tiêu biểu là tập Băng Hồ ngọc hác tập. Ông là ông ngoại của Nguyễn Trãi.","Chính trị gia, nhà thơ, nhà ngoại giao",,Nhà Trần,"Đại phu Ngự sử đài, Tư đồ phụ chính, Chương Túc quốc thượng hầu, quân quản trấn Quảng Oai",,Ông ngoại của Nguyễn Trãi,,,,,1325 - 1390
true,Trần Nguyên Hãn,Nhân vật lịch sử,Quân sự,"Trần Nguyên Hãn sinh tại làng Sơn Đông, huyện Lập Thạch, tỉnh Vĩnh Phúc. Ông là cháu nội của Trần Nguyên Đán, thuộc dòng dõi quý tộc nhà Trần. Trong khởi nghĩa Lam Sơn chống quân Minh, ông giữ vai trò chỉ huy nhiều chiến dịch lớn như giải phóng Tân Bình – Thuận Hóa, bao vây Đông Quan và đánh trận Xương Giang. Sau khi Lê Lợi lên ngôi, ông được phong nhiều chức vụ cao nhưng về sau bị nghi ngờ và buộc phải tự vẫn.",Tướng lĩnh quân sự,,Nhà Hậu Lê,Tư đồ; Thái úy; Tả tướng quốc,,,,,,,1390 - 1429
true,Trần Nhân Tông,Nhân vật lịch sử,Phong kiến,"Trần Nhân Tông, tên thật là Trần Khâm, sinh tại Thăng Long, là con trưởng của vua Trần Thánh Tông. Ông lên ngôi năm 1278, trị vì trong thời kỳ Đại Việt đối mặt với hai cuộc xâm lược lớn của nhà Nguyên. Dưới sự lãnh đạo của ông cùng Thượng hoàng Trần Thánh Tông và Quốc công Tiết chế Trần Hưng Đạo, quân dân Đại Việt đã đánh bại quân Nguyên trong các chiến thắng vang dội năm 1285 và 1288. Sau khi nhường ngôi cho con là Trần Anh Tông năm 1293, ông xuất gia tu hành tại núi Yên Tử, lấy pháp hiệu là Trúc Lâm Đại sĩ, sáng lập Thiền phái Trúc Lâm – dòng thiền đặc trưng của Phật giáo Việt Nam. Ông để lại nhiều bài thơ và tác phẩm mang đậm tư tưởng từ bi, trí tuệ và yêu nước. Trần Nhân Tông được tôn vinh là vị vua anh minh và thiền sư lỗi lạc trong lịch sử dân tộc.","Chính trị gia, thiền sư, nhà văn hóa",,Nhà Trần,"Hoàng đế Đại Việt, Thái thượng hoàng, Tổ sáng lập Thiền phái Trúc Lâm",,Con của Trần Thánh Tông,,,,,7/12/1258 - 16/12/1308
true,Trần Nhật Duật,Nhân vật lịch sử,Quân sự,"Trần Nhật Duật sinh tại Thăng Long, là con trai thứ sáu của vua Trần Thái Tông. Ông nổi tiếng thông minh, giỏi ngoại ngữ và có khả năng giao tiếp với nhiều sắc dân. Trong kháng chiến chống Nguyên Mông lần thứ hai và ba, ông giữ vai trò chỉ huy quan trọng, đặc biệt trong trận Hàm Tử năm 1285, phối hợp với quân Chiêm Thành đánh bại tướng Nguyên Toa Đô. Sau chiến tranh, ông giữ chức Tể tướng dưới các triều Trần Anh Tông, Trần Minh Tông và Trần Hiến Tông.","Quân nhân, chính trị gia",,Nhà Trần,Chiêu Văn vương; Tể tướng Đại Việt; Phó tướng quân trong kháng chiến chống Nguyên Mông,,,,,,,1255 - 1330
true,Trần Phú,Nhân vật lịch sử,Lãnh đạo,"Trần Phú sinh tại thôn An Thổ, xã An Dân, huyện Tuy An, tỉnh Phú Yên; quê gốc ở xã Tùng Ảnh, huyện Đức Thọ, tỉnh Hà Tĩnh. Ông từng học tại Trường Quốc học Huế và là người Việt Nam đầu tiên du học tại Liên Xô theo diện đào tạo cán bộ cách mạng. Năm 1930, ông được bầu làm Tổng Bí thư đầu tiên của Đảng Cộng sản Đông Dương và tham gia soạn thảo Luận cương chính trị đầu tiên của Đảng. Ông bị bắt năm 1931 và mất trong tù tại Sài Gòn.","Chính trị gia, nhà lý luận",,Cách mạng & kháng chiến,Tổng Bí thư Ban Chấp hành Trung ương Đảng Cộng sản Đông Dương,,,,,,,1/5/1904 - 6/9/1931
true,Trần Quang Diệu,Nhân vật lịch sử,Quân sự,"Trần Quang Diệu, tên thật là Trần Văn Đạt, sinh tại làng An Hải, huyện Diên Phước, tỉnh Quảng Nam (nay thuộc quận Sơn Trà, thành phố Đà Nẵng). Ông là một trong thất hổ tướng của phong trào Tây Sơn, nổi bật với vai trò chỉ huy trong các chiến dịch chống quân Thanh năm 1789 và tiến công Vạn Tượng năm 1791. Sau chiến thắng, ông được giao trấn thủ Nghệ An và phụ trách xây dựng thành Phượng Hoàng Trung đô. Ông là phu quân của nữ tướng Bùi Thị Xuân, cả hai đều bị xử tử sau khi triều Tây Sơn thất bại trước Nguyễn Ánh năm 1802. Tên ông được ghi nhớ tại nhiều địa phương ở miền Trung.",Nhà quân sự,,Nhà Tây Sơn,Thái phó; Đại tổng quản; Đốc trấn Nghệ An; Tướng lĩnh Tây Sơn,,Chồng của Bùi Thị Xuân,,,,,17/10/1746 - 1802
true,Trần Quang Khải,Nhân vật lịch sử,Quân sự,"Trần Quang Khải sinh tại kinh đô Thăng Long, là hoàng tử thứ ba của vua Trần Thái Tông và Thuận Thiên hoàng hậu. Ông được phong tước Chiêu Minh Đại vương và giữ chức Thượng tướng Thái sư, Tể tướng dưới ba triều vua Trần Thánh Tông, Trần Nhân Tông và Trần Anh Tông. Trong kháng chiến chống Nguyên Mông năm 1285, ông chỉ huy trận Chương Dương và góp phần quan trọng vào chiến thắng của Đại Việt. Ngoài sự nghiệp chính trị và quân sự, ông còn là một nhà thơ, để lại tác phẩm Lạc Đạo tập. Ông được đánh giá là một đại thần có công lao lớn trong việc giữ vững nền độc lập và ổn định triều chính thời Trần.","Chính trị gia, quân nhân, nhà thơ",,Nhà Trần,"Thượng tướng Thái sư, Tể tướng Đại Việt, Chiêu Minh Đại vương",,Con của Trần Thái Tông; em của Trần Thánh Tông; chú của Trần Nhân Tông,,,,,24/8/1241 - 26/7/1294
true,Trần Quốc Hoàn,Nhân vật lịch sử,Quan chức,"Trần Quốc Hoàn, tên thật là Nguyễn Trọng Cảnh, sinh tại xã Nam Trung, huyện Nam Đàn, tỉnh Nghệ An. Ông tham gia cách mạng từ năm 1930 và từng bị giam tại nhà tù Sơn La, nơi ông giữ chức Bí thư chi bộ tù nhân. Sau Cách mạng Tháng Tám, ông đảm nhiệm nhiều vị trí lãnh đạo trong Đảng và chính quyền, đặc biệt là Bộ trưởng Bộ Công an từ năm 1953 đến 1980, trở thành người giữ chức vụ này lâu nhất. Ông được xem là người đặt nền móng cho công tác tổ chức và nghiệp vụ ngành công an Việt Nam. Ngoài ra, ông còn giữ vai trò trong công tác dân vận và từng là Bí thư Thành ủy Hà Nội.","Nhà cách mạng, quan chức chính quyền",,Cách mạng & kháng chiến,"Bộ trưởng Bộ Công an; Bộ trưởng Bộ Nội vụ; Bí thư Thành ủy Hà Nội; Bí thư Xứ ủy Bắc Kỳ; Bí thư Liên khu II, Liên khu X; Bí thư Đặc khu ủy Hà Nội; Ủy viên Bộ Chính trị khóa III, IV; Bí thư Trung ương Đảng khóa IV; Trưởng Ban Dân vận Trung ương; Đại biểu Quốc hội khóa II–VII",,,,,,,23/1/1916 - 5/9/1986
true,Trần Quốc Toản,Nhân vật lịch sử,Quân sự,"Trần Quốc Toản là một tông thất nhà Trần, nổi tiếng với tinh thần yêu nước và dũng khí khi mới 16 tuổi. Sau khi bị từ chối tham dự Hội nghị Bình Than do còn quá trẻ, ông tự tập hợp gia nhân, rèn vũ khí, thêu cờ sáu chữ “Phá cường địch, báo hoàng ân” và tham gia kháng chiến chống quân Nguyên Mông lần thứ hai. Ông chiến đấu dũng cảm tại các trận Tây Kết, Chương Dương và được ghi nhận là một trong những tướng trẻ tuổi có ảnh hưởng lớn trong lịch sử quân sự Đại Việt.",Võ tướng,,Nhà Trần,Hoài Văn hầu,,,,,,,1267 - 15/7/1285
true,Trần Quốc Vượng,Nhân vật lịch sử,Văn hoá - nghệ thuật,"Trần Quốc Vượng sinh tại huyện Kinh Môn, tỉnh Hải Dương, quê gốc ở thôn Lê Xá, xã Châu Sơn, huyện Duy Tiên, tỉnh Hà Nam. Ông là một trong những người đặt nền móng cho ngành khảo cổ học và văn hóa học hiện đại tại Việt Nam. Trong sự nghiệp giảng dạy và nghiên cứu, ông để lại hơn 400 bài viết và hơn 40 đầu sách, tiêu biểu như Việt Nam khảo cổ học, Trong cõi, Theo dòng lịch sử, Việt Nam – cái nhìn địa văn hóa. Ông được xem là một trong “tứ trụ” của sử học Việt Nam hiện đại cùng với Phan Huy Lê, Đinh Xuân Lâm và Hà Văn Tấn.","Giáo sư, sử gia, khảo cổ học, nhà văn hóa",,Cách mạng & kháng chiến,"Giám đốc Trung tâm Liên Văn hóa – Lịch sử, Chủ nhiệm Bộ môn Khảo cổ học, Chủ nhiệm Bộ môn Lịch sử Văn hóa, Trưởng ngành Du lịch học, Trưởng môn Văn hóa học, Chủ tịch Hội đồng Khoa học và Đào tạo Khoa Du lịch, Đại học Quốc gia Hà Nội",,,,,,,12/12/1934 - 8/8/2005
true,Trần Quý Cáp,Nhân vật lịch sử,Cách mạng,"Trần Quý Cáp, tên húy là Trần Nghị, hiệu Thai Xuyên, là một trong những trí thức tiêu biểu của phong trào Duy Tân đầu thế kỷ XX. Ông đỗ Tiến sĩ năm 1904, từng giữ chức Giáo thụ tại phủ Thăng Bình, nơi ông mở lớp dạy chữ Quốc ngữ và tiếng Pháp. Ông cùng Phan Chu Trinh và Huỳnh Thúc Kháng vận động cải cách văn hóa, giáo dục, phản đối lối học từ chương, cổ vũ tư tưởng khai dân trí, chấn dân khí. Năm 1908, ông bị bắt và xử tử tại Khánh Hòa do liên quan đến phong trào kháng thuế.","Nhà thơ, nhà giáo, nhà hoạt động cải cách xã hội",,Nhà Nguyễn & Pháp thuộc,"Giáo thụ phủ Thăng Bình, tỉnh Quảng Nam",,,,,,,1870 - 1908
true,Trần Quý Kiên,Nhân vật lịch sử,Cách mạng,"Trần Quý Kiên, tên thật là Đinh Xuân Nhạ, bí danh Dương Văn Ty, sinh tại phố Hàng Nứa, Hà Nội, quê gốc ở làng Phượng Vũ, xã Phượng Dực, huyện Phú Xuyên, tỉnh Hà Tây (nay thuộc Hà Nội). Ông tham gia cách mạng từ năm 1929, là một trong những đảng viên đầu tiên của Đảng Cộng sản Việt Nam. Trong suốt thời kỳ hoạt động, ông từng bị thực dân Pháp bắt giam nhiều lần tại Hỏa Lò, Hải Phòng, Sơn La và Côn Đảo. Sau năm 1945, ông giữ nhiều chức vụ lãnh đạo tại các khu căn cứ và cơ quan trung ương. Ông được Nhà nước truy tặng Huân chương Sao Vàng.","Nhà cách mạng, quan chức chính quyền",,Cách mạng & kháng chiến,Bí thư Thành ủy Hà Nội; Thường vụ Xứ ủy Bắc Kỳ; Bí thư khu ủy chiến khu Quang Trung; Bí thư Đảng ủy – Trưởng Ban căn cứ địa Trung ương ATK Việt Bắc; Thứ trưởng – Phó Văn phòng Thủ tướng; Phó Ban Tổ chức Trung ương; Bí thư Đảng ủy khối các cơ quan Trung ương,,,,,,,1911 - 1965
true,Trần Tế Xương,Nhân vật lịch sử,Văn hoá - nghệ thuật,"Trần Tế Xương, thường gọi là Tú Xương, tên thật là Trần Duy Uyên, sau đổi là Trần Cao Xương, sinh tại làng Vị Xuyên, tỉnh Nam Định. Ông nổi tiếng với phong cách thơ trào phúng, sắc sảo, phản ánh sâu cay hiện thực xã hội thực dân nửa phong kiến. Dù chỉ đỗ tú tài, ông để lại khoảng 100 bài thơ Nôm, văn tế, câu đối, tiêu biểu như Thương vợ, Vịnh khoa thi Hương, Giễu người thi đỗ. Thơ ông kết hợp nhuần nhuyễn giữa trữ tình và trào phúng, sử dụng ngôn ngữ dân gian, giàu tính biểu cảm. Cuộc đời ngắn ngủi nhưng di sản văn học của ông vẫn sống mãi trong lòng người đọc.","Nhà thơ, nhà văn, nhà báo",,Nhà Nguyễn & Pháp thuộc,Tú tài khoa Giáp Ngọ (1894),,,,,,,5/9/1870 - 29/1/1907
true,Trần Thái Tông,Nhân vật lịch sử,Phong kiến,"Trần Thái Tông, tên thật là Trần Cảnh, sinh tại hương Tức Mặc, phủ Thiên Trường, nay thuộc thành phố Nam Định. Ông là vị vua đầu tiên của triều Trần, lên ngôi năm 1226 sau khi Lý Chiêu Hoàng nhường ngôi. Trong thời gian trị vì, ông thực hiện nhiều cải cách về hành chính, quân sự và khuyến nông, đồng thời lãnh đạo kháng chiến chống quân Mông Cổ lần thứ nhất năm 1258. Sau khi nhường ngôi cho con là Trần Thánh Tông, ông làm Thái thượng hoàng và tiếp tục có ảnh hưởng lớn đến triều chính. Ông cũng là tác giả của một số tác phẩm Phật học như Khoá hư lục, thể hiện tư tưởng dung hòa giữa đạo Phật và việc trị nước.","Hoàng đế, nhà chính trị, nhà tư tưởng",,Nhà Trần,Hoàng đế Đại Việt; Thái thượng hoàng; Người sáng lập triều Trần,,Cha cả Trần Thánh Tông; ông nội của Trần Nhân Tông; cha của Trần Quang Khải,,,,,9/7/1218 - 5/5/1277
true,Trần Thánh Tông,Nhân vật lịch sử,Phong kiến,"Trần Thánh Tông, tên húy là Trần Hoảng, sinh tại Thăng Long, Đại Việt. Ông là vị hoàng đế thứ hai của triều Trần, trị vì từ năm 1258 đến 1278, sau đó làm Thái thượng hoàng đến khi mất. Trong thời gian trị vì, ông củng cố nền hành chính, phát triển giáo dục và quân sự, đồng thời thực hiện chính sách ngoại giao mềm dẻo với nhà Nguyên. Sau khi nhường ngôi cho Trần Nhân Tông, ông tiếp tục tham gia chỉ đạo kháng chiến chống Nguyên Mông, đặc biệt trong các cuộc chiến năm 1285 và 1288. Ông cũng là một nhà văn hóa, từng sáng tác thơ và các bài viết về Thiền học, tuy phần lớn đã thất lạc.","Hoàng đế, nhà quân sự, nhà văn hóa",,Nhà Trần,Hoàng đế Đại Việt; Thái thượng hoàng; Quốc công Tiết chế (trong thời kỳ kháng chiến); Tác giả văn thơ Thiền học,,Con của Trần Thái Tông; cha của Trần Nhân Tông,,,,,12/10/1240 - 3/7/1290
true,Trần Thủ Độ,Nhân vật lịch sử,Quan chức,"Trần Thủ Độ sinh tại hương Lưu Xá, phủ Long Hưng, lộ Sơn Nam Hạ (nay thuộc huyện Hưng Hà, tỉnh Thái Bình). Ông là người có vai trò quyết định trong việc chuyển giao quyền lực từ triều Lý sang triều Trần, thông qua cuộc hôn nhân giữa Trần Cảnh và Lý Chiêu Hoàng. Sau khi triều Trần được thiết lập, ông giữ chức Thái sư và nắm quyền điều hành triều chính. Ông có công trong việc ổn định xã hội, tổ chức lại bộ máy hành chính và quân sự, đồng thời chỉ huy kháng chiến chống quân Mông Cổ lần thứ nhất. Tuy nhiên, một số hành động của ông như ép vua Lý Huệ Tông tự sát và cưới Huệ hậu từng gây tranh cãi trong sử sách.","Chính trị gia, quân nhân",,Nhà Trần,"Điện tiền chỉ huy sứ, Thái sư, Thượng phụ, Trung Vũ Đại vương",,,,,,,7/9/1194 - 22/2/1264
true,Trần Tử Bình,Nhân vật lịch sử,Quân sự,"Trần Tử Bình, tên thật là Phạm Văn Phu, sinh tại xã Tiêu Động, huyện Bình Lục, tỉnh Hà Nam. Ông từng lãnh đạo phong trào công nhân cao su Phú Riềng năm 1930, được gọi là “Phú Riềng Đỏ”, và là một trong những thành viên chủ chốt của Ủy ban Khởi nghĩa Hà Nội trong Cách mạng tháng Tám năm 1945. Sau khởi nghĩa, ông giữ nhiều chức vụ trong quân đội và chính phủ, góp phần xây dựng lực lượng vũ trang và ngành ngoại giao. Ông là một trong những vị tướng đầu tiên của Quân đội Nhân dân Việt Nam và được truy tặng Huân chương Sao Vàng năm 2008.","Sĩ quan quân đội, nhà ngoại giao, nhà cách mạng",,Cách mạng & kháng chiến,Thiếu tướng Quân đội Nhân dân Việt Nam; Phó Bí thư Quân ủy Trung ương; Phó Giám đốc – Chính ủy Trường Võ bị Trần Quốc Tuấn; Chính ủy Trường Lục quân tại Trung Quốc; Tổng Thanh tra Quân đội kiêm Phó Tổng Thanh tra Chính phủ; Đại sứ Việt Nam Dân chủ Cộng hòa tại Trung Quốc,,,,,,,5/5/1907 - 11/2/1967
true,Trần Văn Cẩn,Nhân vật lịch sử,Văn hoá - nghệ thuật,"Trần Văn Cẩn sinh tại Kiến An, thành phố Hải Phòng. Ông là một trong những danh họa tiêu biểu của nền mỹ thuật hiện đại Việt Nam, thuộc “bộ tứ” nổi tiếng: Nhất Trí, nhì Vân, tam Lân, tứ Cẩn. Tốt nghiệp thủ khoa Trường Cao đẳng Mỹ thuật Đông Dương năm 1937, ông sáng tác nhiều tác phẩm nổi bật như Em Thúy, Hai thiếu nữ trước bình phong, Tát nước đồng chiêm. Ông là đồng tác giả mẫu Quốc huy Việt Nam cùng Bùi Trang Chước. Trần Văn Cẩn có đóng góp lớn trong việc phát triển tranh sơn mài và đào tạo thế hệ họa sĩ sau 1945. Năm 1996, ông được truy tặng Giải thưởng Hồ Chí Minh về văn học nghệ thuật.","Họa sĩ, nhà giáo, nhà hoạt động văn hóa",,Cách mạng & kháng chiến,"Giám đốc Trường Cao đẳng Mỹ thuật Việt Nam, Ủy viên Hội đồng Nghệ thuật Nhà nước, Ủy viên Hội Văn hóa cứu quốc",,,,,,,13/8/1910 - 31/7/1994
true,Trần Văn Chuông,Nhân vật lịch sử,Cách mạng,"Trần Văn Chuông sinh tại thôn Cát Lại, xã Bình Nghĩa, huyện Bình Lục, tỉnh Hà Nam. Ông tham gia kháng chiến chống Pháp từ năm 1946, từng hoạt động trong lực lượng du kích trước khi chính thức được tuyển vào bộ đội năm 1948. Trong suốt quá trình chiến đấu, ông tham gia hơn 200 trận đánh, lập nhiều chiến công như tiêu diệt 392 lính địch, bắt sống 19 tên, phá hủy 79 xe quân sự. Ông được biết đến với nhiều sáng kiến chiến đấu hiệu quả, đặc biệt trong kỹ thuật đánh mìn.",Chiến sĩ quân đội,,Cách mạng & kháng chiến,Anh hùng Lực lượng vũ trang nhân dân; Cán bộ chỉ huy cấp đại đội,,,,,,,1929 - /2/1954
true,Trần Văn Lai,Nhân vật lịch sử,Quan chức,"Trần Văn Lai sinh tại Hà Nội trong một gia đình làm nghề khảm trai. Ông theo học ngành y và trở thành bác sĩ tại nhà thương Phủ Doãn, đồng thời tham gia hoạt động xã hội và cách mạng. Năm 1945, ông được mời làm Thị trưởng Hà Nội trong chính phủ Trần Trọng Kim, trở thành người Việt đầu tiên giữ chức vụ này. Trong thời gian ngắn tại nhiệm, ông tiến hành đổi tên hàng loạt phố phường Hà Nội từ tiếng Pháp sang tiếng Việt, góp phần khôi phục bản sắc dân tộc. Sau năm 1954, ông tiếp tục giữ các chức vụ trong chính quyền thành phố và ngành lao động.","Bác sĩ, chính trị gia",,Cách mạng & kháng chiến,"Thị trưởng Hà Nội, Thứ trưởng Bộ Thương binh và Xã hội, Phó Chủ tịch Ủy ban Hành chính thành phố Hà Nội, Đại biểu Quốc hội khóa III",,,,,,,2/7/1894 - 1975
true,Trần Văn Trà,Nhân vật lịch sử,Quân sự,"Trần Văn Trà, tên thật là Nguyễn Chấn, sinh tại xã Tịnh Long, huyện Sơn Tịnh, tỉnh Quảng Ngãi. Ông tham gia cách mạng từ năm 1936 và gia nhập Đảng Cộng sản Đông Dương năm 1938. Trong kháng chiến chống Pháp và Mỹ, ông giữ nhiều chức vụ quân sự quan trọng, đặc biệt là Tư lệnh Quân Giải phóng miền Nam và Phó Tư lệnh chiến dịch Hồ Chí Minh năm 1975. Sau ngày thống nhất, ông làm Chủ tịch Ủy ban Quân quản Sài Gòn – Gia Định và Tư lệnh Quân khu 7. Ông cũng là tác giả một số hồi ký quân sự, trong đó có tác phẩm gây chú ý là Kết thúc cuộc chiến tranh 30 năm.","Quân nhân, chính khách",,Cách mạng & kháng chiến,"Thượng tướng Quân đội Nhân dân Việt Nam; Tư lệnh Quân Giải phóng miền Nam; Phó Tư lệnh chiến dịch Hồ Chí Minh; Chủ tịch Ủy ban Quân quản Sài Gòn – Gia Định; Tư lệnh Quân khu 7; Thứ trưởng Bộ Quốc phòng; Phó Tổng Tham mưu trưởng Quân đội Nhân dân Việt Nam; Giám đốc Học viện Quân chính; Chánh án Tòa án quân sự Trung ương; Phó Chủ tịch Hội Cựu chiến binh Việt Nam; Ủy viên Trung ương Đảng khóa III (dự khuyết), khóa IV (chính thức)",,,,,,,15/9/1919 - 20/4/1996
true,Trấn Vũ,Di tích,,"Trấn Vũ (hay Chấn Vũ, Trấn Võ, Chấp Minh) là một vị thần tượng trưng cho sao Bắc cực, thống trị phương Bắc, quản lý các loài thuỷ tộc trong tín ngưỡng Đạo giáo. Nguyên xưng là Huyền Vũ Đại Đế, đến năm 1012 do kỵ húy Triệu Huyền Lãng nên đổi thành Chân Vũ, thông xưng là Bắc Cực Huyền Thuyên Thượng Đế, thường được gọi tắt là Huyền Đế, Bắc Đế, Hắc Đế, hay Chân Vũ Đại Đế. Ngài tượng trưng cho Bắc Cung Huyền Vũ trong Nhị Thập Bát Tú, là vị đại thần của Đạo giáo thống lĩnh phương Bắc, có thể lãnh toàn bộ thủy tộc và mọi sự vật liên quan đến nước.",,,,,,,,,,,
true,Trần Vỹ,Nhân vật lịch sử,Quan chức,"Trần Vỹ, còn gọi là Nguyễn Văn Tích, sinh tại làng Thanh Xá, xã Nghĩa Hiệp, huyện Yên Mỹ, tỉnh Hưng Yên. Ông tham gia cách mạng từ năm 1944, từng giữ nhiều chức vụ trong quân đội và chính quyền thành phố Hà Nội. Từ năm 1977 đến 1987, ông là Chủ tịch Ủy ban nhân dân thành phố Hà Nội trong ba khóa liên tiếp. Trong thời gian này, ông có đóng góp trong công tác quy hoạch và phát triển đô thị Hà Nội sau chiến tranh. Năm 2013, ông được Nhà nước truy tặng Huân chương Hồ Chí Minh vì những cống hiến trong giai đoạn 1975–1991.","Chính trị gia, quân nhân",,Cách mạng & kháng chiến,"Chủ tịch Ủy ban nhân dân thành phố Hà Nội, Cục trưởng Cục Dân quân Bộ Tổng tham mưu, Chỉ huy trưởng Mặt trận Hà Nội, Phó Bí thư Thành ủy Hà Nội, Chủ nhiệm Ủy ban Kế hoạch Hà Nội, Ủy viên Ban Chấp hành Trung ương Đảng",,,,,,,1921 - 2003
true,Trần Xuân Soạn,Nhân vật lịch sử,Cách mạng,"Trần Xuân Soạn là võ quan triều Nguyễn, từng giữ chức Phó đề đốc Kinh thành. Sau biến cố kinh thành Huế năm 1885, ông tham gia phong trào Cần Vương, phối hợp cùng các tướng lĩnh như Phạm Bành và Đinh Công Tráng xây dựng căn cứ Ba Đình tại Thanh Hóa để chống Pháp. Sau khi căn cứ thất thủ, ông tiếp tục hoạt động kháng chiến tại vùng Quan Hóa, rồi sang Long Châu (Trung Quốc) để tìm cách tổ chức lại lực lượng.","Võ quan, nhà hoạt động kháng chiến",,Nhà Nguyễn & Pháp thuộc,Phó đề đốc Kinh thành; Thủ lĩnh nghĩa quân Cần Vương tại Thanh Hóa,,,,,,,1849 - 1923
false,Tràng An,Địa danh,,,,,,,,,,,,,
false,Tràng Thi,Địa danh,,,,,,,,,,,,,
false,Tràng Tiền,Địa danh,,,,,,,,,,,,,
false,Trích Sài,Địa danh,,"Trích Sài là tên một ngôi làng cổ ở phía Tây Hà Nội. Làng vốn thuộc tổng Trung, huyện Vĩnh Thuận,",,,,,,,,Kẻ Bưởi,,,
false,Triều Khúc,Địa danh,,,,"Làm chổi lông gà, hoa lông vịt, tóc độn, chân chỉ y môn, dây đàn bằng tơ tằm và quai thao cho nón thúng, nón ba tầm",,,,,,Kẻ Đơ,Đơ Thao,,
true,Triệu Quốc Đạt,Nhân vật lịch sử,Cách mạng,"Triệu Quốc Đạt là một hào trưởng có ảnh hưởng tại vùng Cửu Chân, nay thuộc tỉnh Thanh Hóa. Sau khi cha mẹ mất sớm, ông nuôi dưỡng em gái là Triệu Thị Trinh, người sau này được biết đến với tên gọi Bà Triệu. Năm 246, ông tập hợp lực lượng khởi nghĩa chống lại ách đô hộ của nhà Đông Ngô. Sau khi ông tử trận, lực lượng nghĩa quân tôn Bà Triệu lên làm thủ lĩnh tiếp tục cuộc kháng chiến. Cuộc khởi nghĩa sau đó bị đàn áp bởi thứ sử Giao Châu là Lục Dận. Triệu Quốc Đạt được ghi nhận là người có vai trò khởi đầu trong phong trào kháng Ngô tại miền Trung Việt Nam thế kỷ III.","Hào trưởng, thủ lĩnh khởi nghĩa",,Bắc Thuộc & khởi nghĩa,Huyện lệnh vùng Cửu Chân,,,,,,, - 246
true,Triệu Việt Vương,Nhân vật lịch sử,Lãnh đạo,"Triệu Việt Vương, tên thật là Triệu Quang Phục, sinh tại huyện Chu Diên, nay thuộc huyện Khoái Châu, tỉnh Hưng Yên. Ông là con của Thái phó Triệu Túc và từng tham gia khởi nghĩa chống quân Lương cùng Lý Nam Đế. Sau khi Lý Nam Đế rút lui, ông tiếp tục lãnh đạo kháng chiến, sử dụng chiến thuật du kích tại đầm Dạ Trạch để cầm cự và đánh bại quân Trần Bá Tiên. Năm 548, ông lên ngôi vua, giữ nền độc lập cho nước Vạn Xuân đến năm 571. Ông mất sau khi bị Lý Phật Tử đánh úp, kết thúc một giai đoạn tự chủ quan trọng trong lịch sử Việt Nam.","Chính trị gia, nhà quân sự",,Bắc Thuộc & khởi nghĩa,"Vua nước Vạn Xuân, Tả tướng quân dưới thời Lý Nam Đế",,,,,,,26/1/524 - 571
true,Trịnh Công Sơn,Nhân vật lịch sử,Văn hoá - nghệ thuật,"Trịnh Công Sơn sinh tại xã Lạc Giao, tỉnh Đắk Lắk, quê gốc ở làng Minh Hương, huyện Hương Trà, tỉnh Thừa Thiên Huế. Ông là một trong những nhạc sĩ tiêu biểu của tân nhạc Việt Nam, với hơn 600 ca khúc, nổi bật là các tình khúc như “Diễm xưa”, “Biển nhớ”, “Một cõi đi về”. Nhạc của ông thường mang tính chất phản chiến, nhân văn và triết lý, được nhiều ca sĩ thể hiện, đặc biệt là Khánh Ly. Ngoài âm nhạc, ông còn sáng tác thơ, vẽ tranh và từng giảng dạy tại Trường Sư phạm Quy Nhơn. Tác phẩm của ông có ảnh hưởng sâu rộng trong đời sống văn hóa Việt Nam hiện đại.","Nhạc sĩ, ca sĩ, nhà thơ, họa sĩ",,Cách mạng & kháng chiến,Hội viên Hội Âm nhạc TP Hồ Chí Minh; Hội viên Hội Nhạc sĩ Việt Nam; Nguyên Phó Tổng biên tập phụ san Thế Giới Âm Nhạc,,,,,,,28/2/1939 - 1/4/2001
true,Trịnh Đình Cửu,Nhân vật lịch sử,Lãnh đạo,"Trịnh Đình Cửu sinh tại làng Định Công Hạ, huyện Thanh Trì, tỉnh Hà Đông (nay thuộc phường Định Công, quận Hoàng Mai, Hà Nội). Ông là một trong những đại biểu tham dự Hội nghị thành lập Đảng Cộng sản Việt Nam năm 1930 tại Hương Cảng. Trong thời gian đầu, ông được giao phụ trách Ban Chấp hành Trung ương Lâm thời cho đến khi Trần Phú được bầu làm Tổng Bí thư. Ông từng tham gia phong trào vô sản hóa và góp phần xây dựng tổ chức Đông Dương Cộng sản Đảng tại Hà Nội. Một tuyến phố trong khu vực Định Công, gần quê ông, được đặt theo tên ông để ghi nhớ những đóng góp của ông trong giai đoạn đầu của phong trào cách mạng.",Nhà chính trị,,Cách mạng & kháng chiến,Phụ trách Ban Chấp hành Trung ương Lâm thời Đảng Cộng sản Việt Nam; Ủy viên Ban Chấp hành Trung ương Lâm thời,,,,,,,19/6/1906 - 24/10/1990
true,Trịnh Hoài Đức,Nhân vật lịch sử,Quan chức,"Trịnh Hoài Đức sinh tại Phú Xuân, sau chuyển vào sống tại Trấn Biên (nay thuộc Biên Hòa, Đồng Nai). Ông là học trò của Võ Trường Toản và là một trong những công thần đầu triều Nguyễn. Trong sự nghiệp, ông giữ nhiều chức vụ quan trọng và từng được cử làm Chánh sứ sang nhà Thanh. Ông nổi bật với công trình Gia Định thành thông chí, một bộ địa chí có giá trị về lịch sử và địa lý Nam Bộ. Ngoài ra, ông có đóng góp lớn trong việc khai khẩn đất đai và xây dựng hành chính vùng Gia Định.","Chính trị gia, sử gia, nhà thơ, nhà văn hóa",,Nhà Nguyễn & Pháp thuộc,"Tri huyện Tân Bình, Hộ bộ Thượng thư, Hiệp trấn Gia Định Thành, Lễ bộ Thượng thư kiêm Khâm thiên giám, Lại bộ Thượng thư, Quyền Tổng trấn Gia Định Thành, Lại bộ Thượng thư kiêm Binh bộ Thượng thư, Phó Tổng tài Quốc Sử Quán, Chánh chủ khảo trường Thi Hội, Hiệp biện Đại học sĩ",,,,,,,1765 - 1825
false,Trinh Lương,Không rõ,,,,,,,,,,,,,
true,Trịnh Tố Tâm,Nhân vật lịch sử,Quân sự,"Trịnh Tố Tâm sinh tại xã Đồng Tân, huyện Ứng Hòa, tỉnh Hà Tây (nay thuộc Hà Nội). Ông nhập ngũ năm 1965 và chiến đấu tại chiến trường Trị Thiên, từng chỉ huy đơn vị đánh 58 trận, tiêu diệt hơn 1.500 lính đối phương. Với thành tích cá nhân diệt 274 lính Mỹ, ông được phong danh hiệu Anh hùng Lực lượng vũ trang nhân dân năm 1971. Sau chiến tranh, ông giữ nhiều chức vụ trong Đảng và Nhà nước, nổi bật là Thứ trưởng Bộ Lao động – Thương binh và Xã hội và Bí thư Trung ương Đoàn. Ông qua đời năm 1997 do ảnh hưởng chất độc hóa học từ chiến trường.","Chính trị gia, quân nhân",,Cách mạng & kháng chiến,"Đại tá Quân đội Nhân dân Việt Nam, Anh hùng Lực lượng vũ trang nhân dân, Thứ trưởng Bộ Lao động – Thương binh và Xã hội, Bí thư Trung ương Đoàn Thanh niên Cộng sản Hồ Chí Minh, Trưởng Ban Thanh niên Quân đội, Tổng Biên tập báo Lao động và Xã hội",,,,,,,1/6/1945 - 28/1/1997
true,Trịnh Văn Bô,Nhân vật lịch sử,Doanh nhân,"Trịnh Văn Bô sinh tại làng Bãi, xã Cao Viên, huyện Thanh Oai, tỉnh Hà Đông (nay thuộc Hà Nội). Ông kế thừa hiệu buôn tơ lụa Phúc Lợi từ cha mẹ và phát triển thành một thương hiệu lớn, buôn bán với nhiều nước trong khu vực và quốc tế. Trong Cách mạng tháng Tám năm 1945, ông đã ủng hộ chính quyền cách mạng hơn 5.000 lượng vàng và ngôi nhà số 48 Hàng Ngang, nơi Chủ tịch Hồ Chí Minh soạn thảo bản Tuyên ngôn Độc lập. Sau đó, ông giữ nhiều chức vụ trong chính quyền cách mạng và tham gia công tác tài chính, hành chính tại Hà Nội. Ông được truy tặng Huân chương Độc lập hạng Nhất năm 1988.",Doanh nhân,,Cách mạng & kháng chiến,Chủ hiệu buôn Phúc Lợi; Thành viên Ban vận động Quỹ Độc lập; Phó Chủ tịch Ủy ban Hành chính Hà Nội; Cán bộ Ngân hàng Quốc gia Việt Nam; Đại biểu Quốc hội khóa I,,,,,,,24/3/1914 - 1/5/1988
true,Trúc Bạch,Địa danh,,"Trúc Bạch là tên một hồ lớn tại Hà Nội. Hồ Trúc Bạch và phố Trúc Bạch thuộc phường Ba Đình. Hồ vốn là một phần của hồ Tây, câu chuyện hồ tách khỏi Hồ Tây có nhiều dị bản. Theo ""Cổ tích và thắng cảnh Hà Nội"", Doãn Kế Thiện giải thích rằng tới khoảng năm 1620 dân các làng Yên Phụ, Trúc Yên và Yên Quang đắp đập thì mới tách ra khỏi hồ Tây. Đập này được gọi là đập Cố Ngự, nghĩa là ""giữ vững chắc"", sau này đọc chệch thành Cổ Ngư. Còn trong sử có ghi vào tháng 11 năm 1427, Lê Lợi cho đắp luỹ từ phường Yên Hoa (Yên Phụ ngày nay) tới Cửa Bắc thành (Đông Quan) chỉ mất một đêm để chặn quân Minh tại chỗ. Đập này tới năm 1958-1959, đông đảo thanh niên, học sinh Thủ đô tới đây lao động, đắp cao và mở rộng đường, nên thành phố cho đặt tên đường là Thanh Niên. Tên Trúc Bạch nguyên là tên một làng ở gần đây. Tương truyền ở đây có nhiều trúc, tới đời chúa Trịnh Giang cho xây một toà nhà nghỉ mát gọi là Trúc Lâm viện. Sau này viện này là nơi giam giữ các cung nữ phạm tội, họ phải tự dệt lụa để sinh sống. Lụa tiếng Hán là Bạch, nên lấy tên Trúc Bạch đặt tên cho làng và hồ gần đó. Trước đây hồ Trúc Bạch còn thông với các hồ nhỏ ở phía Bắc thành Hà Nội, hiện tại các hồ này thông qua quá trình đô thị hoá đã bị lấp.",,,,,,,,,,,
true,Trúc Khê,Nhân vật lịch sử,Văn hoá - nghệ thuật,"Trúc Khê, tên thật là Ngô Văn Triện, là nhà văn và nhà báo hoạt động trong giai đoạn đầu thế kỷ XX. Ông từng tham gia các phong trào yêu nước, bị bắt giam và quản thúc bởi chính quyền thực dân. Sau đó, ông chuyên viết báo, dịch thuật và biên khảo, để lại khoảng 60 tác phẩm thuộc nhiều lĩnh vực. Ông cũng tích cực tham gia phong trào truyền bá Quốc ngữ tại Hà Nội từ năm 1941 đến 1945. Năm 1946, ông lên sống tại xã Nghĩa Hương, huyện Quốc Oai, Hà Nội và mất tại đây.","Nhà văn, nhà báo, dịch giả",,Nhà Nguyễn & Pháp thuộc,"Chủ bút các báo Bắc Hà, Thương mại",,,,,,,22/5/1901 - 26/8/1947
true,Trúc Lạc,Địa danh,,"Trúc Lạc là một địa danh ở phía Bắc Hà Nội. Tên địa danh này được ghép từ hai thôn là Trúc Yên và Lạc Chính, xuất hiện từ đầu thế kỷ XX.",,,,,,,,,,,
true,Trung Hoà,Địa danh,,"Trung Hoà là một địa danh ở phía Tây Nam Hà Nội. Trước đây Trung Hoà là xã Trung Hoà thuộc huyện Từ Liêm, gồm các thôn Hoà Mục, Trung Kính Hạ và Trung Kính Thượng, vốn là các làng Hoà Mục (Kẻ Đáy) và Trung Kính (Kẻ Giàn/ Kẻ Dàn). Tên Trung Hoà có thể là ghép từ tên các làng.",,,,,,,,,,,
false,Trung Kiên,Không rõ,,,,,,,,,,,,,
true,Trung Kính,Địa danh,,"Trung Kính là một làng cổ ở phía Tây Hà Nội. Làng thuộc tổng Dịch Vọng, phủ Hoài Đức, tỉnh Hà Đông. Sau này tách thành hai thôn Trung Kính Thượng và Trung Kính Hạ, thuộc xã Trung Hoà, huyện Từ Liêm, ngoại thành Hà Nội, nay phố Trung Kính thuộc phường Yên Hoà. Trung Kính có tên chữ là Kính Chủ, tên Nôm là làng Dàn, Kẻ Dàn (có nhiều nguồn ghi làng Giàn, kẻ Giàn). Làng có hai Thành hoàng làng là Hoàng Nội và phu nhân là Cẩn Nương, tương truyền là tướng của vua Hùng. Đất đai ở làng tương đối nhiều nên dân gian có câu ""Thóc Kẻ Giàn, quan kẻ Mọc"".",,,,,,,,Kẻ Giàn/ Kẻ Dàn,Kính Chủ,,
true,Trung Liệt,Di tích,,"Trung Liệt là tên một ngôi đền ở Hà Nội. Trước đây đền ở phố Nguyễn Khuyến, sau này được chuyển đến gò Đống Đa. Đền thờ ba vị đã hy sinh khi chiến đấu với quân Pháp để giữ thành Hà Nội là Đoàn Thọ, Nguyễn Tri Phương và Hoàng Diệu.",,,,,,,,,,,
true,Trưng Nhị,Nhân vật lịch sử,Lãnh đạo,"Trưng Nhị là em gái của Trưng Trắc, sinh ra trong gia đình Lạc tướng ở huyện Mê Linh, nay thuộc tỉnh Vĩnh Phúc. Bà cùng chị lãnh đạo cuộc khởi nghĩa chống lại sự cai trị của nhà Đông Hán vào năm 40, giành lại quyền tự chủ cho người Việt. Sau khi chiếm được 65 thành trì, Trưng Trắc lên ngôi Nữ Vương, Trưng Nhị được phong làm Phó Vương. Cuộc kháng chiến kéo dài đến năm 43 thì thất bại trước quân Mã Viện. Theo sử Việt, hai bà đã tuẫn tiết tại sông Hát Giang. Trưng Nhị được ghi nhớ như một biểu tượng của tinh thần kháng chiến và vai trò của phụ nữ trong lịch sử Việt Nam.",Nữ thủ lĩnh quân sự,,Bắc Thuộc & khởi nghĩa,Phó Vương nước Lĩnh Nam,,Em của Trưng Trắc,,,,, - 5/3/43
false,Trung Phụng,Địa danh,,"Trung Phụng là tên một ngôi làng cổ ở phía Tây Nam Hà Nội. Làng trước đây thuộc tổng Hữu Nghiêm, sau thuộc tổng Yên Hoà và Vĩnh Yên, huyện Thọ Xương, nay phố Trung Phụng thuộc phường Văn Miếu - Quốc Tử Giám. Làng được hợp thành bởi hai làng Phụng Thánh và Thị Trung. Theo người làng, trước đây ở giáp Thái Kiều của làng Phụng Thánh có cung Tả Phụng Thánh của chúa Trịnh, sau này đã bị dỡ bỏ.",,,,,,,,,,,
false,Trung Tả,Di tích,,,,,,,,,,,,,
false,Trung Thư,Địa danh,,,,,,,,,,,,,
false,Trung Tiền,Địa danh,,,,,,,,,,,,,
true,Trưng Trắc,Nhân vật lịch sử,Lãnh đạo,"Trưng Trắc sinh tại huyện Mê Linh, quận Giao Chỉ (nay thuộc tỉnh Vĩnh Phúc). Bà là con gái của một Lạc tướng và vợ của Thi Sách, thủ lĩnh huyện Chu Diên. Năm 40, sau khi chồng bị Thái thú Tô Định giết, bà cùng em là Trưng Nhị phát động khởi nghĩa chống lại nhà Đông Hán. Cuộc khởi nghĩa nhanh chóng lan rộng, chiếm được 65 thành trì và thiết lập chính quyền độc lập tại Mê Linh. Bà được suy tôn làm Nữ vương, trở thành nữ quân chủ đầu tiên trong lịch sử Việt Nam. Năm 43, khởi nghĩa thất bại trước quân Hán do Mã Viện chỉ huy. Trưng Trắc mất trong trận chiến, để lại dấu ấn lớn trong lịch sử chống ngoại xâm đầu công nguyên.","Nữ vương, thủ lĩnh khởi nghĩa",,Bắc Thuộc & khởi nghĩa,Nữ vương Vương quốc Lĩnh Nam,,Chị của Trưng Nhị; vợ của Thi Sách,,,,, - 5/3/43
false,Trung Tựu,Địa danh,,,,,,,,,,,,,
false,Trung Văn,Địa danh,,,,,,,,,,,,,
false,Trung Yên (Hoàn Kiếm),Địa danh,,,,,,,,,,,,,
false,Trung Yên (Yên Hoà),Địa danh,,,,,,,,,,,,,
true,Trường Chinh,Nhân vật lịch sử,Lãnh đạo,"Trường Chinh, tên khai sinh là Đặng Xuân Khu, sinh tại làng Hành Thiện, xã Xuân Hồng, huyện Xuân Trường, tỉnh Nam Định. Ông tham gia hoạt động chính trị từ thập niên 1920 và giữ nhiều chức vụ cao trong bộ máy lãnh đạo Việt Nam từ trước năm 1945 đến cuối thập niên 1980. Ông có đóng góp lớn trong việc xây dựng đường lối chính trị, cải cách ruộng đất và hoạch định chính sách phát triển đất nước trong thời kỳ chiến tranh và hậu chiến. Ngoài ra, ông còn là một nhà lý luận với nhiều bài viết về chủ nghĩa Mác – Lênin và từng sử dụng bút danh Sóng Hồng trong sáng tác thơ.","Nhà chính trị, nhà lý luận",,Cách mạng & kháng chiến,Tổng Bí thư Ban Chấp hành Trung ương Đảng Cộng sản Việt Nam; Chủ tịch Hội đồng Nhà nước; Chủ tịch Quốc hội; Chủ nhiệm Ủy ban Khoa học Nhà nước; Cố vấn Ban Chấp hành Trung ương Đảng,,Cháu nội của Đặng Xuân Bảng,,,,,9/2/1907 - 30/9/1988
true,Trương Công Định,Nhân vật lịch sử,Cách mạng,"Trương Công Định sinh tại làng Tư Cung, phủ Bình Sơn, tỉnh Quảng Ngãi (nay thuộc xã Tịnh Khê, thành phố Quảng Ngãi). Ông theo cha vào Nam từ năm 1844 và định cư tại Gò Công, tỉnh Gia Định. Năm 1854, ông chiêu mộ dân nghèo lập đồn điền Gia Thuận và được triều đình bổ nhiệm làm Quản cơ. Sau khi quân Pháp tấn công Gia Định năm 1859, ông tham gia kháng chiến và tổ chức lực lượng nghĩa quân hoạt động tại các vùng Gò Công, Mỹ Tho, Chợ Lớn, Đồng Tháp Mười. Sau khi triều đình ký hòa ước Nhâm Tuất năm 1862, ông từ chối lệnh bãi binh và tiếp tục lãnh đạo kháng chiến. Ông mất năm 1864 trong một trận chiến tại Gò Công.","Võ quan, thủ lĩnh khởi nghĩa",,Nhà Nguyễn & Pháp thuộc,Quản cơ đồn điền Gia Thuận; Phó Lãnh binh Gia Định; Bình Tây Đại Nguyên Soái,,,,,,,1820 - 19/8/1864
true,Trương Công Giai,Nhân vật lịch sử,Quan chức,"Trương Công Giai sinh tại làng Thiên Kiện, xã Thanh Tâm, huyện Thanh Liêm, tỉnh Hà Nam. Ông đỗ Tiến sĩ năm 1685 khi mới 20 tuổi, là một trong những tiến sĩ trẻ nhất trong lịch sử khoa bảng Việt Nam. Trong sự nghiệp, ông giữ nhiều chức vụ quan trọng dưới triều Lê trung hưng, nổi bật với vai trò Tế tửu Quốc Tử Giám và Thượng thư Bộ Hình. Ông có đóng góp lớn trong lĩnh vực giáo dục và hành chính, từng tham gia chấm thi và tổ chức các kỳ thi Hương. Sau khi mất, ông được truy phong hàm Thiếu bảo và an táng tại núi A Hồ quê nhà.","Chính trị gia, nhà giáo, nhà thơ",,Phân tranh,"Tự khanh, Công bộ Hữu thị lang, Phó đô Ngự sử, Đô Ngự sử, Thượng thư Bộ Hình, Thượng thư Bộ Công, Tế tửu Quốc Tử Giám, Thượng trụ quốc Thượng trật Tướng công, tước Lỵ Quận công, hàm Thiếu bảo",,,,,,,19/11/1665 - 8/2/1728
true,Trương Hán Siêu,Nhân vật lịch sử,Văn hoá - nghệ thuật,"Trương Hán Siêu sinh tại làng Phúc Am, huyện Yên Ninh, lộ Trường Yên (nay thuộc thành phố Ninh Bình, tỉnh Ninh Bình). Ông từng là môn khách của Trần Quốc Tuấn và có đóng góp trong các cuộc kháng chiến chống Nguyên Mông. Trong sự nghiệp chính trị, ông giữ nhiều chức vụ cao dưới bốn đời vua Trần. Ông cùng Nguyễn Trung Ngạn biên soạn các bộ luật như Hoàng triều đại điển và Hình thư. Tác phẩm nổi bật của ông là Bạch Đằng giang phú, được đánh giá là áng văn chương tiêu biểu của thời Trần. Sau khi mất, ông được thờ tại Văn Miếu – Quốc Tử Giám.","Chính trị gia, sử gia, nhà thơ",,Nhà Trần,"Hàn lâm học sĩ, Hành khiển, Hữu ty lang trung, Tả ty lang trung kiêm Kinh lược sứ, Tả gián nghị đại phu, Tham tri chính sự; truy tặng Thái bảo và Thái phó",,,,,,,1274 - 1354
false,Trường Lâm,Địa danh,,,,,,,,,,,,,
false,Tư Đình,Địa danh,,,,,,,,,,,,,
false,Tự Do (Bạch Mai),Tư tưởng xã hội,,,,,,,,,,,,,
false,Tự Do (Long Biên),Tư tưởng xã hội,,,,,,,,,,,,,
,Tứ Hiệp,,,,,,,,,,,,,,
true,Từ Hoa,Nhân vật lịch sử,Phong kiến,"Từ Hoa công chúa là con gái vua Lý Thần Tông, sống vào thế kỷ XII. Bà nổi tiếng với niềm yêu thích nghề trồng dâu, nuôi tằm và dệt lụa. Theo sử liệu và truyền thuyết, bà xin vua cha cho lập trại Tằm Tang tại vùng ven hồ Dâm Đàm (nay là Hồ Tây, Hà Nội) để phát triển nghề thủ công này. Trại Tằm Tang về sau trở thành làng Nghi Tàm, một địa danh nổi tiếng với nghề tơ lụa của kinh thành Thăng Long. Sau khi mất, bà được dân làng tôn làm bà chúa nghề tằm tang và thờ tại chùa Kim Liên.",Hoàng tộc; Người truyền nghề thủ công,,Nhà Lý,Công chúa triều Lý,,,,,,, - 
true,Tu Hoàng,Địa danh,,"Tu Hoàng là tên một ngôi làng ở phía Tây Hà Nội. Làng có tên Nôm là Kẻ Nhổn, trước đây là một xã thuộc tổng Kim Thìa, huyện Đan Phượng, phủ Quốc Oai, trấn Sơn Tây, sau thuộc tỉnh Hà Đông; nay đường Nhổn là ranh giới của hai phường Tây Tựu và Xuân Phương. Làng vốn là làng nhỏ, chia thành hai giáp Đông và Đoài. Dân làng chủ yếu làm ruộng, nhưng do ở giao lộ giữa đường thiên lý nối Hà Nội đi Sơn Tây (nay là trục Quốc lộ 32) và đường vành đai nối Văn Điển lên đê sông Hồng (nay là Đường tỉnh 70A), nên làng có lợi thế buôn bán. Từ giữa thế kỷ XVII tại đây đã hình thành phố Nhổn, bán hàng ăn uống và giải khát cho khách vãng lai. Làng sớm lập hương ước với khá nhiều các điều về bảo vệ an ninh. Đình làng thờ vua Lý Nam Đế.",,,,,,,,,,,
false,Tứ Liên,Địa danh,,,,,,,,,,,,,
true,Tú Mỡ,Nhân vật lịch sử,Văn hoá - nghệ thuật,"Tú Mỡ, tên thật là Hồ Trọng Hiếu, là một nhà thơ trào phúng nổi bật trong văn học Việt Nam thế kỷ XX. Ông sinh tại phố Hàng Hòm, Hà Nội, và bắt đầu sáng tác từ năm 1916. Năm 1932, ông tham gia Tự Lực văn đoàn và phụ trách mục “Giòng nước ngược” trên báo Phong Hóa, chuyên viết thơ châm biếm xã hội thực dân nửa phong kiến. Sau Cách mạng tháng Tám, ông tiếp tục sáng tác với bút danh Bút Chiến Đấu, sử dụng thơ trào phúng để phục vụ kháng chiến. Với gần nửa thế kỷ cầm bút, ông có đóng góp lớn cho sự phát triển của thơ ca Việt Nam hiện đại.","Nhà thơ, soạn giả",,Cách mạng & kháng chiến,,,,,,,,14/3/1900 - 13/7/1976
false,Tức Mặc,Khác,,"Tức Mặc là tên một làng cổ thuộc thành phố Nam Định, là quê hương của Trần Hưng Đạo",,,,,,,,,,,
true,Tuệ Tĩnh,Nhân vật lịch sử,Y học,"Tuệ Tĩnh, tên thật là Nguyễn Bá Tĩnh, là người đặt nền móng cho y học cổ truyền Việt Nam. Ông chủ trương dùng thuốc Nam để chữa bệnh cho người Việt, với tư tưởng “Nam dược trị Nam nhân”. Trong thời gian tu hành, ông giảng dạy y thuật cho tăng sĩ và biên soạn các sách y học như Nam dược thần hiệu và Hồng Nghĩa giác tư y thư. Năm 1385, ông bị đưa sang Trung Quốc, tiếp tục hành nghề y và được triều Minh phong là Đại y Thiền sư. Tên ông được đặt cho phố Tuệ Tĩnh tại Hà Nội, gần các bệnh viện lớn, nhằm ghi nhận đóng góp của ông với nền y học dân tộc.","Thiền sư, lương y, nhà văn",,Nhà Trần,Thái học sinh triều Trần; Đại y Thiền sư,,,,,,,1330 - 1400
true,Tưởng Dân Bảo,Nhân vật lịch sử,Cách mạng,"Tưởng Dân Bảo sinh tại làng Tó, tổng Tả Thanh Oai (nay thuộc xã Tả Thanh Oai, huyện Thanh Trì, Hà Nội). Ban đầu ông hoạt động trong Việt Nam Quốc dân Đảng, về sau chuyển sang Đảng Cộng sản Đông Dương. Sau Cách mạng tháng Tám, ông phụ trách tổ chức đoàn tàu đón tù chính trị từ Côn Đảo về Nam Bộ. Cuộc đời hoạt động của ông gắn với các phong trào cách mạng tiền khởi nghĩa và giai đoạn đầu chính quyền cách mạng.",Nhà hoạt động cách mạng,,Cách mạng & kháng chiến,Thành viên Việt Nam Quốc dân Đảng; cán bộ Đảng Cộng sản Đông Dương,,,,,,,1907 - 1947
true,Tương Mai,Địa danh,,"Tương Mai là một làng cổ ở phía Nam Hà Nội. Làng trước đây thuộc tổng Hoàng Mai, huyện Thanh Trì, phủ Thường Tín, trấn Sơn Nam Thượng, nay phố Tương Mai thuộc phường Tương Mai. Làng thuộc vùng Kẻ Mơ, vốn là một phần của làng Hoàng Mai, tới khoảng thế kỷ XVI - XVII thì tách ra. Đường Trương Định (một phần của con đường thiên lý Bắc Nam) chạy qua làng. Làng nổi tiếng với nghề nấu cơm thuê phục vụ lễ hội, đình đám, nên được gọi là Mơ Cơm để phân biệt với các làng Mơ khác như Mơ Thịt (Bạch Mai), Mơ Rượu (Hoàng Mai), Mơ Táo (Mai Động). Đình Tương Mai thờ danh tướng Trần Khát Chân – người lập đại công khi tiêu diệt Chế Bồng Nga năm 1390. Làng có chùa Linh Ứng, dựng từ thời Lê, lưu giữ bia đá niên hiệu Phúc Thái 2 (1644).",,"Nấu cơm thuê, phục vụ lễ hội và cúng tế",,,,,,Kẻ Mơ,"Mơ Cơm, Mơ Tương",,
true,Tương Thuận,Địa danh,,"Tương Thuận là tên một làng cổ ở phía Tây Nam Hà Nội. Làng vốn là một thôn thuộc Khâm Thiên Giám, thuộc tổng Tiền Nghiêm, sau thuộc tổng Vĩnh Xương/ Vĩnh Yên, huyện Thọ Xương, nay ngõ Tô Tiền thuộc phường Văn Miếu - Quốc Tử Giám. Tới giữa thế kỷ XIX, thôn Tương Thuận cùng thôn Khâm Đức, Tô Tiền và Trung Kính hợp lại thành thôn Mỹ Đức.",,,,,,,,,,,
,Tựu Liệt,,,,,,,,,,,,,,
false,Tựu Phúc,Không rõ,,,,,,,,,,,,,
false,Vạn Bảo,Địa danh,,,,,,,,,,,,,
true,Văn Cao,Nhân vật lịch sử,Văn hoá - nghệ thuật,"Văn Cao, tên thật là Nguyễn Văn Cao, là một nghệ sĩ đa tài của Việt Nam thế kỷ XX, nổi bật trong cả ba lĩnh vực âm nhạc, hội họa và thi ca. Ông sinh tại Hải Phòng, quê gốc ở Nam Định. Là tác giả của ca khúc “Tiến quân ca”, Văn Cao đã để lại dấu ấn sâu đậm khi bài hát này được chọn làm quốc ca của nước Việt Nam Dân chủ Cộng hòa và sau đó là Cộng hòa Xã hội Chủ nghĩa Việt Nam. Ngoài ra, ông còn sáng tác nhiều ca khúc tiền chiến và kháng chiến như “Trường ca Sông Lô”, “Tiến về Hà Nội”, cùng các tranh sơn dầu và bài thơ có giá trị nghệ thuật cao. Năm 1996, ông được truy tặng Giải thưởng Hồ Chí Minh về văn học nghệ thuật.","Nhạc sĩ, họa sĩ, nhà thơ",,Cách mạng & kháng chiến,"Hội viên sáng lập Hội Nhà văn Việt Nam, Hội viên Hội Nhạc sĩ Việt Nam, Hội viên Hội Mỹ thuật Việt Nam",,,,,,,15/11/1923 - 10/7/1995
true,Văn Chương,Địa danh,,"Văn Chương là tên một làng cổ ở khu vực phía Tây Nam Hà Nội. Làng có tên gốc là Văn Hương, do kỵ huý mẹ nuôi vua Kiến Phúc nên phải đổi thành Văn Chương. Làng thuộc tổng Hữu Nghiêm, huyện Thọ Xương, sau thuộc tổng Vĩnh Yên/ Yên Hoà, huyện Thọ Xương, nay ngõ Văn Chương thuộc phường Văn Miếu - Quốc Tử Giám.",,,,,,,,,Văn Hương,,
false,Văn Điển,Địa danh,,,,,,,,,,,,,
false,Vân Đồn,Sự kiện lịch sử,,,,,Nhà Trần,,,,,,,Thuỷ chiến nhà Trần,
true,Vạn Hạnh,Nhân vật lịch sử,Tôn giáo,"Vạn Hạnh sinh tại châu Cổ Pháp, Tĩnh Hải quân (nay thuộc thành phố Từ Sơn, tỉnh Bắc Ninh). Ông xuất gia từ năm 21 tuổi, tu học theo Thiền phái Tì-ni-đa-lưu-chi và trở thành trụ trì chùa Lục Tổ. Ông thông thạo Nho, Phật, Đạo và được vua Lê Đại Hành trọng dụng làm cố vấn. Trong thời kỳ chuyển giao quyền lực từ nhà Tiền Lê sang nhà Lý, ông đóng vai trò quan trọng trong việc vận động dư luận và chuẩn bị chính trị để Lý Công Uẩn lên ngôi, mở đầu triều đại nhà Lý năm 1010. Ông mất năm 1018, được an táng tại chùa Tiêu Sơn, Bắc Ninh. Tên ông gắn liền với tư tưởng “tùy duyên mà hóa độ”, có ảnh hưởng sâu rộng trong lịch sử Phật giáo và chính trị Việt Nam.","Thiền sư, nhà chính trị, nhà giáo",,Nhà Lý,Trụ trì chùa Lục Tổ; Cố vấn triều Tiền Lê; Thầy của Lý Công Uẩn,,,,,,,938 - 1018
false,Vân Hồ,Địa danh,,,,,,,,,,,,,
false,Văn Hội,Không rõ,,,,,,,,,,,,,
false,Văn Hương,Địa danh,,"Văn Hương là tên một làng cổ ở khu vực phía Tây Nam Hà Nội. Do kỵ huý mẹ nuôi vua Kiến Phúc nên phải đổi thành Văn Chương. Làng thuộc tổng Hữu Nghiêm, huyện Thọ Xương, sau thuộc tổng Vĩnh Yên/ Yên Hoà, huyện Thọ Xương, nay ngõ Văn Hương thuộc phường Văn Miếu - Quốc Tử Giám.",,,,,,,,,Văn Chương,,
false,Văn Khê,Địa danh,,,,,,,,,,,,,
false,Vạn Kiếp,Sự kiện lịch sử,,,,,Nhà Trần,,,,,,,Thuỷ chiến nhà Trần,
true,Văn La,Địa danh,,"Văn La là một làng cổ ở phía Tây Nam, Hà Nội. Hiện tại địa danh nay đang ở ranh giới giữa hai phường Kiến Hưng và Phú Lương. Văn La còn có tên khác là Ba La, có thể do từ ""Ba"" khó tìm chữ Nôm tương ứng nên đổi thành Văn La. Có một số nguồn cho rằng làng này được lập ra bởi các tù binh Chiêm Thành bị các vua nhà Lý, nhà Lê bắt được đưa đến đây khai khẩn.",,,,,,,,,,,
false,Văn Lang,Triều đại/ Quốc hiệu,,,,,,,,,,,,,
false,Văn Miếu,Địa danh,,,,,,,,,,,,,
false,Văn Minh,Không rõ,,,,,,,,,,,,,
false,Văn Nội,Địa danh,,,,,,,,,,,,,
false,Văn Phú,Địa danh,,,,,,,,,,,,,
false,Văn Phúc,Không rõ,,,,,,,,,,,,,
false,Vạn Phúc (Hà Đông),Địa danh,,,,,,,,,,,,,
false,Vạn Phúc (Ngọc Hà),Địa danh,,,,,,,,,,,,,
false,Văn Quán,Địa danh,,,,,,,,,,,,,
true,Văn Tân,Nhân vật lịch sử,Văn hoá - nghệ thuật,"Văn Tân, tên khai sinh là Trần Đức Sắc, sinh tại làng Kim Hoàng, xã Vân Canh, huyện Hoài Đức, Hà Nội. Ông từng hoạt động báo chí cách mạng, bị giam tại nhà tù Sơn La trong 10 năm, sau đó giảng dạy tại khu học xá Trung Quốc và công tác tại Viện Sử học. Ông là một trong những nhà sử học đầu tiên của Việt Nam, có nhiều đóng góp trong nghiên cứu lịch sử cổ – trung đại, văn học và từ điển học. Các công trình tiêu biểu gồm Cách mạng Tây Sơn, Lịch sử Việt Nam sơ giản, Thời đại Hùng Vương, và Lịch sử ngoại giao Việt Nam – Trung Quốc. Ông được trao Giải thưởng Nhà nước năm 2000 cho cụm công trình về nhà Tây Sơn.","Nhà sử học, nhà nghiên cứu văn học và từ điển học",,Cách mạng & kháng chiến,Giáo sư; Thư ký tòa soạn Tạp chí Nghiên cứu Lịch sử; Chủ nhiệm Tổ Phiên dịch Viện Sử học,,,,,,,1/9/1913 - 30/9/1988
true,Văn Tiến Dũng,Nhân vật lịch sử,Quân sự,"Văn Tiến Dũng, bí danh Lê Hoài, sinh tại xã Cổ Nhuế, huyện Từ Liêm, Hà Nội. Ông tham gia cách mạng từ năm 1936, bị thực dân Pháp bắt giam ba lần và từng vượt ngục thành công. Sau Cách mạng Tháng Tám, ông giữ nhiều chức vụ trong quân đội, nổi bật là Chính ủy Chiến khu 2 và Cục trưởng Cục Chính trị. Ông là người trực tiếp chỉ huy Chiến dịch Hồ Chí Minh năm 1975, góp phần quan trọng vào việc kết thúc chiến tranh và thống nhất đất nước. Trong sự nghiệp quân sự, ông có đóng góp lớn vào việc xây dựng lý luận và nghệ thuật quân sự Việt Nam hiện đại. Tên ông được đặt cho một con đường ở gần Cổ Nhuế để tri ân công lao của ông.","Quân nhân, nhà hoạt động cách mạng, chính khách",,Cách mạng & kháng chiến,"Đại tướng Quân đội Nhân dân Việt Nam; Tổng Tham mưu trưởng Quân đội Nhân dân Việt Nam (1953–1978); Bộ trưởng Bộ Quốc phòng (1980–1986); Bí thư Đảng ủy Quân sự Trung ương; Ủy viên Bộ Chính trị khóa III, IV",,,,,,,2/5/1917 - 17/3/2002
false,Văn Trì,Địa danh,,"Văn Trì là làng cổ thuộc phường Minh Khai, quận Bắc Từ Liêm, Hà Nội. Tên cũ là Kiều Trì, do trước cửa đình có cầu bắc qua ngòi tiêu nước. Làng nổi tiếng với nghề mộc tinh xảo, từng chủ trì việc kiệu đình Chèm lên cao hơn 2 mét năm 1902 để tránh lụt, do thợ Vương Văn Địch của làng thực hiện. Văn Trì có đặc sản gạo tám đen dùng làm bánh tẻ, được ca tụng trong câu “Bánh đúc làng Kẻ, bánh tẻ làng Diễn”. Làng còn có giống hồng không hạt, thơm ngọt, từng ghi trong sách “Đại Nam nhất thống chí”. Đình làng lưu tấm bia trụ khắc năm 1700, ghi lại việc mua nhà giáo phường để làm đình, phản ánh sinh hoạt văn hóa cổ. Vị trí làng nằm gần sông Nhuệ, phía Tây kinh thành Thăng Long, là vùng đất văn hóa – nghề nghiệp đặc sắc của Kẻ Diễn xưa.",,"Nghề mộc, trồng hồng không hạt, làm bánh tẻ từ gạo tám đen",,,,,,Kẻ Diễn,Kiều Trì,,
,Vạn Ứng,,,,,,,,,,,,,,
false,Vạn Xuân,Triều đại/ Quốc hiệu,,,,,,,,,,,,,
false,Văn Yên,Không rõ,,,,,,,,,,,,,
false,Vệ Hồ,Địa danh,,,,,,,,,,,,,
false,Viên,Địa danh,,,,,,,,,,,,,
,Viên Chiếu,,,,,,,,,,,,,,
false,Việt Hà,Không rõ,,,,,,,,,,,,,
false,Việt Hưng,Địa danh,,,,,,,,,,,,,
false,Vĩnh Hồ,Địa danh,,,,,,,,,,,,,
false,Vĩnh Hoàng,Địa danh,,,,,,,,,,,,,
false,Vĩnh Hưng,Địa danh,,,,,,,,,,,,,
true,Vĩnh Phúc,Địa danh,,"Vĩnh Phúc là một ngôi làng cổ ở phía Tây Hà Nội, thuộc hệ thống Thập Tam Trại. Làng thuộc tổng Nội, huyện Vĩnh Thuận, nay thuộc phường Ngọc Hà, Hà Nội. Tên gốc của làng là Cống Yên, năm 1866 đổi thành Cống Trại, đầu thế kỷ XX mới đổi thành Vĩnh Phúc. Vĩnh Phúc gồm ba xóm, phân tán thành ba khu vực, trong đó có xóm Thượng là làng Cống Yên gốc và hai xóm Trung và Hạ thành lập sau này, được thành lập trên cơ sở người các vùng khác di cư đến. Đình làng Vĩnh Phúc thờ ông Hoàng Phúc Trung, người làng Lệ Mật, có công thành lập ra Thập Tam Trại từ thời Lý.",,,,,,,,,Cống Yên,,
false,Vĩnh Tuy,Địa danh,,Vĩnh Tuy là tên một ngôi làng cổ ở phía Đông Nam Hà Nội. Làng có tên gốc là Vĩnh Hưng Sở.,,,,,,,,,,,
true,Võ Chí Công,Nhân vật lịch sử,Lãnh đạo,"Võ Chí Công, tên khai sinh là Võ Toàn, sinh tại xã Tam Xuân, huyện Tam Kỳ, tỉnh Quảng Nam. Ông tham gia hoạt động cách mạng từ năm 1930, từng bị bắt và kết án tù chung thân. Sau Cách mạng Tháng Tám, ông giữ nhiều chức vụ lãnh đạo tại miền Trung và miền Nam. Trong thời kỳ kháng chiến, ông là Phó Bí thư Trung ương Cục miền Nam và giữ vai trò quan trọng trong Mặt trận Dân tộc Giải phóng miền Nam. Sau năm 1975, ông đảm nhiệm nhiều chức vụ trong chính phủ và Đảng, đặc biệt là Chủ tịch Hội đồng Nhà nước giai đoạn 1987–1992. Ông có đóng góp lớn trong công tác tổ chức, cải cách nông nghiệp và xây dựng chính quyền.",Chính trị gia,,Cách mạng & kháng chiến,"Chủ tịch Hội đồng Nhà nước, Phó Chủ tịch Hội đồng Bộ trưởng, Bộ trưởng Bộ Hải sản, Bộ trưởng Bộ Nông nghiệp, Thường trực Ban Bí thư, Bí thư Trung ương Đảng, Ủy viên Bộ Chính trị khóa IV–VI, Ủy viên Trung ương Đảng khóa III–VI, Đại biểu Quốc hội khóa VI–VIII, Cố vấn Ban Chấp hành Trung ương Đảng",,,,,,,7/8/1912 - 8/9/2011
true,Võ Quý Huân,Nhân vật lịch sử,Kỹ thuật,"Võ Quý Huân sinh tại Đà Nẵng, quê gốc ở xã Thanh Tùng, huyện Thanh Chương, tỉnh Nghệ An. Ông du học tại Pháp từ năm 1937 và tốt nghiệp với ba bằng kỹ sư các ngành cơ điện, đúc luyện kim và kỹ nghệ chuyên nghiệp. Sau khi trở về Việt Nam năm 1946 theo lời kêu gọi của Chủ tịch Hồ Chí Minh, ông tham gia xây dựng ngành công nghiệp luyện kim phục vụ kháng chiến. Ông là người đầu tiên nghiên cứu và sản xuất thành công hợp kim ferô silic và những mẻ thép đầu tiên trong nước. Ngoài ra, ông đặt nền móng cho đào tạo công nhân kỹ thuật, góp phần hình thành hệ thống giáo dục nghề nghiệp tại Việt Nam.",Kỹ sư luyện kim,,Cách mạng & kháng chiến,"Giám đốc Sở Khoáng chất kỹ nghệ Trung bộ, Hiệu trưởng Trường Dạy nghề Công nhân Kỹ thuật 1 (tiền thân Đại học Công nghiệp Hà Nội)",,,,,,,7/11/1912 - /9/1967
true,Võ Thị Sáu,Nhân vật lịch sử,Cách mạng,"Võ Thị Sáu sinh năm 1933 tại xã Phước Thọ, huyện Đất Đỏ, tỉnh Bà Rịa (nay thuộc tỉnh Bà Rịa – Vũng Tàu). Bà xuất thân trong một gia đình lao động nghèo, từ nhỏ đã tham gia tiếp tế cho lực lượng kháng chiến. Năm 14 tuổi, bà trở thành đội viên Công an xung phong Đất Đỏ, tham gia nhiều trận tập kích bằng lựu đạn nhằm vào các sĩ quan Pháp và những người Việt cộng tác. Bà bị bắt năm 1949 và bị giam tại nhiều nhà tù, trong đó có Chí Hòa và Côn Đảo. Ngày 23/1/1952, bà bị xử bắn tại Côn Đảo khi chưa tròn 19 tuổi. Võ Thị Sáu được truy tặng danh hiệu Anh hùng Lực lượng vũ trang nhân dân năm 1993.",Du kích,,Cách mạng & kháng chiến,Anh hùng Lực lượng vũ trang nhân dân; Đội viên Công an xung phong Đất Đỏ,,,,,,,1933 - 23/1/1952
false,Vo Thượng,Địa danh,,,,,,,,,,,,,
false,Vo Trung,Địa danh,,,,,,,,,,,,,
true,Võ Văn Dũng,Nhân vật lịch sử,Quân sự,"Võ Văn Dũng sinh tại thôn Phú Mỹ, huyện Bình Khê, nay là huyện Tây Sơn, tỉnh Bình Định. Ông là một trong “Tứ kiệt” của triều Tây Sơn, cùng với Ngô Văn Sở, Bùi Thị Xuân và Trần Quang Diệu. Ông từng giữ chức Đại đô đốc, tham gia nhiều chiến dịch lớn như đánh tan quân Thanh năm 1789 và chống lại quân Nguyễn Ánh. Dù sử liệu về ông còn hạn chế, Võ Văn Dũng được ghi nhận là một trong những tướng lĩnh tài năng và trung thành của phong trào Tây Sơn.","Quân nhân, danh tướng",,Nhà Tây Sơn,Đại đô đốc quân Tây Sơn,,,,,,,1750 - 
true,Vọng,Địa danh,,"Vọng là tên một ngôi làng cổ ở phía Nam Hà Nội. Làng trước đây thuộc tổng Thịnh Liệt (còn gọi là tổng Sét), huyện Thanh Trì, nay phố Phương Liệt thuộc phường Phương Liệt. Làng gốc là Giáp Cửu, là một giáp (đơn vị nhỏ hơn của làng) của làng Thịnh Liệt (tên Nôm là Kẻ Sét), sau này tách thành làng riêng. Làng có địa giới rất rộng, kéo dài từ khoảng sân bay Bạch Mai (đường Lê Trọng Tấn hiện nay) đến ngã tư Vọng. Làng sau này lấy thêm tên chữ Hán là Phương Liệt, tiếng Hán có nghĩa là thơm tho, do trong địa giới của làng có nhiều ao hồ và trồng nhiều sen, nên dân làng sống bằng nghề làm ruộng, đánh bắt cá, ươm rau muống bè, bán lá và hoa sen. Làng là nơi cung cấp lá sen để gói cốm của làng Vòng và gói cà bát muối của làng Hạ Đình. Sau này khi người Pháp xây dựng thành phố Hà Nội, dân làng Phương Liệt nhận làm cả nghề quét vôi. Đình làng thờ Cao Sơn Đại vương.",,,,,,,,,,,
false,Vọng Đức,Địa danh,,,,,,,,,,,,,
false,Vọng Hà,Địa danh,,,,,,,,,,,,,
false,Võng Thị,Địa danh,,,,,,,,,,Kẻ Bưởi,,,
true,Vũ Đình Tụng,Nhân vật lịch sử,Quan chức,"Vũ Đình Tụng sinh tại thôn Trình Xuyên, xã Liên Bảo, huyện Vụ Bản, tỉnh Nam Định. Ông tốt nghiệp Trường Cao đẳng Y khoa Đông Dương và từng làm bác sĩ phẫu thuật tại Bệnh viện Thuộc địa Hà Nội. Sau Cách mạng Tháng Tám, ông giữ nhiều chức vụ quan trọng trong ngành y tế và xã hội, nổi bật là Bộ trưởng Bộ Thương binh – Cựu binh từ 1947 đến 1959 và Chủ tịch Hội Chữ thập đỏ Việt Nam trong gần ba thập kỷ. Ông tham gia giảng dạy tại Đại học Y khoa kháng chiến và có đóng góp lớn trong công tác cứu trợ, y tế cộng đồng và hoạt động nhân đạo thời kháng chiến.","Bác sĩ, chính trị gia, nhà giáo",,Cách mạng & kháng chiến,"Bộ trưởng Bộ Thương binh – Cựu binh, Giám đốc Nha Y tế Bắc Bộ, Giám đốc Nha Y tế Trung ương, Chủ tịch Hội Chữ thập đỏ Việt Nam, Ủy viên Ủy ban Trung ương Mặt trận Tổ quốc Việt Nam, Phó Chủ tịch Ủy ban Bảo vệ hòa bình thế giới của Việt Nam, Ủy viên Ủy ban Đoàn kết Công giáo Việt Nam",,,,,,,4/5/1895 - 7/7/1973
true,Vũ Đức Thận,Nhân vật lịch sử,Kỹ thuật,"Vũ Đức Thận sinh tại Hà Nội, là một trong bảy người đầu tiên đỗ khóa kỹ sư Công chính Đông Dương năm 1944. Ông từng lãnh đạo trí thức Việt Minh giành chính quyền ở Huế năm 1945 và giữ nhiều chức vụ trong ngành giao thông và xây dựng. Ông chỉ huy mở đường lên Tây Bắc phục vụ chiến dịch Điện Biên Phủ, xây dựng sân bay Nội Bài, khu ATK và hệ thống hầm phòng không tại Hà Nội. Sau năm 1975, ông được giao chỉ huy xây dựng Lăng Chủ tịch Hồ Chí Minh và là Tổng Giám đốc đầu tiên của công trình Thủy điện Hòa Bình.","Kỹ sư, nhà quản lý xây dựng, nhà giáo, cán bộ cách mạng",,Cách mạng & kháng chiến,"Hiệu trưởng Trường Cao đẳng Giao thông Công chính; Thứ trưởng Bộ Kiến trúc; Thứ trưởng Bộ Xây dựng; Tổng Giám đốc đầu tiên của Thủy điện Hòa Bình; Giám đốc Giao thông Trung bộ, Liên khu IV, Tây Bắc",,,,,,,1916 - 1990
true,Vũ Đức Uý,Nhân vật lịch sử,Tổ nghề,"Vũ Đức Uý quê ở Hải Dương, từng làm quan dưới triều vua Lê Hiển Tông (1740-1786). Trong thời gian được cử làm phó sứ sang Trung Quốc, ông đã học hỏi nhiều nghề thủ công và khi trở về nước đã truyền lại cho dân địa phương, đặc biệt là nghề làm quai thao cho nón thúng, nón ba tầm. Nhờ đó, ông được xem là tổ nghề nón quai thao, một loại nón truyền thống gắn liền với văn hóa dân gian vùng đồng bằng Bắc Bộ. Công lao của ông được nhân dân ghi nhận và thờ phụng như một vị tổ nghề.","Quan lại, nhà ngoại giao, người truyền nghề thủ công",,Phân tranh,Phó sứ triều Lê Hiển Tông,Phó trưởng đoàn ngoại giao Việt Nam tại Trung Quốc,,,,,, - 
true,Vũ Hữu,Nhân vật lịch sử,Quan chức,"Vũ Hữu sinh tại làng Mộ Trạch, huyện Đường An, phủ Thượng Hồng, trấn Hải Dương (nay thuộc xã Tân Hồng, huyện Bình Giang, tỉnh Hải Dương). Ông là người đầu tiên ở Việt Nam được ghi nhận có công trình toán học, với tác phẩm “Lập thành toán pháp” chuyên về đo đạc và tính toán diện tích ruộng đất. Ngoài sự nghiệp khoa bảng, ông từng giữ nhiều chức vụ cao trong triều đình nhà Hậu Lê và được vua tin dùng ngay cả khi đã về hưu. Ông cũng nổi tiếng với khả năng tính toán chính xác trong việc sửa chữa các công trình kiến trúc như cửa thành Thăng Long.","Nhà toán học, quan lại triều đình",,Nhà Hậu Lê,Hoàng giáp; Khâm hình viện lang trung; Thượng thư bộ Hộ; Thượng thư bộ Lễ; Thái bảo; Tùng Dương hầu,,,,,,,1437 - 1530
true,Vũ Hữu Lợi,Nhân vật lịch sử,Cách mạng,"Vũ Hữu Lợi sinh tại thôn Giao Cù, xã Đồng Sơn, huyện Nam Trực, tỉnh Nam Định. Ông xuất thân từ gia đình nho học nghèo, nổi tiếng thông minh và học giỏi từ nhỏ. Sau khi đỗ Cử nhân năm 1870 và Tiến sĩ năm 1875 dưới triều Tự Đức, ông được bổ nhiệm giữ nhiều chức vụ quan trọng tại Nam Định và triều đình Huế. Sau khi thực dân Pháp chiếm Nam Định, ông từ quan về quê, bí mật chiêu mộ nghĩa quân cùng Đỗ Huy Liêu nhằm giành lại tỉnh thành. Cuộc khởi nghĩa bị phát giác, ông bị bắt và xử chém tại chợ Nam Định vào đêm 30 Tết năm Đinh Hợi (1887). Ông để lại một số bài thơ yêu nước, trong đó có bài “Xuân cảm” được lưu truyền trong giới nho sĩ.","Quan lại, nhà giáo, sĩ phu yêu nước",,Nhà Nguyễn & Pháp thuộc,Đốc học Nam Định; Thương biện Nam Định; Tá lý Bộ Binh triều Nguyễn,,,,,,,8/8/1836 - 30/1/1887
true,Vũ Lập,Nhân vật lịch sử,Quân sự,"Vũ Lập (tên thật là Lã Ngọc Lập) quê tại xã Phú Lãm, quận Hà Đông, thành phố Hà Nội. Ông tham gia hoạt động cách mạng từ sớm và có nhiều đóng góp trong hai cuộc kháng chiến chống Pháp và chống Mỹ. Ông gắn bó nhiều năm với địa bàn Tây Bắc, trực tiếp chỉ huy các lực lượng vũ trang xây dựng căn cứ địa và chiến đấu bảo vệ biên giới phía Bắc. Trên cương vị Tư lệnh Quân khu 2, ông đã chỉ đạo công tác phòng thủ, xây dựng lực lượng vũ trang địa phương vững mạnh và củng cố tuyến biên giới quốc gia.",Sĩ quan quân đội (Trung tướng),,Cách mạng & kháng chiến,"Tư lệnh Quân khu 2, Ủy viên Ban Chấp hành Trung ương Đảng Cộng sản Việt Nam",,,,,,,25/11/1924 - 21/6/1987
true,Vũ Miên,Nhân vật lịch sử,Quan chức,"Vũ Miên sinh tại xã Xuân Lan, tổng Lâm Thao, huyện Lương Tài, phủ Thuận An, trấn Kinh Bắc (nay thuộc tỉnh Bắc Ninh). Ông đỗ Tiến sĩ năm 1748 dưới triều Lê Hiển Tông và từng giữ nhiều chức vụ cao trong triều đình. Ông nổi bật với vai trò Tổng tài Quốc Sử Quán, chủ trì biên soạn bộ Đại Việt sử ký tục biên, ghi chép lịch sử từ năm 1676 đến 1739. Ngoài ra, ông còn sáng tác thơ Nôm, tiêu biểu là tập Bắc sứ tự thuật ghi lại cảm xúc trong chuyến đi sứ Trung Quốc. Với tư cách Tế tửu Quốc Tử Giám, ông có ảnh hưởng lớn trong giáo dục và khoa cử thời Lê trung hưng.","Chính trị gia, sử gia, nhà thơ, nhà giáo",,Phân tranh,"Binh bộ Tả thị lang, Quốc Tử Giám Tế tửu, Quốc Sử Quán Tổng tài, Hành Tham tụng, Liên Khê hầu",,,,,,,1718 - 1782
true,Vũ Nam Long,Nhân vật lịch sử,Quân sự,"Vũ Nam Long (tên thật là Đoàn Văn Ưu, người dân tộc Tày) quê tại xã Đề Thám, huyện Hòa An (nay là phường Thục Phán, thành phố Cao Bằng), tỉnh Cao Bằng. Ông tham gia cách mạng từ sớm, thuộc thế hệ học viên Trường quân sự Hoàng Phố và là một trong những thành viên đầu tiên của Đội Việt Nam Tuyên truyền Giải phóng quân. Trong Cách mạng Tháng Tám năm 1945, ông trực tiếp chỉ huy đơn vị bảo vệ Chủ tịch Hồ Chí Minh từ chiến khu Tân Trào về Hà Nội. Trong hai cuộc kháng chiến, ông đảm nhiệm nhiều cương vị chỉ huy quan trọng như Sư đoàn trưởng Sư đoàn 304, Tư lệnh Quân khu 4, Phó Tư lệnh Quân khu Trị - Thiên. Sau chiến tranh, ông chuyển sang công tác nghiên cứu và giảng dạy, đóng góp vào việc đào tạo sĩ quan cao cấp tại Học viện Quốc phòng.",Sĩ quan quân đội (Trung tướng),,Cách mạng & kháng chiến,"Tư lệnh Quân khu 4, Phó Giám đốc Học viện Quân sự cấp cao",,,,,,,8/10/1921 - 1/7/1999
true,Vũ Ngọc Phan,Nhân vật lịch sử,Văn hoá - nghệ thuật,"Vũ Ngọc Phan là một nhà văn và nhà phê bình văn học nổi bật của Việt Nam thế kỷ XX. Ông sinh tại Hà Nội, xuất thân từ gia đình Nho học, từng giảng dạy, viết báo, dịch thuật và nghiên cứu văn học dân gian. Tác phẩm tiêu biểu của ông là bộ sách Nhà văn hiện đại, gồm các tiểu luận phê bình về 79 tác giả Việt Nam viết bằng chữ quốc ngữ. Sau Cách mạng tháng Tám, ông giữ nhiều chức vụ trong ngành văn hóa, trong đó có vai trò Tổng thư ký Hội Văn nghệ dân gian. Ông được truy tặng Giải thưởng Hồ Chí Minh về văn học nghệ thuật năm 1996.","Nhà văn, nhà nghiên cứu văn học",,Cách mạng & kháng chiến,Tổng thư ký Hội Văn nghệ dân gian Việt Nam,,,,,,,8/9/1902 - 14/6/1987
true,Vũ Phạm Hàm,Nhân vật lịch sử,Quan chức,"Vũ Phạm Hàm sinh tại làng Đôn Thư, huyện Thanh Oai, tỉnh Hà Đông (nay thuộc Hà Nội), trong một gia đình có truyền thống học hành. Ông là một trong số ít người trong lịch sử khoa cử Việt Nam đỗ Tam nguyên Đệ nhất giáp, tức đỗ đầu cả ba kỳ thi Hương, Hội và Đình dưới triều Nguyễn. Sau khi đỗ Thám hoa năm 1892, ông được bổ nhiệm làm Giáo thụ, sau đó thăng Đốc học Hà Nội và Án sát các tỉnh Hưng Hóa, Hải Dương. Ông cũng tham gia biên tập báo Đồng Văn và để lại nhiều tác phẩm văn thơ bằng chữ Hán và chữ Nôm như Thám hoa văn tập, Thư Trì thi tập, Tập Đường thuật hoài. Ông mất năm 1906 tại quê nhà, thọ 43 tuổi.","Nhà văn, nhà thơ, nhà giáo, quan lại",,Nhà Nguyễn & Pháp thuộc,Giáo thụ; Đốc học Hà Nội; Án sát Hưng Hóa và Hải Dương; Đồng văn quán triều Nguyễn,,,,,,,1864 - 1906
true,Vũ Quỳnh,Nhân vật lịch sử,Quan chức,"Vũ Quỳnh sinh tại làng Mộ Trạch, huyện Đường An, nay thuộc huyện Bình Giang, tỉnh Hải Dương. Ông đỗ Tiến sĩ năm 1478 dưới triều vua Lê Thánh Tông và từng giữ nhiều chức vụ quan trọng trong triều đình. Ông là một trong những sử gia tiêu biểu của thời Lê sơ, từng biên soạn và hiệu đính các bộ sử như Đại Việt thông giám thông khảo và Lĩnh Nam chích quái. Các công trình của ông góp phần định hình phương pháp biên sử và lưu giữ tư liệu văn hóa dân gian Việt Nam. Ông mất năm 1516 trên đường về quê.","Sử gia, nhà giáo, quan lại",,Nhà Hậu Lê,"Thượng thư Bộ Công, Bộ Binh, Bộ Lễ; Tư nghiệp Quốc tử giám; Đô tổng tài Quốc sử quán",,,,,,,1452 - 1516
true,Vũ Thạnh,Nhân vật lịch sử,Giáo dục,"Vũ Thạnh sinh tại làng Đan Loan, huyện Đường An, trấn Hải Dương (nay thuộc huyện Bình Giang, tỉnh Hải Dương). Ông xuất thân trong gia đình nghèo, từng tá túc tại chùa Báo Thiên ở Thăng Long để theo học. Năm 1685, ông đỗ Đình nguyên Thám hoa và được bổ nhiệm nhiều chức vụ trong triều đình nhà Lê. Sau khi bị bãi chức vì phát ngôn về các quan lại, ông mở trường dạy học tại làng Hào Nam, Hà Nội, thu hút hàng ngàn học trò, trong đó có nhiều người đỗ đạt cao. Ông chủ trương cải cách văn phong, đề cao thực học và để lại nhiều bài thơ chữ Hán cùng văn bia.","Nhà giáo, nhà thơ, quan lại",,Phân tranh,Đình nguyên Thám hoa; Hồng lô tự khanh; Thiêm đô ngự sử; Bồi tụng; Tư nghiệp Quốc Tử Giám; Tham chính,,,,,,,1664 - 1727
true,Vũ Tông Phan,Nhân vật lịch sử,Văn hoá - nghệ thuật,"Vũ Tông Phan sinh tại làng Hoa Đường, huyện Đường An (nay thuộc xã Thúc Kháng, huyện Bình Giang, tỉnh Hải Dương). Sau khi cáo quan, ông mở trường Tự Tháp ở Hà Nội, đào tạo nhiều nhân tài như Nguyễn Tư Giản, Lê Đình Diên, Phạm Hy Lượng. Ông để lại nhiều tác phẩm văn thơ như Tô Khê tùy bút tập, Lỗ Am di cảo thi tập, Thăng Long hoài cổ, thể hiện tư duy triết lý và cảm quan thiên nhiên. Ông có đóng góp lớn trong việc chấn hưng văn hóa Thăng Long giữa thế kỷ XIX.","Nhà giáo, danh sĩ, nhà thơ",,Nhà Nguyễn & Pháp thuộc,"Tiến sĩ năm 1826, Tham hiệp trấn Ninh Bình, Đốc học Bắc Ninh",,,,,,,1800 - 1851
true,Vũ Trọng Khánh,Nhân vật lịch sử,Quan chức,"Vũ Trọng Khánh sinh tại Hà Nội, quê gốc là làng Cự Đà, xã Cự Khê, huyện Thanh Oai, tỉnh Hà Đông (nay thuộc Hà Nội). Ông tốt nghiệp Cử nhân Luật năm 1936 và trở thành luật sư chuyên nghiệp năm 1941. Trong thời kỳ Mặt trận Bình dân, ông tham gia hoạt động yêu nước và từng giữ chức Thị trưởng Hải Phòng năm 1945. Sau Cách mạng Tháng Tám, ông được bổ nhiệm làm Bộ trưởng Bộ Tư pháp trong Chính phủ Lâm thời, là người chấp bút dự thảo Hiến pháp đầu tiên của nước Việt Nam Dân chủ Cộng hòa. Ông có đóng góp quan trọng trong việc định hình hệ thống pháp luật và nghề luật sư trong chế độ mới.","Luật sư, nhà hoạt động cách mạng, chính khách",,Cách mạng & kháng chiến,Bộ trưởng Bộ Tư pháp Chính phủ Lâm thời Việt Nam Dân chủ Cộng hòa; Thị trưởng Hải Phòng; Ủy viên hành chính thành phố Hải Phòng,,,,,,,13/3/1912 - 22/1/1996
true,Vũ Trọng Phụng,Nhân vật lịch sử,Văn hoá - nghệ thuật,"Vũ Trọng Phụng sinh tại làng Hảo, xã Liêu Xá, huyện Yên Mỹ, tỉnh Hưng Yên, nhưng lớn lên và mất tại Hà Nội. Ông là một trong những cây bút hiện thực phê phán nổi bật nhất của văn học Việt Nam đầu thế kỷ XX. Trong vòng chưa đầy một thập kỷ sáng tác, ông để lại nhiều tác phẩm có giá trị như Số đỏ, Giông tố, Làm đĩ, Kỹ nghệ lấy Tây, phản ánh sâu sắc đời sống xã hội và những nghịch lý thời thuộc địa. Văn phong của ông sắc sảo, trào phúng, đôi khi gây tranh cãi vì tính tả thực. Các tác phẩm của ông từng bị cấm lưu hành nhưng sau này được đánh giá lại và đưa vào sách giáo khoa.","Nhà văn, nhà báo",,Nhà Nguyễn & Pháp thuộc,,,,,,,,20/10/1912 - 13/10/1939
true,Vũ Tuấn Chiêu,Nhân vật lịch sử,Quan chức,"Vũ Tuấn Chiêu, còn gọi là Vũ Tuấn Thiều, tên tự Đôn Hối, sinh tại làng Xuân Lôi, xã Cổ Da, huyện Tây Chân (nay thuộc xã Nam Hùng, huyện Nam Trực, tỉnh Nam Định), trú quán tại làng Nhật Thiên, huyện Quảng Đức (nay thuộc phường Nhật Tân, quận Tây Hồ, Hà Nội). Ông đỗ Trạng nguyên khoa Ất Mùi năm Hồng Đức thứ 6 (1475), khi đã 50 tuổi. Bài văn sách của ông tại kỳ thi Đình được đánh giá cao về tư duy chính trị và quản lý xã hội. Ông làm quan đến chức Tả Thị lang Bộ Lại. Bài văn thi của ông hiện vẫn được lưu giữ trong gia phả họ Vũ tại Nhật Tân.","Nhà giáo, trạng nguyên, quan lại",,Nhà Hậu Lê,Tả Thị lang Bộ Lại,,,,,,,1426 - 
true,Vũ Tuyên Hoàng,Nhân vật lịch sử,Kỹ thuật,"Vũ Tuyên Hoàng quê tại xã Hải Triều, huyện Tiên Lữ, tỉnh Hưng Yên (là con trai của nhà văn Vũ Ngọc Phan và nữ sĩ Hằng Phương). Ông là nhà khoa học nông nghiệp hàng đầu Việt Nam, có đóng góp to lớn trong việc lai tạo và chọn lọc nhiều giống lúa, cây lương thực và cây ăn quả năng suất cao, chịu sâu bệnh dột phá như giống lúa xuân số 8, các giống lúa chịu ngập, chịu hạn. Trên các cương vị quản lý khoa học, ông thúc đẩy việc ứng dụng công nghệ sinh học vào sản xuất nông nghiệp và xây dựng hệ thống tổ chức nghiên cứu cây lương thực quốc gia, góp phần quan trọng bảo đảm an ninh lương thực và chuyển dịch cơ cấu nông nghiệp tại Việt Nam.","Giáo sư, Viện sĩ, Nhà nông học",,Cách mạng & kháng chiến,"Ủy viên Ban Chấp hành Trung ương Đảng Cộng sản Việt Nam, Ủy viên Ủy ban Thường vụ Quốc hội, Chủ tịch Liên hiệp các Hội Khoa học và Kỹ thuật Việt Nam, Viện trưởng Viện Cây lương thực và Cây thực phẩm",,,,,,,2/12/1938 - 26/2/2008
true,Vũ Văn Cẩn,Nhân vật lịch sử,Quân sự,"Vũ Văn Cẩn sinh tại làng Bạch Sam, huyện Mỹ Hào, tỉnh Hưng Yên. Ông tốt nghiệp Đại học Y Hà Nội năm 1943 và tham gia hoạt động cách mạng từ thời kỳ trước Cách mạng Tháng Tám. Năm 1946, ông gia nhập quân đội và được bổ nhiệm làm Cục trưởng Cục Quân y, sau đó giữ chức Phó Chủ nhiệm Tổng cục Hậu cần. Ông có nhiều đóng góp trong việc xây dựng hệ thống quân y, đặc biệt trong chiến dịch Điện Biên Phủ. Sau năm 1975, ông giữ chức Bộ trưởng Bộ Y tế và tham gia giảng dạy tại Đại học Y Hà Nội. Ông được phong quân hàm Thiếu tướng và là đại biểu Quốc hội trong nhiều khóa liên tiếp.","Bác sĩ, quân nhân, quan chức chính quyền",,Cách mạng & kháng chiến,Thiếu tướng Quân đội nhân dân Việt Nam; Cục trưởng Cục Quân y; Phó Chủ nhiệm Tổng cục Hậu cần; Bộ trưởng Bộ Y tế; Đại biểu Quốc hội khóa III–VII,,,,,,,1914 - 1982
true,Vũ Xuân Thiều,Nhân vật lịch sử,Quân sự,"Vũ Xuân Thiều sinh tại xã Hải An, huyện Hải Hậu, tỉnh Nam Định; cư trú tại phố Đặng Dung, Hà Nội. Ông từng là học sinh Trường Chu Văn An và sinh viên Đại học Bách khoa Hà Nội trước khi nhập ngũ năm 1965. Sau khi được đào tạo tại Liên Xô, ông trở thành phi công lái máy bay MIG-21. Trong chiến dịch “Điện Biên Phủ trên không” tháng 12 năm 1972, ông đã hy sinh khi lao thẳng vào máy bay B-52 của Mỹ để tiêu diệt mục tiêu. Ông được truy tặng danh hiệu Anh hùng Lực lượng vũ trang nhân dân.","Quân nhân, phi công",,Cách mạng & kháng chiến,"Anh hùng Lực lượng vũ trang nhân dân; Thượng úy Không quân Nhân dân Việt Nam; Trung đội trưởng Đại đội 9, Trung đoàn 927, Sư đoàn 371",,,,,,,1945 - 28/12/1972
true,Vương Thừa Vũ,Nhân vật lịch sử,Quân sự,"Vương Thừa Vũ, tên thật là Nguyễn Văn Đồi, sinh tại làng Vĩnh Ninh, xã Vĩnh Quỳnh, huyện Thanh Trì, phủ Thường Tín, tỉnh Hà Đông (nay thuộc Hà Nội). Ông từng học tại Trường Quân sự Hoàng Phố (Trung Quốc) và tham gia hoạt động cách mạng từ thập niên 1940. Sau Cách mạng Tháng Tám, ông giữ vai trò chỉ huy trưởng Mặt trận Hà Nội trong kháng chiến chống Pháp. Ông là Đại đoàn trưởng đầu tiên của Đại đoàn 308 – đơn vị chủ lực đầu tiên của Quân đội Nhân dân Việt Nam. Trong sự nghiệp quân sự, ông đảm nhiệm nhiều chức vụ cao cấp và có đóng góp lớn trong xây dựng lực lượng vũ trang nhân dân.","Quân nhân, nhà hoạt động cách mạng",,Cách mạng & kháng chiến,Trung tướng Quân đội Nhân dân Việt Nam; Tư lệnh Mặt trận Hà Nội; Đại đoàn trưởng kiêm Chính ủy Đại đoàn 308; Tư lệnh Quân khu Hữu Ngạn; Giám đốc Học viện Quân sự; Phó Tổng Tham mưu trưởng Quân đội Nhân dân Việt Nam; Giám đốc Học viện Quân chính,,,,,,,21/12/1910 - 10/9/1980
true,Xã Đàn,Địa danh,,"Xã Đàn (hay Đàn Xã Tắc) là một trong những loại đàn tế cổ. Vị trí của Đàn Xã Tắc nay được đánh dấu bởi một phiến đá lớn ở ngã tư Tôn Đức Thắng, Ô Chợ Dừa, Nguyễn Lương Bằng và Xã Đàn. Xã Đàn được lập từ thời Lý Thái Tông năm 1048 để tế Hậu Thổ và Thần Nông (là thần đất và thần ngũ cốc), là những vị thần quan trọng nhất trong xã hội nông nghiệp thời xưa. Nền Xã Đàn là một dải đất vuông, cao, trước đây có hai cây gạo lớn ở phía Bắc làng. Xã Đàn đã bị phá năm 1930, nay vẫn còn dấu vết. Tên Xã Đàn cũng được đặt cho một làng ở cạnh đó.",,,,,,,,,,,
false,Xa La,Địa danh,,,,,,,,,,,,,
false,Xốm,Địa danh,,"Xốm là tên Nôm của tổng Xốm, bao gồm các làng Quang Lãm, Thượng Mạo, Nhân Trạch, Văn Nội, Động Lãm",,,,,,,,,,,
,Xóm Chùa,,,,,,,,,,,,,,
true,Xuân Diệu,Nhân vật lịch sử,Văn hoá - nghệ thuật,"Xuân Diệu, tên thật Ngô Xuân Diệu, sinh tại thôn Tùng Giản, xã Phước Hòa, huyện Tuy Phước, tỉnh Bình Định; quê gốc là làng Trảo Nha, huyện Can Lộc, tỉnh Hà Tĩnh. Ông là một trong những gương mặt tiêu biểu của phong trào Thơ mới, nổi bật với tập Thơ thơ (1938). Thơ ông mang phong cách lãng mạn, ảnh hưởng phương Tây, đặc biệt là chủ nghĩa tượng trưng Pháp. Sau năm 1945, ông chuyển sang sáng tác thơ cách mạng và hoạt động văn hóa nghệ thuật. Ông để lại khoảng 450 bài thơ cùng nhiều tiểu luận, truyện ngắn và bài phê bình văn học.","Nhà thơ, nhà văn, nhà báo, nhà phê bình văn học, chính khách",,Cách mạng & kháng chiến,"Đại biểu Quốc hội khóa I, Thư ký tòa soạn Tạp chí Văn nghệ Việt Bắc, Ủy viên Thường vụ Hội Nhà văn Việt Nam, Ủy viên Hội Liên hiệp Văn học Nghệ thuật Việt Nam, Ủy viên Ban Chấp hành Hội Hữu nghị Việt – Xô, Viện sĩ thông tấn Viện Hàn lâm Khoa học CHDC Đức",,,,,,,2/2/1916 - 18/12/1985
false,Xuân Đỉnh,Địa danh,,Xuân Đỉnh là tên một ngôi làng cổ ở phía Tây Bắc Hà Nội. Làng trước thuộc,,"Trồng hồng xiêm, làm mứt kẹo truyền thống",,,,,,Kẻ Giàn,,,
false,Xuân Đỗ,Địa danh,,,,,,,,,,,,,
false,Xuân Khôi,Địa danh,,,,,,,,,,,,,
false,Xuân La,Địa danh,,,,,,,,,,Kẻ Sở,,,
false,Xuân Phương,Địa danh,,,,,,,,,,,,,
true,Xuân Quỳnh,Nhân vật lịch sử,Văn hoá - nghệ thuật,"Xuân Quỳnh, tên khai sinh Nguyễn Thị Xuân Quỳnh, sinh tại xã Văn Khê, thị xã Hà Đông, tỉnh Hà Tây (nay thuộc phường La Khê, quận Hà Đông, Hà Nội). Bà từng là diễn viên múa của Đoàn Văn công nhân dân Trung ương trước khi chuyển sang sáng tác văn học. Từ năm 1962, bà bắt đầu viết văn chuyên nghiệp và công tác tại các cơ quan báo chí, xuất bản. Thơ Xuân Quỳnh nổi bật với cảm xúc chân thành, sâu lắng, thể hiện tâm hồn người phụ nữ trong tình yêu và đời sống. Các tác phẩm tiêu biểu gồm Sóng, Thuyền và biển, Tự hát, Hoa cỏ may. Bà mất trong một vụ tai nạn giao thông cùng chồng là nhà viết kịch Lưu Quang Vũ và con trai. Xuân Quỳnh được truy tặng Giải thưởng Hồ Chí Minh về Văn học Nghệ thuật năm 2017.",Nhà thơ,,Cách mạng & kháng chiến,Hội viên Hội Nhà văn Việt Nam; Ủy viên Ban Chấp hành Hội Nhà văn Việt Nam khóa III; Biên tập viên Nhà xuất bản Tác phẩm mới,,Vợ của Lưu Quang Vũ,,,,,6/10/1942 - 29/8/1988
false,Xuân Tảo,Địa danh,,,,,,,,,,,,,
true,Xuân Thuỷ,Nhân vật lịch sử,Quan chức,"Xuân Thủy, tên thật là Nguyễn Trọng Nhâm, sinh tại thôn Hòe Thị, xã Xuân Phương, huyện Từ Liêm, Hà Nội. Ông hoạt động cách mạng từ năm 1932, từng bị giam tại Hỏa Lò và Sơn La, nơi ông tổ chức xuất bản báo trong tù. Ông là người sáng lập và Chủ tịch đầu tiên của Hội Nhà báo Việt Nam, từng phụ trách báo Cứu Quốc. Trong sự nghiệp ngoại giao, ông giữ chức Bộ trưởng Ngoại giao và là trưởng đoàn đàm phán tại Hội nghị Paris (1968–1973). Ông có đóng góp lớn trong lĩnh vực đối ngoại, báo chí và công tác mặt trận.","Nhà cách mạng, nhà báo, nhà ngoại giao, chính khách",,Cách mạng & kháng chiến,Bộ trưởng Bộ Ngoại giao Việt Nam Dân chủ Cộng hòa; Trưởng đoàn đàm phán tại Hội nghị Paris; Phó Chủ tịch kiêm Tổng Thư ký Hội đồng Nhà nước; Tổng Thư ký Ủy ban Thường vụ Quốc hội; Trưởng ban Dân vận và Mặt trận Trung ương; Trưởng ban Đối ngoại Trung ương; Chủ tịch Hội Nhà báo Việt Nam; Chủ tịch Hội Hữu nghị Việt – Xô; Chủ tịch Hội Hữu nghị Việt – Trung; Đại biểu Quốc hội khóa I đến VIII,,,,,,,2/9/1912 - 18/6/1985
false,Ỷ La,Địa danh,,,,,,,,,,,,,
false,Y Miếu,Di tích,,,,,,,,,,,,,
false,Y Sơn,Không rõ,,,,,,,,,,,,,
true,Yec Xanh,Nhân vật lịch sử,Y học,"Alexandre Yersin sinh tại Aubonne, Vaud, Thụy Sĩ. Ông là bác sĩ và nhà khoa học nổi tiếng với việc phát hiện ra trực khuẩn gây bệnh dịch hạch, sau này được đặt tên là Yersinia pestis. Ngoài nghiên cứu vi khuẩn học, ông còn có nhiều đóng góp trong lĩnh vực y học nhiệt đới, nông nghiệp và khí tượng tại Việt Nam. Ông là người đầu tiên khám phá Cao nguyên Lâm Viên và đề xuất xây dựng thành phố Đà Lạt. Yersin sống và làm việc tại Nha Trang trong nhiều năm, được người dân địa phương kính trọng gọi là “ông Năm” hay “Thầy Tư”.","Bác sĩ, nhà vi khuẩn học",,Nhà Nguyễn & Pháp thuộc,Hiệu trưởng đầu tiên Trường Y khoa Hà Nội; Nhà khoa học Viện Pasteur Paris và Viện Pasteur Nha Trang,,,,,,,22/9/1863 - 1/3/1943
false,Yên Bái,Sự kiện lịch sử,,,,,Nhà Nguyễn & Pháp thuộc,,,,,,,,
,Yên Bình (Hà Đông),,,,,,,,,,,,,,
,Yên Bình (Yên Nghĩa),,,,,,,,,,,,,,
true,Yên Duyên,Địa danh,,"Yên Duyên là tên một ngôi làng cổ ven sông Hồng, trước thuộc tổng Thanh Trì, huyện Thanh Trì, phủ Thường Tín, trấn Sơn Nam Thượng, sau thuộc tỉnh Cầu Đơ và tỉnh Hà Đông, nay phố Yên Duyên thuộc phường Hoàng Mai. Tên gốc của làng là An Duyên (nghĩa là mối tình duyên yên bình), gắn với truyền thuyết vua Lý Nhân Tông gặp công chúa Thuỷ cung giữa dòng sông. Tên Nôm của làng là Kẻ Mui. Làng nổi tiếng với hội bơi chải truyền thống vào tháng Tám âm lịch, gồm 8 đội từ 8 giáp (đơn vị nhỏ hơn của mỗi làng), tái hiện tích vua và công chúa. Đình làng thờ Trần Khát Chân, là người lập và bảo vệ vùng đất này. Làng cũng có nghè thờ công chúa Thuỷ cung.",,"Đánh cá, vớt củi",,,,,,Kẻ Mui,"An Duyên, Mui Chùa",,
true,Yên Hoà,Địa danh,,"Yên Hoà là một làng cổ ở phía Tây Hà Nội. Yên Hoà có tên gốc là Thượng Yên Quyết, là một trong hai làng Yên Quyết, sau này do khác biệt về lối sống nên tách ra. Làng trước đây thuộc tổng Dịch Vọng, huyện Từ Liêm, phủ Quốc Oai, trấn Sơn Tây, nay thuộc hai phường Cầu Giấy và Yên Hoà, Hà Nội. Khu vực hai làng này gọi chung là Kẻ Cót. Kẻ Cót nằm trong nhóm ""tứ danh hương"" của đất Thăng Long: Mỗ, La, Canh, Cót, nổi bật về truyền thống hiếu học và khoa bảng. Đình làng còn có tên là An Hoà, thờ thần Bạch Hạc Tam Giang và vua Lý Thần Tông.",,Làm vàng mã,,,,,,Kẻ Cót,Thượng Yên Quyết,,
true,Yên Hoa,Địa danh,,"Yên Hoa là một làng cổ nằm ven hồ Tây. Làng từng thuộc tổng Thượng, huyện Vĩnh Thuận, phủ Phụng Thiên, nay phố Yên Hoa thuộc phường Tây Hồ. Do kỵ huý với mẹ vua Thiệu Trị là bà Hồ Thị Hoa nên làng đổi tên thành Yên Phụ. Nhờ vị trí ven hồ, Yên Phụ phát triển nghề trồng rau, làm giấy và vàng mã, từng cung cấp sản phẩm cho nội đô Thăng Long. Đình làng Yên Phụ thờ Linh Lang Đại Vương - vị thần có công đánh giặc thời Lý - và tổ chức lễ hội truyền thống vào tháng Hai âm lịch. Làng có mối liên kết văn hóa - tín ngưỡng với các làng ven hồ Tây như Nhật Tân, Nghi Tàm, Quảng Bá.",,,,,,,,,,,
false,Yên Lạc,Không rõ,,,,,,,,,,,,,
true,Yên Lãng,Địa danh,,"Yên Lãng là một làng cổ ở khu vực phía Tây Hà Nội. Làng trước thuộc tổng Hạ, huyện Vĩnh Thuận, nay phố Yên Lãng thuộc phường Đống Đa. Làng có tên Nôm là Kẻ Láng, được chia thành 3 thôn là Láng Thượng, Láng Trung và Láng Hạ. Làng nổi tiếng với việc trồng rau thơm, trong đó Láng Trung và Láng Thượng nổi tiếng về việc trồng rau thơm như kinh giới, xà lách, tía tô, bạc hà, thìa là, rau thơm, rau mùi, rau dăm, hành lá, và đặc biệt húng Láng rất nổi tiếng. Còn Láng Hạ trồng rau muống dọc theo sông Tô Lịch. Ba làng Láng chung đình là đình Ứng Thiên (còn gọi là đình Láng Hạ hay đình Hậu Thổ). Đình Ứng Thiên thờ nữ thần Nguyên Quân Hậu Thổ, tương truyền do vua Lý Thánh Tông lập sau chiến thắng Chiêm Thành. Trên địa phận Láng Trung có đền Đại ở cổng làng, chùa Mứng ở cuối làng. Trên địa phận Láng Thượng có chùa Thưa thờ bà chị của Từ Lộ (Từ Đạo Hạnh), chùa Nền thờ bố mẹ Từ Lộ còn chùa Láng thờ bản thân Từ Đạo Hạnh và hậu thân của ông là vua Lý Thần Tông. Ba làng láng có Lễ hội chùa Láng để tưởng nhớ Thiền sư Từ Đạo Hạnh.",,"Trồng rau thơm, đặc biệt là húng Láng",,,,,,Kẻ Láng,,,
false,Yên Lộ,Địa danh,,,,,,,,,,,,,
false,Yên Nghĩa,Địa danh,,,,,,,,,,,,,
false,Yên Ninh,Địa danh,,,,,,,,,,,,,
false,Yên Nội,Địa danh,,,,,,,,,,,,,
false,Yên Phụ,Địa danh,,"Yên Phụ là một làng cổ nằm ven hồ Tây. Làng từng thuộc tổng Thượng, huyện Vĩnh Thuận, phủ Phụng Thiên, nay phố Yên Phụ là ranh giới các phường Tây Hồ, Ba Đình và Hồng Hà. Làng có tên cũ là Yên Hoa, sau do kỵ huý nên đổi tên thành Yên Phụ. Nhờ vị trí ven hồ, Yên Phụ phát triển nghề trồng rau, làm giấy và vàng mã, từng cung cấp sản phẩm cho nội đô Thăng Long. Đình làng Yên Phụ thờ Linh Lang Đại Vương - vị thần có công đánh giặc thời Lý - và tổ chức lễ hội truyền thống vào tháng Hai âm lịch. Làng có mối liên kết văn hóa - tín ngưỡng với các làng ven hồ Tây như Nhật Tân, Nghi Tàm, Quảng Bá.",,"Trồng rau, trồng hoa, nuôi cá cảnh, làm giấy màu",,,,,,,,,
false,Yên Phúc,Địa danh,,,,,,,,,,,,,
true,Yên Sở,Địa danh,,Yên Sở là tên một địa danh ở phía Nam Hà Nội. Tên Yên Sở là ghép từ hai tên làng Yên Duyên và Sở Thượng.,,,,,,,,,,,
,Yên Sơn,,,,,,,,,,,,,,
false,Yên Thái,Không rõ,,,,,,,,,,,,,
,Yên Thành,,,,,,,,,,,,,,
true,Yên Thế,Sự kiện lịch sử,,"Yên Thế là tên một phủ thuộc tỉnh Bắc Giang cũ, nay là các xã Yên Thế, Bố Hạ, Đồng Kỳ, Xuân Lương, Tam Tiến, tỉnh Bắc Ninh. Đây là nơi Hoàng Hoa Thám (hay Đề Thám) đã lập căn cứ chống Pháp trong khoảng thời gian từ năm 1887 tới năm 1913.",,,Nhà Nguyễn & Pháp thuộc,,,,,,,,
false,Yên Xá,Địa danh,,,,Làm bánh đúc,,,,,,Kẻ Đơ,Đơ Bùi,,
true,Yết Kiêu,Nhân vật lịch sử,Quân sự,"Yết Kiêu, tên thật là Phạm Hữu Thế, sinh tại thôn Hạ Bì, xã Yết Kiêu, huyện Gia Lộc, tỉnh Hải Dương. Xuất thân từ gia đình ngư dân, ông nổi tiếng với tài bơi lặn và được Trần Hưng Đạo tuyển dụng làm cận vệ. Trong các cuộc kháng chiến chống quân Nguyên Mông thế kỷ XIII, ông lập nhiều chiến công bằng cách đục thuyền giặc trong đêm, khiến hàng chục thuyền bị đắm. Với những đóng góp đặc biệt trong thủy chiến, ông được phong làm Đệ nhất Đô soái Thủy quân.","Thủy quân, chiến sĩ kháng chiến",,Nhà Trần,Đệ nhất Đô soái Thủy quân triều Trần; Tướng lĩnh dưới quyền Trần Hưng Đạo,,,,,,,1242 - 1303