name:trivia,processedname,ward,trivia,localhero
Phố Bà Huyện Thanh Quan - Ba Đình,Bà Huyện Thanh Quan,Ba Đình,,
Đường Bắc Sơn - Ba Đình,Bắc Sơn,Ba Đình,,
Phố Bắc Sơn - Ba Đình,Bắc Sơn,Ba Đình,,
Ngõ 8+10 Phố Cao Bá Quát - Ba Đình,Cao Bá Quát,Ba Đình,,
Phố Cao Bá Quát - Ba Đình,Cao Bá Quát,Ba Đình,Phố Cao Bá Quát được hình thành dựa trên một phần hào nước xung quanh thành Hà Nội.,
Ngõ Châu Long - Ba Đình,Châu Long,Ba Đình,,
Ngõ Chùa Châu Long - Ba Đình,Châu Long,Ba Đình,,
Phố Châu Long - Ba Đình,Châu Long,Ba Đình,,
Phố Chu Văn An - Ba Đình,Chu Văn An,Ba Đình,,
Phố Chùa Một Cột - Ba Đình,Chùa Một Cột,Ba Đình,,
Ngõ 29 Phố Cửa Bắc - Ba Đình,Cửa Bắc,Ba Đình,,
Phố Cửa Bắc - Ba Đình,Cửa Bắc,Ba Đình,,
Phố Đặng Dung - Ba Đình,Đặng Dung,Ba Đình,Phố Đặng Dung được hình thành dựa trên trục chính của Dương mã thành phía Bắc của thành Hà Nội. Hiện nay trên ảnh vệ tinh vẫn còn thấy được dấu vết của Dương mã thành thông qua các nhà ở dân cư hiện trạng và Nhà thờ Cửa Bắc.,
Phố Đặng Tất - Ba Đình,Đặng Tất,Ba Đình,,
Đường Điện Biên Phủ - Ba Đình,Điện Biên Phủ,Ba Đình,,
Ngõ 28B Đường Điện Biên Phủ - Ba Đình,Điện Biên Phủ,Ba Đình,,
Đường Độc Lập - Ba Đình,Độc Lập,Ba Đình,,
Ngõ 100 Phố Đội Cấn - Ba Đình,Đội Cấn,Ba Đình,,
Ngõ 104 Phố Đội Cấn - Ba Đình,Đội Cấn,Ba Đình,,
Ngõ 113 Phố Đội Cấn - Ba Đình,Đội Cấn,Ba Đình,,
Ngõ 118 Phố Đội Cấn - Ba Đình,Đội Cấn,Ba Đình,,
Ngõ 119 Phố Đội Cấn - Ba Đình,Đội Cấn,Ba Đình,,
Ngõ 120 Phố Đội Cấn - Ba Đình,Đội Cấn,Ba Đình,,
Ngõ 127 Phố Đội Cấn - Ba Đình,Đội Cấn,Ba Đình,,
Ngõ 129 Phố Đội Cấn - Ba Đình,Đội Cấn,Ba Đình,,
Ngõ 32 Phố Đội Cấn - Ba Đình,Đội Cấn,Ba Đình,,
Ngõ 62 Phố Đội Cấn - Ba Đình,Đội Cấn,Ba Đình,,
Ngõ 75 Phố Đội Cấn - Ba Đình,Đội Cấn,Ba Đình,,
Ngõ 79 Phố Đội Cấn - Ba Đình,Đội Cấn,Ba Đình,,
Ngõ 90 Phố Đội Cấn - Ba Đình,Đội Cấn,Ba Đình,,
Ngõ 93 Phố Đội Cấn - Ba Đình,Đội Cấn,Ba Đình,,
Ngõ 95 Phố Đội Cấn - Ba Đình,Đội Cấn,Ba Đình,,
Ngõ 26 Phố Giang Văn Minh - Ba Đình,Giang Văn Minh,Ba Đình,,
Ngõ 36 Phố Giang Văn Minh - Ba Đình,Giang Văn Minh,Ba Đình,,
Ngõ 42 Phố Giang Văn Minh - Ba Đình,Giang Văn Minh,Ba Đình,,
Ngõ Hàng Bún - Ba Đình,Hàng Bún,Ba Đình,,
Phố Hàng Bún - Ba Đình,Hàng Bún,Ba Đình,,
Phố Hàng Cót - Ba Đình,Hàng Cót,Ba Đình,,
Ngõ Hàng Đậu - Ba Đình,Hàng Đậu,Ba Đình,,
Ngõ 12 Phố Hàng Than - Ba Đình,Hàng Than,Ba Đình,,
Phố Hàng Than - Ba Đình,Hàng Than,Ba Đình,,
Đường Hoàng Diệu - Ba Đình,Hoàng Diệu,Ba Đình,,
Ngõ 33 Đường Hoàng Hoa Thám - Ba Đình,Hoàng Hoa Thám,Ba Đình,,
Phố Hoàng Văn Thụ - Ba Đình,Hoàng Văn Thụ,Ba Đình,,
Phố Hoè Nhai - Ba Đình,Hoè Nhai,Ba Đình,,
Ngõ 35 Phố Hồng Phúc - Ba Đình,Hồng Phúc,Ba Đình,,
Phố Hồng Phúc - Ba Đình,Hồng Phúc,Ba Đình,,
Đường Hùng Vương - Ba Đình,Hùng Vương,Ba Đình,"Đường Hùng Vương được hình thành dựa trên cạnh phía Tây của Hoàng thành Thăng Long cũ. Các cạnh của Hoàng thành Thăng Long bao gồm phố Lý Nam Đế, phố Phan Đình Phùng, đường Hùng Vương và phố Trần Phú",
Phố Khúc Hạo - Ba Đình,Khúc Hạo,Ba Đình,,
Ngõ 58 Phố Kim Mã - Ba Đình,Kim Mã,Ba Đình,,
Ngõ 82 Phố Kim Mã - Ba Đình,Kim Mã,Ba Đình,,
Phố Kim Mã - Ba Đình,Kim Mã,Ba Đình,,
Phố Lạc Chính - Ba Đình,Lạc Chính,Ba Đình,,
Đường Lê Duẩn - Ba Đình,Lê Duẩn,Ba Đình,,
Ngách 77/10 Phố Lê Hồng Phong - Ba Đình,Lê Hồng Phong,Ba Đình,,
Ngách 77/2 Phố Lê Hồng Phong - Ba Đình,Lê Hồng Phong,Ba Đình,,
Ngách 77/4 Phố Lê Hồng Phong - Ba Đình,Lê Hồng Phong,Ba Đình,,
Ngách 77/6 Phố Lê Hồng Phong - Ba Đình,Lê Hồng Phong,Ba Đình,,
Ngách 77/8 Phố Lê Hồng Phong - Ba Đình,Lê Hồng Phong,Ba Đình,,
Ngõ 71 Phố Lê Hồng Phong - Ba Đình,Lê Hồng Phong,Ba Đình,,
Ngõ 77 Phố Lê Hồng Phong - Ba Đình,Lê Hồng Phong,Ba Đình,,
Ngõ 99 Phố Lê Hồng Phong - Ba Đình,Lê Hồng Phong,Ba Đình,,
Phố Lê Hồng Phong - Ba Đình,Lê Hồng Phong,Ba Đình,,
Phố Lê Trực - Ba Đình,Lê Trực,Ba Đình,Phố Lê Trực được hình thành dựa trên một phần hào nước xung quanh thành Hà Nội.,
Phố Mạc Đĩnh Chi - Ba Đình,Mạc Đĩnh Chi,Ba Đình,,
Phố Nam Tràng - Ba Đình,Nam Tràng,Ba Đình,,
Ngách 158/13 Phố Ngọc Hà - Ba Đình,Ngọc Hà,Ba Đình,,
Ngách 158/2 Phố Ngọc Hà - Ba Đình,Ngọc Hà,Ba Đình,,
Ngách 158/21 Phố Ngọc Hà - Ba Đình,Ngọc Hà,Ba Đình,,
Ngách 158/21A Phố Ngọc Hà - Ba Đình,Ngọc Hà,Ba Đình,,
Ngách 158/23 Phố Ngọc Hà - Ba Đình,Ngọc Hà,Ba Đình,,
Ngách 158/5 Phố Ngọc Hà - Ba Đình,Ngọc Hà,Ba Đình,,
Ngách 158/51 Phố Ngọc Hà - Ba Đình,Ngọc Hà,Ba Đình,,
Ngách 88/16 Phố Ngọc Hà - Ba Đình,Ngọc Hà,Ba Đình,,
Ngõ 108 Phố Ngọc Hà - Ba Đình,Ngọc Hà,Ba Đình,,
Ngõ 110 Phố Ngọc Hà - Ba Đình,Ngọc Hà,Ba Đình,,
Ngõ 158 Phố Ngọc Hà - Ba Đình,Ngọc Hà,Ba Đình,,
Ngõ 168 Phố Ngọc Hà - Ba Đình,Ngọc Hà,Ba Đình,,
Ngõ 172 Phố Ngọc Hà - Ba Đình,Ngọc Hà,Ba Đình,,
Ngõ 180 Phố Ngọc Hà - Ba Đình,Ngọc Hà,Ba Đình,,
Ngõ 186 Phố Ngọc Hà - Ba Đình,Ngọc Hà,Ba Đình,,
Ngõ 46 Phố Ngọc Hà - Ba Đình,Ngọc Hà,Ba Đình,,
Ngõ 6 Phố Ngọc Hà - Ba Đình,Ngọc Hà,Ba Đình,,
Ngõ 62 Phố Ngọc Hà - Ba Đình,Ngọc Hà,Ba Đình,,
Ngõ 88 Phố Ngọc Hà - Ba Đình,Ngọc Hà,Ba Đình,,
Ngõ 94 Phố Ngọc Hà - Ba Đình,Ngọc Hà,Ba Đình,,
Phố Ngọc Hà - Ba Đình,Ngọc Hà,Ba Đình,,
Phố Ngũ Xã - Ba Đình,Ngũ Xã,Ba Đình,,
Phố Nguyễn Biểu - Ba Đình,Nguyễn Biểu,Ba Đình,,
Phố Nguyễn Cảnh Chân - Ba Đình,Nguyễn Cảnh Chân,Ba Đình,,
Phố Nguyễn Khắc Hiếu - Ba Đình,Nguyễn Khắc Hiếu,Ba Đình,,
Phố Nguyễn Khắc Nhu - Ba Đình,Nguyễn Khắc Nhu,Ba Đình,,
Phố Nguyễn Phạm Tuân - Ba Đình,Nguyễn Phạm Tuân,Ba Đình,,
Ngõ 136 Phố Nguyễn Thái Học - Ba Đình,Nguyễn Thái Học,Ba Đình,,
Phố Nguyễn Thái Học - Ba Đình,Nguyễn Thái Học,Ba Đình,,
Đường Nguyễn Tri Phương - Ba Đình,Nguyễn Tri Phương,Ba Đình,,
Phố Nguyễn Trung Trực - Ba Đình,Nguyễn Trung Trực,Ba Đình,,
Phố Nguyễn Trường Tộ - Ba Đình,Nguyễn Trường Tộ,Ba Đình,,
Ngách 28/2 Phố Ông Ích Khiêm - Ba Đình,Ông Ích Khiêm,Ba Đình,,
Ngách 28/24 Phố Ông Ích Khiêm - Ba Đình,Ông Ích Khiêm,Ba Đình,,
Ngách 28/25 Phố Ông Ích Khiêm - Ba Đình,Ông Ích Khiêm,Ba Đình,,
Ngách 28/29 Phố Ông Ích Khiêm - Ba Đình,Ông Ích Khiêm,Ba Đình,,
Ngõ 28 Phố Ông Ích Khiêm - Ba Đình,Ông Ích Khiêm,Ba Đình,,
Ngõ 4 Phố Ông Ích Khiêm - Ba Đình,Ông Ích Khiêm,Ba Đình,,
Phố Ông Ích Khiêm - Ba Đình,Ông Ích Khiêm,Ba Đình,"Phố Ông Ích Khiêm được hình thành dựa trên một phần hào nước xung quanh Thành Hà Nội, thể hiện ở đoạn lõm vào ở ngã ba với phố Nguyễn Phạm Tuân.",
Phố Phạm Hồng Thái - Ba Đình,Phạm Hồng Thái,Ba Đình,,
Ngõ 25 Phố Phan Đình Phùng - Ba Đình,Phan Đình Phùng,Ba Đình,,
Ngõ 45 Phố Phan Đình Phùng - Ba Đình,Phan Đình Phùng,Ba Đình,,
Phố Phan Đình Phùng - Ba Đình,Phan Đình Phùng,Ba Đình,"Phố Phan Đình Phùng được hình thành dựa trên cạnh phía Bắc của Hoàng thành Thăng Long cũ. Các cạnh của Hoàng thành Thăng Long bao gồm phố Lý Nam Đế, phố Phan Đình Phùng, đường Hùng Vương và phố Trần Phú",
Phố Phan Huy Ích - Ba Đình,Phan Huy Ích,Ba Đình,,
Ngõ 62 Phố Phó Đức Chính - Ba Đình,Phó Đức Chính,Ba Đình,,
Phố Phó Đức Chính - Ba Đình,Phó Đức Chính,Ba Đình,,
Ngõ 190 Phố Quán Thánh - Ba Đình,Quán Thánh,Ba Đình,,
Ngõ 192 Phố Quán Thánh - Ba Đình,Quán Thánh,Ba Đình,,
Phố Quán Thánh - Ba Đình,Quán Thánh,Ba Đình,,
Ngách 88/7 Phố Sơn Tây - Ba Đình,Sơn Tây,Ba Đình,,
Ngõ 22 Phố Sơn Tây - Ba Đình,Sơn Tây,Ba Đình,,
Ngõ 32 Phố Sơn Tây - Ba Đình,Sơn Tây,Ba Đình,,
Ngõ 32B Phố Sơn Tây - Ba Đình,Sơn Tây,Ba Đình,,
Ngõ 44 Phố Sơn Tây - Ba Đình,Sơn Tây,Ba Đình,,
Ngõ 44-46 Phố Sơn Tây - Ba Đình,Sơn Tây,Ba Đình,,
Ngõ 46 Phố Sơn Tây - Ba Đình,Sơn Tây,Ba Đình,,
Ngõ 76 Phố Sơn Tây - Ba Đình,Sơn Tây,Ba Đình,,
Ngõ 88 Phố Sơn Tây - Ba Đình,Sơn Tây,Ba Đình,,
Phố Sơn Tây - Ba Đình,Sơn Tây,Ba Đình,,
Phố Thanh Bảo - Ba Đình,Thanh Bảo,Ba Đình,"Phố Thanh Bảo trước đây là một phần của thành Đại La. Phần thành này được đắp lại từ thời nhà Trịnh, sau khi đã co lại và cắt mất khu vực Thập tam trại. Thành Đại La từ thời kỳ chúa Trịnh - nhà Nguyễn bắt đầu từ phố Hoàng Hoa Thám, rẽ xuống Ngọc Hà, Thanh Bảo, Giảng Võ tới La Thành thì rẽ trái theo sông Kim Ngưu cho tới khi gặp ô Đống Mác tại ngã tư Lò Đúc - Trần Khát Chân thì rẽ trái theo hướng Bắc, dọc theo đường đê đến khi vào khu vực 36 phố phường.",
Đường Thanh Niên - Ba Đình,Thanh Niên,Ba Đình,,
Phố Tôn Thất Đàm - Ba Đình,Tôn Thất Đàm,Ba Đình,,
Ngõ 8 Phố Tôn Thất Thiệp - Ba Đình,Tôn Thất Thiệp,Ba Đình,,
Phố Tôn Thất Thiệp - Ba Đình,Tôn Thất Thiệp,Ba Đình,,
Phố Trần Phú - Ba Đình,Trần Phú,Ba Đình,"Phố Trần Phú được hình thành dựa trên cạnh phía Nam của Hoàng thành Thăng Long cũ. Các cạnh của Hoàng thành Thăng Long bao gồm phố Lý Nam Đế, phố Phan Đình Phùng, đường Hùng Vương và phố Trần Phú",
Phố Trần Tế Xương - Ba Đình,Trần Tế Xương,Ba Đình,,
Phố Trấn Vũ - Ba Đình,Trấn Vũ,Ba Đình,"Phố Trấn Vũ nằm cạnh đền Quán Thánh. Đền có tên chữ là Trấn Vũ Quán, thờ Huyền Thiên Trấn Vũ, là một trong bốn vị thần được lập đền thờ ở bốn phía của Thăng Long (Thăng Long tứ trấn)",
Phố Trúc Bạch - Ba Đình,Trúc Bạch,Ba Đình,,
Ngõ Trúc Lạc - Ba Đình,Trúc Lạc,Ba Đình,,
Ngõ Yên Ninh - Ba Đình,Yên Ninh,Ba Đình,,
Phố Yên Ninh - Ba Đình,Yên Ninh,Ba Đình,,
Đường Yên Phụ - Ba Đình,Yên Phụ,Ba Đình,,
Ngõ Yên Thành - Ba Đình,Yên Thành,Ba Đình,,
"Phố Nguyễn Thái Học - Ba Đình, Giảng Võ",Nguyễn Thái Học,"Ba Đình, Giảng Võ",,
"Phố Cửa Đông - Ba Đình, Hoàn Kiếm",Cửa Đông,"Ba Đình, Hoàn Kiếm",Phố Cửa Đông được hình thành dựa trên trục chính của Dương mã thành phía Đông của thành Hà Nội. Hiện nay vẫn thấy được dấu vết Dương mã thành trong bố trí dân cư hiện trạng.,
"Đường Điện Biên Phủ - Ba Đình, Hoàn Kiếm",Điện Biên Phủ,"Ba Đình, Hoàn Kiếm",,
"Phố Hàng Cót - Ba Đình, Hoàn Kiếm",Hàng Cót,"Ba Đình, Hoàn Kiếm",,
"Phố Hàng Đậu - Ba Đình, Hoàn Kiếm",Hàng Đậu,"Ba Đình, Hoàn Kiếm",,
"Phố Hàng Giấy - Ba Đình, Hoàn Kiếm",Hàng Giấy,"Ba Đình, Hoàn Kiếm",,
"Phố Hàng Than - Ba Đình, Hoàn Kiếm",Hàng Than,"Ba Đình, Hoàn Kiếm",,
"Ngõ 4 Phố Lý Nam Đế - Ba Đình, Hoàn Kiếm",Lý Nam Đế,"Ba Đình, Hoàn Kiếm",,
"Ngõ 67B Phố Lý Nam Đế - Ba Đình, Hoàn Kiếm",Lý Nam Đế,"Ba Đình, Hoàn Kiếm",,
"Phố Lý Nam Đế - Ba Đình, Hoàn Kiếm",Lý Nam Đế,"Ba Đình, Hoàn Kiếm","Phố Lý Nam Đế được hình thành dựa trên cạnh phía Đông của Hoàng thành Thăng Long cũ. Các cạnh của Hoàng thành Thăng Long bao gồm phố Lý Nam Đế, phố Phan Đình Phùng, đường Hùng Vương và phố Trần Phú",
"Phố Nguyễn Thiếp - Ba Đình, Hoàn Kiếm",Nguyễn Thiếp,"Ba Đình, Hoàn Kiếm",,
"Ngõ 9 Đường Nguyễn Tri Phương - Ba Đình, Hoàn Kiếm",Nguyễn Tri Phương,"Ba Đình, Hoàn Kiếm",,
"Phố Phan Đình Phùng - Ba Đình, Hoàn Kiếm",Phan Đình Phùng,"Ba Đình, Hoàn Kiếm","Phố Phan Đình Phùng được hình thành dựa trên cạnh phía Bắc của Hoàng thành Thăng Long cũ. Các cạnh của Hoàng thành Thăng Long bao gồm phố Lý Nam Đế, phố Phan Đình Phùng, đường Hùng Vương và phố Trần Phú",
"Phố Phùng Hưng - Ba Đình, Hoàn Kiếm",Phùng Hưng,"Ba Đình, Hoàn Kiếm","Phố được hình thành dựa trên lòng sông Tô Lịch cũ. Sông Tô Lịch gốc rẽ nhánh khỏi sông Hồng tại ngã ba Chợ Gạo - Trần Nhật Duật, chảy qua Nguyễn Siêu, ngõ Gạch, chảy chéo lên phố Hàng Lược, Hàng Cót, nhập vào hệ thống hào nước bao quanh Hoàng thành Thăng Long, rồi rẽ chảy qua phía Tây, đi qua Phan Đình Phùng, đi dưới trường THCS Chu Văn An, ngõ 2 dốc La Pho, một phần ngõ 10 đường Hoàng Hoa Thám, ngõ 79 đường Thuỵ Khuê, ngõ 11 dốc Tam Đa, ngõ 6 dốc Tam Đa, phố Đồng Cổ, chảy dưới chợ Bưởi, đi tiếp qua ngõ 24 Võ Chí Công, ngõ 2 đường Hoàng Quốc Việt rồi chảy lộ thiên.",
"Ngõ 59 Phố Tôn Thất Thiệp - Ba Đình, Hoàn Kiếm",Tôn Thất Thiệp,"Ba Đình, Hoàn Kiếm",,
"Phố Tôn Thất Thiệp - Ba Đình, Hoàn Kiếm",Tôn Thất Thiệp,"Ba Đình, Hoàn Kiếm",,
"Phố Trần Phú - Ba Đình, Hoàn Kiếm",Trần Phú,"Ba Đình, Hoàn Kiếm","Phố Trần Phú được hình thành dựa trên cạnh phía Nam của Hoàng thành Thăng Long cũ. Các cạnh của Hoàng thành Thăng Long bao gồm phố Lý Nam Đế, phố Phan Đình Phùng, đường Hùng Vương và phố Trần Phú",
"Đường Yên Phụ - Ba Đình, Hoàn Kiếm",Yên Phụ,"Ba Đình, Hoàn Kiếm",,
"Phố Cửa Bắc - Ba Đình, Hồng Hà",Cửa Bắc,"Ba Đình, Hồng Hà",,
"Phố Hàng Than - Ba Đình, Hồng Hà",Hàng Than,"Ba Đình, Hồng Hà",,
"Đường Yên Phụ - Ba Đình, Hồng Hà",Yên Phụ,"Ba Đình, Hồng Hà",,
"Ngách 135/31 Phố Đội Cấn - Ba Đình, Ngọc Hà",Đội Cấn,"Ba Đình, Ngọc Hà",,
"Ngách 135/73 Phố Đội Cấn - Ba Đình, Ngọc Hà",Đội Cấn,"Ba Đình, Ngọc Hà",,
"Ngõ 135 Phố Đội Cấn - Ba Đình, Ngọc Hà",Đội Cấn,"Ba Đình, Ngọc Hà",,
"Ngõ 147 Phố Đội Cấn - Ba Đình, Ngọc Hà",Đội Cấn,"Ba Đình, Ngọc Hà",,
"Phố Đội Cấn - Ba Đình, Ngọc Hà",Đội Cấn,"Ba Đình, Ngọc Hà",,
"Ngõ 26 Phố Giang Văn Minh - Ba Đình, Ngọc Hà",Giang Văn Minh,"Ba Đình, Ngọc Hà",,
"Ngõ 36 Phố Giang Văn Minh - Ba Đình, Ngọc Hà",Giang Văn Minh,"Ba Đình, Ngọc Hà",,
"Ngõ 42 Phố Giang Văn Minh - Ba Đình, Ngọc Hà",Giang Văn Minh,"Ba Đình, Ngọc Hà",,
"Ngõ 52 Phố Giang Văn Minh - Ba Đình, Ngọc Hà",Giang Văn Minh,"Ba Đình, Ngọc Hà",,
"Ngõ 60 Phố Giang Văn Minh - Ba Đình, Ngọc Hà",Giang Văn Minh,"Ba Đình, Ngọc Hà",,
"Ngõ 61 Phố Giang Văn Minh - Ba Đình, Ngọc Hà",Giang Văn Minh,"Ba Đình, Ngọc Hà",,
"Ngõ 73 Phố Giang Văn Minh - Ba Đình, Ngọc Hà",Giang Văn Minh,"Ba Đình, Ngọc Hà",,
"Ngõ 95 Phố Giang Văn Minh - Ba Đình, Ngọc Hà",Giang Văn Minh,"Ba Đình, Ngọc Hà",,
"Phố Giang Văn Minh - Ba Đình, Ngọc Hà",Giang Văn Minh,"Ba Đình, Ngọc Hà",,
"Ngách 55/13 Đường Hoàng Hoa Thám - Ba Đình, Ngọc Hà",Hoàng Hoa Thám,"Ba Đình, Ngọc Hà",,
"Ngách 55/24 Đường Hoàng Hoa Thám - Ba Đình, Ngọc Hà",Hoàng Hoa Thám,"Ba Đình, Ngọc Hà",,
"Ngách 55/38 Đường Hoàng Hoa Thám - Ba Đình, Ngọc Hà",Hoàng Hoa Thám,"Ba Đình, Ngọc Hà",,
"Ngõ 55 Đường Hoàng Hoa Thám - Ba Đình, Ngọc Hà",Hoàng Hoa Thám,"Ba Đình, Ngọc Hà",,
"Ngõ 82 Phố Kim Mã - Ba Đình, Ngọc Hà",Kim Mã,"Ba Đình, Ngọc Hà",,
"Phố Kim Mã - Ba Đình, Ngọc Hà",Kim Mã,"Ba Đình, Ngọc Hà",,
"Ngõ 158 Phố Ngọc Hà - Ba Đình, Ngọc Hà",Ngọc Hà,"Ba Đình, Ngọc Hà",,
"Phố Giảng Võ - Ba Đình, Ô Chợ Dừa",Giảng Võ,"Ba Đình, Ô Chợ Dừa","Phố Giảng Võ hiện nay được xây dựng trên nền của tường thành Đại La cũ, vì vậy phố từng được gọi là phố Đại La. Trước đây thành Đại La chạy từ Hoàng thành Thăng Long, dọc theo Hoàng Hoa Thám tới đường Bưởi, rồi chạy dọc theo sông Tô Lịch tới Cầu Giấy, rồi chạy theo Đê La Thành, Xã Đàn, Đại Cồ Việt tới đê Nguyễn Khoái. Tới năm 1588, Mạc Mậu Hợp cho mở rộng thêm thành Đại La, từ ngã ba Hoàng Hoa Thám thành Đại La chạy theo Lạc Long Quân tới đê Âu Cơ. Năm 1749, Trịnh Doanh cho đắp lại thành Đại La (đã bị Trịnh Tùng phá huỷ). Thành Đại La lúc này chạy từ Hoàng Thành Thăng Long dọc xuống Giảng Võ rồi chạy theo đường vành đai 1 hiện nay, cắt mất Hồ Tây và một phần Thập Tam Trại (xem Bản đồ Hà Nội 1831).<br>Đầu phố Giảng Võ, cạnh bến xe Kim Mã có Phùng Vương cố lăng, tương truyền là mộ của Phùng Hưng.",
"Ngõ Hàng Cháo - Ba Đình, Ô Chợ Dừa",Hàng Cháo,"Ba Đình, Ô Chợ Dừa",,
"Phố Hàng Cháo - Ba Đình, Ô Chợ Dừa",Hàng Cháo,"Ba Đình, Ô Chợ Dừa",,
"Phố Lý Văn Phức - Ba Đình, Ô Chợ Dừa",Lý Văn Phức,"Ba Đình, Ô Chợ Dừa",,
"Ngõ 139 Phố Nguyễn Thái Học - Ba Đình, Ô Chợ Dừa",Nguyễn Thái Học,"Ba Đình, Ô Chợ Dừa",,
"Ngõ Nguyễn Thái Học - Ba Đình, Ô Chợ Dừa",Nguyễn Thái Học,"Ba Đình, Ô Chợ Dừa",Ngõ Nguyễn Thái Học trước đây là một phần dương mã thành của cạnh phía Nam thành Hà Nội.,
"Phố Nguyễn Thái Học - Ba Đình, Ô Chợ Dừa",Nguyễn Thái Học,"Ba Đình, Ô Chợ Dừa",,
"Phố Tôn Đức Thắng - Ba Đình, Ô Chợ Dừa",Tôn Đức Thắng,"Ba Đình, Ô Chợ Dừa",,
"Phố Trịnh Hoài Đức - Ba Đình, Ô Chợ Dừa",Trịnh Hoài Đức,"Ba Đình, Ô Chợ Dừa",,
"Đường Hoàng Hoa Thám - Ba Đình, Tây Hồ",Hoàng Hoa Thám,"Ba Đình, Tây Hồ",,
"Ngõ 49 Đường Hoàng Hoa Thám - Ba Đình, Tây Hồ",Hoàng Hoa Thám,"Ba Đình, Tây Hồ",,
"Ngõ 55 Đường Hoàng Hoa Thám - Ba Đình, Tây Hồ",Hoàng Hoa Thám,"Ba Đình, Tây Hồ",,
"Dốc Lapho - Ba Đình, Tây Hồ",Lapho,"Ba Đình, Tây Hồ",,
"Phố Ngọc Hà - Ba Đình, Tây Hồ",Ngọc Hà,"Ba Đình, Tây Hồ",,
"Phố Nguyễn Đình Thi - Ba Đình, Tây Hồ",Nguyễn Đình Thi,"Ba Đình, Tây Hồ",,
"Phố Phan Đình Phùng - Ba Đình, Tây Hồ",Phan Đình Phùng,"Ba Đình, Tây Hồ","Phố Phan Đình Phùng được hình thành dựa trên cạnh phía Bắc của Hoàng thành Thăng Long cũ. Các cạnh của Hoàng thành Thăng Long bao gồm phố Lý Nam Đế, phố Phan Đình Phùng, đường Hùng Vương và phố Trần Phú",
"Phố Phó Đức Chính - Ba Đình, Tây Hồ",Phó Đức Chính,"Ba Đình, Tây Hồ",,
"Đường Thanh Niên - Ba Đình, Tây Hồ",Thanh Niên,"Ba Đình, Tây Hồ",,
"Đường Thuỵ Khuê - Ba Đình, Tây Hồ",Thuỵ Khuê,"Ba Đình, Tây Hồ",,
"Phố Trúc Bạch - Ba Đình, Tây Hồ",Trúc Bạch,"Ba Đình, Tây Hồ",,
"Phố Chu Văn An - Ba Đình, Văn Miếu - Quốc Tử Giám",Chu Văn An,"Ba Đình, Văn Miếu - Quốc Tử Giám",,
"Đường Lê Duẩn - Ba Đình, Văn Miếu - Quốc Tử Giám",Lê Duẩn,"Ba Đình, Văn Miếu - Quốc Tử Giám",,
"Phố Nguyễn Thái Học - Ba Đình, Văn Miếu - Quốc Tử Giám",Nguyễn Thái Học,"Ba Đình, Văn Miếu - Quốc Tử Giám",,
"Ngõ Thanh Miến - Ba Đình, Văn Miếu - Quốc Tử Giám",Thanh Miến,"Ba Đình, Văn Miếu - Quốc Tử Giám",,
"Phố Văn Miếu - Ba Đình, Văn Miếu - Quốc Tử Giám",Văn Miếu,"Ba Đình, Văn Miếu - Quốc Tử Giám",,
"Ngõ Yên Thế - Ba Đình, Văn Miếu - Quốc Tử Giám",Yên Thế,"Ba Đình, Văn Miếu - Quốc Tử Giám",,
"Phố Yên Thế - Ba Đình, Văn Miếu - Quốc Tử Giám",Yên Thế,"Ba Đình, Văn Miếu - Quốc Tử Giám",,
Ngõ 10 Phố 8 Tháng 3 - Bạch Mai,8 Tháng 3,Bạch Mai,,
Ngõ 58 Phố 8 Tháng 3 - Bạch Mai,8 Tháng 3,Bạch Mai,,
Ngõ 68 Phố 8 Tháng 3 - Bạch Mai,8 Tháng 3,Bạch Mai,,
Ngõ 77 Phố 8 Tháng 3 - Bạch Mai,8 Tháng 3,Bạch Mai,,
Ngõ 79 Phố 8 Tháng 3 - Bạch Mai,8 Tháng 3,Bạch Mai,,
Ngõ 85 Phố 8 Tháng 3 - Bạch Mai,8 Tháng 3,Bạch Mai,,
Ngõ 86 Phố 8 Tháng 3 - Bạch Mai,8 Tháng 3,Bạch Mai,,
Ngõ 93 Phố 8 Tháng 3 - Bạch Mai,8 Tháng 3,Bạch Mai,,
Ngõ A1 Phố 8 Tháng 3 - Bạch Mai,8 Tháng 3,Bạch Mai,,
Ngõ A2 Phố 8 Tháng 3 - Bạch Mai,8 Tháng 3,Bạch Mai,,
Ngõ A3 Phố 8 Tháng 3 - Bạch Mai,8 Tháng 3,Bạch Mai,,
Ngõ A4 Phố 8 Tháng 3 - Bạch Mai,8 Tháng 3,Bạch Mai,,
Ngõ A5 Phố 8 Tháng 3 - Bạch Mai,8 Tháng 3,Bạch Mai,,
Phố 8 Tháng 3 - Bạch Mai,8 Tháng 3,Bạch Mai,,
Ngõ Ao Dài - Bạch Mai,Ao Dài,Bạch Mai,,
Ngõ Ao Dài 1 - Bạch Mai,Ao Dài,Bạch Mai,,
Ngõ Ao Dài 2 - Bạch Mai,Ao Dài,Bạch Mai,,
Hẻm 295/24/17 Phố Bạch Mai - Bạch Mai,Bạch Mai,Bạch Mai,,
Ngách 295/17 Phố Bạch Mai - Bạch Mai,Bạch Mai,Bạch Mai,,
Ngách 295/24 Phố Bạch Mai - Bạch Mai,Bạch Mai,Bạch Mai,,
Ngách 295/67 Phố Bạch Mai - Bạch Mai,Bạch Mai,Bạch Mai,,
Ngách 459/47 Phố Bạch Mai - Bạch Mai,Bạch Mai,Bạch Mai,,
Ngách 459/53 Phố Bạch Mai - Bạch Mai,Bạch Mai,Bạch Mai,,
Ngách 459/82 Phố Bạch Mai - Bạch Mai,Bạch Mai,Bạch Mai,,
Ngõ 105 Phố Bạch Mai - Bạch Mai,Bạch Mai,Bạch Mai,,
Ngõ 196 Phố Bạch Mai - Bạch Mai,Bạch Mai,Bạch Mai,,
Ngõ 220 Phố Bạch Mai - Bạch Mai,Bạch Mai,Bạch Mai,,
Ngõ 222 Phố Bạch Mai - Bạch Mai,Bạch Mai,Bạch Mai,"Ngõ 222 có tên cũ là ngõ Văn Chỉ. Văn Chỉ có nghĩa là nền văn. Trong ngõ có di tích Văn chỉ của huyện Thọ Xương cũ, được xây dựng khá quy mô vào năm 1838.",
Ngõ 295 Phố Bạch Mai - Bạch Mai,Bạch Mai,Bạch Mai,,
Ngõ 300 Phố Bạch Mai - Bạch Mai,Bạch Mai,Bạch Mai,,
Ngõ 318 Phố Bạch Mai - Bạch Mai,Bạch Mai,Bạch Mai,,
Ngõ 357 Phố Bạch Mai - Bạch Mai,Bạch Mai,Bạch Mai,,
Ngõ 381 Phố Bạch Mai - Bạch Mai,Bạch Mai,Bạch Mai,,
Ngõ 392 Phố Bạch Mai - Bạch Mai,Bạch Mai,Bạch Mai,,
Ngõ 402 Phố Bạch Mai - Bạch Mai,Bạch Mai,Bạch Mai,,
Ngõ 403 Phố Bạch Mai - Bạch Mai,Bạch Mai,Bạch Mai,"Ngõ có tên khác là Mỹ Ký, do trước đây có nhà chuyên làm đồ nữ trang bằng vàng tây, bạc giả tên là Mỹ Ký.",
Ngõ 433 Phố Bạch Mai - Bạch Mai,Bạch Mai,Bạch Mai,,
Ngõ 442 Phố Bạch Mai - Bạch Mai,Bạch Mai,Bạch Mai,,
Ngõ 459 Phố Bạch Mai - Bạch Mai,Bạch Mai,Bạch Mai,,
Ngõ 506 Phố Bạch Mai - Bạch Mai,Bạch Mai,Bạch Mai,,
Ngõ 510 Phố Bạch Mai - Bạch Mai,Bạch Mai,Bạch Mai,,
Phố Bạch Mai - Bạch Mai,Bạch Mai,Bạch Mai,"Bạch Mai là con đường thiên lý của thành Thăng Long, nối nội đô Thăng Long đi các tỉnh phía Nam. Phố Bạch Mai trước đây được coi là vùng ngoại ô (vì ở ngoài của cửa ô), nhưng vẫn khá gần trung tâm thành phố nên đây từng là điểm ăn chơi hát cô đầu nổi tiếng, thường được nhắc đến trong các quyển khảo cứu của Nguyễn Ngọc Tiến, Tô Hoài, etc. Phía Bắc của Bạch Mai là ngã tư giữa bốn phố Huế, Trần Khát Chân, Đại Cồ Việt và Bạch Mai. Đây là một cửa ô của thành Đại La, tên chữ là ô Yên Ninh, sau đổi thành ô Thịnh Yên (hoặc ô Thịnh An), tên dân gian gọi là ô Cầu Dền. Theo dân gian, ở làng Kim Liên có anh học trò nghèo, cha mẹ chết sớm, phải đi dạy học kiếm ăn qua ngày. Mấy năm đói kém, nhờ có mấy mẫu ruộng rau dền nên anh cứu giúp được nhiều người qua khỏi nạn đói. Người ta gọi chỗ anh sống là Ô Cầu Dền. Đây là một trong những cửa ô quan trọng, vì nối Thăng Long vào các tỉnh phía Nam (đặc biệt là vào Huế) bằng đường thiên lý. Trước đây, đường Đại Cồ Việt và đường Trần Khát Chân vẫn còn là đê (thuộc hệ thống Đê La Thành), phía Nam là sông Kim Ngưu (một nhánh của sông Tô Lịch). Nối giữa phố Huế và Bạch Mai là một con cống nhỏ. Phía Nam của Bạch Mai là ngã tư giữa bốn phố Bạch Mai, Minh Khai, Trương Định và Đại La. Đây là một trong những cửa ô của vòng thành bằng đất phía ngoài của thành Đại La mở rộng. Ngã tư này còn gọi là ngã tư Trung Hiền, cạnh đây có Chợ Mơ là một trong những chợ đầu mối đầu tiên của Hà Nội. Chợ Mơ tương đối mới, một phần được thành lập bởi một phần Chợ Đuổi (nay ở cuối phố Lê Đại Hành) bị đuổi thì chạy xuống đây.",
Ngõ 15 Phố Bùi Ngọc Dương - Bạch Mai,Bùi Ngọc Dương,Bạch Mai,,TRUE
Ngõ 27 Phố Bùi Ngọc Dương - Bạch Mai,Bùi Ngọc Dương,Bạch Mai,,TRUE
Ngõ 31 Phố Bùi Ngọc Dương - Bạch Mai,Bùi Ngọc Dương,Bạch Mai,,TRUE
Ngõ 34 Phố Bùi Ngọc Dương - Bạch Mai,Bùi Ngọc Dương,Bạch Mai,,TRUE
Ngõ 42 Phố Bùi Ngọc Dương - Bạch Mai,Bùi Ngọc Dương,Bạch Mai,,TRUE
Ngõ 44 Phố Bùi Ngọc Dương - Bạch Mai,Bùi Ngọc Dương,Bạch Mai,,TRUE
Ngõ 50 Phố Bùi Ngọc Dương - Bạch Mai,Bùi Ngọc Dương,Bạch Mai,,TRUE
Ngõ 65 Phố Bùi Ngọc Dương - Bạch Mai,Bùi Ngọc Dương,Bạch Mai,,TRUE
Ngõ 8 Phố Bùi Ngọc Dương - Bạch Mai,Bùi Ngọc Dương,Bạch Mai,,TRUE
Ngõ 90 Phố Bùi Ngọc Dương - Bạch Mai,Bùi Ngọc Dương,Bạch Mai,,TRUE
Phố Bùi Ngọc Dương - Bạch Mai,Bùi Ngọc Dương,Bạch Mai,,TRUE
Ngách 27 Ngõ Chùa Liên Phái - Bạch Mai,Chùa Liên Phái,Bạch Mai,,
Ngách 68 Ngõ Chùa Liên Phái - Bạch Mai,Chùa Liên Phái,Bạch Mai,,
Ngõ Chùa Liên Phái - Bạch Mai,Chùa Liên Phái,Bạch Mai,,
Ngõ 50 Phố Chùa Quỳnh - Bạch Mai,Chùa Quỳnh,Bạch Mai,,
Ngõ 76 Phố Chùa Quỳnh - Bạch Mai,Chùa Quỳnh,Bạch Mai,,
Ngõ 88 Phố Chùa Quỳnh - Bạch Mai,Chùa Quỳnh,Bạch Mai,,
Phố Chùa Quỳnh - Bạch Mai,Chùa Quỳnh,Bạch Mai,,
Đường Đại Cồ Việt - Bạch Mai,Đại Cồ Việt,Bạch Mai,"Đường Đại Cồ Việt hiện nay là một phần của đê La Thành, là toà thành đất bao quanh Hà Nội cũ, và đóng vai trò là đường Vành đai 1 hiện nay. Trong quá trình xây dựng vào khoảng những năm 1980, độ cao đê đã được hạ bớt.",
Ngõ 27 Đường Đại Cồ Việt - Bạch Mai,Đại Cồ Việt,Bạch Mai,,
Ngõ 31 Đường Đại Cồ Việt - Bạch Mai,Đại Cồ Việt,Bạch Mai,,
Ngõ 124 Phố Đại La - Bạch Mai,Đại La,Bạch Mai,,
Ngõ 128C Đại La (Cũ) - Bạch Mai,Đại La,Bạch Mai,,
Ngõ 128C Phố Đại La - Bạch Mai,Đại La,Bạch Mai,,
Ngõ 128C Phố Đại La (Cũ) - Bạch Mai,Đại La,Bạch Mai,,
Ngõ 22 Phố Đại La - Bạch Mai,Đại La,Bạch Mai,,
Ngõ 78 Phố Đại La - Bạch Mai,Đại La,Bạch Mai,,
Ngõ 8 Phố Đại La - Bạch Mai,Đại La,Bạch Mai,,
Ngõ 82 Phố Đại La - Bạch Mai,Đại La,Bạch Mai,,
Ngõ 84 Phố Đại La - Bạch Mai,Đại La,Bạch Mai,,
Phố Đại La - Bạch Mai,Đại La,Bạch Mai,,
Ngách 16 Ngõ Đình Đông - Bạch Mai,Đình Đông,Bạch Mai,,
Ngõ Đình Đông - Bạch Mai,Đình Đông,Bạch Mai,,
Ngõ Đỗ Thuận - Bạch Mai,Đỗ Thuận,Bạch Mai,,
Đường Giải Phóng - Bạch Mai,Giải Phóng,Bạch Mai,,
Ngõ 13 Đường Giải Phóng - Bạch Mai,Giải Phóng,Bạch Mai,,
Ngõ 155 Đường Giải Phóng - Bạch Mai,Giải Phóng,Bạch Mai,,
Ngõ 167 Đường Giải Phóng - Bạch Mai,Giải Phóng,Bạch Mai,,
Ngõ 75 Đường Giải Phóng - Bạch Mai,Giải Phóng,Bạch Mai,,
Ngách 1 Ngõ Giếng Mứt - Bạch Mai,Giếng Mứt,Bạch Mai,,
Ngách 15 Ngõ Giếng Mứt - Bạch Mai,Giếng Mứt,Bạch Mai,,
Ngách 16 Ngõ Giếng Mứt - Bạch Mai,Giếng Mứt,Bạch Mai,,
Ngách 2 Ngõ Giếng Mứt - Bạch Mai,Giếng Mứt,Bạch Mai,,
Ngách 3 Ngõ Giếng Mứt - Bạch Mai,Giếng Mứt,Bạch Mai,,
Ngách 35 Ngõ Giếng Mứt - Bạch Mai,Giếng Mứt,Bạch Mai,,
Ngách 36 Ngõ Giếng Mứt - Bạch Mai,Giếng Mứt,Bạch Mai,,
Ngách 45 Ngõ Giếng Mứt - Bạch Mai,Giếng Mứt,Bạch Mai,,
Ngách 5 Ngõ Giếng Mứt - Bạch Mai,Giếng Mứt,Bạch Mai,,
Ngõ Giếng Mứt - Bạch Mai,Giếng Mứt,Bạch Mai,,
Ngõ Hậu Khuông - Bạch Mai,Hậu Khuông,Bạch Mai,,
Hẻm 81/14 Ngõ Hoà Bình 7 - Bạch Mai,Hoà Bình (Bạch Mai),Bạch Mai,,
Hẻm 81/23 Ngõ Hoà Bình 7 - Bạch Mai,Hoà Bình (Bạch Mai),Bạch Mai,,
Hẻm 81/4 Ngõ Hoà Bình 7 - Bạch Mai,Hoà Bình (Bạch Mai),Bạch Mai,,
Ngách 100 Ngõ Hoà Bình 7 - Bạch Mai,Hoà Bình (Bạch Mai),Bạch Mai,,
Ngách 114 Ngõ Hoà Bình 7 - Bạch Mai,Hoà Bình (Bạch Mai),Bạch Mai,,
Ngách 12 Ngõ Hoà Bình 3 - Bạch Mai,Hoà Bình (Bạch Mai),Bạch Mai,,
Ngách 25 Ngõ Hoà Bình 7 - Bạch Mai,Hoà Bình (Bạch Mai),Bạch Mai,,
Ngách 56 Ngõ Hoà Bình 7 - Bạch Mai,Hoà Bình (Bạch Mai),Bạch Mai,,
Ngách 66 Ngõ Hoà Bình 7 - Bạch Mai,Hoà Bình (Bạch Mai),Bạch Mai,,
Ngách 81 Ngõ Hoà Bình 7 - Bạch Mai,Hoà Bình (Bạch Mai),Bạch Mai,,
Ngách 97 Ngõ Hoà Bình 7 - Bạch Mai,Hoà Bình (Bạch Mai),Bạch Mai,,
Ngõ Hoà Bình 1 - Bạch Mai,Hoà Bình (Bạch Mai),Bạch Mai,,
Ngõ Hoà Bình 2 - Bạch Mai,Hoà Bình (Bạch Mai),Bạch Mai,,
Ngõ Hoà Bình 3 - Bạch Mai,Hoà Bình (Bạch Mai),Bạch Mai,,
Ngõ Hoà Bình 4 - Bạch Mai,Hoà Bình (Bạch Mai),Bạch Mai,,
Ngõ Hoà Bình 5 - Bạch Mai,Hoà Bình (Bạch Mai),Bạch Mai,,
Ngõ Hoà Bình 6 - Bạch Mai,Hoà Bình (Bạch Mai),Bạch Mai,,
Ngõ Hoà Bình 7 - Bạch Mai,Hoà Bình (Bạch Mai),Bạch Mai,,
Ngách 133/43 Phố Hồng Mai - Bạch Mai,Hồng Mai,Bạch Mai,,
Ngách 156/10 Phố Hồng Mai - Bạch Mai,Hồng Mai,Bạch Mai,,
Ngách 156/14 Phố Hồng Mai - Bạch Mai,Hồng Mai,Bạch Mai,,
Ngách 156/20 Phố Hồng Mai - Bạch Mai,Hồng Mai,Bạch Mai,,
Ngách 156/24 Phố Hồng Mai - Bạch Mai,Hồng Mai,Bạch Mai,,
Ngách 156/28 Phố Hồng Mai - Bạch Mai,Hồng Mai,Bạch Mai,,
Ngách 156/32 Phố Hồng Mai - Bạch Mai,Hồng Mai,Bạch Mai,,
Ngách 159/18 Phố Hồng Mai - Bạch Mai,Hồng Mai,Bạch Mai,,
Ngách 159/20 Phố Hồng Mai - Bạch Mai,Hồng Mai,Bạch Mai,,
Ngách 159/22 Phố Hồng Mai - Bạch Mai,Hồng Mai,Bạch Mai,,
Ngách 159/26 Phố Hồng Mai - Bạch Mai,Hồng Mai,Bạch Mai,,
Ngách 187/49 Phố Hồng Mai - Bạch Mai,Hồng Mai,Bạch Mai,,
Ngách 187/53 Phố Hồng Mai - Bạch Mai,Hồng Mai,Bạch Mai,,
Ngách 204/3 Phố Hồng Mai - Bạch Mai,Hồng Mai,Bạch Mai,,
Ngõ 107 Phố Hồng Mai - Bạch Mai,Hồng Mai,Bạch Mai,,
Ngõ 13 Phố Hồng Mai - Bạch Mai,Hồng Mai,Bạch Mai,,
Ngõ 133 Phố Hồng Mai - Bạch Mai,Hồng Mai,Bạch Mai,,
Ngõ 156 Phố Hồng Mai - Bạch Mai,Hồng Mai,Bạch Mai,,
Ngõ 158 Phố Hồng Mai - Bạch Mai,Hồng Mai,Bạch Mai,,
Ngõ 159 Phố Hồng Mai - Bạch Mai,Hồng Mai,Bạch Mai,,
Ngõ 164 Phố Hồng Mai - Bạch Mai,Hồng Mai,Bạch Mai,,
Ngõ 168 Phố Hồng Mai - Bạch Mai,Hồng Mai,Bạch Mai,,
Ngõ 170 Phố Hồng Mai - Bạch Mai,Hồng Mai,Bạch Mai,,
Ngõ 172 Phố Hồng Mai - Bạch Mai,Hồng Mai,Bạch Mai,,
Ngõ 186 Phố Hồng Mai - Bạch Mai,Hồng Mai,Bạch Mai,,
Ngõ 187 Phố Hồng Mai - Bạch Mai,Hồng Mai,Bạch Mai,,
Ngõ 19 Phố Hồng Mai - Bạch Mai,Hồng Mai,Bạch Mai,,
Ngõ 204 Phố Hồng Mai - Bạch Mai,Hồng Mai,Bạch Mai,,
Ngõ 215 Phố Hồng Mai - Bạch Mai,Hồng Mai,Bạch Mai,,
Ngõ 216 Phố Hồng Mai - Bạch Mai,Hồng Mai,Bạch Mai,,
Ngõ 29 Phố Hồng Mai - Bạch Mai,Hồng Mai,Bạch Mai,,
Ngõ 37 Phố Hồng Mai - Bạch Mai,Hồng Mai,Bạch Mai,,
Ngõ 39 Phố Hồng Mai - Bạch Mai,Hồng Mai,Bạch Mai,,
Ngõ 75 Phố Hồng Mai - Bạch Mai,Hồng Mai,Bạch Mai,,
Ngõ 76 Phố Hồng Mai - Bạch Mai,Hồng Mai,Bạch Mai,,
Ngõ 94 Phố Hồng Mai - Bạch Mai,Hồng Mai,Bạch Mai,,
Phố Hồng Mai - Bạch Mai,Hồng Mai,Bạch Mai,,
Ngõ Kiến Thiết - Bạch Mai,Kiến Thiết (Bạch Mai),Bạch Mai,,
Ngõ 2 Phố Lạc Nghiệp - Bạch Mai,Lạc Nghiệp,Bạch Mai,,
Phố Lạc Nghiệp - Bạch Mai,Lạc Nghiệp,Bạch Mai,,
Cầu Lạc Trung - Bạch Mai,Lạc Trung,Bạch Mai,,
Ngõ Lao Động - Bạch Mai,Lao Động,Bạch Mai,,
Ngách 106/11 Phố Lê Thanh Nghị - Bạch Mai,Lê Thanh Nghị,Bạch Mai,,
Ngách 106/17 Phố Lê Thanh Nghị - Bạch Mai,Lê Thanh Nghị,Bạch Mai,,
Ngách 121/9 Phố Lê Thanh Nghị - Bạch Mai,Lê Thanh Nghị,Bạch Mai,,
Ngách 33/12 Phố Lê Thanh Nghị - Bạch Mai,Lê Thanh Nghị,Bạch Mai,,
Ngách 33/4 Phố Lê Thanh Nghị - Bạch Mai,Lê Thanh Nghị,Bạch Mai,,
Ngách 33/6 Phố Lê Thanh Nghị - Bạch Mai,Lê Thanh Nghị,Bạch Mai,,
Ngách 36/10 Phố Lê Thanh Nghị - Bạch Mai,Lê Thanh Nghị,Bạch Mai,,
Ngách 37/14 Phố Lê Thanh Nghị - Bạch Mai,Lê Thanh Nghị,Bạch Mai,,
Ngách 37/16 Phố Lê Thanh Nghị - Bạch Mai,Lê Thanh Nghị,Bạch Mai,,
Ngách 37/8 Phố Lê Thanh Nghị - Bạch Mai,Lê Thanh Nghị,Bạch Mai,,
Ngách 67/28 Phố Lê Thanh Nghị - Bạch Mai,Lê Thanh Nghị,Bạch Mai,,
Ngách 67/34 Phố Lê Thanh Nghị - Bạch Mai,Lê Thanh Nghị,Bạch Mai,,
Ngách 67/40 Phố Lê Thanh Nghị - Bạch Mai,Lê Thanh Nghị,Bạch Mai,,
Ngách 87/1 Phố Lê Thanh Nghị - Bạch Mai,Lê Thanh Nghị,Bạch Mai,,
Ngõ 104 Phố Lê Thanh Nghị - Bạch Mai,Lê Thanh Nghị,Bạch Mai,,
Ngõ 106 Phố Lê Thanh Nghị - Bạch Mai,Lê Thanh Nghị,Bạch Mai,,
Ngõ 117 Phố Lê Thanh Nghị - Bạch Mai,Lê Thanh Nghị,Bạch Mai,,
Ngõ 119 Phố Lê Thanh Nghị - Bạch Mai,Lê Thanh Nghị,Bạch Mai,,
Ngõ 121 Phố Lê Thanh Nghị - Bạch Mai,Lê Thanh Nghị,Bạch Mai,,
Ngõ 134 Phố Lê Thanh Nghị - Bạch Mai,Lê Thanh Nghị,Bạch Mai,,
Ngõ 137 Phố Lê Thanh Nghị - Bạch Mai,Lê Thanh Nghị,Bạch Mai,,
Ngõ 165 Phố Lê Thanh Nghị - Bạch Mai,Lê Thanh Nghị,Bạch Mai,,
Ngõ 174 Phố Lê Thanh Nghị - Bạch Mai,Lê Thanh Nghị,Bạch Mai,,
Ngõ 2 Phố Lê Thanh Nghị - Bạch Mai,Lê Thanh Nghị,Bạch Mai,,
Ngõ 204 Phố Lê Thanh Nghị - Bạch Mai,Lê Thanh Nghị,Bạch Mai,,
Ngõ 224 Phố Lê Thanh Nghị - Bạch Mai,Lê Thanh Nghị,Bạch Mai,,
Ngõ 256 Phố Lê Thanh Nghị - Bạch Mai,Lê Thanh Nghị,Bạch Mai,,
Ngõ 266 Phố Lê Thanh Nghị - Bạch Mai,Lê Thanh Nghị,Bạch Mai,,
Ngõ 33 Phố Lê Thanh Nghị - Bạch Mai,Lê Thanh Nghị,Bạch Mai,,
Ngõ 36 Phố Lê Thanh Nghị - Bạch Mai,Lê Thanh Nghị,Bạch Mai,,
Ngõ 37 Phố Lê Thanh Nghị - Bạch Mai,Lê Thanh Nghị,Bạch Mai,,
Ngõ 55 Phố Lê Thanh Nghị - Bạch Mai,Lê Thanh Nghị,Bạch Mai,,
Ngõ 67 Phố Lê Thanh Nghị - Bạch Mai,Lê Thanh Nghị,Bạch Mai,,
Ngõ 78 Phố Lê Thanh Nghị - Bạch Mai,Lê Thanh Nghị,Bạch Mai,,
Ngõ 85 Phố Lê Thanh Nghị - Bạch Mai,Lê Thanh Nghị,Bạch Mai,,
Ngõ 87 Phố Lê Thanh Nghị - Bạch Mai,Lê Thanh Nghị,Bạch Mai,,
Ngõ 93 Phố Lê Thanh Nghị - Bạch Mai,Lê Thanh Nghị,Bạch Mai,,
Phố Lê Thanh Nghị - Bạch Mai,Lê Thanh Nghị,Bạch Mai,,
Ngõ Mai Hương - Bạch Mai,Mai Hương,Bạch Mai,,
Hẻm 211/28/1 Phố Minh Khai - Bạch Mai,Minh Khai,Bạch Mai,,
Hẻm 211/28/2 Phố Minh Khai - Bạch Mai,Minh Khai,Bạch Mai,,
Hẻm 211/28/3 Phố Minh Khai - Bạch Mai,Minh Khai,Bạch Mai,,
Hẻm 211/28/4 Phố Minh Khai - Bạch Mai,Minh Khai,Bạch Mai,,
Ngách 211/26 Phố Minh Khai - Bạch Mai,Minh Khai,Bạch Mai,,
Ngách 211/28 Phố Minh Khai - Bạch Mai,Minh Khai,Bạch Mai,,
Ngách 9/30 Phố Minh Khai - Bạch Mai,Minh Khai,Bạch Mai,,
Ngách 9/35 Phố Minh Khai - Bạch Mai,Minh Khai,Bạch Mai,,
Ngõ 195 Phố Minh Khai - Bạch Mai,Minh Khai,Bạch Mai,,
Ngõ 195A Phố Minh Khai - Bạch Mai,Minh Khai,Bạch Mai,,
Ngõ 197 Phố Minh Khai - Bạch Mai,Minh Khai,Bạch Mai,,
Ngõ 211 Phố Minh Khai - Bạch Mai,Minh Khai,Bạch Mai,,
Ngõ 229 Phố Minh Khai - Bạch Mai,Minh Khai,Bạch Mai,,
Ngõ 9 Phố Minh Khai - Bạch Mai,Minh Khai,Bạch Mai,,
Phố Minh Khai - Bạch Mai,Minh Khai,Bạch Mai,,
Phố Nguyễn Hiền - Bạch Mai,Nguyễn Hiền,Bạch Mai,,
Hẻm 295/75 Ngõ Quỳnh - Bạch Mai,Quỳnh,Bạch Mai,,
Hẻm 295/85 Ngõ Quỳnh - Bạch Mai,Quỳnh,Bạch Mai,,
Hẻm 369/10 Ngõ Quỳnh - Bạch Mai,Quỳnh,Bạch Mai,,
Hẻm 369/27 Ngõ Quỳnh - Bạch Mai,Quỳnh,Bạch Mai,,
Ngách 11 Ngõ Quỳnh - Bạch Mai,Quỳnh,Bạch Mai,,
Ngách 269 Ngõ Quỳnh - Bạch Mai,Quỳnh,Bạch Mai,,
Ngách 303 Ngõ Quỳnh - Bạch Mai,Quỳnh,Bạch Mai,,
Ngách 305 Ngõ Quỳnh - Bạch Mai,Quỳnh,Bạch Mai,,
Ngách 317 Ngõ Quỳnh - Bạch Mai,Quỳnh,Bạch Mai,,
Ngách 369 Ngõ Quỳnh - Bạch Mai,Quỳnh,Bạch Mai,,
Ngách 37 Ngõ Quỳnh - Bạch Mai,Quỳnh,Bạch Mai,,
Ngách 7 Ngõ Quỳnh - Bạch Mai,Quỳnh,Bạch Mai,,
Ngõ Quỳnh - Bạch Mai,Quỳnh,Bạch Mai,,
Ngõ 10 Phố Quỳnh Lôi - Bạch Mai,Quỳnh Lôi,Bạch Mai,,
Ngõ 13 Phố Quỳnh Lôi - Bạch Mai,Quỳnh Lôi,Bạch Mai,,
Ngõ 14 Phố Quỳnh Lôi - Bạch Mai,Quỳnh Lôi,Bạch Mai,,
Ngõ 15 Phố Quỳnh Lôi - Bạch Mai,Quỳnh Lôi,Bạch Mai,,
Ngõ 17 Phố Quỳnh Lôi - Bạch Mai,Quỳnh Lôi,Bạch Mai,,
Ngõ 4 Phố Quỳnh Lôi - Bạch Mai,Quỳnh Lôi,Bạch Mai,,
Ngõ 6 Phố Quỳnh Lôi - Bạch Mai,Quỳnh Lôi,Bạch Mai,,
Ngõ 8 Phố Quỳnh Lôi - Bạch Mai,Quỳnh Lôi,Bạch Mai,,
Ngõ 9 Phố Quỳnh Lôi - Bạch Mai,Quỳnh Lôi,Bạch Mai,,
Phố Quỳnh Lôi - Bạch Mai,Quỳnh Lôi,Bạch Mai,,
Ngõ 1 Phố Quỳnh Mai - Bạch Mai,Quỳnh Mai,Bạch Mai,,
Ngõ E7 Phố Quỳnh Mai - Bạch Mai,Quỳnh Mai,Bạch Mai,,
Phố Quỳnh Mai - Bạch Mai,Quỳnh Mai,Bạch Mai,,
Cầu Kim Ngưu S2 - Bạch Mai,Sông Kim Ngưu,Bạch Mai,,
Cầu Kim Ngưu S3 - Bạch Mai,Sông Kim Ngưu,Bạch Mai,,
Cầu Kim Ngưu S4 - Bạch Mai,Sông Kim Ngưu,Bạch Mai,,
Ngách 126/3 Phố Kim Ngưu - Bạch Mai,Sông Kim Ngưu,Bạch Mai,,
Ngách 54/1 Phố Kim Ngưu - Bạch Mai,Sông Kim Ngưu,Bạch Mai,,
Ngõ 100 Phố Kim Ngưu - Bạch Mai,Sông Kim Ngưu,Bạch Mai,,
Ngõ 102 Phố Kim Ngưu - Bạch Mai,Sông Kim Ngưu,Bạch Mai,,
Ngõ 126 Phố Kim Ngưu - Bạch Mai,Sông Kim Ngưu,Bạch Mai,,
Ngõ 156 Phố Kim Ngưu - Bạch Mai,Sông Kim Ngưu,Bạch Mai,,
Ngõ 174 Phố Kim Ngưu - Bạch Mai,Sông Kim Ngưu,Bạch Mai,,
Ngõ 250 Phố Kim Ngưu - Bạch Mai,Sông Kim Ngưu,Bạch Mai,,
Ngõ 254 Phố Kim Ngưu - Bạch Mai,Sông Kim Ngưu,Bạch Mai,,
Ngõ 260 Phố Kim Ngưu - Bạch Mai,Sông Kim Ngưu,Bạch Mai,,
Ngõ 34 Phố Kim Ngưu - Bạch Mai,Sông Kim Ngưu,Bạch Mai,,
Ngõ 54 Phố Kim Ngưu - Bạch Mai,Sông Kim Ngưu,Bạch Mai,,
Ngõ 74 Phố Kim Ngưu - Bạch Mai,Sông Kim Ngưu,Bạch Mai,,
Ngõ 84 Phố Kim Ngưu - Bạch Mai,Sông Kim Ngưu,Bạch Mai,,
Ngõ 88 Phố Kim Ngưu - Bạch Mai,Sông Kim Ngưu,Bạch Mai,,
Ngõ E4 Phố Kim Ngưu - Bạch Mai,Sông Kim Ngưu,Bạch Mai,,
Ngõ E8 Phố Kim Ngưu - Bạch Mai,Sông Kim Ngưu,Bạch Mai,,
Phố Kim Ngưu - Bạch Mai,Sông Kim Ngưu,Bạch Mai,,
Hẻm 40/2/1 Phố Tạ Quang Bửu - Bạch Mai,Tạ Quang Bửu,Bạch Mai,,TRUE
Hẻm 40/2/3 Phố Tạ Quang Bửu - Bạch Mai,Tạ Quang Bửu,Bạch Mai,,TRUE
Hẻm 40/30/5 Phố Tạ Quang Bửu - Bạch Mai,Tạ Quang Bửu,Bạch Mai,,TRUE
Hẻm 40/60/11 Phố Tạ Quang Bửu - Bạch Mai,Tạ Quang Bửu,Bạch Mai,,TRUE
Ngách 1/2 Phố Tạ Quang Bửu - Bạch Mai,Tạ Quang Bửu,Bạch Mai,,TRUE
Ngách 15/1 Phố Tạ Quang Bửu - Bạch Mai,Tạ Quang Bửu,Bạch Mai,,TRUE
Ngách 17/2 Phố Tạ Quang Bửu - Bạch Mai,Tạ Quang Bửu,Bạch Mai,,TRUE
Ngách 17/9 Phố Tạ Quang Bửu - Bạch Mai,Tạ Quang Bửu,Bạch Mai,,TRUE
Ngách 40/16 Phố Tạ Quang Bửu - Bạch Mai,Tạ Quang Bửu,Bạch Mai,,TRUE
Ngách 40/18 Phố Tạ Quang Bửu - Bạch Mai,Tạ Quang Bửu,Bạch Mai,,TRUE
Ngách 40/2 Phố Tạ Quang Bửu - Bạch Mai,Tạ Quang Bửu,Bạch Mai,,TRUE
Ngách 40/30 Phố Tạ Quang Bửu - Bạch Mai,Tạ Quang Bửu,Bạch Mai,,TRUE
Ngách 40/60 Phố Tạ Quang Bửu - Bạch Mai,Tạ Quang Bửu,Bạch Mai,,TRUE
Ngõ 1 Phố Tạ Quang Bửu - Bạch Mai,Tạ Quang Bửu,Bạch Mai,,TRUE
Ngõ 15 Phố Tạ Quang Bửu - Bạch Mai,Tạ Quang Bửu,Bạch Mai,,TRUE
Ngõ 16 Phố Tạ Quang Bửu - Bạch Mai,Tạ Quang Bửu,Bạch Mai,,TRUE
Ngõ 17 Phố Tạ Quang Bửu - Bạch Mai,Tạ Quang Bửu,Bạch Mai,,TRUE
Ngõ 22 Phố Tạ Quang Bửu - Bạch Mai,Tạ Quang Bửu,Bạch Mai,,TRUE
Ngõ 27 Phố Tạ Quang Bửu - Bạch Mai,Tạ Quang Bửu,Bạch Mai,,TRUE
Ngõ 29 Phố Tạ Quang Bửu - Bạch Mai,Tạ Quang Bửu,Bạch Mai,,TRUE
Ngõ 30 Phố Tạ Quang Bửu - Bạch Mai,Tạ Quang Bửu,Bạch Mai,,TRUE
Ngõ 33 Phố Tạ Quang Bửu - Bạch Mai,Tạ Quang Bửu,Bạch Mai,,TRUE
Ngõ 39 Phố Tạ Quang Bửu - Bạch Mai,Tạ Quang Bửu,Bạch Mai,,TRUE
Ngõ 40 Phố Tạ Quang Bửu - Bạch Mai,Tạ Quang Bửu,Bạch Mai,,TRUE
Ngõ 48 Phố Tạ Quang Bửu - Bạch Mai,Tạ Quang Bửu,Bạch Mai,,TRUE
Ngõ 52 Phố Tạ Quang Bửu - Bạch Mai,Tạ Quang Bửu,Bạch Mai,,TRUE
Phố Tạ Quang Bửu - Bạch Mai,Tạ Quang Bửu,Bạch Mai,,TRUE
Ngách 20 Ngõ Tân Lạc - Bạch Mai,Tân Lạc,Bạch Mai,,
Ngách 23 Ngõ Tân Lạc - Bạch Mai,Tân Lạc,Bạch Mai,,
Ngách 28 Ngõ Tân Lạc - Bạch Mai,Tân Lạc,Bạch Mai,,
Ngách 29 Ngõ Tân Lạc - Bạch Mai,Tân Lạc,Bạch Mai,,
Ngõ Tân Lạc - Bạch Mai,Tân Lạc,Bạch Mai,,
Ngõ Tân Lập - Bạch Mai,Tân Lập,Bạch Mai,,
Ngõ Tân Thịnh - Bạch Mai,Tân Thịnh,Bạch Mai,,
Ngõ Thái Lợi - Bạch Mai,Thái Lợi,Bạch Mai,,
Ngách 101/1 Phố Thanh Nhàn - Bạch Mai,Thanh Nhàn,Bạch Mai,,
Ngách 101/11 Phố Thanh Nhàn - Bạch Mai,Thanh Nhàn,Bạch Mai,,
Ngách 101/26 Phố Thanh Nhàn - Bạch Mai,Thanh Nhàn,Bạch Mai,,
Ngách 153/3 Phố Thanh Nhàn - Bạch Mai,Thanh Nhàn,Bạch Mai,,
Ngõ 101 Phố Thanh Nhàn - Bạch Mai,Thanh Nhàn,Bạch Mai,,
Ngõ 153 Phố Thanh Nhàn - Bạch Mai,Thanh Nhàn,Bạch Mai,,
Ngõ 167 Phố Thanh Nhàn - Bạch Mai,Thanh Nhàn,Bạch Mai,,
Ngõ 189 Phố Thanh Nhàn - Bạch Mai,Thanh Nhàn,Bạch Mai,,
Ngõ 257 Phố Thanh Nhàn - Bạch Mai,Thanh Nhàn,Bạch Mai,,
Ngõ 269 Phố Thanh Nhàn - Bạch Mai,Thanh Nhàn,Bạch Mai,,
Ngõ 285 Phố Thanh Nhàn - Bạch Mai,Thanh Nhàn,Bạch Mai,,
Ngõ 327 Phố Thanh Nhàn - Bạch Mai,Thanh Nhàn,Bạch Mai,,
Ngõ 40 Phố Thanh Nhàn - Bạch Mai,Thanh Nhàn,Bạch Mai,,
Ngõ 88 Phố Thanh Nhàn - Bạch Mai,Thanh Nhàn,Bạch Mai,,
Phố Thanh Nhàn - Bạch Mai,Thanh Nhàn,Bạch Mai,,
Tập Thể 92A2 Thanh Nhàn - Bạch Mai,Thanh Nhàn,Bạch Mai,,
Đường Đê Tô Hoàng - Bạch Mai,Tô Hoàng,Bạch Mai,,
Ngõ 132 Đường Đê Tô Hoàng - Bạch Mai,Tô Hoàng,Bạch Mai,,
Ngõ 2 Đường Đê Tô Hoàng - Bạch Mai,Tô Hoàng,Bạch Mai,,
Ngõ 201 Đường Đê Tô Hoàng - Bạch Mai,Tô Hoàng,Bạch Mai,,
Ngõ 215 Đường Đê Tô Hoàng - Bạch Mai,Tô Hoàng,Bạch Mai,,
Ngõ 219 Đường Đê Tô Hoàng - Bạch Mai,Tô Hoàng,Bạch Mai,,
Ngõ 66 Đường Đê Tô Hoàng - Bạch Mai,Tô Hoàng,Bạch Mai,,
Ngõ Tô Hoàng - Bạch Mai,Tô Hoàng,Bạch Mai,,
Ngách 17 Ngõ Trại Găng - Bạch Mai,Trại Găng,Bạch Mai,,
Ngách 19 Ngõ Trại Găng - Bạch Mai,Trại Găng,Bạch Mai,,
Ngõ Trại Găng - Bạch Mai,Trại Găng,Bạch Mai,,
Ngõ 1 Phố Trần Đại Nghĩa - Bạch Mai,Trần Đại Nghĩa,Bạch Mai,,TRUE
Ngõ 100 Phố Trần Đại Nghĩa - Bạch Mai,Trần Đại Nghĩa,Bạch Mai,,TRUE
Ngõ 183 Phố Trần Đại Nghĩa - Bạch Mai,Trần Đại Nghĩa,Bạch Mai,,TRUE
Ngõ 19 Phố Trần Đại Nghĩa - Bạch Mai,Trần Đại Nghĩa,Bạch Mai,,TRUE
Ngõ 213 Phố Trần Đại Nghĩa - Bạch Mai,Trần Đại Nghĩa,Bạch Mai,,TRUE
Ngõ 223 Phố Trần Đại Nghĩa - Bạch Mai,Trần Đại Nghĩa,Bạch Mai,,TRUE
Ngõ 231 Phố Trần Đại Nghĩa - Bạch Mai,Trần Đại Nghĩa,Bạch Mai,,TRUE
Ngõ 237 Phố Trần Đại Nghĩa - Bạch Mai,Trần Đại Nghĩa,Bạch Mai,,TRUE
Ngõ 33 Phố Trần Đại Nghĩa - Bạch Mai,Trần Đại Nghĩa,Bạch Mai,,TRUE
Ngõ 40 Phố Trần Đại Nghĩa - Bạch Mai,Trần Đại Nghĩa,Bạch Mai,,TRUE
Ngõ 43 Phố Trần Đại Nghĩa - Bạch Mai,Trần Đại Nghĩa,Bạch Mai,,TRUE
Ngõ 52 Phố Trần Đại Nghĩa - Bạch Mai,Trần Đại Nghĩa,Bạch Mai,,TRUE
Ngõ 72 Phố Trần Đại Nghĩa - Bạch Mai,Trần Đại Nghĩa,Bạch Mai,,TRUE
Ngõ 81 Phố Trần Đại Nghĩa - Bạch Mai,Trần Đại Nghĩa,Bạch Mai,,TRUE
Ngõ 90 Phố Trần Đại Nghĩa - Bạch Mai,Trần Đại Nghĩa,Bạch Mai,,TRUE
Ngõ 92 Phố Trần Đại Nghĩa - Bạch Mai,Trần Đại Nghĩa,Bạch Mai,,TRUE
Ngõ 94 Phố Trần Đại Nghĩa - Bạch Mai,Trần Đại Nghĩa,Bạch Mai,,TRUE
Phố Trần Đại Nghĩa - Bạch Mai,Trần Đại Nghĩa,Bạch Mai,"Phố được hình thành dựa trên lòng sông Sét. Sông Sét rẽ nhánh từ sông Kim Ngưu tại ngã ba Đại Cồ Việt - Trần Đại Nghĩa, rồi chảy xuống phía Nam và lộ thiên như ngày nay.",TRUE
Đường Trần Khát Chân - Bạch Mai,Trần Khát Chân,Bạch Mai,"Đường Trần Khát Chân là một phần của đường Vành đai 1, vốn nằm trên đoạn phía Nam của đê La Thành thuộc thành Đại La xưa. Trước đây, tuyến phố này là một con đê đất cao, chạy song song với sông Kim Ngưu ở phía Nam, vốn đã bị lấp và cống hóa trong khoảng thập niên 1980–1990. Đê La Thành từng uốn lượn từ khoảng số nhà 424, chếch lên Đông, đi theo ngõ 272 rồi vòng xuống Ô Đống Mác tại số 260, đến khoảng năm 1985 thì đoạn Trần Khát Chân được nắn thẳng như ngày nay. Hiện vẫn còn một đoạn ngõ cốt cao độ cao hơn so với mặt đường. Đoạn từ Ô Đống Mác đến đê Nguyễn Khoái được mở rộng và hoàn thiện vào năm 2016.",TRUE
Ngách 281/89 Đường Trần Khát Chân - Bạch Mai,Trần Khát Chân,Bạch Mai,,TRUE
Ngách 331/20 Đường Trần Khát Chân - Bạch Mai,Trần Khát Chân,Bạch Mai,,TRUE
Ngách 331/4 Đường Trần Khát Chân - Bạch Mai,Trần Khát Chân,Bạch Mai,,TRUE
Ngõ 279 Đường Trần Khát Chân - Bạch Mai,Trần Khát Chân,Bạch Mai,,TRUE
Ngõ 281 Đường Trần Khát Chân - Bạch Mai,Trần Khát Chân,Bạch Mai,,TRUE
Ngõ 331 Đường Trần Khát Chân - Bạch Mai,Trần Khát Chân,Bạch Mai,,TRUE
Ngõ 395 Đường Trần Khát Chân - Bạch Mai,Trần Khát Chân,Bạch Mai,,TRUE
Ngõ 461 Đường Trần Khát Chân - Bạch Mai,Trần Khát Chân,Bạch Mai,,TRUE
Ngõ 505 Đường Trần Khát Chân - Bạch Mai,Trần Khát Chân,Bạch Mai,,TRUE
Đường Trường Chinh - Bạch Mai,Trường Chinh,Bạch Mai,"Đường Trường Chinh là một phần thuộc đường Vành đai 2, kết nối từ cầu Vĩnh Tuy tới cầu Nhật Tân. Trước đây phố là một phần ranh giới giữa huyện Thọ Xương và huyện Thanh Trì.",
Ngách 94 Ngõ Tự Do - Bạch Mai,Tự Do (Bạch Mai),Bạch Mai,,
Ngách 96 Ngõ Tự Do - Bạch Mai,Tự Do (Bạch Mai),Bạch Mai,,
Ngách 98 Ngõ Tự Do - Bạch Mai,Tự Do (Bạch Mai),Bạch Mai,,
Ngõ Tự Do - Bạch Mai,Tự Do (Bạch Mai),Bạch Mai,,
Ngách 42/2 Phố Võ Thị Sáu - Bạch Mai,Võ Thị Sáu,Bạch Mai,,
Ngách 44/12 Phố Võ Thị Sáu - Bạch Mai,Võ Thị Sáu,Bạch Mai,,
Ngách 44/38 Phố Võ Thị Sáu - Bạch Mai,Võ Thị Sáu,Bạch Mai,,
Ngách 84/24 Phố Võ Thị Sáu - Bạch Mai,Võ Thị Sáu,Bạch Mai,,
Ngõ 40 Phố Võ Thị Sáu - Bạch Mai,Võ Thị Sáu,Bạch Mai,,
Ngõ 42 Phố Võ Thị Sáu - Bạch Mai,Võ Thị Sáu,Bạch Mai,,
Ngõ 44 Phố Võ Thị Sáu - Bạch Mai,Võ Thị Sáu,Bạch Mai,,
Ngõ 8 Phố Võ Thị Sáu - Bạch Mai,Võ Thị Sáu,Bạch Mai,,
Ngõ 84 Phố Võ Thị Sáu - Bạch Mai,Võ Thị Sáu,Bạch Mai,,
Ngõ 88 Phố Võ Thị Sáu - Bạch Mai,Võ Thị Sáu,Bạch Mai,,
Ngõ 9 Phố Võ Thị Sáu - Bạch Mai,Võ Thị Sáu,Bạch Mai,,
Ngõ 90 Phố Võ Thị Sáu - Bạch Mai,Võ Thị Sáu,Bạch Mai,,
Ngõ 96 Phố Võ Thị Sáu - Bạch Mai,Võ Thị Sáu,Bạch Mai,,
Phố Võ Thị Sáu - Bạch Mai,Võ Thị Sáu,Bạch Mai,,
Ngách 41/27 Phố Vọng - Bạch Mai,Vọng,Bạch Mai,,
Ngách 41/67 Phố Vọng - Bạch Mai,Vọng,Bạch Mai,,
Ngách 41/69 Phố Vọng - Bạch Mai,Vọng,Bạch Mai,,
Ngõ 41 Phố Vọng - Bạch Mai,Vọng,Bạch Mai,,
Phố Vọng - Bạch Mai,Vọng,Bạch Mai,Phố Vọng trước đây từng thuộc con đường thiên lý nối Hà Nội với các tỉnh phía Nam. Do vướng phải đầm ga (ở vị trí gần hồ Phương Liệt hiện nay - nay đã bị thu nhỏ diện tích) nên đường bộ và đường sắt phải đi vòng.,
"Phố Bạch Mai - Bạch Mai, Hai Bà Trưng",Bạch Mai,"Bạch Mai, Hai Bà Trưng","Bạch Mai là con đường thiên lý của thành Thăng Long, nối nội đô Thăng Long đi các tỉnh phía Nam. Phố Bạch Mai trước đây được coi là vùng ngoại ô (vì ở ngoài của cửa ô), nhưng vẫn khá gần trung tâm thành phố nên đây từng là điểm ăn chơi hát cô đầu nổi tiếng, thường được nhắc đến trong các quyển khảo cứu của Nguyễn Ngọc Tiến, Tô Hoài, etc. Phía Bắc của Bạch Mai là ngã tư giữa bốn phố Huế, Trần Khát Chân, Đại Cồ Việt và Bạch Mai. Đây là một cửa ô của thành Đại La, tên chữ là ô Yên Ninh, sau đổi thành ô Thịnh Yên (hoặc ô Thịnh An), tên dân gian gọi là ô Cầu Dền. Theo dân gian, ở làng Kim Liên có anh học trò nghèo, cha mẹ chết sớm, phải đi dạy học kiếm ăn qua ngày. Mấy năm đói kém, nhờ có mấy mẫu ruộng rau dền nên anh cứu giúp được nhiều người qua khỏi nạn đói. Người ta gọi chỗ anh sống là Ô Cầu Dền. Đây là một trong những cửa ô quan trọng, vì nối Thăng Long vào các tỉnh phía Nam (đặc biệt là vào Huế) bằng đường thiên lý. Trước đây, đường Đại Cồ Việt và đường Trần Khát Chân vẫn còn là đê (thuộc hệ thống Đê La Thành), phía Nam là sông Kim Ngưu (một nhánh của sông Tô Lịch). Nối giữa phố Huế và Bạch Mai là một con cống nhỏ. Phía Nam của Bạch Mai là ngã tư giữa bốn phố Bạch Mai, Minh Khai, Trương Định và Đại La. Đây là một trong những cửa ô của vòng thành bằng đất phía ngoài của thành Đại La mở rộng. Ngã tư này còn gọi là ngã tư Trung Hiền, cạnh đây có Chợ Mơ là một trong những chợ đầu mối đầu tiên của Hà Nội. Chợ Mơ tương đối mới, một phần được thành lập bởi một phần Chợ Đuổi (nay ở cuối phố Lê Đại Hành) bị đuổi thì chạy xuống đây.",
"Đường Giải Phóng - Bạch Mai, Hai Bà Trưng",Giải Phóng,"Bạch Mai, Hai Bà Trưng",,
"Phố Lê Đại Hành - Bạch Mai, Hai Bà Trưng",Lê Đại Hành,"Bạch Mai, Hai Bà Trưng",,
"Phố Võ Thị Sáu - Bạch Mai, Hai Bà Trưng",Võ Thị Sáu,"Bạch Mai, Hai Bà Trưng",,
"Ngõ 75 Đường Giải Phóng - Bạch Mai, Kim Liên",Giải Phóng,"Bạch Mai, Kim Liên",,
"Đường Trường Chinh - Bạch Mai, Kim Liên",Trường Chinh,"Bạch Mai, Kim Liên","Đường Trường Chinh là một phần thuộc đường Vành đai 2, kết nối từ cầu Vĩnh Tuy tới cầu Nhật Tân. Trước đây phố là một phần ranh giới giữa huyện Thọ Xương và huyện Thanh Trì.",
"Phố Bạch Mai - Bạch Mai, Tương Mai",Bạch Mai,"Bạch Mai, Tương Mai","Bạch Mai là con đường thiên lý của thành Thăng Long, nối nội đô Thăng Long đi các tỉnh phía Nam. Phố Bạch Mai trước đây được coi là vùng ngoại ô (vì ở ngoài của cửa ô), nhưng vẫn khá gần trung tâm thành phố nên đây từng là điểm ăn chơi hát cô đầu nổi tiếng, thường được nhắc đến trong các quyển khảo cứu của Nguyễn Ngọc Tiến, Tô Hoài, etc. Phía Bắc của Bạch Mai là ngã tư giữa bốn phố Huế, Trần Khát Chân, Đại Cồ Việt và Bạch Mai. Đây là một cửa ô của thành Đại La, tên chữ là ô Yên Ninh, sau đổi thành ô Thịnh Yên (hoặc ô Thịnh An), tên dân gian gọi là ô Cầu Dền. Theo dân gian, ở làng Kim Liên có anh học trò nghèo, cha mẹ chết sớm, phải đi dạy học kiếm ăn qua ngày. Mấy năm đói kém, nhờ có mấy mẫu ruộng rau dền nên anh cứu giúp được nhiều người qua khỏi nạn đói. Người ta gọi chỗ anh sống là Ô Cầu Dền. Đây là một trong những cửa ô quan trọng, vì nối Thăng Long vào các tỉnh phía Nam (đặc biệt là vào Huế) bằng đường thiên lý. Trước đây, đường Đại Cồ Việt và đường Trần Khát Chân vẫn còn là đê (thuộc hệ thống Đê La Thành), phía Nam là sông Kim Ngưu (một nhánh của sông Tô Lịch). Nối giữa phố Huế và Bạch Mai là một con cống nhỏ. Phía Nam của Bạch Mai là ngã tư giữa bốn phố Bạch Mai, Minh Khai, Trương Định và Đại La. Đây là một trong những cửa ô của vòng thành bằng đất phía ngoài của thành Đại La mở rộng. Ngã tư này còn gọi là ngã tư Trung Hiền, cạnh đây có Chợ Mơ là một trong những chợ đầu mối đầu tiên của Hà Nội. Chợ Mơ tương đối mới, một phần được thành lập bởi một phần Chợ Đuổi (nay ở cuối phố Lê Đại Hành) bị đuổi thì chạy xuống đây.",
"Phố Bạch Mai II - Bạch Mai, Tương Mai",Bạch Mai,"Bạch Mai, Tương Mai",,
"Đường Giải Phóng - Bạch Mai, Tương Mai",Giải Phóng,"Bạch Mai, Tương Mai",,
"Phố Kim Ngưu - Bạch Mai, Tương Mai",Sông Kim Ngưu,"Bạch Mai, Tương Mai",,
"Phố Trần Đại Nghĩa - Bạch Mai, Tương Mai",Trần Đại Nghĩa,"Bạch Mai, Tương Mai","Phố được hình thành dựa trên lòng sông Sét. Sông Sét rẽ nhánh từ sông Kim Ngưu tại ngã ba Đại Cồ Việt - Trần Đại Nghĩa, rồi chảy xuống phía Nam và lộ thiên như ngày nay.",TRUE
"Cầu Lạc Trung - Bạch Mai, Vĩnh Tuy",Lạc Trung,"Bạch Mai, Vĩnh Tuy",,
"Cầu Mai Động - Bạch Mai, Vĩnh Tuy",Mai Động,"Bạch Mai, Vĩnh Tuy",,
"Cầu Kim Ngưu S2 - Bạch Mai, Vĩnh Tuy",Sông Kim Ngưu,"Bạch Mai, Vĩnh Tuy",,
"Cầu Kim Ngưu S3 - Bạch Mai, Vĩnh Tuy",Sông Kim Ngưu,"Bạch Mai, Vĩnh Tuy",,
"Cầu Kim Ngưu S4 - Bạch Mai, Vĩnh Tuy",Sông Kim Ngưu,"Bạch Mai, Vĩnh Tuy",,
"Phố Kim Ngưu - Bạch Mai, Vĩnh Tuy",Sông Kim Ngưu,"Bạch Mai, Vĩnh Tuy",,
"Đường Trần Khát Chân - Bạch Mai, Vĩnh Tuy",Trần Khát Chân,"Bạch Mai, Vĩnh Tuy","Đường Trần Khát Chân là một phần của đường Vành đai 1, vốn nằm trên đoạn phía Nam của đê La Thành thuộc thành Đại La xưa. Trước đây, tuyến phố này là một con đê đất cao, chạy song song với sông Kim Ngưu ở phía Nam, vốn đã bị lấp và cống hóa trong khoảng thập niên 1980–1990. Đê La Thành từng uốn lượn từ khoảng số nhà 424, chếch lên Đông, đi theo ngõ 272 rồi vòng xuống Ô Đống Mác tại số 260, đến khoảng năm 1985 thì đoạn Trần Khát Chân được nắn thẳng như ngày nay. Hiện vẫn còn một đoạn ngõ cốt cao độ cao hơn so với mặt đường. Đoạn từ Ô Đống Mác đến đê Nguyễn Khoái được mở rộng và hoàn thiện vào năm 2016.",TRUE
Ngách 120/3 Phố Ái Mộ - Bồ Đề,Ái Mộ,Bồ Đề,,
Ngách 69/15 Phố Ái Mộ - Bồ Đề,Ái Mộ,Bồ Đề,,
Ngách 99/2 Phố Ái Mộ - Bồ Đề,Ái Mộ,Bồ Đề,,
Ngõ 120 Phố Ái Mộ - Bồ Đề,Ái Mộ,Bồ Đề,,
Ngõ 132 Phố Ái Mộ - Bồ Đề,Ái Mộ,Bồ Đề,,
Ngõ 144 Phố Ái Mộ - Bồ Đề,Ái Mộ,Bồ Đề,,
Ngõ 160 Phố Ái Mộ - Bồ Đề,Ái Mộ,Bồ Đề,,
Ngõ 28 Phố Ái Mộ - Bồ Đề,Ái Mộ,Bồ Đề,,
Ngõ 60 Phố Ái Mộ - Bồ Đề,Ái Mộ,Bồ Đề,,
Ngõ 69 Phố Ái Mộ - Bồ Đề,Ái Mộ,Bồ Đề,,
Ngõ 96 Phố Ái Mộ - Bồ Đề,Ái Mộ,Bồ Đề,,
Ngõ 99 Phố Ái Mộ - Bồ Đề,Ái Mộ,Bồ Đề,,
Phố Ái Mộ - Bồ Đề,Ái Mộ,Bồ Đề,,
Ngách 318/5 Phố Bắc Cầu - Bồ Đề,Bắc Cầu,Bồ Đề,,
Ngách 354/3 Phố Bắc Cầu - Bồ Đề,Bắc Cầu,Bồ Đề,,
Ngách 80/1 Phố Bắc Cầu - Bồ Đề,Bắc Cầu,Bồ Đề,,
Ngách 80/11 Phố Bắc Cầu - Bồ Đề,Bắc Cầu,Bồ Đề,,
Ngách 80/68 Phố Bắc Cầu - Bồ Đề,Bắc Cầu,Bồ Đề,,
Ngõ 110 Phố Bắc Cầu - Bồ Đề,Bắc Cầu,Bồ Đề,,
Ngõ 113 Phố Bắc Cầu - Bồ Đề,Bắc Cầu,Bồ Đề,,
Ngõ 119 Phố Bắc Cầu - Bồ Đề,Bắc Cầu,Bồ Đề,,
Ngõ 120 Phố Bắc Cầu - Bồ Đề,Bắc Cầu,Bồ Đề,,
Ngõ 128 Phố Bắc Cầu - Bồ Đề,Bắc Cầu,Bồ Đề,,
Ngõ 138 Phố Bắc Cầu - Bồ Đề,Bắc Cầu,Bồ Đề,,
Ngõ 149 Phố Bắc Cầu - Bồ Đề,Bắc Cầu,Bồ Đề,,
Ngõ 154 Phố Bắc Cầu - Bồ Đề,Bắc Cầu,Bồ Đề,,
Ngõ 160 Phố Bắc Cầu - Bồ Đề,Bắc Cầu,Bồ Đề,,
Ngõ 172 Phố Bắc Cầu - Bồ Đề,Bắc Cầu,Bồ Đề,,
Ngõ 186 Phố Bắc Cầu - Bồ Đề,Bắc Cầu,Bồ Đề,,
Ngõ 192 Phố Bắc Cầu - Bồ Đề,Bắc Cầu,Bồ Đề,,
Ngõ 200 Phố Bắc Cầu - Bồ Đề,Bắc Cầu,Bồ Đề,,
Ngõ 220 Phố Bắc Cầu - Bồ Đề,Bắc Cầu,Bồ Đề,,
Ngõ 232 Phố Bắc Cầu - Bồ Đề,Bắc Cầu,Bồ Đề,,
Ngõ 242 Phố Bắc Cầu - Bồ Đề,Bắc Cầu,Bồ Đề,,
Ngõ 246 Phố Bắc Cầu - Bồ Đề,Bắc Cầu,Bồ Đề,,
Ngõ 250 Phố Bắc Cầu - Bồ Đề,Bắc Cầu,Bồ Đề,,
Ngõ 260 Phố Bắc Cầu - Bồ Đề,Bắc Cầu,Bồ Đề,,
Ngõ 264 Phố Bắc Cầu - Bồ Đề,Bắc Cầu,Bồ Đề,,
Ngõ 266 Phố Bắc Cầu - Bồ Đề,Bắc Cầu,Bồ Đề,,
Ngõ 296 Phố Bắc Cầu - Bồ Đề,Bắc Cầu,Bồ Đề,,
Ngõ 318 Phố Bắc Cầu - Bồ Đề,Bắc Cầu,Bồ Đề,,
Ngõ 339 Phố Bắc Cầu - Bồ Đề,Bắc Cầu,Bồ Đề,,
Ngõ 341 Phố Bắc Cầu - Bồ Đề,Bắc Cầu,Bồ Đề,,
Ngõ 354 Phố Bắc Cầu - Bồ Đề,Bắc Cầu,Bồ Đề,,
Ngõ 399 Phố Bắc Cầu - Bồ Đề,Bắc Cầu,Bồ Đề,,
Ngõ 402 Phố Bắc Cầu - Bồ Đề,Bắc Cầu,Bồ Đề,,
Ngõ 404 Phố Bắc Cầu - Bồ Đề,Bắc Cầu,Bồ Đề,,
Ngõ 409 Phố Bắc Cầu - Bồ Đề,Bắc Cầu,Bồ Đề,,
Ngõ 418 Phố Bắc Cầu - Bồ Đề,Bắc Cầu,Bồ Đề,,
Ngõ 44 Phố Bắc Cầu - Bồ Đề,Bắc Cầu,Bồ Đề,,
Ngõ 527 Phố Bắc Cầu - Bồ Đề,Bắc Cầu,Bồ Đề,,
Ngõ 80 Phố Bắc Cầu - Bồ Đề,Bắc Cầu,Bồ Đề,,
Ngõ 88 Phố Bắc Cầu - Bồ Đề,Bắc Cầu,Bồ Đề,,
Phố Bắc Cầu - Bồ Đề,Bắc Cầu,Bồ Đề,,
Ngách 118/135 Phố Bồ Đề - Bồ Đề,Bồ Đề,Bồ Đề,,
Ngách 12/11 Phố Bồ Đề - Bồ Đề,Bồ Đề,Bồ Đề,,
Ngách 135/1 Phố Bồ Đề - Bồ Đề,Bồ Đề,Bồ Đề,,
Ngách 135/14 Phố Bồ Đề - Bồ Đề,Bồ Đề,Bồ Đề,,
Ngách 135/22 Phố Bồ Đề - Bồ Đề,Bồ Đề,Bồ Đề,,
Ngách 135/28 Phố Bồ Đề - Bồ Đề,Bồ Đề,Bồ Đề,,
Ngách 193/20 Phố Bồ Đề - Bồ Đề,Bồ Đề,Bồ Đề,,
Ngách 193/22 Phố Bồ Đề - Bồ Đề,Bồ Đề,Bồ Đề,,
Ngách 193/25 Phố Bồ Đề - Bồ Đề,Bồ Đề,Bồ Đề,,
Ngách 193/30 Phố Bồ Đề - Bồ Đề,Bồ Đề,Bồ Đề,,
Ngách 193/32 Phố Bồ Đề - Bồ Đề,Bồ Đề,Bồ Đề,,
Ngách 219/27 Phố Bồ Đề - Bồ Đề,Bồ Đề,Bồ Đề,,
Ngách 23/12 Phố Bồ Đề - Bồ Đề,Bồ Đề,Bồ Đề,,
Ngách 23/19 Phố Bồ Đề - Bồ Đề,Bồ Đề,Bồ Đề,,
Ngách 23/20 Phố Bồ Đề - Bồ Đề,Bồ Đề,Bồ Đề,,
Ngách 23/29 Phố Bồ Đề - Bồ Đề,Bồ Đề,Bồ Đề,,
Ngách 23/41 Phố Bồ Đề - Bồ Đề,Bồ Đề,Bồ Đề,,
Ngách 265/16 Phố Bồ Đề - Bồ Đề,Bồ Đề,Bồ Đề,,
Ngách 267/29 Phố Bồ Đề - Bồ Đề,Bồ Đề,Bồ Đề,,
Ngách 267/43 Phố Bồ Đề - Bồ Đề,Bồ Đề,Bồ Đề,,
Ngách 60/2 Phố Bồ Đề - Bồ Đề,Bồ Đề,Bồ Đề,,
Ngách 78/1 Phố Bồ Đề - Bồ Đề,Bồ Đề,Bồ Đề,,
Ngách 78/29 Phố Bồ Đề - Bồ Đề,Bồ Đề,Bồ Đề,,
Ngách 78/3 Phố Bồ Đề - Bồ Đề,Bồ Đề,Bồ Đề,,
Ngõ 12 Phố Bồ Đề - Bồ Đề,Bồ Đề,Bồ Đề,,
Ngõ 135 Phố Bồ Đề - Bồ Đề,Bồ Đề,Bồ Đề,,
Ngõ 143 Phố Bồ Đề - Bồ Đề,Bồ Đề,Bồ Đề,,
Ngõ 152 Phố Bồ Đề - Bồ Đề,Bồ Đề,Bồ Đề,,
Ngõ 154 Phố Bồ Đề - Bồ Đề,Bồ Đề,Bồ Đề,,
Ngõ 155 Phố Bồ Đề - Bồ Đề,Bồ Đề,Bồ Đề,,
Ngõ 164 Phố Bồ Đề - Bồ Đề,Bồ Đề,Bồ Đề,,
Ngõ 166 Phố Bồ Đề - Bồ Đề,Bồ Đề,Bồ Đề,,
Ngõ 175 Phố Bồ Đề - Bồ Đề,Bồ Đề,Bồ Đề,,
Ngõ 182 Phố Bồ Đề - Bồ Đề,Bồ Đề,Bồ Đề,,
Ngõ 193 Phố Bồ Đề - Bồ Đề,Bồ Đề,Bồ Đề,,
Ngõ 200 Phố Bồ Đề - Bồ Đề,Bồ Đề,Bồ Đề,,
Ngõ 201 Phố Bồ Đề - Bồ Đề,Bồ Đề,Bồ Đề,,
Ngõ 211 Phố Bồ Đề - Bồ Đề,Bồ Đề,Bồ Đề,,
Ngõ 217 Phố Bồ Đề - Bồ Đề,Bồ Đề,Bồ Đề,,
Ngõ 219 Phố Bồ Đề - Bồ Đề,Bồ Đề,Bồ Đề,,
Ngõ 23 Phố Bồ Đề - Bồ Đề,Bồ Đề,Bồ Đề,,
Ngõ 239 Phố Bồ Đề - Bồ Đề,Bồ Đề,Bồ Đề,,
Ngõ 255 Phố Bồ Đề - Bồ Đề,Bồ Đề,Bồ Đề,,
Ngõ 265 Phố Bồ Đề - Bồ Đề,Bồ Đề,Bồ Đề,,
Ngõ 267 Phố Bồ Đề - Bồ Đề,Bồ Đề,Bồ Đề,,
Ngõ 53 Phố Bồ Đề - Bồ Đề,Bồ Đề,Bồ Đề,,
Ngõ 60 Phố Bồ Đề - Bồ Đề,Bồ Đề,Bồ Đề,,
Ngõ 78 Phố Bồ Đề - Bồ Đề,Bồ Đề,Bồ Đề,,
Ngõ 81 Phố Bồ Đề - Bồ Đề,Bồ Đề,Bồ Đề,,
Phố Bồ Đề - Bồ Đề,Bồ Đề,Bồ Đề,,
Cầu Chương Dương - Bồ Đề,Chương Dương,Bồ Đề,"Cầu Chương Dương là cây cầu lớn đầu tiên do phía Việt Nam hoàn toàn tự thiết kế và thi công mà không có trợ giúp kỹ thuật từ các kỹ sư nước ngoài. Cầu được thiết kế bởi Viện thiết kế giao thông (nay là Tổng công ty Tư vấn thiết kế giao thông vận tải TEDI), được xây dựng từ 10/10/1983, thông xe ngày 30/6/1985 bởi Liên hiệp các xí nghiệp giao thông khu vực 1 và xí nghiệp liên hợp xây dựng cầu Thăng Long. Vào thời điểm này, cầu Long Biên là cầu duy nhất qua sông Hồng nên ách tắc xảy ra thường xuyên. Cùng thời điểm này cầu Thăng Long được xây dựng, nhưng vị trí ở quá xa trung tâm nên nhu cầu xây dựng cầu bắc sông Hồng cấp thiết hơn. Để xây dựng cầu, Thứ trưởng Bộ Giao thông vận tải Bùi Danh Lưu thuyết phục Chính phủ làm cầu sắt vĩnh cửu, tận dụng vật liệu thừa từ công trường cầu Thăng Long và dầm cầu đường sắt, ""chế sửa"" lại để phù hợp cho cầu Chương Dương. Cầu gồm 21 nhịp, 11 nhịp thép, 10 nhịp bê tông, gồm 2 làn ô tô ở giữa và 2 làn hỗn hợp hai bên.",
Đường Cổ Linh - Bồ Đề,Cổ Linh,Bồ Đề,,
Cầu Đông Trù - Bồ Đề,Đông Trù,Bồ Đề,,
Hẻm 167/3/1 Phố Gia Quất - Bồ Đề,Gia Quất,Bồ Đề,,
Hẻm 52/11/50 Phố Gia Quất - Bồ Đề,Gia Quất,Bồ Đề,,
Hẻm 52/11/76 Phố Gia Quất - Bồ Đề,Gia Quất,Bồ Đề,,
Hẻm 90/132/11 Phố Gia Quất - Bồ Đề,Gia Quất,Bồ Đề,,
Ngách 129/5 Phố Gia Quất - Bồ Đề,Gia Quất,Bồ Đề,,
Ngách 167/1 Phố Gia Quất - Bồ Đề,Gia Quất,Bồ Đề,,
Ngách 167/3 Phố Gia Quất - Bồ Đề,Gia Quất,Bồ Đề,,
Ngách 52/11 Phố Gia Quất - Bồ Đề,Gia Quất,Bồ Đề,,
Ngách 90/106 Phố Gia Quất - Bồ Đề,Gia Quất,Bồ Đề,,
Ngách 90/132 Phố Gia Quất - Bồ Đề,Gia Quất,Bồ Đề,,
Ngách 90/56 Phố Gia Quất - Bồ Đề,Gia Quất,Bồ Đề,,
Ngách 90/60 Phố Gia Quất - Bồ Đề,Gia Quất,Bồ Đề,,
Ngách 90/78 Phố Gia Quất - Bồ Đề,Gia Quất,Bồ Đề,,
Ngõ 1 Phố Gia Quất - Bồ Đề,Gia Quất,Bồ Đề,,
Ngõ 107 Phố Gia Quất - Bồ Đề,Gia Quất,Bồ Đề,,
Ngõ 127 Phố Gia Quất - Bồ Đề,Gia Quất,Bồ Đề,,
Ngõ 129 Phố Gia Quất - Bồ Đề,Gia Quất,Bồ Đề,,
Ngõ 135 Phố Gia Quất - Bồ Đề,Gia Quất,Bồ Đề,,
Ngõ 161 Phố Gia Quất - Bồ Đề,Gia Quất,Bồ Đề,,
Ngõ 167 Phố Gia Quất - Bồ Đề,Gia Quất,Bồ Đề,,
Ngõ 2 Phố Gia Quất - Bồ Đề,Gia Quất,Bồ Đề,,
Ngõ 52 Phố Gia Quất - Bồ Đề,Gia Quất,Bồ Đề,,
Ngõ 54 Phố Gia Quất - Bồ Đề,Gia Quất,Bồ Đề,,
Ngõ 62 Phố Gia Quất - Bồ Đề,Gia Quất,Bồ Đề,,
Ngõ 71 Phố Gia Quất - Bồ Đề,Gia Quất,Bồ Đề,,
Ngõ 79 Phố Gia Quất - Bồ Đề,Gia Quất,Bồ Đề,,
Ngõ 90 Phố Gia Quất - Bồ Đề,Gia Quất,Bồ Đề,,
Phố Gia Quất - Bồ Đề,Gia Quất,Bồ Đề,,
Hẻm 55/19/1 Phố Gia Thượng - Bồ Đề,Gia Thượng,Bồ Đề,,
Hẻm 55/19/14 Phố Gia Thượng - Bồ Đề,Gia Thượng,Bồ Đề,,
Hẻm 55/19/2 Phố Gia Thượng - Bồ Đề,Gia Thượng,Bồ Đề,,
Ngách 19/55 Phố Gia Thượng - Bồ Đề,Gia Thượng,Bồ Đề,,
Ngách 71/1 Phố Gia Thượng - Bồ Đề,Gia Thượng,Bồ Đề,,
Ngõ 1 Phố Gia Thượng - Bồ Đề,Gia Thượng,Bồ Đề,,
Ngõ 11 Phố Gia Thượng - Bồ Đề,Gia Thượng,Bồ Đề,,
Ngõ 27 Phố Gia Thượng - Bồ Đề,Gia Thượng,Bồ Đề,,
Ngõ 42 Phố Gia Thượng - Bồ Đề,Gia Thượng,Bồ Đề,,
Ngõ 55 Phố Gia Thượng - Bồ Đề,Gia Thượng,Bồ Đề,,
Ngõ 71 Phố Gia Thượng - Bồ Đề,Gia Thượng,Bồ Đề,,
Phố Gia Thượng - Bồ Đề,Gia Thượng,Bồ Đề,,
Phố Gia Thuỵ - Bồ Đề,Gia Thuỵ,Bồ Đề,,
Ngõ Hàm Rồng - Bồ Đề,Hàm Rồng,Bồ Đề,,
Đường Hồ Tai Trâu - Bồ Đề,Hồ Tai Trâu,Bồ Đề,,
Ngách 33/1 Phố Hoàng Minh Đạo - Bồ Đề,Hoàng Minh Đạo,Bồ Đề,,
Ngách 33/3 Phố Hoàng Minh Đạo - Bồ Đề,Hoàng Minh Đạo,Bồ Đề,,
Ngách 7/56 Phố Hoàng Minh Đạo - Bồ Đề,Hoàng Minh Đạo,Bồ Đề,,
Ngõ 33 Phố Hoàng Minh Đạo - Bồ Đề,Hoàng Minh Đạo,Bồ Đề,,
Ngõ 37 Phố Hoàng Minh Đạo - Bồ Đề,Hoàng Minh Đạo,Bồ Đề,,
Ngõ 59 Phố Hoàng Minh Đạo - Bồ Đề,Hoàng Minh Đạo,Bồ Đề,,
Ngõ 7 Phố Hoàng Minh Đạo - Bồ Đề,Hoàng Minh Đạo,Bồ Đề,,
Phố Hoàng Minh Đạo - Bồ Đề,Hoàng Minh Đạo,Bồ Đề,,
Ngách 27/2 Phố Hoàng Như Tiếp - Bồ Đề,Hoàng Như Tiếp,Bồ Đề,,
Ngách 62/16 Phố Hoàng Như Tiếp - Bồ Đề,Hoàng Như Tiếp,Bồ Đề,,
Ngách 62/35 Phố Hoàng Như Tiếp - Bồ Đề,Hoàng Như Tiếp,Bồ Đề,,
Ngách 78/45 Phố Hoàng Như Tiếp - Bồ Đề,Hoàng Như Tiếp,Bồ Đề,,
Ngách 78/61 Phố Hoàng Như Tiếp - Bồ Đề,Hoàng Như Tiếp,Bồ Đề,,
Ngõ 100 Phố Hoàng Như Tiếp - Bồ Đề,Hoàng Như Tiếp,Bồ Đề,,
Ngõ 102 Phố Hoàng Như Tiếp - Bồ Đề,Hoàng Như Tiếp,Bồ Đề,,
Ngõ 110 Phố Hoàng Như Tiếp - Bồ Đề,Hoàng Như Tiếp,Bồ Đề,,
Ngõ 112 Phố Hoàng Như Tiếp - Bồ Đề,Hoàng Như Tiếp,Bồ Đề,,
Ngõ 133 Phố Hoàng Như Tiếp - Bồ Đề,Hoàng Như Tiếp,Bồ Đề,,
Ngõ 135 Phố Hoàng Như Tiếp - Bồ Đề,Hoàng Như Tiếp,Bồ Đề,,
Ngõ 143 Phố Hoàng Như Tiếp - Bồ Đề,Hoàng Như Tiếp,Bồ Đề,,
Ngõ 15 Phố Hoàng Như Tiếp - Bồ Đề,Hoàng Như Tiếp,Bồ Đề,,
Ngõ 155 Phố Hoàng Như Tiếp - Bồ Đề,Hoàng Như Tiếp,Bồ Đề,,
Ngõ 27 Phố Hoàng Như Tiếp - Bồ Đề,Hoàng Như Tiếp,Bồ Đề,,
Ngõ 32 Phố Hoàng Như Tiếp - Bồ Đề,Hoàng Như Tiếp,Bồ Đề,,
Ngõ 45 Phố Hoàng Như Tiếp - Bồ Đề,Hoàng Như Tiếp,Bồ Đề,,
Ngõ 55 Phố Hoàng Như Tiếp - Bồ Đề,Hoàng Như Tiếp,Bồ Đề,,
Ngõ 62 Phố Hoàng Như Tiếp - Bồ Đề,Hoàng Như Tiếp,Bồ Đề,,
Ngõ 69 Phố Hoàng Như Tiếp - Bồ Đề,Hoàng Như Tiếp,Bồ Đề,,
Ngõ 70 Phố Hoàng Như Tiếp - Bồ Đề,Hoàng Như Tiếp,Bồ Đề,,
Ngõ 71 Phố Hoàng Như Tiếp - Bồ Đề,Hoàng Như Tiếp,Bồ Đề,,
Ngõ 78 Phố Hoàng Như Tiếp - Bồ Đề,Hoàng Như Tiếp,Bồ Đề,,
Ngõ 88 Phố Hoàng Như Tiếp - Bồ Đề,Hoàng Như Tiếp,Bồ Đề,,
Ngõ 90 Phố Hoàng Như Tiếp - Bồ Đề,Hoàng Như Tiếp,Bồ Đề,,
Phố Hoàng Như Tiếp - Bồ Đề,Hoàng Như Tiếp,Bồ Đề,,
Ngách 16/9 Phố Hồng Tiến - Bồ Đề,Hồng Tiến,Bồ Đề,,
Ngách 40/20 Phố Hồng Tiến - Bồ Đề,Hồng Tiến,Bồ Đề,,
Ngõ 1 Phố Hồng Tiến - Bồ Đề,Hồng Tiến,Bồ Đề,,
Ngõ 13 Phố Hồng Tiến - Bồ Đề,Hồng Tiến,Bồ Đề,,
Ngõ 16 Phố Hồng Tiến - Bồ Đề,Hồng Tiến,Bồ Đề,,
Ngõ 40 Phố Hồng Tiến - Bồ Đề,Hồng Tiến,Bồ Đề,,
Ngõ 45 Phố Hồng Tiến - Bồ Đề,Hồng Tiến,Bồ Đề,,
Phố Hồng Tiến - Bồ Đề,Hồng Tiến,Bồ Đề,,
Đường Lâm Du - Bồ Đề,Lâm Du,Bồ Đề,,
Ngách 377/17 Đường Lâm Du - Bồ Đề,Lâm Du,Bồ Đề,,
Ngách 47/26 Phố Lâm Du - Bồ Đề,Lâm Du,Bồ Đề,,
Ngách 47/44 Đường Lâm Du - Bồ Đề,Lâm Du,Bồ Đề,,
Ngõ 103 Đường Lâm Du - Bồ Đề,Lâm Du,Bồ Đề,,
Ngõ 107 Đường Lâm Du - Bồ Đề,Lâm Du,Bồ Đề,,
Ngõ 133 Đường Lâm Du - Bồ Đề,Lâm Du,Bồ Đề,,
Ngõ 149 Đường Lâm Du - Bồ Đề,Lâm Du,Bồ Đề,,
Ngõ 155 Đường Lâm Du - Bồ Đề,Lâm Du,Bồ Đề,,
Ngõ 159 Đường Lâm Du - Bồ Đề,Lâm Du,Bồ Đề,,
Ngõ 197 Đường Lâm Du - Bồ Đề,Lâm Du,Bồ Đề,,
Ngõ 247 Phố Lâm Du - Bồ Đề,Lâm Du,Bồ Đề,,
Ngõ 277 Phố Lâm Du - Bồ Đề,Lâm Du,Bồ Đề,,
Ngõ 293 Đường Lâm Du - Bồ Đề,Lâm Du,Bồ Đề,,
Ngõ 319 Đường Lâm Du - Bồ Đề,Lâm Du,Bồ Đề,,
Ngõ 321 Đường Lâm Du - Bồ Đề,Lâm Du,Bồ Đề,,
Ngõ 327 Đường Lâm Du - Bồ Đề,Lâm Du,Bồ Đề,,
Ngõ 345 Đường Lâm Du - Bồ Đề,Lâm Du,Bồ Đề,,
Ngõ 363 Đường Lâm Du - Bồ Đề,Lâm Du,Bồ Đề,,
Ngõ 371 Đường Lâm Du - Bồ Đề,Lâm Du,Bồ Đề,,
Ngõ 377 Đường Lâm Du - Bồ Đề,Lâm Du,Bồ Đề,,
Ngõ 47 Đường Lâm Du - Bồ Đề,Lâm Du,Bồ Đề,,
Ngõ 81 Đường Lâm Du - Bồ Đề,Lâm Du,Bồ Đề,,
Ngõ 83 Đường Lâm Du - Bồ Đề,Lâm Du,Bồ Đề,,
Ngõ 93 Đường Lâm Du - Bồ Đề,Lâm Du,Bồ Đề,,
Phố Lâm Du - Bồ Đề,Lâm Du,Bồ Đề,,
Ngách 1/2 Phố Lâm Hạ - Bồ Đề,Lâm Hạ,Bồ Đề,,
Ngách 111/2 Phố Lâm Hạ - Bồ Đề,Lâm Hạ,Bồ Đề,,
Ngách 111/8 Phố Lâm Hạ - Bồ Đề,Lâm Hạ,Bồ Đề,,
Ngách 27/2 Phố Lâm Hạ - Bồ Đề,Lâm Hạ,Bồ Đề,,
Ngách 27/35 Phố Lâm Hạ - Bồ Đề,Lâm Hạ,Bồ Đề,,
Ngõ 1 Phố Lâm Hạ - Bồ Đề,Lâm Hạ,Bồ Đề,,
Ngõ 101 Phố Lâm Hạ - Bồ Đề,Lâm Hạ,Bồ Đề,,
Ngõ 111 Phố Lâm Hạ - Bồ Đề,Lâm Hạ,Bồ Đề,,
Ngõ 21 Phố Lâm Hạ - Bồ Đề,Lâm Hạ,Bồ Đề,,
Ngõ 26 Phố Lâm Hạ - Bồ Đề,Lâm Hạ,Bồ Đề,,
Ngõ 27 Phố Lâm Hạ - Bồ Đề,Lâm Hạ,Bồ Đề,,
Ngõ 55 Phố Lâm Hạ - Bồ Đề,Lâm Hạ,Bồ Đề,,
Ngõ 63 Phố Lâm Hạ - Bồ Đề,Lâm Hạ,Bồ Đề,,
Ngõ 67 Phố Lâm Hạ - Bồ Đề,Lâm Hạ,Bồ Đề,,
Ngõ 71 Phố Lâm Hạ - Bồ Đề,Lâm Hạ,Bồ Đề,,
Ngõ 77 Phố Lâm Hạ - Bồ Đề,Lâm Hạ,Bồ Đề,,
Ngõ 79 Phố Lâm Hạ - Bồ Đề,Lâm Hạ,Bồ Đề,,
Phố Lâm Hạ - Bồ Đề,Lâm Hạ,Bồ Đề,,
Phố Lê Đại - Bồ Đề,Lê Đại,Bồ Đề,,
Cầu Long Biên - Bồ Đề,Long Biên,Bồ Đề,"Cầu Long Biên là cây cầu thép đầu tiên bắc qua sông Hồng, đồng thời là công trình cầu thép lớn nhất Đông Dương lúc bấy giờ. Cầu có tên cũ là cầu Paul Doumer, đặt theo tên của Toàn quyền Đông Dương lúc bấy giờ. Năm 1945 cầu được bác sỹ Trần Văn Lai đổi tên thành Long Biên. Trái với lầm tưởng của nhiều người, cầu không được Gustave Eiffel thiết kế, mà được thiết kế và xây dựng bởi Daydé & Pillé. Cầu được xây dựng từ năm 1898, hoàn thành năm 1902, được sử dụng năm 1903. Cầu dài 2290m, gồm 896m cầu dẫn, 19 nhịp dầm thép đặt trên 20 trụ cao hơn 40m (kể cả móng) và đường dẫn xây bằng đá. Cầu ban đầu chỉ bao gồm 1 đường sắt đơn chạy ở giữa, tuy nhiên do nhu cầu vận tải gia tăng nên thi công thêm đường dành cho xe cơ giới và đi bộ ở hai bên. Trong Kháng chiến chống Mỹ, cầu bị ném bom nhiều lần và bị hư hại nặng 8 nhịp, sau này các nhịp này được thay thế bằng hệ dầm quân dụng. Cầu Long Biên và cầu Việt Trì là hai cầu duy nhất ở Việt Nam lưu thông ngược chiều, không phải vì lý do hàng hoá lưu thông một chiều nên cầu bị nghiêng, mà do xung đột giao thông tại nút giao lối lên cầu (Hàng Đậu giao với Trần Nhật Duật) nên tới năm 1953, chính quyền ban hành quy định đảo ngược chiều di chuyển.",
Đường Long Biên - Bồ Đề,Long Biên,Bồ Đề,,
Ngách 167/1 Đường Long Biên - Bồ Đề,Long Biên,Bồ Đề,,
Ngách 167/6 Đường Long Biên - Bồ Đề,Long Biên,Bồ Đề,,
Ngách 193/2 Đường Long Biên - Bồ Đề,Long Biên,Bồ Đề,,
Ngõ 1 Đường Long Biên - Bồ Đề,Long Biên,Bồ Đề,,
Ngõ 1 Phố Long Biên 2 - Bồ Đề,Long Biên,Bồ Đề,,
Ngõ 105 Đường Long Biên - Bồ Đề,Long Biên,Bồ Đề,,
Ngõ 115 Đường Long Biên - Bồ Đề,Long Biên,Bồ Đề,,
Ngõ 135 Đường Long Biên - Bồ Đề,Long Biên,Bồ Đề,,
Ngõ 161 Đường Long Biên - Bồ Đề,Long Biên,Bồ Đề,,
Ngõ 167 Đường Long Biên - Bồ Đề,Long Biên,Bồ Đề,,
Ngõ 193 Đường Long Biên - Bồ Đề,Long Biên,Bồ Đề,,
Ngõ 199 Đường Long Biên - Bồ Đề,Long Biên,Bồ Đề,,
Ngõ 2 Phố Long Biên 1 - Bồ Đề,Long Biên,Bồ Đề,,
Ngõ 211 Đường Long Biên - Bồ Đề,Long Biên,Bồ Đề,,
Ngõ 213 Đường Long Biên - Bồ Đề,Long Biên,Bồ Đề,,
Ngõ 219 Đường Long Biên - Bồ Đề,Long Biên,Bồ Đề,,
Ngõ 23 Phố Long Biên 2 - Bồ Đề,Long Biên,Bồ Đề,,
Ngõ 27 Phố Long Biên 1 - Bồ Đề,Long Biên,Bồ Đề,,
Ngõ 31 Đường Long Biên - Bồ Đề,Long Biên,Bồ Đề,,
Ngõ 71 Đường Long Biên - Bồ Đề,Long Biên,Bồ Đề,,
Phố Long Biên 1 - Bồ Đề,Long Biên,Bồ Đề,,
Phố Long Biên 2 - Bồ Đề,Long Biên,Bồ Đề,,
Đường Lý Sơn - Bồ Đề,Lý Sơn,Bồ Đề,,
Hẻm 103/4/2 Đường Lý Sơn - Bồ Đề,Lý Sơn,Bồ Đề,,
Hẻm 103/4/2A Đường Lý Sơn - Bồ Đề,Lý Sơn,Bồ Đề,,
Hẻm 103/4/35 Đường Lý Sơn - Bồ Đề,Lý Sơn,Bồ Đề,,
Hẻm 103/4/4 Đường Lý Sơn - Bồ Đề,Lý Sơn,Bồ Đề,,
Hẻm 103/4/49 Đường Lý Sơn - Bồ Đề,Lý Sơn,Bồ Đề,,
Ngách 103/12 Đường Lý Sơn - Bồ Đề,Lý Sơn,Bồ Đề,,
Ngách 103/15 Đường Lý Sơn - Bồ Đề,Lý Sơn,Bồ Đề,,
Ngách 103/20 Đường Lý Sơn - Bồ Đề,Lý Sơn,Bồ Đề,,
Ngách 103/4 Đường Lý Sơn - Bồ Đề,Lý Sơn,Bồ Đề,,
Ngách 103/8 Đường Lý Sơn - Bồ Đề,Lý Sơn,Bồ Đề,,
Ngách 87/15 Đường Lý Sơn - Bồ Đề,Lý Sơn,Bồ Đề,,
Ngách 87/18 Đường Lý Sơn - Bồ Đề,Lý Sơn,Bồ Đề,,
Ngõ 103 Đường Lý Sơn - Bồ Đề,Lý Sơn,Bồ Đề,,
Ngõ 23 Đường Lý Sơn - Bồ Đề,Lý Sơn,Bồ Đề,,
Ngõ 27 Đường Lý Sơn - Bồ Đề,Lý Sơn,Bồ Đề,,
Ngõ 43 Đường Lý Sơn - Bồ Đề,Lý Sơn,Bồ Đề,,
Ngõ 55 Đường Lý Sơn - Bồ Đề,Lý Sơn,Bồ Đề,,
Ngõ 65 Đường Lý Sơn - Bồ Đề,Lý Sơn,Bồ Đề,,
Ngõ 77 Đường Lý Sơn - Bồ Đề,Lý Sơn,Bồ Đề,,
Ngõ 87 Đường Lý Sơn - Bồ Đề,Lý Sơn,Bồ Đề,,
Ngõ 2 Phố Ngô Gia Khảm - Bồ Đề,Ngô Gia Khảm,Bồ Đề,,TRUE
Ngõ 22 Phố Ngô Gia Khảm - Bồ Đề,Ngô Gia Khảm,Bồ Đề,,TRUE
Phố Ngô Gia Khảm - Bồ Đề,Ngô Gia Khảm,Bồ Đề,,TRUE
Ngõ 1 Đường Ngô Gia Tự - Bồ Đề,Ngô Gia Tự,Bồ Đề,,
Ngõ 11 Đường Ngô Gia Tự - Bồ Đề,Ngô Gia Tự,Bồ Đề,,
Đường Ngọc Lâm - Bồ Đề,Ngọc Lâm,Bồ Đề,,
Hẻm 52/2/5 Đường Ngọc Lâm - Bồ Đề,Ngọc Lâm,Bồ Đề,,
Ngách 154/29 Đường Ngọc Lâm - Bồ Đề,Ngọc Lâm,Bồ Đề,,
Ngách 154/7 Đường Ngọc Lâm - Bồ Đề,Ngọc Lâm,Bồ Đề,,
Ngách 2/5 Đường Ngọc Lâm - Bồ Đề,Ngọc Lâm,Bồ Đề,,
Ngách 24/94 Đường Ngọc Lâm - Bồ Đề,Ngọc Lâm,Bồ Đề,,
Ngách 298/18 Đường Ngọc Lâm - Bồ Đề,Ngọc Lâm,Bồ Đề,,
Ngách 298/19 Đường Ngọc Lâm - Bồ Đề,Ngọc Lâm,Bồ Đề,,
Ngách 298/20 Đường Ngọc Lâm - Bồ Đề,Ngọc Lâm,Bồ Đề,,
Ngách 298/24 Đường Ngọc Lâm - Bồ Đề,Ngọc Lâm,Bồ Đề,,
Ngách 298/26 Đường Ngọc Lâm - Bồ Đề,Ngọc Lâm,Bồ Đề,,
Ngách 298/33 Đường Ngọc Lâm - Bồ Đề,Ngọc Lâm,Bồ Đề,,
Ngách 366/8 Đường Ngọc Lâm - Bồ Đề,Ngọc Lâm,Bồ Đề,,
Ngách 399/107 Đường Ngọc Lâm - Bồ Đề,Ngọc Lâm,Bồ Đề,,
Ngách 481/1 Đường Ngọc Lâm - Bồ Đề,Ngọc Lâm,Bồ Đề,,
Ngách 52/19 Đường Ngọc Lâm - Bồ Đề,Ngọc Lâm,Bồ Đề,,
Ngách 52/2 Đường Ngọc Lâm - Bồ Đề,Ngọc Lâm,Bồ Đề,,
Ngách 52/21 Đường Ngọc Lâm - Bồ Đề,Ngọc Lâm,Bồ Đề,,
Ngách 66/104 Đường Ngọc Lâm - Bồ Đề,Ngọc Lâm,Bồ Đề,,
Ngách 66/111 Đường Ngọc Lâm - Bồ Đề,Ngọc Lâm,Bồ Đề,,
Ngách 66/23 Đường Ngọc Lâm - Bồ Đề,Ngọc Lâm,Bồ Đề,,
Ngách 66/42 Đường Ngọc Lâm - Bồ Đề,Ngọc Lâm,Bồ Đề,,
Ngách 66/56 Đường Ngọc Lâm - Bồ Đề,Ngọc Lâm,Bồ Đề,,
Ngách 66/68 Đường Ngọc Lâm - Bồ Đề,Ngọc Lâm,Bồ Đề,,
Ngách 66/92 Đường Ngọc Lâm - Bồ Đề,Ngọc Lâm,Bồ Đề,,
Ngõ 1 Đường Ngọc Lâm - Bồ Đề,Ngọc Lâm,Bồ Đề,,
Ngõ 124 Đường Ngọc Lâm - Bồ Đề,Ngọc Lâm,Bồ Đề,,
Ngõ 154 Đường Ngọc Lâm - Bồ Đề,Ngọc Lâm,Bồ Đề,,
Ngõ 176 Đường Ngọc Lâm - Bồ Đề,Ngọc Lâm,Bồ Đề,,
Ngõ 188 Đường Ngọc Lâm - Bồ Đề,Ngọc Lâm,Bồ Đề,,
Ngõ 189 Đường Ngọc Lâm - Bồ Đề,Ngọc Lâm,Bồ Đề,,
Ngõ 2 Đường Ngọc Lâm - Bồ Đề,Ngọc Lâm,Bồ Đề,,
Ngõ 201 Đường Ngọc Lâm - Bồ Đề,Ngọc Lâm,Bồ Đề,,
Ngõ 219 Đường Ngọc Lâm - Bồ Đề,Ngọc Lâm,Bồ Đề,,
Ngõ 228 Đường Ngọc Lâm - Bồ Đề,Ngọc Lâm,Bồ Đề,,
Ngõ 238 Đường Ngọc Lâm - Bồ Đề,Ngọc Lâm,Bồ Đề,,
Ngõ 24 Đường Ngọc Lâm - Bồ Đề,Ngọc Lâm,Bồ Đề,,
Ngõ 25 Đường Ngọc Lâm - Bồ Đề,Ngọc Lâm,Bồ Đề,,
Ngõ 259 Đường Ngọc Lâm - Bồ Đề,Ngọc Lâm,Bồ Đề,,
Ngõ 260 Đường Ngọc Lâm - Bồ Đề,Ngọc Lâm,Bồ Đề,,
Ngõ 270 Đường Ngọc Lâm - Bồ Đề,Ngọc Lâm,Bồ Đề,,
Ngõ 273 Đường Ngọc Lâm - Bồ Đề,Ngọc Lâm,Bồ Đề,,
Ngõ 274 Đường Ngọc Lâm - Bồ Đề,Ngọc Lâm,Bồ Đề,,
Ngõ 279 Đường Ngọc Lâm - Bồ Đề,Ngọc Lâm,Bồ Đề,,
Ngõ 289 Đường Ngọc Lâm - Bồ Đề,Ngọc Lâm,Bồ Đề,,
Ngõ 293 Đường Ngọc Lâm - Bồ Đề,Ngọc Lâm,Bồ Đề,,
Ngõ 298 Đường Ngọc Lâm - Bồ Đề,Ngọc Lâm,Bồ Đề,,
Ngõ 311 Đường Ngọc Lâm - Bồ Đề,Ngọc Lâm,Bồ Đề,,
Ngõ 313 Đường Ngọc Lâm - Bồ Đề,Ngọc Lâm,Bồ Đề,,
Ngõ 317 Đường Ngọc Lâm - Bồ Đề,Ngọc Lâm,Bồ Đề,,
Ngõ 325 Đường Ngọc Lâm - Bồ Đề,Ngọc Lâm,Bồ Đề,,
Ngõ 331 Đường Ngọc Lâm - Bồ Đề,Ngọc Lâm,Bồ Đề,,
Ngõ 332 Đường Ngọc Lâm - Bồ Đề,Ngọc Lâm,Bồ Đề,,
Ngõ 341 Đường Ngọc Lâm - Bồ Đề,Ngọc Lâm,Bồ Đề,,
Ngõ 351 Đường Ngọc Lâm - Bồ Đề,Ngọc Lâm,Bồ Đề,,
Ngõ 355 Đường Ngọc Lâm - Bồ Đề,Ngọc Lâm,Bồ Đề,,
Ngõ 359 Phố Ngọc Lâm - Bồ Đề,Ngọc Lâm,Bồ Đề,,
Ngõ 366 Đường Ngọc Lâm - Bồ Đề,Ngọc Lâm,Bồ Đề,,
Ngõ 385 Đường Ngọc Lâm - Bồ Đề,Ngọc Lâm,Bồ Đề,,
Ngõ 389 Đường Ngọc Lâm - Bồ Đề,Ngọc Lâm,Bồ Đề,,
Ngõ 399 Đường Ngọc Lâm - Bồ Đề,Ngọc Lâm,Bồ Đề,,
Ngõ 399 Phố Ngọc Lâm - Bồ Đề,Ngọc Lâm,Bồ Đề,,
Ngõ 449 Đường Ngọc Lâm - Bồ Đề,Ngọc Lâm,Bồ Đề,,
Ngõ 481 Đường Ngọc Lâm - Bồ Đề,Ngọc Lâm,Bồ Đề,,
Ngõ 52 Đường Ngọc Lâm - Bồ Đề,Ngọc Lâm,Bồ Đề,,
Ngõ 66 Đường Ngọc Lâm - Bồ Đề,Ngọc Lâm,Bồ Đề,,
Ngõ 88 Đường Ngọc Lâm - Bồ Đề,Ngọc Lâm,Bồ Đề,,
Ngõ 96 Đường Ngọc Lâm - Bồ Đề,Ngọc Lâm,Bồ Đề,,
Ngọc Lâm - Bồ Đề,Ngọc Lâm,Bồ Đề,,
Đường Ngọc Thuỵ - Bồ Đề,Ngọc Thuỵ,Bồ Đề,,
Hẻm 268/21/55 Đường Ngọc Thuỵ - Bồ Đề,Ngọc Thuỵ,Bồ Đề,,
Hẻm 272/17/1 Đường Ngọc Thuỵ - Bồ Đề,Ngọc Thuỵ,Bồ Đề,,
Hẻm 293/37/15 Đường Ngọc Thuỵ - Bồ Đề,Ngọc Thuỵ,Bồ Đề,,
Hẻm 293/74/3 Đường Ngọc Thuỵ - Bồ Đề,Ngọc Thuỵ,Bồ Đề,,
Hẻm 532/2/3 Đường Ngọc Thuỵ - Bồ Đề,Ngọc Thuỵ,Bồ Đề,,
Hẻm 604/162/15 Đường Ngọc Thuỵ - Bồ Đề,Ngọc Thuỵ,Bồ Đề,,
Hẻm 604/25/8 Đường Ngọc Thuỵ - Bồ Đề,Ngọc Thuỵ,Bồ Đề,,
Hẻm 604/33/16 Đường Ngọc Thuỵ - Bồ Đề,Ngọc Thuỵ,Bồ Đề,,
Hẻm 604/33/2 Đường Ngọc Thuỵ - Bồ Đề,Ngọc Thuỵ,Bồ Đề,,
Hẻm 604/33/20 Đường Ngọc Thuỵ - Bồ Đề,Ngọc Thuỵ,Bồ Đề,,
Hẻm 604/35/10 Đường Ngọc Thuỵ - Bồ Đề,Ngọc Thuỵ,Bồ Đề,,
Hẻm 604/35/16 Đường Ngọc Thuỵ - Bồ Đề,Ngọc Thuỵ,Bồ Đề,,
Hẻm 604/35/20 Đường Ngọc Thuỵ - Bồ Đề,Ngọc Thuỵ,Bồ Đề,,
Hẻm 604/35/24 Đường Ngọc Thuỵ - Bồ Đề,Ngọc Thuỵ,Bồ Đề,,
Hẻm 604/35/4 Đường Ngọc Thuỵ - Bồ Đề,Ngọc Thuỵ,Bồ Đề,,
Hẻm 604/35/6 Đường Ngọc Thuỵ - Bồ Đề,Ngọc Thuỵ,Bồ Đề,,
Hẻm 604/49/20 Đường Ngọc Thuỵ - Bồ Đề,Ngọc Thuỵ,Bồ Đề,,
Hẻm 604/49/40 Đường Ngọc Thuỵ - Bồ Đề,Ngọc Thuỵ,Bồ Đề,,
Hẻm 604/49/5 Đường Ngọc Thuỵ - Bồ Đề,Ngọc Thuỵ,Bồ Đề,,
Hẻm 604/49/7 Đường Ngọc Thuỵ - Bồ Đề,Ngọc Thuỵ,Bồ Đề,,
Hẻm 604/49/9 Đường Ngọc Thuỵ - Bồ Đề,Ngọc Thuỵ,Bồ Đề,,
Hẻm 66/16/1 Đường Ngọc Thuỵ - Bồ Đề,Ngọc Thuỵ,Bồ Đề,,
Hẻm 66/16/12 Đường Ngọc Thuỵ - Bồ Đề,Ngọc Thuỵ,Bồ Đề,,
Hẻm 66/16/19 Đường Ngọc Thuỵ - Bồ Đề,Ngọc Thuỵ,Bồ Đề,,
Hẻm 66/16/22 Đường Ngọc Thuỵ - Bồ Đề,Ngọc Thuỵ,Bồ Đề,,
Hẻm 66/16/25 Đường Ngọc Thuỵ - Bồ Đề,Ngọc Thuỵ,Bồ Đề,,
Hẻm 66/16/28 Đường Ngọc Thuỵ - Bồ Đề,Ngọc Thuỵ,Bồ Đề,,
Hẻm 66/16/3 Đường Ngọc Thuỵ - Bồ Đề,Ngọc Thuỵ,Bồ Đề,,
Hẻm 66/16/36 Đường Ngọc Thuỵ - Bồ Đề,Ngọc Thuỵ,Bồ Đề,,
Ngách 113/1 Đường Ngọc Thuỵ - Bồ Đề,Ngọc Thuỵ,Bồ Đề,,
Ngách 113/24 Đường Ngọc Thuỵ - Bồ Đề,Ngọc Thuỵ,Bồ Đề,,
Ngách 2/11 Đường Ngọc Thuỵ - Bồ Đề,Ngọc Thuỵ,Bồ Đề,,
Ngách 2/135 Đường Ngọc Thuỵ - Bồ Đề,Ngọc Thuỵ,Bồ Đề,,
Ngách 2/57 Đường Ngọc Thuỵ - Bồ Đề,Ngọc Thuỵ,Bồ Đề,,
Ngách 2/65 Đường Ngọc Thuỵ - Bồ Đề,Ngọc Thuỵ,Bồ Đề,,
Ngách 243/2 Đường Ngọc Thuỵ - Bồ Đề,Ngọc Thuỵ,Bồ Đề,,
Ngách 243/41 Đường Ngọc Thuỵ - Bồ Đề,Ngọc Thuỵ,Bồ Đề,,
Ngách 243/7 Đường Ngọc Thuỵ - Bồ Đề,Ngọc Thuỵ,Bồ Đề,,
Ngách 25/3 Đường Ngọc Thuỵ - Bồ Đề,Ngọc Thuỵ,Bồ Đề,,
Ngách 252/16 Đường Ngọc Thuỵ - Bồ Đề,Ngọc Thuỵ,Bồ Đề,,
Ngách 252/21 Đường Ngọc Thuỵ - Bồ Đề,Ngọc Thuỵ,Bồ Đề,,
Ngách 252/33 Đường Ngọc Thuỵ - Bồ Đề,Ngọc Thuỵ,Bồ Đề,,
Ngách 252/38 Đường Ngọc Thuỵ - Bồ Đề,Ngọc Thuỵ,Bồ Đề,,
Ngách 252/7 Đường Ngọc Thuỵ - Bồ Đề,Ngọc Thuỵ,Bồ Đề,,
Ngách 264/47 Đường Ngọc Thuỵ - Bồ Đề,Ngọc Thuỵ,Bồ Đề,,
Ngách 264/63 Đường Ngọc Thuỵ - Bồ Đề,Ngọc Thuỵ,Bồ Đề,,
Ngách 264/64 Đường Ngọc Thuỵ - Bồ Đề,Ngọc Thuỵ,Bồ Đề,,
Ngách 268/2 Đường Ngọc Thuỵ - Bồ Đề,Ngọc Thuỵ,Bồ Đề,,
Ngách 268/21 Đường Ngọc Thuỵ - Bồ Đề,Ngọc Thuỵ,Bồ Đề,,
Ngách 268/58 Đường Ngọc Thuỵ - Bồ Đề,Ngọc Thuỵ,Bồ Đề,,
Ngách 272/12 Đường Ngọc Thuỵ - Bồ Đề,Ngọc Thuỵ,Bồ Đề,,
Ngách 272/25 Đường Ngọc Thuỵ - Bồ Đề,Ngọc Thuỵ,Bồ Đề,,
Ngách 272/37 Đường Ngọc Thuỵ - Bồ Đề,Ngọc Thuỵ,Bồ Đề,,
Ngách 293/109 Đường Ngọc Thuỵ - Bồ Đề,Ngọc Thuỵ,Bồ Đề,,
Ngách 293/2 Đường Ngọc Thuỵ - Bồ Đề,Ngọc Thuỵ,Bồ Đề,,
Ngách 293/21 Đường Ngọc Thuỵ - Bồ Đề,Ngọc Thuỵ,Bồ Đề,,
Ngách 293/37 Đường Ngọc Thuỵ - Bồ Đề,Ngọc Thuỵ,Bồ Đề,,
Ngách 293/47 Đường Ngọc Thuỵ - Bồ Đề,Ngọc Thuỵ,Bồ Đề,,
Ngách 293/74 Đường Ngọc Thuỵ - Bồ Đề,Ngọc Thuỵ,Bồ Đề,,
Ngách 293/75 Đường Ngọc Thuỵ - Bồ Đề,Ngọc Thuỵ,Bồ Đề,,
Ngách 293/77 Đường Ngọc Thuỵ - Bồ Đề,Ngọc Thuỵ,Bồ Đề,,
Ngách 293/83 Đường Ngọc Thuỵ - Bồ Đề,Ngọc Thuỵ,Bồ Đề,,
Ngách 293/99 Đường Ngọc Thuỵ - Bồ Đề,Ngọc Thuỵ,Bồ Đề,,
Ngách 295/2 Đường Ngọc Thuỵ - Bồ Đề,Ngọc Thuỵ,Bồ Đề,,
Ngách 30/2 Đường Ngọc Thuỵ - Bồ Đề,Ngọc Thuỵ,Bồ Đề,,
Ngách 30/51 Đường Ngọc Thuỵ - Bồ Đề,Ngọc Thuỵ,Bồ Đề,,
Ngách 305/24 Đường Ngọc Thuỵ - Bồ Đề,Ngọc Thuỵ,Bồ Đề,,
Ngách 305/3 Đường Ngọc Thuỵ - Bồ Đề,Ngọc Thuỵ,Bồ Đề,,
Ngách 305/7 Đường Ngọc Thuỵ - Bồ Đề,Ngọc Thuỵ,Bồ Đề,,
Ngách 305/8 Đường Ngọc Thuỵ - Bồ Đề,Ngọc Thuỵ,Bồ Đề,,
Ngách 318/1 Đường Ngọc Thuỵ - Bồ Đề,Ngọc Thuỵ,Bồ Đề,,
Ngách 318/8 Đường Ngọc Thuỵ - Bồ Đề,Ngọc Thuỵ,Bồ Đề,,
Ngách 344/1 Đường Ngọc Thuỵ - Bồ Đề,Ngọc Thuỵ,Bồ Đề,,
Ngách 344/18 Đường Ngọc Thuỵ - Bồ Đề,Ngọc Thuỵ,Bồ Đề,,
Ngách 344/30 Đường Ngọc Thuỵ - Bồ Đề,Ngọc Thuỵ,Bồ Đề,,
Ngách 344/49 Đường Ngọc Thuỵ - Bồ Đề,Ngọc Thuỵ,Bồ Đề,,
Ngách 438/2 Đường Ngọc Thuỵ - Bồ Đề,Ngọc Thuỵ,Bồ Đề,,
Ngách 438/7 Đường Ngọc Thuỵ - Bồ Đề,Ngọc Thuỵ,Bồ Đề,,
Ngách 532/1 Đường Ngọc Thuỵ - Bồ Đề,Ngọc Thuỵ,Bồ Đề,,
Ngách 532/2 Đường Ngọc Thuỵ - Bồ Đề,Ngọc Thuỵ,Bồ Đề,,
Ngách 532/23 Đường Ngọc Thuỵ - Bồ Đề,Ngọc Thuỵ,Bồ Đề,,
Ngách 532/41 Đường Ngọc Thuỵ - Bồ Đề,Ngọc Thuỵ,Bồ Đề,,
Ngách 532/45 Đường Ngọc Thuỵ - Bồ Đề,Ngọc Thuỵ,Bồ Đề,,
Ngách 532/70 Đường Ngọc Thuỵ - Bồ Đề,Ngọc Thuỵ,Bồ Đề,,
Ngách 562/18 Đường Ngọc Thuỵ - Bồ Đề,Ngọc Thuỵ,Bồ Đề,,
Ngách 562/28 Đường Ngọc Thuỵ - Bồ Đề,Ngọc Thuỵ,Bồ Đề,,
Ngách 604/12 Đường Ngọc Thuỵ - Bồ Đề,Ngọc Thuỵ,Bồ Đề,,
Ngách 604/158 Đường Ngọc Thuỵ - Bồ Đề,Ngọc Thuỵ,Bồ Đề,,
Ngách 604/162 Đường Ngọc Thuỵ - Bồ Đề,Ngọc Thuỵ,Bồ Đề,,
Ngách 604/33 Đường Ngọc Thuỵ - Bồ Đề,Ngọc Thuỵ,Bồ Đề,,
Ngách 604/35 Đường Ngọc Thuỵ - Bồ Đề,Ngọc Thuỵ,Bồ Đề,,
Ngách 604/48 Đường Ngọc Thuỵ - Bồ Đề,Ngọc Thuỵ,Bồ Đề,,
Ngách 604/49 Đường Ngọc Thuỵ - Bồ Đề,Ngọc Thuỵ,Bồ Đề,,
Ngách 604/53 Đường Ngọc Thuỵ - Bồ Đề,Ngọc Thuỵ,Bồ Đề,,
Ngách 604/55 Đường Ngọc Thuỵ - Bồ Đề,Ngọc Thuỵ,Bồ Đề,,
Ngách 604/57 Đường Ngọc Thuỵ - Bồ Đề,Ngọc Thuỵ,Bồ Đề,,
Ngách 66/16 Đường Ngọc Thuỵ - Bồ Đề,Ngọc Thuỵ,Bồ Đề,,
Ngách 66/4 Đường Ngọc Thuỵ - Bồ Đề,Ngọc Thuỵ,Bồ Đề,,
Ngách 66/58 Đường Ngọc Thuỵ - Bồ Đề,Ngọc Thuỵ,Bồ Đề,,
Ngách 66/70 Đường Ngọc Thuỵ - Bồ Đề,Ngọc Thuỵ,Bồ Đề,,
Ngách 66/8 Đường Ngọc Thuỵ - Bồ Đề,Ngọc Thuỵ,Bồ Đề,,
Ngách 68/15 Đường Ngọc Thuỵ - Bồ Đề,Ngọc Thuỵ,Bồ Đề,,
Ngách 68/31 Đường Ngọc Thuỵ - Bồ Đề,Ngọc Thuỵ,Bồ Đề,,
Ngách 78/26 Đường Ngọc Thuỵ - Bồ Đề,Ngọc Thuỵ,Bồ Đề,,
Ngách 97/8 Đường Ngọc Thuỵ - Bồ Đề,Ngọc Thuỵ,Bồ Đề,,
Ngõ 1 Đường Ngọc Thuỵ - Bồ Đề,Ngọc Thuỵ,Bồ Đề,,
Ngõ 102 Đường Ngọc Thuỵ - Bồ Đề,Ngọc Thuỵ,Bồ Đề,,
Ngõ 113 Đường Ngọc Thuỵ - Bồ Đề,Ngọc Thuỵ,Bồ Đề,,
Ngõ 116 Đường Ngọc Thuỵ - Bồ Đề,Ngọc Thuỵ,Bồ Đề,,
Ngõ 130 Đường Ngọc Thuỵ - Bồ Đề,Ngọc Thuỵ,Bồ Đề,,
Ngõ 140 Đường Ngọc Thuỵ - Bồ Đề,Ngọc Thuỵ,Bồ Đề,,
Ngõ 15 Đường Ngọc Thuỵ - Bồ Đề,Ngọc Thuỵ,Bồ Đề,,
Ngõ 174 Đường Ngọc Thuỵ - Bồ Đề,Ngọc Thuỵ,Bồ Đề,,
Ngõ 175 Đường Ngọc Thuỵ - Bồ Đề,Ngọc Thuỵ,Bồ Đề,,
Ngõ 178 Đường Ngọc Thuỵ - Bồ Đề,Ngọc Thuỵ,Bồ Đề,,
Ngõ 186 Đường Ngọc Thuỵ - Bồ Đề,Ngọc Thuỵ,Bồ Đề,,
Ngõ 187 Đường Ngọc Thuỵ - Bồ Đề,Ngọc Thuỵ,Bồ Đề,,
Ngõ 195 Đường Ngọc Thuỵ - Bồ Đề,Ngọc Thuỵ,Bồ Đề,,
Ngõ 2 Đường Ngọc Thuỵ - Bồ Đề,Ngọc Thuỵ,Bồ Đề,,
Ngõ 2/59 Đường Ngọc Thuỵ - Bồ Đề,Ngọc Thuỵ,Bồ Đề,,
Ngõ 203 Đường Ngọc Thuỵ - Bồ Đề,Ngọc Thuỵ,Bồ Đề,,
Ngõ 211 Đường Ngọc Thuỵ - Bồ Đề,Ngọc Thuỵ,Bồ Đề,,
Ngõ 242 Đường Ngọc Thuỵ - Bồ Đề,Ngọc Thuỵ,Bồ Đề,,
Ngõ 243 Đường Ngọc Thuỵ - Bồ Đề,Ngọc Thuỵ,Bồ Đề,,
Ngõ 25 Đường Ngọc Thuỵ - Bồ Đề,Ngọc Thuỵ,Bồ Đề,,
Ngõ 252 Đường Ngọc Thuỵ - Bồ Đề,Ngọc Thuỵ,Bồ Đề,,
Ngõ 264 Đường Ngọc Thuỵ - Bồ Đề,Ngọc Thuỵ,Bồ Đề,,
Ngõ 268 Đường Ngọc Thuỵ - Bồ Đề,Ngọc Thuỵ,Bồ Đề,,
Ngõ 269 Đường Ngọc Thuỵ - Bồ Đề,Ngọc Thuỵ,Bồ Đề,,
Ngõ 272 Đường Ngọc Thuỵ - Bồ Đề,Ngọc Thuỵ,Bồ Đề,,
Ngõ 279 Đường Ngọc Thuỵ - Bồ Đề,Ngọc Thuỵ,Bồ Đề,,
Ngõ 280 Đường Ngọc Thuỵ - Bồ Đề,Ngọc Thuỵ,Bồ Đề,,
Ngõ 285 Đường Ngọc Thuỵ - Bồ Đề,Ngọc Thuỵ,Bồ Đề,,
Ngõ 286 Đường Ngọc Thuỵ - Bồ Đề,Ngọc Thuỵ,Bồ Đề,,
Ngõ 293 Đường Ngọc Thuỵ - Bồ Đề,Ngọc Thuỵ,Bồ Đề,,
Ngõ 295 Đường Ngọc Thuỵ - Bồ Đề,Ngọc Thuỵ,Bồ Đề,,
Ngõ 297 Đường Ngọc Thuỵ - Bồ Đề,Ngọc Thuỵ,Bồ Đề,,
Ngõ 30 Đường Ngọc Thuỵ - Bồ Đề,Ngọc Thuỵ,Bồ Đề,,
Ngõ 30/9 Đường Ngọc Thuỵ - Bồ Đề,Ngọc Thuỵ,Bồ Đề,,
Ngõ 305 Đường Ngọc Thuỵ - Bồ Đề,Ngọc Thuỵ,Bồ Đề,,
Ngõ 318 Đường Ngọc Thuỵ - Bồ Đề,Ngọc Thuỵ,Bồ Đề,,
Ngõ 344 Đường Ngọc Thuỵ - Bồ Đề,Ngọc Thuỵ,Bồ Đề,,
Ngõ 359 Đường Ngọc Thuỵ - Bồ Đề,Ngọc Thuỵ,Bồ Đề,,
Ngõ 366 Đường Ngọc Thuỵ - Bồ Đề,Ngọc Thuỵ,Bồ Đề,,
Ngõ 37 Đường Ngọc Thuỵ - Bồ Đề,Ngọc Thuỵ,Bồ Đề,,
Ngõ 372 Đường Ngọc Thuỵ - Bồ Đề,Ngọc Thuỵ,Bồ Đề,,
Ngõ 38 Đường Ngọc Thuỵ - Bồ Đề,Ngọc Thuỵ,Bồ Đề,,
Ngõ 380 Đường Ngọc Thuỵ - Bồ Đề,Ngọc Thuỵ,Bồ Đề,,
Ngõ 390 Đường Ngọc Thuỵ - Bồ Đề,Ngọc Thuỵ,Bồ Đề,,
Ngõ 4 Đường Ngọc Thuỵ - Bồ Đề,Ngọc Thuỵ,Bồ Đề,,
Ngõ 412 Đường Ngọc Thuỵ - Bồ Đề,Ngọc Thuỵ,Bồ Đề,,
Ngõ 419 Đường Ngọc Thuỵ - Bồ Đề,Ngọc Thuỵ,Bồ Đề,,
Ngõ 424 Đường Ngọc Thuỵ - Bồ Đề,Ngọc Thuỵ,Bồ Đề,,
Ngõ 425 Đường Ngọc Thuỵ - Bồ Đề,Ngọc Thuỵ,Bồ Đề,,
Ngõ 437 Đường Ngọc Thuỵ - Bồ Đề,Ngọc Thuỵ,Bồ Đề,,
Ngõ 438 Đường Ngọc Thuỵ - Bồ Đề,Ngọc Thuỵ,Bồ Đề,,
Ngõ 462 Đường Ngọc Thuỵ - Bồ Đề,Ngọc Thuỵ,Bồ Đề,,
Ngõ 463 Đường Ngọc Thuỵ - Bồ Đề,Ngọc Thuỵ,Bồ Đề,,
Ngõ 465 Đường Ngọc Thuỵ - Bồ Đề,Ngọc Thuỵ,Bồ Đề,,
Ngõ 48 Đường Ngọc Thuỵ - Bồ Đề,Ngọc Thuỵ,Bồ Đề,,
Ngõ 481 Đường Ngọc Thuỵ - Bồ Đề,Ngọc Thuỵ,Bồ Đề,,
Ngõ 488 Đường Ngọc Thuỵ - Bồ Đề,Ngọc Thuỵ,Bồ Đề,,
Ngõ 504 Đường Ngọc Thuỵ - Bồ Đề,Ngọc Thuỵ,Bồ Đề,,
Ngõ 53 Đường Ngọc Thuỵ - Bồ Đề,Ngọc Thuỵ,Bồ Đề,,
Ngõ 532 Đường Ngọc Thuỵ - Bồ Đề,Ngọc Thuỵ,Bồ Đề,,
Ngõ 562 Đường Ngọc Thuỵ - Bồ Đề,Ngọc Thuỵ,Bồ Đề,,
Ngõ 572 Đường Ngọc Thuỵ - Bồ Đề,Ngọc Thuỵ,Bồ Đề,,
Ngõ 578 Đường Ngọc Thuỵ - Bồ Đề,Ngọc Thuỵ,Bồ Đề,,
Ngõ 6 Đường Ngọc Thuỵ - Bồ Đề,Ngọc Thuỵ,Bồ Đề,,
Ngõ 604 Đường Ngọc Thuỵ - Bồ Đề,Ngọc Thuỵ,Bồ Đề,,
Ngõ 606 Đường Ngọc Thuỵ - Bồ Đề,Ngọc Thuỵ,Bồ Đề,,
Ngõ 63 Đường Ngọc Thuỵ - Bồ Đề,Ngọc Thuỵ,Bồ Đề,,
Ngõ 66 Đường Ngọc Thuỵ - Bồ Đề,Ngọc Thuỵ,Bồ Đề,,
Ngõ 68 Đường Ngọc Thuỵ - Bồ Đề,Ngọc Thuỵ,Bồ Đề,,
Ngõ 75 Đường Ngọc Thuỵ - Bồ Đề,Ngọc Thuỵ,Bồ Đề,,
Ngõ 78 Đường Ngọc Thuỵ - Bồ Đề,Ngọc Thuỵ,Bồ Đề,,
Ngõ 86 Đường Ngọc Thuỵ - Bồ Đề,Ngọc Thuỵ,Bồ Đề,,
Ngõ 97 Đường Ngọc Thuỵ - Bồ Đề,Ngọc Thuỵ,Bồ Đề,,
Đường Nguyễn Gia Bồng - Bồ Đề,Nguyễn Gia Bồng,Bồ Đề,,
Ngõ 59 Đường Nguyễn Gia Bồng - Bồ Đề,Nguyễn Gia Bồng,Bồ Đề,,
Đường Nguyễn Sơn - Bồ Đề,Nguyễn Sơn,Bồ Đề,,
Hẻm 117/20/17 Phố Nguyễn Sơn - Bồ Đề,Nguyễn Sơn,Bồ Đề,,
Hẻm 158/38/29 Phố Nguyễn Sơn - Bồ Đề,Nguyễn Sơn,Bồ Đề,,
Ngách 109/66 Phố Nguyễn Sơn - Bồ Đề,Nguyễn Sơn,Bồ Đề,,
Ngách 109/70 Phố Nguyễn Sơn - Bồ Đề,Nguyễn Sơn,Bồ Đề,,
Ngách 109/76 Phố Nguyễn Sơn - Bồ Đề,Nguyễn Sơn,Bồ Đề,,
Ngách 109/79 Phố Nguyễn Sơn - Bồ Đề,Nguyễn Sơn,Bồ Đề,,
Ngách 117/14 Phố Nguyễn Sơn - Bồ Đề,Nguyễn Sơn,Bồ Đề,,
Ngách 117/16A Phố Nguyễn Sơn - Bồ Đề,Nguyễn Sơn,Bồ Đề,,
Ngách 117/18 Đường Nguyễn Sơn - Bồ Đề,Nguyễn Sơn,Bồ Đề,,
Ngách 117/18 Phố Nguyễn Sơn - Bồ Đề,Nguyễn Sơn,Bồ Đề,,
Ngách 117/23 Phố Nguyễn Sơn - Bồ Đề,Nguyễn Sơn,Bồ Đề,,
Ngách 117/43 Phố Nguyễn Sơn - Bồ Đề,Nguyễn Sơn,Bồ Đề,,
Ngách 117/51 Phố Nguyễn Sơn - Bồ Đề,Nguyễn Sơn,Bồ Đề,,
Ngách 158/15 Phố Nguyễn Sơn - Bồ Đề,Nguyễn Sơn,Bồ Đề,,
Ngách 158/21 Phố Nguyễn Sơn - Bồ Đề,Nguyễn Sơn,Bồ Đề,,
Ngách 158/38 Đường Nguyễn Sơn - Bồ Đề,Nguyễn Sơn,Bồ Đề,,
Ngách 158/4 Phố Nguyễn Sơn - Bồ Đề,Nguyễn Sơn,Bồ Đề,,
Ngách 158/41 Phố Nguyễn Sơn - Bồ Đề,Nguyễn Sơn,Bồ Đề,,
Ngách 196/1 Phố Nguyễn Sơn - Bồ Đề,Nguyễn Sơn,Bồ Đề,,
Ngách 61/47 Phố Nguyễn Sơn - Bồ Đề,Nguyễn Sơn,Bồ Đề,,
Ngõ 106 Đường Nguyễn Sơn - Bồ Đề,Nguyễn Sơn,Bồ Đề,,
Ngõ 109 Phố Nguyễn Sơn - Bồ Đề,Nguyễn Sơn,Bồ Đề,,
Ngõ 117 Phố Nguyễn Sơn - Bồ Đề,Nguyễn Sơn,Bồ Đề,,
Ngõ 158 Phố Nguyễn Sơn - Bồ Đề,Nguyễn Sơn,Bồ Đề,,
Ngõ 176 Phố Nguyễn Sơn - Bồ Đề,Nguyễn Sơn,Bồ Đề,,
Ngõ 196 Phố Nguyễn Sơn - Bồ Đề,Nguyễn Sơn,Bồ Đề,,
Ngõ 47 Phố Nguyễn Sơn - Bồ Đề,Nguyễn Sơn,Bồ Đề,,
Ngõ 51 Phố Nguyễn Sơn - Bồ Đề,Nguyễn Sơn,Bồ Đề,,
Ngõ 61 Phố Nguyễn Sơn - Bồ Đề,Nguyễn Sơn,Bồ Đề,,
Ngõ 92 Đường Nguyễn Sơn - Bồ Đề,Nguyễn Sơn,Bồ Đề,,
Ngõ 99 Phố Nguyễn Sơn - Bồ Đề,Nguyễn Sơn,Bồ Đề,,
Phố Nguyễn Sơn - Bồ Đề,Nguyễn Sơn,Bồ Đề,,
Phố Nguyễn Thế Rục - Bồ Đề,Nguyễn Thế Rục,Bồ Đề,,
Đường Nguyễn Văn Cừ - Bồ Đề,Nguyễn Văn Cừ,Bồ Đề,,
Hẻm 370/28/3 Đường Nguyễn Văn Cừ - Bồ Đề,Nguyễn Văn Cừ,Bồ Đề,,
Hẻm 370/28/5 Đường Nguyễn Văn Cừ - Bồ Đề,Nguyễn Văn Cừ,Bồ Đề,,
Hẻm 564/25/1 Đường Nguyễn Văn Cừ - Bồ Đề,Nguyễn Văn Cừ,Bồ Đề,,
Hẻm 564/25/5 Đường Nguyễn Văn Cừ - Bồ Đề,Nguyễn Văn Cừ,Bồ Đề,,
Hẻm 564/32/9 Đường Nguyễn Văn Cừ - Bồ Đề,Nguyễn Văn Cừ,Bồ Đề,,
Hẻm 564/37/7 Đường Nguyễn Văn Cừ - Bồ Đề,Nguyễn Văn Cừ,Bồ Đề,,
Hẻm 564/55/14 Đường Nguyễn Văn Cừ - Bồ Đề,Nguyễn Văn Cừ,Bồ Đề,,
Hẻm 640/20/12 Đường Nguyễn Văn Cừ - Bồ Đề,Nguyễn Văn Cừ,Bồ Đề,,
Hẻm 640/21/10 Đường Nguyễn Văn Cừ - Bồ Đề,Nguyễn Văn Cừ,Bồ Đề,,
Hẻm 640/21/16 Đường Nguyễn Văn Cừ - Bồ Đề,Nguyễn Văn Cừ,Bồ Đề,,
Hẻm 640/21/18 Đường Nguyễn Văn Cừ - Bồ Đề,Nguyễn Văn Cừ,Bồ Đề,,
Hẻm 640/57/1 Đường Nguyễn Văn Cừ - Bồ Đề,Nguyễn Văn Cừ,Bồ Đề,,
Hẻm 640/57/13 Đường Nguyễn Văn Cừ - Bồ Đề,Nguyễn Văn Cừ,Bồ Đề,,
Hẻm 640/57/2 Đường Nguyễn Văn Cừ - Bồ Đề,Nguyễn Văn Cừ,Bồ Đề,,
Ngách 135/23 Đường Nguyễn Văn Cừ - Bồ Đề,Nguyễn Văn Cừ,Bồ Đề,,
Ngách 135/25 Đường Nguyễn Văn Cừ - Bồ Đề,Nguyễn Văn Cừ,Bồ Đề,,
Ngách 135/29 Đường Nguyễn Văn Cừ - Bồ Đề,Nguyễn Văn Cừ,Bồ Đề,,
Ngách 135/31 Đường Nguyễn Văn Cừ - Bồ Đề,Nguyễn Văn Cừ,Bồ Đề,,
Ngách 135/33 Đường Nguyễn Văn Cừ - Bồ Đề,Nguyễn Văn Cừ,Bồ Đề,,
Ngách 135/48 Đường Nguyễn Văn Cừ - Bồ Đề,Nguyễn Văn Cừ,Bồ Đề,,
Ngách 154/39 Đường Nguyễn Văn Cừ - Bồ Đề,Nguyễn Văn Cừ,Bồ Đề,,
Ngách 158/31 Đường Nguyễn Văn Cừ - Bồ Đề,Nguyễn Văn Cừ,Bồ Đề,,
Ngách 158/63 Đường Nguyễn Văn Cừ - Bồ Đề,Nguyễn Văn Cừ,Bồ Đề,,
Ngách 162/43 Đường Nguyễn Văn Cừ - Bồ Đề,Nguyễn Văn Cừ,Bồ Đề,,
Ngách 165/13 Đường Nguyễn Văn Cừ - Bồ Đề,Nguyễn Văn Cừ,Bồ Đề,,
Ngách 266/1 Đường Nguyễn Văn Cừ - Bồ Đề,Nguyễn Văn Cừ,Bồ Đề,,
Ngách 266/17 Đường Nguyễn Văn Cừ - Bồ Đề,Nguyễn Văn Cừ,Bồ Đề,,
Ngách 266/20 Đường Nguyễn Văn Cừ - Bồ Đề,Nguyễn Văn Cừ,Bồ Đề,,
Ngách 266/36 Đường Nguyễn Văn Cừ - Bồ Đề,Nguyễn Văn Cừ,Bồ Đề,,
Ngách 266/5 Đường Nguyễn Văn Cừ - Bồ Đề,Nguyễn Văn Cừ,Bồ Đề,,
Ngách 266/6 Đường Nguyễn Văn Cừ - Bồ Đề,Nguyễn Văn Cừ,Bồ Đề,,
Ngách 370/28 Đường Nguyễn Văn Cừ - Bồ Đề,Nguyễn Văn Cừ,Bồ Đề,,
Ngách 390/1 Đường Nguyễn Văn Cừ - Bồ Đề,Nguyễn Văn Cừ,Bồ Đề,,
Ngách 390/15 Đường Nguyễn Văn Cừ - Bồ Đề,Nguyễn Văn Cừ,Bồ Đề,,
Ngách 390/3 Đường Nguyễn Văn Cừ - Bồ Đề,Nguyễn Văn Cừ,Bồ Đề,,
Ngách 390/5 Đường Nguyễn Văn Cừ - Bồ Đề,Nguyễn Văn Cừ,Bồ Đề,,
Ngách 489/7 Đường Nguyễn Văn Cừ - Bồ Đề,Nguyễn Văn Cừ,Bồ Đề,,
Ngách 544/22 Phố Nguyễn Văn Cừ - Bồ Đề,Nguyễn Văn Cừ,Bồ Đề,,
Ngách 548/1 Đường Nguyễn Văn Cừ - Bồ Đề,Nguyễn Văn Cừ,Bồ Đề,,
Ngách 548/40 Đường Nguyễn Văn Cừ - Bồ Đề,Nguyễn Văn Cừ,Bồ Đề,,
Ngách 548/49 Đường Nguyễn Văn Cừ - Bồ Đề,Nguyễn Văn Cừ,Bồ Đề,,
Ngách 548/53 Đường Nguyễn Văn Cừ - Bồ Đề,Nguyễn Văn Cừ,Bồ Đề,,
Ngách 548/55 Đường Nguyễn Văn Cừ - Bồ Đề,Nguyễn Văn Cừ,Bồ Đề,,
Ngách 554/31 Đường Nguyễn Văn Cừ - Bồ Đề,Nguyễn Văn Cừ,Bồ Đề,,
Ngách 554/33 Đường Nguyễn Văn Cừ - Bồ Đề,Nguyễn Văn Cừ,Bồ Đề,,
Ngách 558/8 Đường Nguyễn Văn Cừ - Bồ Đề,Nguyễn Văn Cừ,Bồ Đề,,
Ngách 560/31 Đường Nguyễn Văn Cừ - Bồ Đề,Nguyễn Văn Cừ,Bồ Đề,,
Ngách 560/55 Đường Nguyễn Văn Cừ - Bồ Đề,Nguyễn Văn Cừ,Bồ Đề,,
Ngách 560/65 Đường Nguyễn Văn Cừ - Bồ Đề,Nguyễn Văn Cừ,Bồ Đề,,
Ngách 564/12 Đường Nguyễn Văn Cừ - Bồ Đề,Nguyễn Văn Cừ,Bồ Đề,,
Ngách 564/2 Đường Nguyễn Văn Cừ - Bồ Đề,Nguyễn Văn Cừ,Bồ Đề,,
Ngách 564/20 Đường Nguyễn Văn Cừ - Bồ Đề,Nguyễn Văn Cừ,Bồ Đề,,
Ngách 564/25 Đường Nguyễn Văn Cừ - Bồ Đề,Nguyễn Văn Cừ,Bồ Đề,,
Ngách 564/37 Đường Nguyễn Văn Cừ - Bồ Đề,Nguyễn Văn Cừ,Bồ Đề,,
Ngách 564/5 Đường Nguyễn Văn Cừ - Bồ Đề,Nguyễn Văn Cừ,Bồ Đề,,
Ngách 564/55 Đường Nguyễn Văn Cừ - Bồ Đề,Nguyễn Văn Cừ,Bồ Đề,,
Ngách 615/3 Đường Nguyễn Văn Cừ - Bồ Đề,Nguyễn Văn Cừ,Bồ Đề,,
Ngách 640/106 Đường Nguyễn Văn Cừ - Bồ Đề,Nguyễn Văn Cừ,Bồ Đề,,
Ngách 640/110 Đường Nguyễn Văn Cừ - Bồ Đề,Nguyễn Văn Cừ,Bồ Đề,,
Ngách 640/41 Đường Nguyễn Văn Cừ - Bồ Đề,Nguyễn Văn Cừ,Bồ Đề,,
Ngách 640/43 Đường Nguyễn Văn Cừ - Bồ Đề,Nguyễn Văn Cừ,Bồ Đề,,
Ngách 640/51 Đường Nguyễn Văn Cừ - Bồ Đề,Nguyễn Văn Cừ,Bồ Đề,,
Ngách 640/57 Đường Nguyễn Văn Cừ - Bồ Đề,Nguyễn Văn Cừ,Bồ Đề,,
Ngách 640/96 Đường Nguyễn Văn Cừ - Bồ Đề,Nguyễn Văn Cừ,Bồ Đề,,
Ngách 667/2 Đường Nguyễn Văn Cừ - Bồ Đề,Nguyễn Văn Cừ,Bồ Đề,,
Ngách 667/9 Đường Nguyễn Văn Cừ - Bồ Đề,Nguyễn Văn Cừ,Bồ Đề,,
Ngách 67/22 Đường Nguyễn Văn Cừ - Bồ Đề,Nguyễn Văn Cừ,Bồ Đề,,
Ngách 67/5 Đường Nguyễn Văn Cừ - Bồ Đề,Nguyễn Văn Cừ,Bồ Đề,,
Ngõ 111 Đường Nguyễn Văn Cừ - Bồ Đề,Nguyễn Văn Cừ,Bồ Đề,,
Ngõ 133 Đường Nguyễn Văn Cừ - Bồ Đề,Nguyễn Văn Cừ,Bồ Đề,,
Ngõ 135 Đường Nguyễn Văn Cừ - Bồ Đề,Nguyễn Văn Cừ,Bồ Đề,,
Ngõ 139 Đường Nguyễn Văn Cừ - Bồ Đề,Nguyễn Văn Cừ,Bồ Đề,,
Ngõ 145 Đường Nguyễn Văn Cừ - Bồ Đề,Nguyễn Văn Cừ,Bồ Đề,,
Ngõ 158 Đường Nguyễn Văn Cừ - Bồ Đề,Nguyễn Văn Cừ,Bồ Đề,,
Ngõ 162 Đường Nguyễn Văn Cừ - Bồ Đề,Nguyễn Văn Cừ,Bồ Đề,,
Ngõ 163 Đường Nguyễn Văn Cừ - Bồ Đề,Nguyễn Văn Cừ,Bồ Đề,,
Ngõ 164 Đường Nguyễn Văn Cừ - Bồ Đề,Nguyễn Văn Cừ,Bồ Đề,,
Ngõ 175 Đường Nguyễn Văn Cừ - Bồ Đề,Nguyễn Văn Cừ,Bồ Đề,,
Ngõ 201 Đường Nguyễn Văn Cừ - Bồ Đề,Nguyễn Văn Cừ,Bồ Đề,,
Ngõ 266 Đường Nguyễn Văn Cừ - Bồ Đề,Nguyễn Văn Cừ,Bồ Đề,,
Ngõ 301 Đường Nguyễn Văn Cừ - Bồ Đề,Nguyễn Văn Cừ,Bồ Đề,,
Ngõ 307 Đường Nguyễn Văn Cừ - Bồ Đề,Nguyễn Văn Cừ,Bồ Đề,,
Ngõ 323 Đường Nguyễn Văn Cừ - Bồ Đề,Nguyễn Văn Cừ,Bồ Đề,,
Ngõ 357 Đường Nguyễn Văn Cừ - Bồ Đề,Nguyễn Văn Cừ,Bồ Đề,,
Ngõ 370 Đường Nguyễn Văn Cừ - Bồ Đề,Nguyễn Văn Cừ,Bồ Đề,,
Ngõ 390 Đường Nguyễn Văn Cừ - Bồ Đề,Nguyễn Văn Cừ,Bồ Đề,,
Ngõ 409 Đường Nguyễn Văn Cừ - Bồ Đề,Nguyễn Văn Cừ,Bồ Đề,,
Ngõ 418 Đường Nguyễn Văn Cừ - Bồ Đề,Nguyễn Văn Cừ,Bồ Đề,,
Ngõ 451 Đường Nguyễn Văn Cừ - Bồ Đề,Nguyễn Văn Cừ,Bồ Đề,,
Ngõ 470 Đường Nguyễn Văn Cừ - Bồ Đề,Nguyễn Văn Cừ,Bồ Đề,,
Ngõ 489 Đường Nguyễn Văn Cừ - Bồ Đề,Nguyễn Văn Cừ,Bồ Đề,,
Ngõ 491 Đường Nguyễn Văn Cừ - Bồ Đề,Nguyễn Văn Cừ,Bồ Đề,,
Ngõ 5 Đường Nguyễn Văn Cừ - Bồ Đề,Nguyễn Văn Cừ,Bồ Đề,,
Ngõ 514 Đường Nguyễn Văn Cừ - Bồ Đề,Nguyễn Văn Cừ,Bồ Đề,,
Ngõ 539 Đường Nguyễn Văn Cừ - Bồ Đề,Nguyễn Văn Cừ,Bồ Đề,,
Ngõ 544 Đường Nguyễn Văn Cừ - Bồ Đề,Nguyễn Văn Cừ,Bồ Đề,,
Ngõ 548 Đường Nguyễn Văn Cừ - Bồ Đề,Nguyễn Văn Cừ,Bồ Đề,,
Ngõ 554 Đường Nguyễn Văn Cừ - Bồ Đề,Nguyễn Văn Cừ,Bồ Đề,,
Ngõ 558 Đường Nguyễn Văn Cừ - Bồ Đề,Nguyễn Văn Cừ,Bồ Đề,,
Ngõ 560 Đường Nguyễn Văn Cừ - Bồ Đề,Nguyễn Văn Cừ,Bồ Đề,,
Ngõ 564 Đường Nguyễn Văn Cừ - Bồ Đề,Nguyễn Văn Cừ,Bồ Đề,,
Ngõ 615 Đường Nguyễn Văn Cừ - Bồ Đề,Nguyễn Văn Cừ,Bồ Đề,,
Ngõ 62 Đường Nguyễn Văn Cừ - Bồ Đề,Nguyễn Văn Cừ,Bồ Đề,,
Ngõ 640 Đường Nguyễn Văn Cừ - Bồ Đề,Nguyễn Văn Cừ,Bồ Đề,,
Ngõ 667 Đường Nguyễn Văn Cừ - Bồ Đề,Nguyễn Văn Cừ,Bồ Đề,,
Ngõ 67 Đường Nguyễn Văn Cừ - Bồ Đề,Nguyễn Văn Cừ,Bồ Đề,,
Ngõ 674 Đường Nguyễn Văn Cừ - Bồ Đề,Nguyễn Văn Cừ,Bồ Đề,,
Ngõ 676 Đường Nguyễn Văn Cừ - Bồ Đề,Nguyễn Văn Cừ,Bồ Đề,,
Ngõ 684 Đường Nguyễn Văn Cừ - Bồ Đề,Nguyễn Văn Cừ,Bồ Đề,,
Ngõ 686 Đường Nguyễn Văn Cừ - Bồ Đề,Nguyễn Văn Cừ,Bồ Đề,,
Ngõ 694 Đường Nguyễn Văn Cừ - Bồ Đề,Nguyễn Văn Cừ,Bồ Đề,,
Ngõ 702 Đường Nguyễn Văn Cừ - Bồ Đề,Nguyễn Văn Cừ,Bồ Đề,,
Ngõ 81 Đường Nguyễn Văn Cừ - Bồ Đề,Nguyễn Văn Cừ,Bồ Đề,,
Đường Nguyễn Văn Linh - Bồ Đề,Nguyễn Văn Linh,Bồ Đề,,
Phố Phú Hựu - Bồ Đề,Phú Hựu,Bồ Đề,,
Ngách 1/126 Phố Phú Viên - Bồ Đề,Phú Viên,Bồ Đề,,
Ngách 127/14 Phố Phú Viên - Bồ Đề,Phú Viên,Bồ Đề,,
Ngách 127/15 Phố Phú Viên - Bồ Đề,Phú Viên,Bồ Đề,,
Ngách 127/27 Phố Phú Viên - Bồ Đề,Phú Viên,Bồ Đề,,
Ngách 2/1 Phố Phú Viên - Bồ Đề,Phú Viên,Bồ Đề,,
Ngách 22/3 Phố Phú Viên - Bồ Đề,Phú Viên,Bồ Đề,,
Ngõ 1 Phố Phú Viên - Bồ Đề,Phú Viên,Bồ Đề,,
Ngõ 104 Phố Phú Viên - Bồ Đề,Phú Viên,Bồ Đề,,
Ngõ 127 Phố Phú Viên - Bồ Đề,Phú Viên,Bồ Đề,,
Ngõ 138 Phố Phú Viên - Bồ Đề,Phú Viên,Bồ Đề,,
Ngõ 142 Phố Phú Viên - Bồ Đề,Phú Viên,Bồ Đề,,
Ngõ 156 Phố Phú Viên - Bồ Đề,Phú Viên,Bồ Đề,,
Ngõ 2 Phố Phú Viên - Bồ Đề,Phú Viên,Bồ Đề,,
Ngõ 22 Phố Phú Viên - Bồ Đề,Phú Viên,Bồ Đề,,
Ngõ 80 Phố Phú Viên - Bồ Đề,Phú Viên,Bồ Đề,,
Ngõ 82 Phố Phú Viên - Bồ Đề,Phú Viên,Bồ Đề,,
Ngõ 92 Phố Phú Viên - Bồ Đề,Phú Viên,Bồ Đề,,
Phố Phú Viên - Bồ Đề,Phú Viên,Bồ Đề,,
Ngõ 16 Phố Tạ Đông Trung - Bồ Đề,Tạ Đông Trung,Bồ Đề,,TRUE
Ngõ 26 Phố Tạ Đông Trung - Bồ Đề,Tạ Đông Trung,Bồ Đề,,TRUE
Ngõ 30 Phố Tạ Đông Trung - Bồ Đề,Tạ Đông Trung,Bồ Đề,,TRUE
Ngõ 32 Phố Tạ Đông Trung - Bồ Đề,Tạ Đông Trung,Bồ Đề,,TRUE
Ngõ 4 Phố Tạ Đông Trung - Bồ Đề,Tạ Đông Trung,Bồ Đề,,TRUE
Ngõ 44 Phố Tạ Đông Trung - Bồ Đề,Tạ Đông Trung,Bồ Đề,,TRUE
Ngõ 50 Phố Tạ Đông Trung - Bồ Đề,Tạ Đông Trung,Bồ Đề,,TRUE
Ngõ 90 Phố Tạ Đông Trung - Bồ Đề,Tạ Đông Trung,Bồ Đề,,TRUE
Phố Tạ Đông Trung - Bồ Đề,Tạ Đông Trung,Bồ Đề,,TRUE
Cầu Trần Hưng Đạo - Bồ Đề,Trần Hưng Đạo,Bồ Đề,,
Phố Trịnh Tố Tâm - Bồ Đề,Trịnh Tố Tâm,Bồ Đề,,
"Cầu Chương Dương - Bồ Đề, Hồng Hà",Chương Dương,"Bồ Đề, Hồng Hà","Cầu Chương Dương là cây cầu lớn đầu tiên do phía Việt Nam hoàn toàn tự thiết kế và thi công mà không có trợ giúp kỹ thuật từ các kỹ sư nước ngoài. Cầu được thiết kế bởi Viện thiết kế giao thông (nay là Tổng công ty Tư vấn thiết kế giao thông vận tải TEDI), được xây dựng từ 10/10/1983, thông xe ngày 30/6/1985 bởi Liên hiệp các xí nghiệp giao thông khu vực 1 và xí nghiệp liên hợp xây dựng cầu Thăng Long. Vào thời điểm này, cầu Long Biên là cầu duy nhất qua sông Hồng nên ách tắc xảy ra thường xuyên. Cùng thời điểm này cầu Thăng Long được xây dựng, nhưng vị trí ở quá xa trung tâm nên nhu cầu xây dựng cầu bắc sông Hồng cấp thiết hơn. Để xây dựng cầu, Thứ trưởng Bộ Giao thông vận tải Bùi Danh Lưu thuyết phục Chính phủ làm cầu sắt vĩnh cửu, tận dụng vật liệu thừa từ công trường cầu Thăng Long và dầm cầu đường sắt, ""chế sửa"" lại để phù hợp cho cầu Chương Dương. Cầu gồm 21 nhịp, 11 nhịp thép, 10 nhịp bê tông, gồm 2 làn ô tô ở giữa và 2 làn hỗn hợp hai bên.",
"Cầu Long Biên - Bồ Đề, Hồng Hà",Long Biên,"Bồ Đề, Hồng Hà","Cầu Long Biên là cây cầu thép đầu tiên bắc qua sông Hồng, đồng thời là công trình cầu thép lớn nhất Đông Dương lúc bấy giờ. Cầu có tên cũ là cầu Paul Doumer, đặt theo tên của Toàn quyền Đông Dương lúc bấy giờ. Năm 1945 cầu được bác sỹ Trần Văn Lai đổi tên thành Long Biên. Trái với lầm tưởng của nhiều người, cầu không được Gustave Eiffel thiết kế, mà được thiết kế và xây dựng bởi Daydé & Pillé. Cầu được xây dựng từ năm 1898, hoàn thành năm 1902, được sử dụng năm 1903. Cầu dài 2290m, gồm 896m cầu dẫn, 19 nhịp dầm thép đặt trên 20 trụ cao hơn 40m (kể cả móng) và đường dẫn xây bằng đá. Cầu ban đầu chỉ bao gồm 1 đường sắt đơn chạy ở giữa, tuy nhiên do nhu cầu vận tải gia tăng nên thi công thêm đường dành cho xe cơ giới và đi bộ ở hai bên. Trong Kháng chiến chống Mỹ, cầu bị ném bom nhiều lần và bị hư hại nặng 8 nhịp, sau này các nhịp này được thay thế bằng hệ dầm quân dụng. Cầu Long Biên và cầu Việt Trì là hai cầu duy nhất ở Việt Nam lưu thông ngược chiều, không phải vì lý do hàng hoá lưu thông một chiều nên cầu bị nghiêng, mà do xung đột giao thông tại nút giao lối lên cầu (Hàng Đậu giao với Trần Nhật Duật) nên tới năm 1953, chính quyền ban hành quy định đảo ngược chiều di chuyển.",
"Cầu Tứ Liên - Bồ Đề, Hồng Hà",Tứ Liên,"Bồ Đề, Hồng Hà",,
"Đường Cổ Linh - Bồ Đề, Long Biên",Cổ Linh,"Bồ Đề, Long Biên",,
"Phố Nguyễn Sơn - Bồ Đề, Long Biên",Nguyễn Sơn,"Bồ Đề, Long Biên",,
"Đường Nguyễn Văn Linh - Bồ Đề, Long Biên",Nguyễn Văn Linh,"Bồ Đề, Long Biên",,
"Cầu Trần Hưng Đạo - Bồ Đề, Long Biên",Trần Hưng Đạo,"Bồ Đề, Long Biên",,
"Đường Gia Thượng - Bồ Đề, Việt Hưng",Gia Thượng,"Bồ Đề, Việt Hưng",,
"Đường Nam Đuống - Bồ Đề, Việt Hưng",Nam Đuống,"Bồ Đề, Việt Hưng",,
"Ngõ 29 Phố Thượng Thanh - Bồ Đề, Việt Hưng",Thượng Thanh,"Bồ Đề, Việt Hưng",,
Đường Cầu Giấy - Cầu Giấy,Cầu Giấy,Cầu Giấy,,
Hẻm 155/37/19 Đường Cầu Giấy - Cầu Giấy,Cầu Giấy,Cầu Giấy,,
Hẻm 155/37/3 Đường Cầu Giấy - Cầu Giấy,Cầu Giấy,Cầu Giấy,,
Hẻm 79/40/26 Đường Cầu Giấy - Cầu Giấy,Cầu Giấy,Cầu Giấy,,
Hẻm 79/56/25 Đường Cầu Giấy - Cầu Giấy,Cầu Giấy,Cầu Giấy,,
Hẻm 79/56/8 Đường Cầu Giấy - Cầu Giấy,Cầu Giấy,Cầu Giấy,,
Ngách 155/37 Đường Cầu Giấy - Cầu Giấy,Cầu Giấy,Cầu Giấy,,
Ngách 155/43 Đường Cầu Giấy - Cầu Giấy,Cầu Giấy,Cầu Giấy,,
Ngách 155/51 Đường Cầu Giấy - Cầu Giấy,Cầu Giấy,Cầu Giấy,,
Ngách 155/7 Đường Cầu Giấy - Cầu Giấy,Cầu Giấy,Cầu Giấy,,
Ngách 165/110 Đường Cầu Giấy - Cầu Giấy,Cầu Giấy,Cầu Giấy,,
Ngách 165/12 Đường Cầu Giấy - Cầu Giấy,Cầu Giấy,Cầu Giấy,,
Ngách 165/18 Đường Cầu Giấy - Cầu Giấy,Cầu Giấy,Cầu Giấy,,
Ngách 165/45 Đường Cầu Giấy - Cầu Giấy,Cầu Giấy,Cầu Giấy,,
Ngách 165/48 Đường Cầu Giấy - Cầu Giấy,Cầu Giấy,Cầu Giấy,,
Ngách 255/42 Đường Cầu Giấy - Cầu Giấy,Cầu Giấy,Cầu Giấy,,
Ngách 255/50 Đường Cầu Giấy - Cầu Giấy,Cầu Giấy,Cầu Giấy,,
Ngách 260/10 Đường Cầu Giấy - Cầu Giấy,Cầu Giấy,Cầu Giấy,,
Ngách 260/20 Đường Cầu Giấy - Cầu Giấy,Cầu Giấy,Cầu Giấy,,
Ngách 260/28 Đường Cầu Giấy - Cầu Giấy,Cầu Giấy,Cầu Giấy,,
Ngách 260/34 Đường Cầu Giấy - Cầu Giấy,Cầu Giấy,Cầu Giấy,,
Ngách 260/4 Đường Cầu Giấy - Cầu Giấy,Cầu Giấy,Cầu Giấy,,
Ngách 260/40 Đường Cầu Giấy - Cầu Giấy,Cầu Giấy,Cầu Giấy,,
Ngách 260/77 Đường Cầu Giấy - Cầu Giấy,Cầu Giấy,Cầu Giấy,,
Ngách 260/8 Đường Cầu Giấy - Cầu Giấy,Cầu Giấy,Cầu Giấy,,
Ngách 40/79 Đường Cầu Giấy - Cầu Giấy,Cầu Giấy,Cầu Giấy,,
Ngách 53/165 Đường Cầu Giấy - Cầu Giấy,Cầu Giấy,Cầu Giấy,,
Ngách 69/260 Đường Cầu Giấy - Cầu Giấy,Cầu Giấy,Cầu Giấy,,
Ngách 79/106 Đường Cầu Giấy - Cầu Giấy,Cầu Giấy,Cầu Giấy,,
Ngách 79/16 Đường Cầu Giấy - Cầu Giấy,Cầu Giấy,Cầu Giấy,,
Ngách 79/56 Đường Cầu Giấy - Cầu Giấy,Cầu Giấy,Cầu Giấy,,
Ngõ 109 Đường Cầu Giấy - Cầu Giấy,Cầu Giấy,Cầu Giấy,,
Ngõ 155 Đường Cầu Giấy - Cầu Giấy,Cầu Giấy,Cầu Giấy,,
Ngõ 165 Đường Cầu Giấy - Cầu Giấy,Cầu Giấy,Cầu Giấy,,
Ngõ 201 Đường Cầu Giấy - Cầu Giấy,Cầu Giấy,Cầu Giấy,,
Ngõ 209 Đường Cầu Giấy - Cầu Giấy,Cầu Giấy,Cầu Giấy,,
Ngõ 226 Đường Cầu Giấy - Cầu Giấy,Cầu Giấy,Cầu Giấy,,
Ngõ 228 Đường Cầu Giấy - Cầu Giấy,Cầu Giấy,Cầu Giấy,,
Ngõ 255 Đường Cầu Giấy - Cầu Giấy,Cầu Giấy,Cầu Giấy,,
Ngõ 260 Đường Cầu Giấy - Cầu Giấy,Cầu Giấy,Cầu Giấy,,
Ngõ 329 Đường Cầu Giấy - Cầu Giấy,Cầu Giấy,Cầu Giấy,,
Ngõ 394 Đường Cầu Giấy - Cầu Giấy,Cầu Giấy,Cầu Giấy,,
Ngõ 79 Đường Cầu Giấy - Cầu Giấy,Cầu Giấy,Cầu Giấy,,
Ngõ 93 Đường Cầu Giấy - Cầu Giấy,Cầu Giấy,Cầu Giấy,,
Ngách 76/22 Phố Chùa Hà - Cầu Giấy,Chùa Hà,Cầu Giấy,,
Ngõ 10 Phố Chùa Hà - Cầu Giấy,Chùa Hà,Cầu Giấy,,
Ngõ 26 Phố Chùa Hà - Cầu Giấy,Chùa Hà,Cầu Giấy,,
Ngõ 28 Phố Chùa Hà - Cầu Giấy,Chùa Hà,Cầu Giấy,,
Ngõ 42 Phố Chùa Hà - Cầu Giấy,Chùa Hà,Cầu Giấy,,
Ngõ 48 Phố Chùa Hà - Cầu Giấy,Chùa Hà,Cầu Giấy,,
Ngõ 76 Phố Chùa Hà - Cầu Giấy,Chùa Hà,Cầu Giấy,,
Ngõ 86 Phố Chùa Hà - Cầu Giấy,Chùa Hà,Cầu Giấy,,
Phố Chùa Hà - Cầu Giấy,Chùa Hà,Cầu Giấy,,
Ngách 29/16 Phố Dịch Vọng - Cầu Giấy,Dịch Vọng,Cầu Giấy,,
Ngách 29/8 Phố Dịch Vọng - Cầu Giấy,Dịch Vọng,Cầu Giấy,,
Ngách 37/11 Phố Dịch Vọng - Cầu Giấy,Dịch Vọng,Cầu Giấy,,
Ngách 37/2 Phố Dịch Vọng - Cầu Giấy,Dịch Vọng,Cầu Giấy,,
Ngách 37/21 Phố Dịch Vọng - Cầu Giấy,Dịch Vọng,Cầu Giấy,,
Ngách 37/27 Phố Dịch Vọng - Cầu Giấy,Dịch Vọng,Cầu Giấy,,
Ngõ 2 Phố Dịch Vọng - Cầu Giấy,Dịch Vọng,Cầu Giấy,,
Ngõ 29 Phố Dịch Vọng - Cầu Giấy,Dịch Vọng,Cầu Giấy,,
Ngõ 37 Phố Dịch Vọng - Cầu Giấy,Dịch Vọng,Cầu Giấy,,
Ngõ 39 Phố Dịch Vọng - Cầu Giấy,Dịch Vọng,Cầu Giấy,,
Ngõ 43 Phố Dịch Vọng - Cầu Giấy,Dịch Vọng,Cầu Giấy,,
Ngõ 45 Phố Dịch Vọng - Cầu Giấy,Dịch Vọng,Cầu Giấy,,
Ngõ 49 Phố Dịch Vọng - Cầu Giấy,Dịch Vọng,Cầu Giấy,,
Ngõ 53 Phố Dịch Vọng - Cầu Giấy,Dịch Vọng,Cầu Giấy,,
Ngõ 55 Phố Dịch Vọng - Cầu Giấy,Dịch Vọng,Cầu Giấy,,
Ngõ 57 Phố Dịch Vọng - Cầu Giấy,Dịch Vọng,Cầu Giấy,,
Ngõ 72 Phố Dịch Vọng - Cầu Giấy,Dịch Vọng,Cầu Giấy,,
Ngõ 88 Phố Dịch Vọng - Cầu Giấy,Dịch Vọng,Cầu Giấy,,
Phố Dịch Vọng - Cầu Giấy,Dịch Vọng,Cầu Giấy,,
Ngách 66/18 Phố Dịch Vọng Hậu - Cầu Giấy,Dịch Vọng Hậu,Cầu Giấy,,
Ngõ 1 Phố Dịch Vọng Hậu - Cầu Giấy,Dịch Vọng Hậu,Cầu Giấy,,
Ngõ 100 Phố Dịch Vọng Hậu - Cầu Giấy,Dịch Vọng Hậu,Cầu Giấy,,
Ngõ 25 Phố Dịch Vọng Hậu - Cầu Giấy,Dịch Vọng Hậu,Cầu Giấy,,
Ngõ 34 Phố Dịch Vọng Hậu - Cầu Giấy,Dịch Vọng Hậu,Cầu Giấy,,
Ngõ 36 Phố Dịch Vọng Hậu - Cầu Giấy,Dịch Vọng Hậu,Cầu Giấy,,
Ngõ 43 Phố Dịch Vọng Hậu - Cầu Giấy,Dịch Vọng Hậu,Cầu Giấy,,
Ngõ 66 Phố Dịch Vọng Hậu - Cầu Giấy,Dịch Vọng Hậu,Cầu Giấy,,
Ngõ 82 Phố Dịch Vọng Hậu - Cầu Giấy,Dịch Vọng Hậu,Cầu Giấy,,
Phố Dịch Vọng Hậu - Cầu Giấy,Dịch Vọng Hậu,Cầu Giấy,,
Ngõ 4 Phố Dương Đình Nghệ - Cầu Giấy,Dương Đình Nghệ,Cầu Giấy,,
Ngõ 6 Phố Dương Đình Nghệ - Cầu Giấy,Dương Đình Nghệ,Cầu Giấy,,
Ngõ 68 Phố Dương Đình Nghệ - Cầu Giấy,Dương Đình Nghệ,Cầu Giấy,,
Phố Dương Đình Nghệ - Cầu Giấy,Dương Đình Nghệ,Cầu Giấy,,
Phố Dương Đình Nghệ Kéo Dài - Cầu Giấy,Dương Đình Nghệ,Cầu Giấy,,
Ngách 76/2 Phố Duy Tân - Cầu Giấy,Duy Tân,Cầu Giấy,,
Ngách 76/8 Phố Duy Tân - Cầu Giấy,Duy Tân,Cầu Giấy,,
Ngõ 11 Phố Duy Tân - Cầu Giấy,Duy Tân,Cầu Giấy,,
Ngõ 14 Phố Duy Tân - Cầu Giấy,Duy Tân,Cầu Giấy,,
Ngõ 15 Phố Duy Tân - Cầu Giấy,Duy Tân,Cầu Giấy,,
Ngõ 19 Phố Duy Tân - Cầu Giấy,Duy Tân,Cầu Giấy,,
Ngõ 3 Phố Duy Tân - Cầu Giấy,Duy Tân,Cầu Giấy,,
Ngõ 36 Phố Duy Tân - Cầu Giấy,Duy Tân,Cầu Giấy,,
Ngõ 4 Phố Duy Tân - Cầu Giấy,Duy Tân,Cầu Giấy,,
Ngõ 76 Phố Duy Tân - Cầu Giấy,Duy Tân,Cầu Giấy,,
Ngõ 78 Phố Duy Tân - Cầu Giấy,Duy Tân,Cầu Giấy,,
Ngõ 82 Phố Duy Tân - Cầu Giấy,Duy Tân,Cầu Giấy,,
Ngõ 86 Phố Duy Tân - Cầu Giấy,Duy Tân,Cầu Giấy,,
Phố Duy Tân - Cầu Giấy,Duy Tân,Cầu Giấy,,
Hẻm 184/41/18 Phố Hoa Bằng - Cầu Giấy,Hoa Bằng,Cầu Giấy,,
Ngách 184/41 Phố Hoa Bằng - Cầu Giấy,Hoa Bằng,Cầu Giấy,,
Ngách 54/1 Phố Hoa Bằng - Cầu Giấy,Hoa Bằng,Cầu Giấy,,
Ngách 54/3 Phố Hoa Bằng - Cầu Giấy,Hoa Bằng,Cầu Giấy,,
Ngách 54/5 Phố Hoa Bằng - Cầu Giấy,Hoa Bằng,Cầu Giấy,,
Ngách 54/7 Phố Hoa Bằng - Cầu Giấy,Hoa Bằng,Cầu Giấy,,
Ngõ 46 Phố Hoa Bằng - Cầu Giấy,Hoa Bằng,Cầu Giấy,,TRUE
Ngõ 54 Phố Hoa Bằng - Cầu Giấy,Hoa Bằng,Cầu Giấy,,TRUE
Ngõ 72 Phố Hoa Bằng - Cầu Giấy,Hoa Bằng,Cầu Giấy,,TRUE
Ngõ 90 Phố Hoa Bằng - Cầu Giấy,Hoa Bằng,Cầu Giấy,,TRUE
Ngõ 25 Phố Hoàng Quán Chi - Cầu Giấy,Hoàng Quán Chi,Cầu Giấy,,TRUE
Ngõ 9 Phố Hoàng Quán Chi - Cầu Giấy,Hoàng Quán Chi,Cầu Giấy,,TRUE
Phố Hoàng Quán Chi - Cầu Giấy,Hoàng Quán Chi,Cầu Giấy,,TRUE
Hẻm 59/1/2 Phố Khúc Thừa Dụ - Cầu Giấy,Khúc Thừa Dụ,Cầu Giấy,,
Ngách 59/1 Phố Khúc Thừa Dụ - Cầu Giấy,Khúc Thừa Dụ,Cầu Giấy,,
Ngách 59/14 Phố Khúc Thừa Dụ - Cầu Giấy,Khúc Thừa Dụ,Cầu Giấy,,
Ngách 59/15 Phố Khúc Thừa Dụ - Cầu Giấy,Khúc Thừa Dụ,Cầu Giấy,,
Ngách 59/16 Phố Khúc Thừa Dụ - Cầu Giấy,Khúc Thừa Dụ,Cầu Giấy,,
Ngõ 105 Phố Khúc Thừa Dụ - Cầu Giấy,Khúc Thừa Dụ,Cầu Giấy,,
Ngõ 38 Phố Khúc Thừa Dụ - Cầu Giấy,Khúc Thừa Dụ,Cầu Giấy,,
Ngõ 59 Phố Khúc Thừa Dụ - Cầu Giấy,Khúc Thừa Dụ,Cầu Giấy,,
Phố Khúc Thừa Dụ - Cầu Giấy,Khúc Thừa Dụ,Cầu Giấy,,
Cầu vượt Mai Dịch - Cầu Giấy,Mai Dịch,Cầu Giấy,,
Phố Nguyễn Hữu An - Cầu Giấy,Nguyễn Hữu An,Cầu Giấy,,
Đường Nguyễn Khang - Cầu Giấy,Nguyễn Khang,Cầu Giấy,,
Ngách 381/39 Đường Nguyễn Khang - Cầu Giấy,Nguyễn Khang,Cầu Giấy,,
Ngách 381/55 Đường Nguyễn Khang - Cầu Giấy,Nguyễn Khang,Cầu Giấy,,
Ngách 381/60 Đường Nguyễn Khang - Cầu Giấy,Nguyễn Khang,Cầu Giấy,,
Ngách 381/64 Đường Nguyễn Khang - Cầu Giấy,Nguyễn Khang,Cầu Giấy,,
Ngách 381/70 Đường Nguyễn Khang - Cầu Giấy,Nguyễn Khang,Cầu Giấy,,
Ngách 381/77 Đường Nguyễn Khang - Cầu Giấy,Nguyễn Khang,Cầu Giấy,,
Ngách 381/80 Đường Nguyễn Khang - Cầu Giấy,Nguyễn Khang,Cầu Giấy,,
Ngách 381/81 Đường Nguyễn Khang - Cầu Giấy,Nguyễn Khang,Cầu Giấy,,
Ngách 381/85 Đường Nguyễn Khang - Cầu Giấy,Nguyễn Khang,Cầu Giấy,,
Ngách 445/25 Đường Nguyễn Khang - Cầu Giấy,Nguyễn Khang,Cầu Giấy,,
Ngách 445/62 Đường Nguyễn Khang - Cầu Giấy,Nguyễn Khang,Cầu Giấy,,
Ngách 445/68 Đường Nguyễn Khang - Cầu Giấy,Nguyễn Khang,Cầu Giấy,,
Ngõ 331 Đường Nguyễn Khang - Cầu Giấy,Nguyễn Khang,Cầu Giấy,,
Ngõ 347 Đường Nguyễn Khang - Cầu Giấy,Nguyễn Khang,Cầu Giấy,,
Ngõ 353 Đường Nguyễn Khang - Cầu Giấy,Nguyễn Khang,Cầu Giấy,,
Ngõ 367 Đường Nguyễn Khang - Cầu Giấy,Nguyễn Khang,Cầu Giấy,,
Ngõ 381 Đường Nguyễn Khang - Cầu Giấy,Nguyễn Khang,Cầu Giấy,,
Ngõ 401 Đường Nguyễn Khang - Cầu Giấy,Nguyễn Khang,Cầu Giấy,,
Ngõ 419 Đường Nguyễn Khang - Cầu Giấy,Nguyễn Khang,Cầu Giấy,,
Ngõ 427 Đường Nguyễn Khang - Cầu Giấy,Nguyễn Khang,Cầu Giấy,,
Ngõ 439 Đường Nguyễn Khang - Cầu Giấy,Nguyễn Khang,Cầu Giấy,,
Ngõ 445 Đường Nguyễn Khang - Cầu Giấy,Nguyễn Khang,Cầu Giấy,,
Đường Nguyễn Khánh Toàn - Cầu Giấy,Nguyễn Khánh Toàn,Cầu Giấy,,
Đường Nguyễn Phong Sắc - Cầu Giấy,Nguyễn Phong Sắc,Cầu Giấy,,
Ngõ 43 Đường Nguyễn Phong Sắc - Cầu Giấy,Nguyễn Phong Sắc,Cầu Giấy,,
Ngõ 81 Đường Nguyễn Phong Sắc - Cầu Giấy,Nguyễn Phong Sắc,Cầu Giấy,,
Ngõ 87 Đường Nguyễn Phong Sắc - Cầu Giấy,Nguyễn Phong Sắc,Cầu Giấy,,
Ngõ 89 Đường Nguyễn Phong Sắc - Cầu Giấy,Nguyễn Phong Sắc,Cầu Giấy,,
Ngõ 99 Đường Nguyễn Phong Sắc - Cầu Giấy,Nguyễn Phong Sắc,Cầu Giấy,,
Phố Nguyễn Quốc Trị - Cầu Giấy,Nguyễn Quốc Trị,Cầu Giấy,,
Đường Nguyễn Văn Huyên - Cầu Giấy,Nguyễn Văn Huyên,Cầu Giấy,,
Ngách 10/19 Đường Nguyễn Văn Huyên - Cầu Giấy,Nguyễn Văn Huyên,Cầu Giấy,,
Ngách 10/2 Đường Nguyễn Văn Huyên - Cầu Giấy,Nguyễn Văn Huyên,Cầu Giấy,,
Ngách 10/45 Đường Nguyễn Văn Huyên - Cầu Giấy,Nguyễn Văn Huyên,Cầu Giấy,,
Ngõ 10 Đường Nguyễn Văn Huyên - Cầu Giấy,Nguyễn Văn Huyên,Cầu Giấy,,
Ngõ 12 Đường Nguyễn Văn Huyên - Cầu Giấy,Nguyễn Văn Huyên,Cầu Giấy,,
Ngõ 16 Đường Nguyễn Văn Huyên - Cầu Giấy,Nguyễn Văn Huyên,Cầu Giấy,,
Ngõ 34 Đường Nguyễn Văn Huyên - Cầu Giấy,Nguyễn Văn Huyên,Cầu Giấy,,
Đường Phạm Hùng - Cầu Giấy,Phạm Hùng,Cầu Giấy,,
Ngõ 1 Đường Phạm Hùng - Cầu Giấy,Phạm Hùng,Cầu Giấy,,
Phố Phạm Văn Bạch - Cầu Giấy,Phạm Văn Bạch,Cầu Giấy,,
Đường Phạm Văn Đồng - Cầu Giấy,Phạm Văn Đồng,Cầu Giấy,,
Ngõ 24 Đường Phạm Văn Đồng - Cầu Giấy,Phạm Văn Đồng,Cầu Giấy,,
Ngách 53/15 Phố Phan Văn Trường - Cầu Giấy,Phan Văn Trường,Cầu Giấy,,
Ngõ 1 Phố Phan Văn Trường - Cầu Giấy,Phan Văn Trường,Cầu Giấy,,
Ngõ 10 Phố Phan Văn Trường - Cầu Giấy,Phan Văn Trường,Cầu Giấy,,
Ngõ 12 Phố Phan Văn Trường - Cầu Giấy,Phan Văn Trường,Cầu Giấy,,
Ngõ 16 Phố Phan Văn Trường - Cầu Giấy,Phan Văn Trường,Cầu Giấy,,
Ngõ 17 Phố Phan Văn Trường - Cầu Giấy,Phan Văn Trường,Cầu Giấy,,
Ngõ 19 Phố Phan Văn Trường - Cầu Giấy,Phan Văn Trường,Cầu Giấy,,
Ngõ 21 Phố Phan Văn Trường - Cầu Giấy,Phan Văn Trường,Cầu Giấy,,
Ngõ 23 Phố Phan Văn Trường - Cầu Giấy,Phan Văn Trường,Cầu Giấy,,
Ngõ 24 Phố Phan Văn Trường - Cầu Giấy,Phan Văn Trường,Cầu Giấy,,
Ngõ 25 Phố Phan Văn Trường - Cầu Giấy,Phan Văn Trường,Cầu Giấy,,
Ngõ 27 Phố Phan Văn Trường - Cầu Giấy,Phan Văn Trường,Cầu Giấy,,
Ngõ 29 Phố Phan Văn Trường - Cầu Giấy,Phan Văn Trường,Cầu Giấy,,
Ngõ 31 Phố Phan Văn Trường - Cầu Giấy,Phan Văn Trường,Cầu Giấy,,
Ngõ 32 Phố Phan Văn Trường - Cầu Giấy,Phan Văn Trường,Cầu Giấy,,
Ngõ 33 Phố Phan Văn Trường - Cầu Giấy,Phan Văn Trường,Cầu Giấy,,
Phố Phan Văn Trường - Cầu Giấy,Phan Văn Trường,Cầu Giấy,,
Ngõ 1 Phố Thành Thái - Cầu Giấy,Thành Thái,Cầu Giấy,,
Ngõ 3 Phố Thành Thái - Cầu Giấy,Thành Thái,Cầu Giấy,,
Phố Thành Thái - Cầu Giấy,Thành Thái,Cầu Giấy,,
Ngõ 14 Phố Thọ Tháp - Cầu Giấy,Thọ Tháp,Cầu Giấy,,
Ngõ 2 Phố Thọ Tháp - Cầu Giấy,Thọ Tháp,Cầu Giấy,,
Phố Thọ Tháp - Cầu Giấy,Thọ Tháp,Cầu Giấy,,
Ngõ 3 Phố Tôn Thất Thuyết - Cầu Giấy,Tôn Thất Thuyết,Cầu Giấy,,
Phố Tôn Thất Thuyết - Cầu Giấy,Tôn Thất Thuyết,Cầu Giấy,,
Ngõ 49 Phố Trần Đăng Ninh - Cầu Giấy,Trần Đăng Ninh,Cầu Giấy,,
Phố Trần Đăng Ninh - Cầu Giấy,Trần Đăng Ninh,Cầu Giấy,,
Ngách 1/1 Phố Trần Quốc Hoàn - Cầu Giấy,Trần Quốc Hoàn,Cầu Giấy,,
Ngách 1/10 Phố Trần Quốc Hoàn - Cầu Giấy,Trần Quốc Hoàn,Cầu Giấy,,
Ngách 1/2 Phố Trần Quốc Hoàn - Cầu Giấy,Trần Quốc Hoàn,Cầu Giấy,,
Ngách 1/20 Phố Trần Quốc Hoàn - Cầu Giấy,Trần Quốc Hoàn,Cầu Giấy,,
Ngách 1/24 Phố Trần Quốc Hoàn - Cầu Giấy,Trần Quốc Hoàn,Cầu Giấy,,
Ngách 199/1 Phố Trần Quốc Hoàn - Cầu Giấy,Trần Quốc Hoàn,Cầu Giấy,,
Ngách 199/3 Phố Trần Quốc Hoàn - Cầu Giấy,Trần Quốc Hoàn,Cầu Giấy,,
Ngách 31/12 Phố Trần Quốc Hoàn - Cầu Giấy,Trần Quốc Hoàn,Cầu Giấy,,
Ngách 31/18 Phố Trần Quốc Hoàn - Cầu Giấy,Trần Quốc Hoàn,Cầu Giấy,,
Ngách 31/2 Phố Trần Quốc Hoàn - Cầu Giấy,Trần Quốc Hoàn,Cầu Giấy,,
Ngách 31/22 Phố Trần Quốc Hoàn - Cầu Giấy,Trần Quốc Hoàn,Cầu Giấy,,
Ngách 31/26 Phố Trần Quốc Hoàn - Cầu Giấy,Trần Quốc Hoàn,Cầu Giấy,,
Ngách 31/4 Phố Trần Quốc Hoàn - Cầu Giấy,Trần Quốc Hoàn,Cầu Giấy,,
Ngách 31/8 Phố Trần Quốc Hoàn - Cầu Giấy,Trần Quốc Hoàn,Cầu Giấy,,
Ngách 53/15 Phố Trần Quốc Hoàn - Cầu Giấy,Trần Quốc Hoàn,Cầu Giấy,,
Ngách 9/12 Phố Trần Quốc Hoàn - Cầu Giấy,Trần Quốc Hoàn,Cầu Giấy,,
Ngách 9/16 Phố Trần Quốc Hoàn - Cầu Giấy,Trần Quốc Hoàn,Cầu Giấy,,
Ngách 9/2 Phố Trần Quốc Hoàn - Cầu Giấy,Trần Quốc Hoàn,Cầu Giấy,,
Ngách 9/20 Phố Trần Quốc Hoàn - Cầu Giấy,Trần Quốc Hoàn,Cầu Giấy,,
Ngách 9/24 Phố Trần Quốc Hoàn - Cầu Giấy,Trần Quốc Hoàn,Cầu Giấy,,
Ngách 9/28 Phố Trần Quốc Hoàn - Cầu Giấy,Trần Quốc Hoàn,Cầu Giấy,,
Ngõ 201 Phố Trần Quốc Hoàn - Cầu Giấy,Trần Quốc Hoàn,Cầu Giấy,,
Ngõ 215 Phố Trần Quốc Hoàn - Cầu Giấy,Trần Quốc Hoàn,Cầu Giấy,,
Ngõ 243 Phố Trần Quốc Hoàn - Cầu Giấy,Trần Quốc Hoàn,Cầu Giấy,,
Ngõ 261 Phố Trần Quốc Hoàn - Cầu Giấy,Trần Quốc Hoàn,Cầu Giấy,,
Hẻm 7/2/6 Phố Trần Quốc Vượng - Cầu Giấy,Trần Quốc Vượng,Cầu Giấy,,
Ngách 63/23 Phố Trần Quốc Vượng - Cầu Giấy,Trần Quốc Vượng,Cầu Giấy,,
Ngách 78/3 Phố Trần Quốc Vượng - Cầu Giấy,Trần Quốc Vượng,Cầu Giấy,,
Ngách 78/5 Phố Trần Quốc Vượng - Cầu Giấy,Trần Quốc Vượng,Cầu Giấy,,
Ngõ 107 Phố Trần Quốc Vượng - Cầu Giấy,Trần Quốc Vượng,Cầu Giấy,,
Ngõ 49 Phố Trần Quốc Vượng - Cầu Giấy,Trần Quốc Vượng,Cầu Giấy,,
Ngõ 53 Phố Trần Quốc Vượng - Cầu Giấy,Trần Quốc Vượng,Cầu Giấy,,
Ngõ 57 Phố Trần Quốc Vượng - Cầu Giấy,Trần Quốc Vượng,Cầu Giấy,,
Ngõ 63 Phố Trần Quốc Vượng - Cầu Giấy,Trần Quốc Vượng,Cầu Giấy,,
Phố Trần Quốc Vượng - Cầu Giấy,Trần Quốc Vượng,Cầu Giấy,,
Ngõ 12 Phố Trần Quý Kiên - Cầu Giấy,Trần Quý Kiên,Cầu Giấy,,
Ngõ 2 Phố Trần Quý Kiên - Cầu Giấy,Trần Quý Kiên,Cầu Giấy,,
Ngõ 20 Phố Trần Quý Kiên - Cầu Giấy,Trần Quý Kiên,Cầu Giấy,,
Ngõ 21 Phố Trần Quý Kiên - Cầu Giấy,Trần Quý Kiên,Cầu Giấy,,
Ngõ 30 Phố Trần Quý Kiên - Cầu Giấy,Trần Quý Kiên,Cầu Giấy,,
Phố Trần Quý Kiên - Cầu Giấy,Trần Quý Kiên,Cầu Giấy,,
Ngách 44/21 Phố Trần Thái Tông - Cầu Giấy,Trần Thái Tông,Cầu Giấy,,
Ngách 44/47 Phố Trần Thái Tông - Cầu Giấy,Trần Thái Tông,Cầu Giấy,,
Ngách 44/64 Phố Trần Thái Tông - Cầu Giấy,Trần Thái Tông,Cầu Giấy,,
Ngách 44/70 Phố Trần Thái Tông - Cầu Giấy,Trần Thái Tông,Cầu Giấy,,
Ngách 44/80 Phố Trần Thái Tông - Cầu Giấy,Trần Thái Tông,Cầu Giấy,,
Ngách 44/86 Phố Trần Thái Tông - Cầu Giấy,Trần Thái Tông,Cầu Giấy,,
Ngách 5/17 Phố Trần Thái Tông - Cầu Giấy,Trần Thái Tông,Cầu Giấy,,
Ngách 58/2 Phố Trần Thái Tông - Cầu Giấy,Trần Thái Tông,Cầu Giấy,,
Ngõ 26 Phố Trần Thái Tông - Cầu Giấy,Trần Thái Tông,Cầu Giấy,,
Ngõ 35 Đường Trần Thái Tông - Cầu Giấy,Trần Thái Tông,Cầu Giấy,,
Ngõ 4 Phố Trần Thái Tông - Cầu Giấy,Trần Thái Tông,Cầu Giấy,,
Ngõ 44 Phố Trần Thái Tông - Cầu Giấy,Trần Thái Tông,Cầu Giấy,,
Ngõ 45 Phố Trần Thái Tông - Cầu Giấy,Trần Thái Tông,Cầu Giấy,,
Ngõ 62 Phố Trần Thái Tông - Cầu Giấy,Trần Thái Tông,Cầu Giấy,,
Ngõ 75 Phố Trần Thái Tông - Cầu Giấy,Trần Thái Tông,Cầu Giấy,,
Ngõ 76 Phố Trần Thái Tông - Cầu Giấy,Trần Thái Tông,Cầu Giấy,,
Ngõ 84 Phố Trần Thái Tông - Cầu Giấy,Trần Thái Tông,Cầu Giấy,,
Ngõ 92 Phố Trần Thái Tông - Cầu Giấy,Trần Thái Tông,Cầu Giấy,,
Ngõ 95 Phố Trần Thái Tông - Cầu Giấy,Trần Thái Tông,Cầu Giấy,,
Phố Trần Thái Tông - Cầu Giấy,Trần Thái Tông,Cầu Giấy,,
Ngõ 42 Phố Trương Công Giai - Cầu Giấy,Trương Công Giai,Cầu Giấy,,
Ngõ 56 Phố Trương Công Giai - Cầu Giấy,Trương Công Giai,Cầu Giấy,,
Phố Trương Công Giai - Cầu Giấy,Trương Công Giai,Cầu Giấy,,
Đường Xuân Thuỷ - Cầu Giấy,Xuân Thuỷ,Cầu Giấy,,
Ngách 181/18 Đường Xuân Thuỷ - Cầu Giấy,Xuân Thuỷ,Cầu Giấy,,
Ngõ 127 Đường Xuân Thuỷ - Cầu Giấy,Xuân Thuỷ,Cầu Giấy,,
Ngõ 130 Đường Xuân Thuỷ - Cầu Giấy,Xuân Thuỷ,Cầu Giấy,,
Ngõ 167 Đường Xuân Thuỷ - Cầu Giấy,Xuân Thuỷ,Cầu Giấy,,
Ngõ 175 Đường Xuân Thuỷ - Cầu Giấy,Xuân Thuỷ,Cầu Giấy,,
Ngõ 181 Đường Xuân Thuỷ - Cầu Giấy,Xuân Thuỷ,Cầu Giấy,,
Ngõ 36 Đường Xuân Thuỷ - Cầu Giấy,Xuân Thuỷ,Cầu Giấy,,
Ngõ 41 Đường Xuân Thuỷ - Cầu Giấy,Xuân Thuỷ,Cầu Giấy,,
Ngõ 63 Đường Xuân Thuỷ - Cầu Giấy,Xuân Thuỷ,Cầu Giấy,,
Ngõ 68 Đường Xuân Thuỷ - Cầu Giấy,Xuân Thuỷ,Cầu Giấy,,
Ngõ 85 Đường Xuân Thuỷ - Cầu Giấy,Xuân Thuỷ,Cầu Giấy,,
"Cầu Giấy - Cầu Giấy, Láng",Cầu Giấy,"Cầu Giấy, Láng",,
"Cầu Yên Hoà - Cầu Giấy, Láng",Yên Hoà,"Cầu Giấy, Láng",,
"Đường Cầu Giấy - Cầu Giấy, Nghĩa Đô",Cầu Giấy,"Cầu Giấy, Nghĩa Đô",,
"Phố Chùa Hà - Cầu Giấy, Nghĩa Đô",Chùa Hà,"Cầu Giấy, Nghĩa Đô",,
"Phố Nguyễn Đỗ Cung - Cầu Giấy, Nghĩa Đô",Nguyễn Đỗ Cung,"Cầu Giấy, Nghĩa Đô",,
"Đường Nguyễn Khánh Toàn - Cầu Giấy, Nghĩa Đô",Nguyễn Khánh Toàn,"Cầu Giấy, Nghĩa Đô",,
"Đường Nguyễn Phong Sắc - Cầu Giấy, Nghĩa Đô",Nguyễn Phong Sắc,"Cầu Giấy, Nghĩa Đô",,
"Đường Nguyễn Văn Huyên - Cầu Giấy, Nghĩa Đô",Nguyễn Văn Huyên,"Cầu Giấy, Nghĩa Đô",,
"Đường Phạm Văn Đồng - Cầu Giấy, Nghĩa Đô",Phạm Văn Đồng,"Cầu Giấy, Nghĩa Đô",,
"Phố Phan Văn Trường - Cầu Giấy, Nghĩa Đô",Phan Văn Trường,"Cầu Giấy, Nghĩa Đô",,
"Phố Tô Hiệu - Cầu Giấy, Nghĩa Đô",Tô Hiệu,"Cầu Giấy, Nghĩa Đô",,
"Phố Trần Đăng Ninh - Cầu Giấy, Nghĩa Đô",Trần Đăng Ninh,"Cầu Giấy, Nghĩa Đô",,
"Ngõ 1 Phố Trần Quốc Hoàn - Cầu Giấy, Nghĩa Đô",Trần Quốc Hoàn,"Cầu Giấy, Nghĩa Đô",,
"Ngõ 199 Phố Trần Quốc Hoàn - Cầu Giấy, Nghĩa Đô",Trần Quốc Hoàn,"Cầu Giấy, Nghĩa Đô",,
"Ngõ 31 Phố Trần Quốc Hoàn - Cầu Giấy, Nghĩa Đô",Trần Quốc Hoàn,"Cầu Giấy, Nghĩa Đô",,
"Ngõ 37 Phố Trần Quốc Hoàn - Cầu Giấy, Nghĩa Đô",Trần Quốc Hoàn,"Cầu Giấy, Nghĩa Đô",,
"Ngõ 53 Phố Trần Quốc Hoàn - Cầu Giấy, Nghĩa Đô",Trần Quốc Hoàn,"Cầu Giấy, Nghĩa Đô",,
"Ngõ 69 Phố Trần Quốc Hoàn - Cầu Giấy, Nghĩa Đô",Trần Quốc Hoàn,"Cầu Giấy, Nghĩa Đô",,
"Ngõ 9 Phố Trần Quốc Hoàn - Cầu Giấy, Nghĩa Đô",Trần Quốc Hoàn,"Cầu Giấy, Nghĩa Đô",,
"Phố Trần Quốc Hoàn - Cầu Giấy, Nghĩa Đô",Trần Quốc Hoàn,"Cầu Giấy, Nghĩa Đô",,
"Phố Dương Đình Nghệ Kéo Dài - Cầu Giấy, Yên Hoà",Dương Đình Nghệ,"Cầu Giấy, Yên Hoà",,
"Hẻm 184/41/12 Phố Hoa Bằng - Cầu Giấy, Yên Hoà",Hoa Bằng,"Cầu Giấy, Yên Hoà",,TRUE
"Hẻm 184/41/16 Phố Hoa Bằng - Cầu Giấy, Yên Hoà",Hoa Bằng,"Cầu Giấy, Yên Hoà",,TRUE
"Ngách 184/41 Phố Hoa Bằng - Cầu Giấy, Yên Hoà",Hoa Bằng,"Cầu Giấy, Yên Hoà",,TRUE
"Ngách 90/1 Phố Hoa Bằng - Cầu Giấy, Yên Hoà",Hoa Bằng,"Cầu Giấy, Yên Hoà",,TRUE
"Ngách 90/19 Phố Hoa Bằng - Cầu Giấy, Yên Hoà",Hoa Bằng,"Cầu Giấy, Yên Hoà",,TRUE
"Ngách 90/3 Phố Hoa Bằng - Cầu Giấy, Yên Hoà",Hoa Bằng,"Cầu Giấy, Yên Hoà",,TRUE
"Phố Hoa Bằng - Cầu Giấy, Yên Hoà",Hoa Bằng,"Cầu Giấy, Yên Hoà",,TRUE
"Phố Nguyễn Chánh - Cầu Giấy, Yên Hoà",Nguyễn Chánh,"Cầu Giấy, Yên Hoà",,
"Đường Nguyễn Khang - Cầu Giấy, Yên Hoà",Nguyễn Khang,"Cầu Giấy, Yên Hoà",,
"Ngõ 325 Đường Nguyễn Khang - Cầu Giấy, Yên Hoà",Nguyễn Khang,"Cầu Giấy, Yên Hoà",,
"Đường Phạm Hùng - Cầu Giấy, Yên Hoà",Phạm Hùng,"Cầu Giấy, Yên Hoà",,
Ngõ 35 Đường An Thắng - Chương Mỹ,An Thắng,Chương Mỹ,,
Phố An Thắng - Chương Mỹ,An Thắng,Chương Mỹ,,
Đường Biên Giang - Chương Mỹ,Biên Giang,Chương Mỹ,,
Ngách 117/5 Đường Biên Giang - Chương Mỹ,Biên Giang,Chương Mỹ,,
Ngõ 117 Đường Biên Giang - Chương Mỹ,Biên Giang,Chương Mỹ,,
Ngõ 221 Đường Biên Giang - Chương Mỹ,Biên Giang,Chương Mỹ,,
Ngõ 61 Đường Biên Giang - Chương Mỹ,Biên Giang,Chương Mỹ,,
Bình Sơn - Chương Mỹ,Bình Sơn,Chương Mỹ,,
Đường Chùa Trầm - Chương Mỹ,Chùa Trầm,Chương Mỹ,,
Đường Chúc Sơn - Chương Mỹ,Chúc Sơn,Chương Mỹ,,
Đường Chương Đức - Chương Mỹ,Chương Đức,Chương Mỹ,,
Phố Đồng Hoàng Bãi - Chương Mỹ,Đồng Hoàng,Chương Mỹ,,
Ngõ 36 Phố Giang Chính - Chương Mỹ,Giang Chính,Chương Mỹ,,
Phố Giang Chính - Chương Mỹ,Giang Chính,Chương Mỹ,,
Phố Giang Lẻ - Chương Mỹ,Giang Lẻ,Chương Mỹ,,
Đường Hoà Sơn - Chương Mỹ,Hoà Sơn,Chương Mỹ,,
Đường Long Châu - Chương Mỹ,Long Châu,Chương Mỹ,,
Đường Ngọc Sơn - Chương Mỹ,Ngọc Sơn,Chương Mỹ,,
Đường Nguyễn Văn Trỗi - Chương Mỹ,Nguyễn Văn Trỗi,Chương Mỹ,,
Đường Ninh Kiều - Chương Mỹ,Ninh Kiều,Chương Mỹ,,
Đường Phú Mỹ - Chương Mỹ,Phú Mỹ (Chương Mỹ),Chương Mỹ,,
Ngõ 102 Đường Phú Mỹ - Chương Mỹ,Phú Mỹ (Chương Mỹ),Chương Mỹ,,
Phố Phúc Thành - Chương Mỹ,Phúc Thành,Chương Mỹ,,
Phố Phúc Tiến - Chương Mỹ,Phúc Tiến,Chương Mỹ,,
Đường Phượng Bãi - Chương Mỹ,Phượng Bãi,Chương Mỹ,,
Đường Phương Bản - Chương Mỹ,Phương Bản,Chương Mỹ,,
Đường Phượng Giang - Chương Mỹ,Phượng Giang,Chương Mỹ,,
Đường Phượng Yên - Chương Mỹ,Phượng Yên,Chương Mỹ,,
Phố Rạng Đông - Chương Mỹ,Rạng Đông,Chương Mỹ,,
Đường Yên Sơn - Chương Mỹ,Yên Sơn,Chương Mỹ,,
"Cầu Đồng Hoàng - Chương Mỹ, Yên Nghĩa",Đồng Hoàng,"Chương Mỹ, Yên Nghĩa",,
"Cầu Mai Lĩnh - Chương Mỹ, Yên Nghĩa",Mai Lĩnh,"Chương Mỹ, Yên Nghĩa",,
"Cầu Mai Lĩnh (Cũ) - Chương Mỹ, Yên Nghĩa",Mai Lĩnh,"Chương Mỹ, Yên Nghĩa",,
Phố 19 Tháng 12 - Cửa Nam,19 Tháng 12,Cửa Nam,"Sau cuộc kháng chiến bắt đầu nổ ra, nơi đây thành khu mộ tập thể của các nạn nhân chết trong khu vực Hàng Bông - Cửa Nam. Vì đây là khu mộ tập thể nên không xây dựng gì được, chỉ có thể làm chợ chuyên bán thịt chó. Khi Hà Nội bị ném bom, một số người buôn bán dạt từ chợ Hàng Da và Hàng Bè ra đây để tránh bom Mỹ. Năm 1986, thành phố cho di dời mộ phần các nạn nhân đi và đặt tên chính thức cho chợ là Chợ 19 Tháng 12 để ghi nhớ, nhưng dân gian quen gọi tên là Chợ Âm Phủ.",
Phố Bà Triệu - Cửa Nam,Bà Triệu,Cửa Nam,,
Quảng Trường Cách Mạng Tháng Tám - Cửa Nam,Cách Mạng Tháng Tám,Cửa Nam,,
Phố Cửa Nam - Cửa Nam,Cửa Nam,Cửa Nam,,
Ngõ Dã Tượng - Cửa Nam,Dã Tượng,Cửa Nam,,
Phố Dã Tượng - Cửa Nam,Dã Tượng,Cửa Nam,,
Ngõ 1A Phố Đặng Thái Thân - Cửa Nam,Đặng Thái Thân,Cửa Nam,,
Ngõ 3B Phố Đặng Thái Thân - Cửa Nam,Đặng Thái Thân,Cửa Nam,,
Phố Đặng Thái Thân - Cửa Nam,Đặng Thái Thân,Cửa Nam,,
Đường Điện Biên Phủ - Cửa Nam,Điện Biên Phủ,Cửa Nam,,
Phố Đinh Công Tráng - Cửa Nam,Đinh Công Tráng,Cửa Nam,,
Phố Đình Ngang - Cửa Nam,Đình Ngang,Cửa Nam,,
Ngõ Đoàn Nhữ Hài - Cửa Nam,Đoàn Nhữ Hài,Cửa Nam,,
Ngõ Xóm Hạ Hồi - Cửa Nam,Hạ Hồi,Cửa Nam,"Cả làng Hạ Hồi gốc và ngõ Xóm Hạ Hồi đều thường xuyên bị gọi nhầm là Hà Hồi. Thị trưởng đầu tiên của Hà Nội (cụ Trần Văn Lai) đã đặt tên Quang Trung cho một con đường trục chính của khu phố Pháp, nên ông lấy tên xóm Hạ Hồi đặt tên cho một con ngõ hướng ra phố Quang Trung.",
Ngõ 55 Phố Hai Bà Trưng - Cửa Nam,Hai Bà Trưng,Cửa Nam,,
Phố Hai Bà Trưng - Cửa Nam,Hai Bà Trưng,Cửa Nam,,
Ngõ 18 Đường Hàm Long - Cửa Nam,Hàm Long,Cửa Nam,,
Ngõ Hàm Long 1 - Cửa Nam,Hàm Long,Cửa Nam,,
Ngõ Hàm Long 2 - Cửa Nam,Hàm Long,Cửa Nam,,
Ngõ Hàm Long 3 - Cửa Nam,Hàm Long,Cửa Nam,,
Phố Hàm Long - Cửa Nam,Hàm Long,Cửa Nam,,
Phố Hàn Thuyên - Cửa Nam,Hàn Thuyên,Cửa Nam,,
Ngõ 26 Phố Hàng Bài - Cửa Nam,Hàng Bài,Cửa Nam,,
Phố Hàng Bài - Cửa Nam,Hàng Bài,Cửa Nam,,
Ngõ Hàng Cỏ - Cửa Nam,Hàng Cỏ,Cửa Nam,,
Ngõ Hàng Thịt - Cửa Nam,Hàng Thịt,Cửa Nam,,
Phố Hoả Lò - Cửa Nam,Hoả Lò,Cửa Nam,,
Phố Huế - Cửa Nam,Huế,Cửa Nam,"Phố Huế trước đây là một phần con đường thiên lý, nối thành phố Hà Nội đi về các tỉnh thành phía Nam. Phố được đặt tên là phố Huế vào thời nhà Nguyễn do đây là phần đầu đường các quan bắt đầu vào kinh thành chầu vua.",
Đường Lê Duẩn - Cửa Nam,Lê Duẩn,Cửa Nam,,
Ngõ 6 Phố Lê Thánh Tông - Cửa Nam,Lê Thánh Tông,Cửa Nam,,
Phố Lê Thánh Tông - Cửa Nam,Lê Thánh Tông,Cửa Nam,,
Ngõ Lê Văn Hưu 3 - Cửa Nam,Lê Văn Hưu,Cửa Nam,,
Phố Liên Trì - Cửa Nam,Liên Trì,Cửa Nam,,
Ngõ 26 Phố Lý Thường Kiệt - Cửa Nam,Lý Thường Kiệt,Cửa Nam,,
Ngõ 39 Phố Lý Thường Kiệt - Cửa Nam,Lý Thường Kiệt,Cửa Nam,,
Ngõ 91B Phố Lý Thường Kiệt - Cửa Nam,Lý Thường Kiệt,Cửa Nam,,
Ngõ Lý Thường Kiệt - Cửa Nam,Lý Thường Kiệt,Cửa Nam,,
Phố Lý Thường Kiệt - Cửa Nam,Lý Thường Kiệt,Cửa Nam,,
Phố Nam Ngư - Cửa Nam,Nam Ngư,Cửa Nam,,
Phố Ngô Quyền - Cửa Nam,Ngô Quyền,Cửa Nam,,
Phố Ngô Thì Nhậm - Cửa Nam,Ngô Thì Nhậm,Cửa Nam,,
Phố Ngô Văn Sở - Cửa Nam,Ngô Văn Sở,Cửa Nam,,
Phố Nguyễn Chế Nghĩa - Cửa Nam,Nguyễn Chế Nghĩa,Cửa Nam,,
Phố Nguyễn Du - Cửa Nam,Nguyễn Du,Cửa Nam,,
Phố Nguyễn Gia Thiều - Cửa Nam,Nguyễn Gia Thiều,Cửa Nam,,
Phố Nguyễn Khắc Cần - Cửa Nam,Nguyễn Khắc Cần,Cửa Nam,,
Phố Nguyễn Thái Học - Cửa Nam,Nguyễn Thái Học,Cửa Nam,,
Phố Phạm Sư Mạnh - Cửa Nam,Phạm Sư Mạnh,Cửa Nam,,
Phố Phan Bội Châu - Cửa Nam,Phan Bội Châu,Cửa Nam,,
Ngõ Phan Chu Trinh - Cửa Nam,Phan Chu Trinh,Cửa Nam,,
Phố Phan Chu Trinh - Cửa Nam,Phan Chu Trinh,Cửa Nam,,
Ngõ Phan Huy Chú - Cửa Nam,Phan Huy Chú,Cửa Nam,,
Phố Phan Huy Chú - Cửa Nam,Phan Huy Chú,Cửa Nam,,
Phố Quán Sứ - Cửa Nam,Quán Sứ,Cửa Nam,,
Phố Quang Trung - Cửa Nam,Quang Trung,Cửa Nam,,
Phố Thợ Nhuộm - Cửa Nam,Thợ Nhuộm,Cửa Nam,,
Phố Trần Bình Trọng - Cửa Nam,Trần Bình Trọng,Cửa Nam,,
Ngõ 24 Đường Trần Hưng Đạo - Cửa Nam,Trần Hưng Đạo,Cửa Nam,,
Phố Trần Hưng Đạo - Cửa Nam,Trần Hưng Đạo,Cửa Nam,,
Đường Trần Khánh Dư - Cửa Nam,Trần Khánh Dư,Cửa Nam,,
Ngõ Trần Quốc Toản - Cửa Nam,Trần Quốc Toản,Cửa Nam,,
Phố Trần Quốc Toản - Cửa Nam,Trần Quốc Toản,Cửa Nam,,
Ngõ 13A Phố Tràng Thi - Cửa Nam,Tràng Thi,Cửa Nam,,
Ngõ 13T Phố Tràng Thi - Cửa Nam,Tràng Thi,Cửa Nam,,
Ngõ 65 Phố Tràng Thi - Cửa Nam,Tràng Thi,Cửa Nam,,
Ngõ 39 Phố Tràng Tiền - Cửa Nam,Tràng Tiền,Cửa Nam,,
Ngõ 49 Phố Tràng Tiền - Cửa Nam,Tràng Tiền,Cửa Nam,,
Ngõ Tràng Tiền - Cửa Nam,Tràng Tiền,Cửa Nam,,
Phố Trương Hán Siêu - Cửa Nam,Trương Hán Siêu,Cửa Nam,,
Ngõ Tức Mặc - Cửa Nam,Tức Mặc,Cửa Nam,,
Ngõ Vạn Kiếp - Cửa Nam,Vạn Kiếp,Cửa Nam,,
Ngõ 3 Phố Vọng Đức - Cửa Nam,Vọng Đức,Cửa Nam,,
Ngõ 9 Phố Vọng Đức - Cửa Nam,Vọng Đức,Cửa Nam,,
Phố Vọng Đức - Cửa Nam,Vọng Đức,Cửa Nam,,
Ngõ Yết Kiêu - Cửa Nam,Yết Kiêu,Cửa Nam,,
Phố Yết Kiêu - Cửa Nam,Yết Kiêu,Cửa Nam,,
"Phố Bà Triệu - Cửa Nam, Hai Bà Trưng",Bà Triệu,"Cửa Nam, Hai Bà Trưng",,
"Phố Bùi Thị Xuân - Cửa Nam, Hai Bà Trưng",Bùi Thị Xuân,"Cửa Nam, Hai Bà Trưng",,
"Phố Hàn Thuyên - Cửa Nam, Hai Bà Trưng",Hàn Thuyên,"Cửa Nam, Hai Bà Trưng",,
"Phố Hàng Chuối - Cửa Nam, Hai Bà Trưng",Hàng Chuối,"Cửa Nam, Hai Bà Trưng",,
"Phố Hồ Xuân Hương - Cửa Nam, Hai Bà Trưng",Hồ Xuân Hương,"Cửa Nam, Hai Bà Trưng",,
"Phố Huế - Cửa Nam, Hai Bà Trưng",Huế,"Cửa Nam, Hai Bà Trưng","Phố Huế trước đây là một phần con đường thiên lý, nối thành phố Hà Nội đi về các tỉnh thành phía Nam. Phố được đặt tên là phố Huế vào thời nhà Nguyễn do đây là phần đầu đường các quan bắt đầu vào kinh thành chầu vua.",
"Ngõ Lê Văn Hưu 2 - Cửa Nam, Hai Bà Trưng",Lê Văn Hưu,"Cửa Nam, Hai Bà Trưng",,
"Phố Lê Văn Hưu - Cửa Nam, Hai Bà Trưng",Lê Văn Hưu,"Cửa Nam, Hai Bà Trưng",,
"Phố Lò Đúc - Cửa Nam, Hai Bà Trưng",Lò Đúc,"Cửa Nam, Hai Bà Trưng",,
"Phố Ngô Thì Nhậm - Cửa Nam, Hai Bà Trưng",Ngô Thì Nhậm,"Cửa Nam, Hai Bà Trưng",,
"Phố Nguyễn Du - Cửa Nam, Hai Bà Trưng",Nguyễn Du,"Cửa Nam, Hai Bà Trưng",,
"Đường Nguyễn Khoái - Cửa Nam, Hai Bà Trưng",Nguyễn Khoái,"Cửa Nam, Hai Bà Trưng",,
"Phố Quang Trung - Cửa Nam, Hai Bà Trưng",Quang Trung,"Cửa Nam, Hai Bà Trưng",,
"Phố Trần Bình Trọng - Cửa Nam, Hai Bà Trưng",Trần Bình Trọng,"Cửa Nam, Hai Bà Trưng",,
"Đường Trần Khánh Dư - Cửa Nam, Hai Bà Trưng",Trần Khánh Dư,"Cửa Nam, Hai Bà Trưng",,
"Phố Trần Thánh Tông - Cửa Nam, Hai Bà Trưng",Trần Thánh Tông,"Cửa Nam, Hai Bà Trưng",,
"Phố Triệu Việt Vương - Cửa Nam, Hai Bà Trưng",Triệu Việt Vương,"Cửa Nam, Hai Bà Trưng",,
"Phố Yết Kiêu - Cửa Nam, Hai Bà Trưng",Yết Kiêu,"Cửa Nam, Hai Bà Trưng",,
"Phố Bà Triệu - Cửa Nam, Hoàn Kiếm",Bà Triệu,"Cửa Nam, Hoàn Kiếm",,
"Quảng Trường Cách Mạng Tháng Tám - Cửa Nam, Hoàn Kiếm",Cách Mạng Tháng Tám,"Cửa Nam, Hoàn Kiếm",,
"Phố Hàng Bài - Cửa Nam, Hoàn Kiếm",Hàng Bài,"Cửa Nam, Hoàn Kiếm",,
"Ngõ 11 Phố Hàng Khay - Cửa Nam, Hoàn Kiếm",Hàng Khay,"Cửa Nam, Hoàn Kiếm",,
"Ngõ 9 Phố Hàng Khay - Cửa Nam, Hoàn Kiếm",Hàng Khay,"Cửa Nam, Hoàn Kiếm",,
"Phố Ngô Quyền - Cửa Nam, Hoàn Kiếm",Ngô Quyền,"Cửa Nam, Hoàn Kiếm",,
"Phố Nguyễn Khắc Cần - Cửa Nam, Hoàn Kiếm",Nguyễn Khắc Cần,"Cửa Nam, Hoàn Kiếm",,
"Phố Phạm Ngũ Lão - Cửa Nam, Hoàn Kiếm",Phạm Ngũ Lão,"Cửa Nam, Hoàn Kiếm",,
"Phố Quán Sứ - Cửa Nam, Hoàn Kiếm",Quán Sứ,"Cửa Nam, Hoàn Kiếm",,
"Phố Quang Trung - Cửa Nam, Hoàn Kiếm",Quang Trung,"Cửa Nam, Hoàn Kiếm",,
"Phố Thợ Nhuộm - Cửa Nam, Hoàn Kiếm",Thợ Nhuộm,"Cửa Nam, Hoàn Kiếm",,
"Phố Tông Đản - Cửa Nam, Hoàn Kiếm",Tông Đản,"Cửa Nam, Hoàn Kiếm",,
"Đường Trần Khánh Dư - Cửa Nam, Hoàn Kiếm",Trần Khánh Dư,"Cửa Nam, Hoàn Kiếm",,
"Phố Tràng Thi - Cửa Nam, Hoàn Kiếm",Tràng Thi,"Cửa Nam, Hoàn Kiếm",,
"Phố Tràng Tiền - Cửa Nam, Hoàn Kiếm",Tràng Tiền,"Cửa Nam, Hoàn Kiếm","Phố Tràng Tiền và Hàng Khay là hai trong những phố được người Pháp cho xây dựng phát triển đầu tiên của thành phố Hà Nội, hoàn thành năm 1885. Nhà cửa thẳng hàng, đường rải đá, có cống thoát nước thải, vỉa hè trồng cây phượng.",
"Phố Triệu Quốc Đạt - Cửa Nam, Hoàn Kiếm",Triệu Quốc Đạt,"Cửa Nam, Hoàn Kiếm",,
"Đường Trần Khánh Dư - Cửa Nam, Hồng Hà",Trần Khánh Dư,"Cửa Nam, Hồng Hà",,
"Vạn Kiếp - Cửa Nam, Hồng Hà",Vạn Kiếp,"Cửa Nam, Hồng Hà",,
"Phố Cửa Nam - Cửa Nam, Văn Miếu - Quốc Tử Giám",Cửa Nam,"Cửa Nam, Văn Miếu - Quốc Tử Giám",,
"Phố Hai Bà Trưng - Cửa Nam, Văn Miếu - Quốc Tử Giám",Hai Bà Trưng,"Cửa Nam, Văn Miếu - Quốc Tử Giám",,
"Phố Hàng Lọng - Cửa Nam, Văn Miếu - Quốc Tử Giám",Hàng Lọng,"Cửa Nam, Văn Miếu - Quốc Tử Giám",,
"Đường Lê Duẩn - Cửa Nam, Văn Miếu - Quốc Tử Giám",Lê Duẩn,"Cửa Nam, Văn Miếu - Quốc Tử Giám",,
"Phố Nguyễn Du - Cửa Nam, Văn Miếu - Quốc Tử Giám",Nguyễn Du,"Cửa Nam, Văn Miếu - Quốc Tử Giám",,
"Phố Trần Hưng Đạo - Cửa Nam, Văn Miếu - Quốc Tử Giám",Trần Hưng Đạo,"Cửa Nam, Văn Miếu - Quốc Tử Giám",,
Phố Bạch Thành Phong - Đại Mỗ,Bạch Thành Phong,Đại Mỗ,,
Ngõ Chùa Đồng Bàn - Đại Mỗ,Chùa Đồng Bàn,Đại Mỗ,,
Phố Cương Kiên - Đại Mỗ,Cương Kiên,Đại Mỗ,,
Hẻm 1/56/10 Phố Đại Linh - Đại Mỗ,Đại Linh,Đại Mỗ,,
Hẻm 28/106/25 Phố Đại Linh - Đại Mỗ,Đại Linh,Đại Mỗ,,
Hẻm 28/28/14 Phố Đại Linh - Đại Mỗ,Đại Linh,Đại Mỗ,,
Hẻm 28/28/17 Phố Đại Linh - Đại Mỗ,Đại Linh,Đại Mỗ,,
Hẻm 28/28/8 Phố Đại Linh - Đại Mỗ,Đại Linh,Đại Mỗ,,
Ngách 1/20 Phố Đại Linh - Đại Mỗ,Đại Linh,Đại Mỗ,,
Ngách 1/56 Phố Đại Linh - Đại Mỗ,Đại Linh,Đại Mỗ,,
Ngách 28/106 Phố Đại Linh - Đại Mỗ,Đại Linh,Đại Mỗ,,
Ngách 28/112 Phố Đại Linh - Đại Mỗ,Đại Linh,Đại Mỗ,,
Ngách 28/28 Phố Đại Linh - Đại Mỗ,Đại Linh,Đại Mỗ,,
Ngách 28/48 Phố Đại Linh - Đại Mỗ,Đại Linh,Đại Mỗ,,
Ngách 28/68 Phố Đại Linh - Đại Mỗ,Đại Linh,Đại Mỗ,,
Ngách 69/1 Phố Đại Linh - Đại Mỗ,Đại Linh,Đại Mỗ,,
Ngách 69/7 Phố Đại Linh - Đại Mỗ,Đại Linh,Đại Mỗ,,
Ngách 93/1 Phố Đại Linh - Đại Mỗ,Đại Linh,Đại Mỗ,,
Ngõ 1 Phố Đại Linh - Đại Mỗ,Đại Linh,Đại Mỗ,,
Ngõ 119 Phố Đại Linh - Đại Mỗ,Đại Linh,Đại Mỗ,,
Ngõ 125 Phố Đại Linh - Đại Mỗ,Đại Linh,Đại Mỗ,,
Ngõ 127 Phố Đại Linh - Đại Mỗ,Đại Linh,Đại Mỗ,,
Ngõ 129 Phố Đại Linh - Đại Mỗ,Đại Linh,Đại Mỗ,,
Ngõ 23 Phố Đại Linh - Đại Mỗ,Đại Linh,Đại Mỗ,,
Ngõ 28 Phố Đại Linh - Đại Mỗ,Đại Linh,Đại Mỗ,,
Ngõ 44 Phố Đại Linh - Đại Mỗ,Đại Linh,Đại Mỗ,,
Ngõ 45 Phố Đại Linh - Đại Mỗ,Đại Linh,Đại Mỗ,,
Ngõ 54 Phố Đại Linh - Đại Mỗ,Đại Linh,Đại Mỗ,,
Ngõ 56 Phố Đại Linh - Đại Mỗ,Đại Linh,Đại Mỗ,,
Ngõ 59 Phố Đại Linh - Đại Mỗ,Đại Linh,Đại Mỗ,,
Ngõ 66 Phố Đại Linh - Đại Mỗ,Đại Linh,Đại Mỗ,,
Ngõ 69 Phố Đại Linh - Đại Mỗ,Đại Linh,Đại Mỗ,,
Ngõ 80 Phố Đại Linh - Đại Mỗ,Đại Linh,Đại Mỗ,,
Ngõ 93 Phố Đại Linh - Đại Mỗ,Đại Linh,Đại Mỗ,,
Ngõ 97 Phố Đại Linh - Đại Mỗ,Đại Linh,Đại Mỗ,,
Phố Đại Linh - Đại Mỗ,Đại Linh,Đại Mỗ,,
Đường Đại Mỗ - Đại Mỗ,Đại Mỗ,Đại Mỗ,,
Hẻm 163/43/2 Đường Đại Mỗ - Đại Mỗ,Đại Mỗ,Đại Mỗ,,
Hẻm 24/12/49 Đường Đại Mỗ - Đại Mỗ,Đại Mỗ,Đại Mỗ,,
Hẻm 24/2/19 Đường Đại Mỗ - Đại Mỗ,Đại Mỗ,Đại Mỗ,,
Hẻm 24/2/65 Đường Đại Mỗ - Đại Mỗ,Đại Mỗ,Đại Mỗ,,
Hẻm 24/2/85 Đường Đại Mỗ - Đại Mỗ,Đại Mỗ,Đại Mỗ,,
Hẻm 63/22/2 Đường Đại Mỗ - Đại Mỗ,Đại Mỗ,Đại Mỗ,,
Ngách 163/1 Đường Đại Mỗ - Đại Mỗ,Đại Mỗ,Đại Mỗ,,
Ngách 163/12 Đường Đại Mỗ - Đại Mỗ,Đại Mỗ,Đại Mỗ,,
Ngách 163/2 Đường Đại Mỗ - Đại Mỗ,Đại Mỗ,Đại Mỗ,,
Ngách 163/22 Đường Đại Mỗ - Đại Mỗ,Đại Mỗ,Đại Mỗ,,
Ngách 163/33 Đường Đại Mỗ - Đại Mỗ,Đại Mỗ,Đại Mỗ,,
Ngách 163/35 Đường Đại Mỗ - Đại Mỗ,Đại Mỗ,Đại Mỗ,,
Ngách 163/36 Đường Đại Mỗ - Đại Mỗ,Đại Mỗ,Đại Mỗ,,
Ngách 163/43 Đường Đại Mỗ - Đại Mỗ,Đại Mỗ,Đại Mỗ,,
Ngách 163/45 Đường Đại Mỗ - Đại Mỗ,Đại Mỗ,Đại Mỗ,,
Ngách 178/3 Đường Đại Mỗ - Đại Mỗ,Đại Mỗ,Đại Mỗ,,
Ngách 188/3 Đường Đại Mỗ - Đại Mỗ,Đại Mỗ,Đại Mỗ,,
Ngách 24/2 Đường Đại Mỗ - Đại Mỗ,Đại Mỗ,Đại Mỗ,,
Ngách 63/22 Đường Đại Mỗ - Đại Mỗ,Đại Mỗ,Đại Mỗ,,
Ngách 63/49 Đường Đại Mỗ - Đại Mỗ,Đại Mỗ,Đại Mỗ,,
Ngách 91/2 Đường Đại Mỗ - Đại Mỗ,Đại Mỗ,Đại Mỗ,,
Ngõ 1 Đường Đại Mỗ - Đại Mỗ,Đại Mỗ,Đại Mỗ,,
Ngõ 1/3 Đường Đại Mỗ - Đại Mỗ,Đại Mỗ,Đại Mỗ,,
Ngõ 11 Đường Đại Mỗ - Đại Mỗ,Đại Mỗ,Đại Mỗ,,
Ngõ 123 Đường Đại Mỗ - Đại Mỗ,Đại Mỗ,Đại Mỗ,,
Ngõ 137 Đường Đại Mỗ - Đại Mỗ,Đại Mỗ,Đại Mỗ,,
Ngõ 163 Đường Đại Mỗ - Đại Mỗ,Đại Mỗ,Đại Mỗ,,
Ngõ 166 Đường Đại Mỗ - Đại Mỗ,Đại Mỗ,Đại Mỗ,,
Ngõ 17 Đường Đại Mỗ - Đại Mỗ,Đại Mỗ,Đại Mỗ,,
Ngõ 178 Đường Đại Mỗ - Đại Mỗ,Đại Mỗ,Đại Mỗ,,
Ngõ 188 Đường Đại Mỗ - Đại Mỗ,Đại Mỗ,Đại Mỗ,,
Ngõ 190 Đường Đại Mỗ - Đại Mỗ,Đại Mỗ,Đại Mỗ,,
Ngõ 24 Đường Đại Mỗ - Đại Mỗ,Đại Mỗ,Đại Mỗ,,
Ngõ 63 Đường Đại Mỗ - Đại Mỗ,Đại Mỗ,Đại Mỗ,,
Ngõ 91 Đường Đại Mỗ - Đại Mỗ,Đại Mỗ,Đại Mỗ,,
Phố Đồng Sợi - Đại Mỗ,Đồng Sợi,Đại Mỗ,,
Đường Khuất Duy Tiến - Đại Mỗ,Khuất Duy Tiến,Đại Mỗ,,
Ngõ 137 Đường Khuất Duy Tiến - Đại Mỗ,Khuất Duy Tiến,Đại Mỗ,,
Ngõ 285 Đường Khuất Duy Tiến - Đại Mỗ,Khuất Duy Tiến,Đại Mỗ,,
Ngõ 293 Đường Khuất Duy Tiến - Đại Mỗ,Khuất Duy Tiến,Đại Mỗ,,
Phố Lê Giản - Đại Mỗ,Lê Giản,Đại Mỗ,,
Lê Quang Đạo - Đại Mỗ,Lê Quang Đạo,Đại Mỗ,,
Đường Lương Thế Vinh - Đại Mỗ,Lương Thế Vinh,Đại Mỗ,,
Ngách 379/3 Đường Lương Thế Vinh - Đại Mỗ,Lương Thế Vinh,Đại Mỗ,,
Ngõ 205 Đường Lương Thế Vinh - Đại Mỗ,Lương Thế Vinh,Đại Mỗ,,
Ngõ 248 Đường Lương Thế Vinh - Đại Mỗ,Lương Thế Vinh,Đại Mỗ,,
Ngõ 258 Đường Lương Thế Vinh - Đại Mỗ,Lương Thế Vinh,Đại Mỗ,,
Ngõ 379 Đường Lương Thế Vinh - Đại Mỗ,Lương Thế Vinh,Đại Mỗ,,
Ngõ 67B Đường Lương Thế Vinh - Đại Mỗ,Lương Thế Vinh,Đại Mỗ,,
Đường Hồ Mễ Trì - Đại Mỗ,Mễ Trì,Đại Mỗ,,
Ngõ 2 Đường Hồ Mễ Trì - Đại Mỗ,Mễ Trì,Đại Mỗ,,
Đường Chợ Ngọc Trục - Đại Mỗ,Ngọc Trục,Đại Mỗ,,
Ngách 28/77 Phố Ngọc Trục - Đại Mỗ,Ngọc Trục,Đại Mỗ,,
Ngách 29/93 Phố Ngọc Trục - Đại Mỗ,Ngọc Trục,Đại Mỗ,,
Ngách 40/23 Phố Ngọc Trục - Đại Mỗ,Ngọc Trục,Đại Mỗ,,
Ngách 40/4 Phố Ngọc Trục - Đại Mỗ,Ngọc Trục,Đại Mỗ,,
Ngách 40/65 Phố Ngọc Trục - Đại Mỗ,Ngọc Trục,Đại Mỗ,,
Ngách 70/14 Phố Ngọc Trục - Đại Mỗ,Ngọc Trục,Đại Mỗ,,
Ngách 70/22 Phố Ngọc Trục - Đại Mỗ,Ngọc Trục,Đại Mỗ,,
Ngách 70/25 Phố Ngọc Trục - Đại Mỗ,Ngọc Trục,Đại Mỗ,,
Ngách 70/9 Phố Ngọc Trục - Đại Mỗ,Ngọc Trục,Đại Mỗ,,
Ngách 77/103 Phố Ngọc Trục - Đại Mỗ,Ngọc Trục,Đại Mỗ,,
Ngách 77/20 Phố Ngọc Trục - Đại Mỗ,Ngọc Trục,Đại Mỗ,,
Ngách 77/32 Phố Ngọc Trục - Đại Mỗ,Ngọc Trục,Đại Mỗ,,
Ngách 77/36 Phố Ngọc Trục - Đại Mỗ,Ngọc Trục,Đại Mỗ,,
Ngách 77/46 Phố Ngọc Trục - Đại Mỗ,Ngọc Trục,Đại Mỗ,,
Ngách 77/51 Phố Ngọc Trục - Đại Mỗ,Ngọc Trục,Đại Mỗ,,
Ngách 77/56 Phố Ngọc Trục - Đại Mỗ,Ngọc Trục,Đại Mỗ,,
Ngách 77/91 Phố Ngọc Trục - Đại Mỗ,Ngọc Trục,Đại Mỗ,,
Ngách 93/10 Phố Ngọc Trục - Đại Mỗ,Ngọc Trục,Đại Mỗ,,
Ngách 93/21 Phố Ngọc Trục - Đại Mỗ,Ngọc Trục,Đại Mỗ,,
Ngõ 1 Phố Ngọc Trục - Đại Mỗ,Ngọc Trục,Đại Mỗ,,
Ngõ 107 Phố Ngọc Trục - Đại Mỗ,Ngọc Trục,Đại Mỗ,,
Ngõ 37 Phố Ngọc Trục - Đại Mỗ,Ngọc Trục,Đại Mỗ,,
Ngõ 40 Phố Ngọc Trục - Đại Mỗ,Ngọc Trục,Đại Mỗ,,
Ngõ 48 Phố Ngọc Trục - Đại Mỗ,Ngọc Trục,Đại Mỗ,,
Ngõ 70 Phố Ngọc Trục - Đại Mỗ,Ngọc Trục,Đại Mỗ,,
Ngõ 77 Phố Ngọc Trục - Đại Mỗ,Ngọc Trục,Đại Mỗ,,
Ngõ 93 Phố Ngọc Trục - Đại Mỗ,Ngọc Trục,Đại Mỗ,,
Phố Ngọc Trục - Đại Mỗ,Ngọc Trục,Đại Mỗ,,
Đường Nguyễn Trãi - Đại Mỗ,Nguyễn Trãi,Đại Mỗ,,
Ngõ 348 Đường Nguyễn Trãi - Đại Mỗ,Nguyễn Trãi,Đại Mỗ,,
Chợ Phùng Khoang - Đại Mỗ,Phùng Khoang,Đại Mỗ,,
Đường Phùng Khoang - Đại Mỗ,Phùng Khoang,Đại Mỗ,,
Hẻm 127/29/20 Đường Phùng Khoang - Đại Mỗ,Phùng Khoang,Đại Mỗ,,
Hẻm 159/21/34 Đường Phùng Khoang - Đại Mỗ,Phùng Khoang,Đại Mỗ,,
Hẻm 159/21/63 Đường Phùng Khoang - Đại Mỗ,Phùng Khoang,Đại Mỗ,,
Hẻm 159/21/7 Đường Phùng Khoang - Đại Mỗ,Phùng Khoang,Đại Mỗ,,
Ngách 127/29 Đường Phùng Khoang - Đại Mỗ,Phùng Khoang,Đại Mỗ,,
Ngách 127/29 Phố Phùng Khoang - Đại Mỗ,Phùng Khoang,Đại Mỗ,,
Ngách 127/39 Đường Phùng Khoang - Đại Mỗ,Phùng Khoang,Đại Mỗ,,
Ngách 127/44 Đường Phùng Khoang - Đại Mỗ,Phùng Khoang,Đại Mỗ,,
Ngách 137/12 Đường Phùng Khoang - Đại Mỗ,Phùng Khoang,Đại Mỗ,,
Ngách 137/21 Đường Phùng Khoang - Đại Mỗ,Phùng Khoang,Đại Mỗ,,
Ngách 159/21 Đường Phùng Khoang - Đại Mỗ,Phùng Khoang,Đại Mỗ,,
Ngách 159/37 Đường Phùng Khoang - Đại Mỗ,Phùng Khoang,Đại Mỗ,,
Ngách 159/57 Đường Phùng Khoang - Đại Mỗ,Phùng Khoang,Đại Mỗ,,
Ngách 30/1 Đường Phùng Khoang - Đại Mỗ,Phùng Khoang,Đại Mỗ,,
Ngách 32/22 Đường Phùng Khoang - Đại Mỗ,Phùng Khoang,Đại Mỗ,,
Ngách 67/35 Đường Phùng Khoang - Đại Mỗ,Phùng Khoang,Đại Mỗ,,
Ngách 67/61 Đường Phùng Khoang - Đại Mỗ,Phùng Khoang,Đại Mỗ,,
Ngách 73/12 Đường Phùng Khoang - Đại Mỗ,Phùng Khoang,Đại Mỗ,,
Nghách 73/12 Đường Phùng Khoang - Đại Mỗ,Phùng Khoang,Đại Mỗ,,
Ngõ 103 Đường Phùng Khoang - Đại Mỗ,Phùng Khoang,Đại Mỗ,,
Ngõ 117 Đường Phùng Khoang - Đại Mỗ,Phùng Khoang,Đại Mỗ,,
Ngõ 120 Đường Phùng Khoang - Đại Mỗ,Phùng Khoang,Đại Mỗ,,
Ngõ 126 Đường Phùng Khoang - Đại Mỗ,Phùng Khoang,Đại Mỗ,,
Ngõ 127 Đường Phùng Khoang - Đại Mỗ,Phùng Khoang,Đại Mỗ,,
Ngõ 137 Đường Phùng Khoang - Đại Mỗ,Phùng Khoang,Đại Mỗ,,
Ngõ 159 Đường Phùng Khoang - Đại Mỗ,Phùng Khoang,Đại Mỗ,,
Ngõ 161 Đường Phùng Khoang - Đại Mỗ,Phùng Khoang,Đại Mỗ,,
Ngõ 173 Đường Phùng Khoang - Đại Mỗ,Phùng Khoang,Đại Mỗ,,
Ngõ 185 Đường Phùng Khoang - Đại Mỗ,Phùng Khoang,Đại Mỗ,,
Ngõ 201 Đường Phùng Khoang - Đại Mỗ,Phùng Khoang,Đại Mỗ,,
Ngõ 22 Đường Phùng Khoang - Đại Mỗ,Phùng Khoang,Đại Mỗ,,
Ngõ 233 Đường Phùng Khoang - Đại Mỗ,Phùng Khoang,Đại Mỗ,,
Ngõ 267 Đường Phùng Khoang - Đại Mỗ,Phùng Khoang,Đại Mỗ,,
Ngõ 29 Đường Phùng Khoang - Đại Mỗ,Phùng Khoang,Đại Mỗ,,
Ngõ 30 Đường Phùng Khoang - Đại Mỗ,Phùng Khoang,Đại Mỗ,,
Ngõ 31 Đường Phùng Khoang - Đại Mỗ,Phùng Khoang,Đại Mỗ,,
Ngõ 32 Đường Phùng Khoang - Đại Mỗ,Phùng Khoang,Đại Mỗ,,
Ngõ 50 Đường Phùng Khoang - Đại Mỗ,Phùng Khoang,Đại Mỗ,,
Ngõ 62 Đường Phùng Khoang - Đại Mỗ,Phùng Khoang,Đại Mỗ,,
Ngõ 67 Đường Phùng Khoang - Đại Mỗ,Phùng Khoang,Đại Mỗ,,
Ngõ 7 Đường Phùng Khoang - Đại Mỗ,Phùng Khoang,Đại Mỗ,,
Ngõ 73 Đường Phùng Khoang - Đại Mỗ,Phùng Khoang,Đại Mỗ,,
Ngõ 90 Đường Phùng Khoang - Đại Mỗ,Phùng Khoang,Đại Mỗ,,
Phùng Khoang 2 - Đại Mỗ,Phùng Khoang,Đại Mỗ,,
Ngõ 2 Phố Sa Đôi - Đại Mỗ,Sa Đôi,Đại Mỗ,,
Phố Sa Đôi - Đại Mỗ,Sa Đôi,Đại Mỗ,,
Đường Bờ Sông Nhuệ - Đại Mỗ,Sông Nhuệ,Đại Mỗ,,
Đường Sông Nhuệ - Đại Mỗ,Sông Nhuệ,Đại Mỗ,,
Đại Lộ Thăng Long - Đại Mỗ,Thăng Long,Đại Mỗ,,
Đại Lộ Thăng Long (Láng - Hoà Lạc) - Đại Mỗ,Thăng Long,Đại Mỗ,,
Vườn Hoa Đại Lộ Thăng Long - Đại Mỗ,Thăng Long,Đại Mỗ,,
Ngõ 10 Phố Tố Hữu - Đại Mỗ,Tố Hữu,Đại Mỗ,,
Ngõ 14 Phố Tố Hữu - Đại Mỗ,Tố Hữu,Đại Mỗ,,
Ngõ 19 Phố Tố Hữu - Đại Mỗ,Tố Hữu,Đại Mỗ,,
Ngõ 6 Phố Tố Hữu - Đại Mỗ,Tố Hữu,Đại Mỗ,,
Phố Tố Hữu - Đại Mỗ,Tố Hữu,Đại Mỗ,,
Ngõ 2 Đường Trần Phú - Đại Mỗ,Trần Phú,Đại Mỗ,,
Đường Trung Thư - Đại Mỗ,Trung Thư,Đại Mỗ,,
Đường Trung Văn - Đại Mỗ,Trung Văn,Đại Mỗ,,
Hẻm 257/4/12 Đường Trung Văn - Đại Mỗ,Trung Văn,Đại Mỗ,,
Hẻm 317/1/4 Đường Trung Văn - Đại Mỗ,Trung Văn,Đại Mỗ,,
Ngách 169/7 Đường Trung Văn - Đại Mỗ,Trung Văn,Đại Mỗ,,
Ngách 191/20 Đường Trung Văn - Đại Mỗ,Trung Văn,Đại Mỗ,,
Ngách 243/1 Đường Trung Văn - Đại Mỗ,Trung Văn,Đại Mỗ,,
Ngách 243/2 Đường Trung Văn - Đại Mỗ,Trung Văn,Đại Mỗ,,
Ngách 243/3 Đường Trung Văn - Đại Mỗ,Trung Văn,Đại Mỗ,,
Ngách 257/4 Đường Trung Văn - Đại Mỗ,Trung Văn,Đại Mỗ,,
Ngách 317/1 Đường Trung Văn - Đại Mỗ,Trung Văn,Đại Mỗ,,
Ngách 317/2 Đường Trung Văn - Đại Mỗ,Trung Văn,Đại Mỗ,,
Ngách 317/22 Đường Trung Văn - Đại Mỗ,Trung Văn,Đại Mỗ,,
Ngõ 169 Đường Trung Văn - Đại Mỗ,Trung Văn,Đại Mỗ,,
Ngõ 17 Đường Trung Văn - Đại Mỗ,Trung Văn,Đại Mỗ,,
Ngõ 191 Đường Trung Văn - Đại Mỗ,Trung Văn,Đại Mỗ,,
Ngõ 193 Đường Trung Văn - Đại Mỗ,Trung Văn,Đại Mỗ,,
Ngõ 243 Đường Trung Văn - Đại Mỗ,Trung Văn,Đại Mỗ,,
Ngõ 257 Đường Trung Văn - Đại Mỗ,Trung Văn,Đại Mỗ,,
Ngõ 275 Đường Trung Văn - Đại Mỗ,Trung Văn,Đại Mỗ,,
Ngõ 317 Đường Trung Văn - Đại Mỗ,Trung Văn,Đại Mỗ,,
Ngõ 341 Đường Trung Văn - Đại Mỗ,Trung Văn,Đại Mỗ,,
Ngõ 50 Trung Văn - Đại Mỗ,Trung Văn,Đại Mỗ,,
Ngõ 57 Đường Trung Văn - Đại Mỗ,Trung Văn,Đại Mỗ,,
Ngõ 76 Đường Trung Văn - Đại Mỗ,Trung Văn,Đại Mỗ,,
Ngõ 76 Trung Văn - Đại Mỗ,Trung Văn,Đại Mỗ,,
Ngõ 77 Trung Văn - Đại Mỗ,Trung Văn,Đại Mỗ,,
Phố Vũ Hữu - Đại Mỗ,Vũ Hữu,Đại Mỗ,,
Phố Bằng Liệt - Định Công,Bằng Liệt,Định Công,,
Ngách 271/56 Phố Bùi Xương Trạch - Định Công,Bùi Xương Trạch,Định Công,,TRUE
Ngách 271/74 Phố Bùi Xương Trạch - Định Công,Bùi Xương Trạch,Định Công,,TRUE
Ngách 295/32 Phố Bùi Xương Trạch - Định Công,Bùi Xương Trạch,Định Công,,TRUE
Ngách 295/34 Phố Bùi Xương Trạch - Định Công,Bùi Xương Trạch,Định Công,,TRUE
Ngách 295/53 Phố Bùi Xương Trạch - Định Công,Bùi Xương Trạch,Định Công,,TRUE
Ngách 295/55 Phố Bùi Xương Trạch - Định Công,Bùi Xương Trạch,Định Công,,TRUE
Ngách 317/27 Phố Bùi Xương Trạch - Định Công,Bùi Xương Trạch,Định Công,,TRUE
Ngõ 303 Phố Bùi Xương Trạch - Định Công,Bùi Xương Trạch,Định Công,,TRUE
Ngõ 307 Phố Bùi Xương Trạch - Định Công,Bùi Xương Trạch,Định Công,,TRUE
Ngõ 317 Phố Bùi Xương Trạch - Định Công,Bùi Xương Trạch,Định Công,,TRUE
Ngõ 1 Cầu Dậu - Định Công,Cầu Dậu,Định Công,,
Hẻm 236/49/25 Phố Đại Từ - Định Công,Đại Từ,Định Công,,
Hẻm 236/49/6 Phố Đại Từ - Định Công,Đại Từ,Định Công,,
Ngách 2/1 Phố Đại Từ - Định Công,Đại Từ,Định Công,,
Ngách 2/2 Phố Đại Từ - Định Công,Đại Từ,Định Công,,
Ngách 2/27 Phố Đại Từ - Định Công,Đại Từ,Định Công,,
Ngách 2/29 Phố Đại Từ - Định Công,Đại Từ,Định Công,,
Ngách 2/3 Phố Đại Từ - Định Công,Đại Từ,Định Công,,
Ngách 2/4 Phố Đại Từ - Định Công,Đại Từ,Định Công,,
Ngách 2/5 Phố Đại Từ - Định Công,Đại Từ,Định Công,,
Ngách 236/14 Phố Đại Từ - Định Công,Đại Từ,Định Công,,
Ngách 236/45 Phố Đại Từ - Định Công,Đại Từ,Định Công,,
Ngách 236/49 Phố Đại Từ - Định Công,Đại Từ,Định Công,,
Ngách 276/11 Phố Đại Từ - Định Công,Đại Từ,Định Công,,
Ngách 276/2 Phố Đại Từ - Định Công,Đại Từ,Định Công,,
Ngách 96/63 Phố Đại Từ - Định Công,Đại Từ,Định Công,,
Ngách 96/71 Phố Đại Từ - Định Công,Đại Từ,Định Công,,
Ngõ 1 Phố Đại Từ - Định Công,Đại Từ,Định Công,,
Ngõ 116 Phố Đại Từ - Định Công,Đại Từ,Định Công,,
Ngõ 134 Phố Đại Từ - Định Công,Đại Từ,Định Công,,
Ngõ 142 Phố Đại Từ - Định Công,Đại Từ,Định Công,,
Ngõ 158 Phố Đại Từ - Định Công,Đại Từ,Định Công,,
Ngõ 163 Phố Đại Từ - Định Công,Đại Từ,Định Công,,
Ngõ 172 Phố Đại Từ - Định Công,Đại Từ,Định Công,,
Ngõ 184 Phố Đại Từ - Định Công,Đại Từ,Định Công,,
Ngõ 192 Phố Đại Từ - Định Công,Đại Từ,Định Công,,
Ngõ 2 Phố Đại Từ - Định Công,Đại Từ,Định Công,,
Ngõ 236 Phố Đại Từ - Định Công,Đại Từ,Định Công,,
Ngõ 248 Phố Đại Từ - Định Công,Đại Từ,Định Công,,
Ngõ 276 Phố Đại Từ - Định Công,Đại Từ,Định Công,,
Ngõ 32 Phố Đại Từ - Định Công,Đại Từ,Định Công,,
Ngõ 38 Phố Đại Từ - Định Công,Đại Từ,Định Công,,
Ngõ 76 Phố Đại Từ - Định Công,Đại Từ,Định Công,,
Ngõ 86 Phố Đại Từ - Định Công,Đại Từ,Định Công,,
Ngõ 94 Phố Đại Từ - Định Công,Đại Từ,Định Công,,
Ngõ 96 Phố Đại Từ - Định Công,Đại Từ,Định Công,,
Phố Đại Từ - Định Công,Đại Từ,Định Công,,
Ngõ 42F Phố Đặng Xuân Bảng - Định Công,Đặng Xuân Bảng,Định Công,,
Ngõ 56 Phố Đặng Xuân Bảng - Định Công,Đặng Xuân Bảng,Định Công,,
Ngõ 62 Phố Đặng Xuân Bảng - Định Công,Đặng Xuân Bảng,Định Công,,
Ngõ 69 Phố Đặng Xuân Bảng - Định Công,Đặng Xuân Bảng,Định Công,,
Ngõ 77 Phố Đặng Xuân Bảng - Định Công,Đặng Xuân Bảng,Định Công,,
Phố Đặng Xuân Bảng - Định Công,Đặng Xuân Bảng,Định Công,,
Cầu Định Công - Định Công,Định Công,Định Công,,
Đường Bờ Hồ Định Công - Định Công,Định Công,Định Công,,
Hẻm 175/5/118 Phố Định Công - Định Công,Định Công,Định Công,,
Hẻm 175/5/155 Phố Định Công - Định Công,Định Công,Định Công,,
Hẻm 175/5/165 Phố Định Công - Định Công,Định Công,Định Công,,
Hẻm 175/5/167 Phố Định Công - Định Công,Định Công,Định Công,,
Hẻm 175/5/169 Phố Định Công - Định Công,Định Công,Định Công,,
Hẻm 245/66/12 Phố Định Công - Định Công,Định Công,Định Công,,
Hẻm 337/27/18 Phố Định Công - Định Công,Định Công,Định Công,,
Ngách 115/35 Phố Định Công - Định Công,Định Công,Định Công,,
Ngách 175/15 Phố Định Công - Định Công,Định Công,Định Công,,
Ngách 175/23 Phố Định Công - Định Công,Định Công,Định Công,,
Ngách 175/27 Phố Định Công - Định Công,Định Công,Định Công,,
Ngách 175/5 Phố Định Công - Định Công,Định Công,Định Công,,
Ngách 197/28 Phố Định Công - Định Công,Định Công,Định Công,,
Ngách 245/116 Phố Định Công - Định Công,Định Công,Định Công,,
Ngách 245/135 Phố Định Công - Định Công,Định Công,Định Công,,
Ngách 245/31 Phố Định Công - Định Công,Định Công,Định Công,,
Ngách 245/32 Phố Định Công - Định Công,Định Công,Định Công,,
Ngách 245/41 Phố Định Công - Định Công,Định Công,Định Công,,
Ngách 245/66 Phố Định Công - Định Công,Định Công,Định Công,,
Ngách 245/76 Phố Định Công - Định Công,Định Công,Định Công,,
Ngách 245/96 Phố Định Công - Định Công,Định Công,Định Công,,
Ngách 274/27 Phố Định Công - Định Công,Định Công,Định Công,,
Ngách 274/29 Phố Định Công - Định Công,Định Công,Định Công,,
Ngách 282/20 Phố Định Công - Định Công,Định Công,Định Công,,
Ngách 295/12 Phố Định Công - Định Công,Định Công,Định Công,,
Ngách 337/26 Phố Định Công - Định Công,Định Công,Định Công,,
Ngách 337/27 Phố Định Công - Định Công,Định Công,Định Công,,
Ngách 337/28 Phố Định Công - Định Công,Định Công,Định Công,,
Ngách 337/36 Phố Định Công - Định Công,Định Công,Định Công,,
Ngách 337/73 Phố Định Công - Định Công,Định Công,Định Công,,
Ngách 337/85 Phố Định Công - Định Công,Định Công,Định Công,,
Ngõ 151 Phố Định Công - Định Công,Định Công,Định Công,,
Ngõ 175 Phố Định Công - Định Công,Định Công,Định Công,,
Ngõ 176 Phố Định Công - Định Công,Định Công,Định Công,,
Ngõ 197 Phố Định Công - Định Công,Định Công,Định Công,,
Ngõ 209 Phố Định Công - Định Công,Định Công,Định Công,,
Ngõ 216 Phố Định Công - Định Công,Định Công,Định Công,,
Ngõ 221 Phố Định Công - Định Công,Định Công,Định Công,,
Ngõ 226 Phố Định Công - Định Công,Định Công,Định Công,,
Ngõ 239 Phố Định Công - Định Công,Định Công,Định Công,,
Ngõ 240 Phố Định Công - Định Công,Định Công,Định Công,,
Ngõ 245 Phố Định Công - Định Công,Định Công,Định Công,,
Ngõ 252 Phố Định Công - Định Công,Định Công,Định Công,,
Ngõ 264 Phố Định Công - Định Công,Định Công,Định Công,,
Ngõ 274 Phố Định Công - Định Công,Định Công,Định Công,,
Ngõ 275 Phố Định Công - Định Công,Định Công,Định Công,,
Ngõ 282 Phố Định Công - Định Công,Định Công,Định Công,,
Ngõ 295 Phố Định Công - Định Công,Định Công,Định Công,,
Ngõ 320 Phố Định Công - Định Công,Định Công,Định Công,,
Ngõ 330 Phố Định Công - Định Công,Định Công,Định Công,,
Ngõ 337 Phố Định Công - Định Công,Định Công,Định Công,,
Ngõ 358 Phố Định Công - Định Công,Định Công,Định Công,,
Phố Định Công - Định Công,Định Công,Định Công,,
Hẻm 16/77/21 Phố Định Công Hạ - Định Công,Định Công Hạ,Định Công,,
Hẻm 230/31/31 Phố Định Công Hạ - Định Công,Định Công Hạ,Định Công,,
Hẻm 99/110/23 Phố Định Công Hạ - Định Công,Định Công Hạ,Định Công,,
Hẻm 99/110/32 Phố Định Công Hạ - Định Công,Định Công Hạ,Định Công,,
Hẻm 99/110/46 Phố Định Công Hạ - Định Công,Định Công Hạ,Định Công,,
Hẻm 99/110/65 Phố Định Công Hạ - Định Công,Định Công Hạ,Định Công,,
Hẻm 99/110/66 Phố Định Công Hạ - Định Công,Định Công Hạ,Định Công,,
Hẻm 99/110/85 Phố Định Công Hạ - Định Công,Định Công Hạ,Định Công,,
Hẻm 99/115/4 Phố Định Công Hạ - Định Công,Định Công Hạ,Định Công,,
Hẻm 99/141/36 Phố Định Công Hạ - Định Công,Định Công Hạ,Định Công,,
Hẻm 99/158/26 Phố Định Công Hạ - Định Công,Định Công Hạ,Định Công,,
Hẻm 99/158/79 Phố Định Công Hạ - Định Công,Định Công Hạ,Định Công,,
Hẻm 99/64/1 Phố Định Công Hạ - Định Công,Định Công Hạ,Định Công,,
Hẻm 99/64/1/1 Phố Định Công Hạ - Định Công,Định Công Hạ,Định Công,,
Ngách 16/77 Phố Định Công Hạ - Định Công,Định Công Hạ,Định Công,,
Ngách 193/1 Phố Định Công Hạ - Định Công,Định Công Hạ,Định Công,,
Ngách 99/1 Phố Định Công Hạ - Định Công,Định Công Hạ,Định Công,,
Ngách 99/110 Phố Định Công Hạ - Định Công,Định Công Hạ,Định Công,,
Ngách 99/122 Phố Định Công Hạ - Định Công,Định Công Hạ,Định Công,,
Ngách 99/135 Phố Định Công Hạ - Định Công,Định Công Hạ,Định Công,,
Ngách 99/141 Phố Định Công Hạ - Định Công,Định Công Hạ,Định Công,,
Ngách 99/145 Phố Định Công Hạ - Định Công,Định Công Hạ,Định Công,,
Ngách 99/158 Phố Định Công Hạ - Định Công,Định Công Hạ,Định Công,,
Ngách 99/26 Phố Định Công Hạ - Định Công,Định Công Hạ,Định Công,,
Ngách 99/3 Phố Định Công Hạ - Định Công,Định Công Hạ,Định Công,,
Ngách 99/54 Phố Định Công Hạ - Định Công,Định Công Hạ,Định Công,,
Ngách 99/64 Phố Định Công Hạ - Định Công,Định Công Hạ,Định Công,,
Ngách 99/74 Phố Định Công Hạ - Định Công,Định Công Hạ,Định Công,,
Ngách 99/98 Phố Định Công Hạ - Định Công,Định Công Hạ,Định Công,,
Ngõ 146 Phố Định Công Hạ - Định Công,Định Công Hạ,Định Công,,
Ngõ 16 Phố Định Công Hạ - Định Công,Định Công Hạ,Định Công,,
Ngõ 193 Phố Định Công Hạ - Định Công,Định Công Hạ,Định Công,,
Ngõ 202 Phố Định Công Hạ - Định Công,Định Công Hạ,Định Công,,
Ngõ 208 Phố Định Công Hạ - Định Công,Định Công Hạ,Định Công,,
Ngõ 35 Phố Định Công Hạ - Định Công,Định Công Hạ,Định Công,,
Ngõ 46 Phố Định Công Hạ - Định Công,Định Công Hạ,Định Công,,
Ngõ 56 Phố Định Công Hạ - Định Công,Định Công Hạ,Định Công,,
Ngõ 60 Phố Định Công Hạ - Định Công,Định Công Hạ,Định Công,,
Ngõ 92 Phố Định Công Hạ - Định Công,Định Công Hạ,Định Công,,
Ngõ 99 Phố Định Công Hạ - Định Công,Định Công Hạ,Định Công,,
Ngõ 99/110/67 Phố Định Công Hạ - Định Công,Định Công Hạ,Định Công,,
Phố Định Công Hạ - Định Công,Định Công Hạ,Định Công,,
Hẻm 18/24/2 Phố Định Công Thượng - Định Công,Định Công Thượng,Định Công,,
Hẻm 18/36/3 Phố Định Công Thượng - Định Công,Định Công Thượng,Định Công,,
Hẻm 18/93/27 Phố Định Công Thượng - Định Công,Định Công Thượng,Định Công,,
Hẻm 219/111/8 Phố Định Công Thượng - Định Công,Định Công Thượng,Định Công,,
Hẻm 219/41/14 Phố Định Công Thượng - Định Công,Định Công Thượng,Định Công,,
Hẻm 219/97/5 Phố Định Công Thượng - Định Công,Định Công Thượng,Định Công,,
Hẻm 219/97/7 Phố Định Công Thượng - Định Công,Định Công Thượng,Định Công,,
Hẻm 230/111/21 Phố Định Công Thượng - Định Công,Định Công Thượng,Định Công,,
Hẻm 230/111/37 Phố Định Công Thượng - Định Công,Định Công Thượng,Định Công,,
Hẻm 230/111/5 Phố Định Công Thượng - Định Công,Định Công Thượng,Định Công,,
Hẻm 230/118/26 Phố Định Công Thượng - Định Công,Định Công Thượng,Định Công,,
Hẻm 230/118/31 Phố Định Công Thượng - Định Công,Định Công Thượng,Định Công,,
Hẻm 230/138/1 Phố Định Công Thượng - Định Công,Định Công Thượng,Định Công,,
Hẻm 230/31/16 Phố Định Công Thượng - Định Công,Định Công Thượng,Định Công,,
Hẻm 230/31/24 Phố Định Công Thượng - Định Công,Định Công Thượng,Định Công,,
Hẻm 230/31/36 Phố Định Công Thượng - Định Công,Định Công Thượng,Định Công,,
Ngách 103/7 Phố Định Công Thượng - Định Công,Định Công Thượng,Định Công,,
Ngách 103/8 Phố Định Công Thượng - Định Công,Định Công Thượng,Định Công,,
Ngách 112/18 Phố Định Công Thượng - Định Công,Định Công Thượng,Định Công,,
Ngách 112/37 Phố Định Công Thượng - Định Công,Định Công Thượng,Định Công,,
Ngách 146/1 Phố Định Công Thượng - Định Công,Định Công Thượng,Định Công,,
Ngách 15/112 Phố Định Công Thượng - Định Công,Định Công Thượng,Định Công,,
Ngách 18/21 Phố Định Công Thượng - Định Công,Định Công Thượng,Định Công,,
Ngách 18/24 Phố Định Công Thượng - Định Công,Định Công Thượng,Định Công,,
Ngách 18/27 Phố Định Công Thượng - Định Công,Định Công Thượng,Định Công,,
Ngách 18/35 Phố Định Công Thượng - Định Công,Định Công Thượng,Định Công,,
Ngách 18/36 Phố Định Công Thượng - Định Công,Định Công Thượng,Định Công,,
Ngách 18/41 Phố Định Công Thượng - Định Công,Định Công Thượng,Định Công,,
Ngách 18/46 Phố Định Công Thượng - Định Công,Định Công Thượng,Định Công,,
Ngách 18/55 Phố Định Công Thượng - Định Công,Định Công Thượng,Định Công,,
Ngách 18/61 Phố Định Công Thượng - Định Công,Định Công Thượng,Định Công,,
Ngách 18/67 Phố Định Công Thượng - Định Công,Định Công Thượng,Định Công,,
Ngách 18/93 Phố Định Công Thượng - Định Công,Định Công Thượng,Định Công,,
Ngách 205/12 Phố Định Công Thượng - Định Công,Định Công Thượng,Định Công,,
Ngách 205/18 Phố Định Công Thượng - Định Công,Định Công Thượng,Định Công,,
Ngách 205/24 Phố Định Công Thượng - Định Công,Định Công Thượng,Định Công,,
Ngách 219/19 Phố Định Công Thượng - Định Công,Định Công Thượng,Định Công,,
Ngách 219/41 Phố Định Công Thượng - Định Công,Định Công Thượng,Định Công,,
Ngách 219/43 Phố Định Công Thượng - Định Công,Định Công Thượng,Định Công,,
Ngách 219/97 Phố Định Công Thượng - Định Công,Định Công Thượng,Định Công,,
Ngách 230/111 Phố Định Công Thượng - Định Công,Định Công Thượng,Định Công,,
Ngách 230/113 Phố Định Công Thượng - Định Công,Định Công Thượng,Định Công,,
Ngách 230/118 Phố Định Công Thượng - Định Công,Định Công Thượng,Định Công,,
Ngách 230/138 Phố Định Công Thượng - Định Công,Định Công Thượng,Định Công,,
Ngách 230/3 Phố Định Công Thượng - Định Công,Định Công Thượng,Định Công,,
Ngách 230/61 Phố Định Công Thượng - Định Công,Định Công Thượng,Định Công,,
Ngách 230/79 Đường Định Công Thượng - Định Công,Định Công Thượng,Định Công,,
Ngách 230/95 Đường Định Công Thượng - Định Công,Định Công Thượng,Định Công,,
Ngách 31/230 Phố Định Công Thượng - Định Công,Định Công Thượng,Định Công,,
Ngách 85/19 Phố Định Công Thượng - Định Công,Định Công Thượng,Định Công,,
Ngách 93/18 Phố Định Công Thượng - Định Công,Định Công Thượng,Định Công,,
Ngõ 1 Phố Định Công Thượng - Định Công,Định Công Thượng,Định Công,,
Ngõ 103 Phố Định Công Thượng - Định Công,Định Công Thượng,Định Công,,
Ngõ 104 Phố Định Công Thượng - Định Công,Định Công Thượng,Định Công,,
Ngõ 11 Phố Định Công Thượng - Định Công,Định Công Thượng,Định Công,,
Ngõ 112 Phố Định Công Thượng - Định Công,Định Công Thượng,Định Công,,
Ngõ 145 Phố Định Công Thượng - Định Công,Định Công Thượng,Định Công,,
Ngõ 146 Phố Định Công Thượng - Định Công,Định Công Thượng,Định Công,,
Ngõ 161 Phố Định Công Thượng - Định Công,Định Công Thượng,Định Công,,
Ngõ 169 Phố Định Công Thượng - Định Công,Định Công Thượng,Định Công,,
Ngõ 18 Phố Định Công Thượng - Định Công,Định Công Thượng,Định Công,,
Ngõ 182 Phố Định Công Thượng - Định Công,Định Công Thượng,Định Công,,
Ngõ 205 Phố Định Công Thượng - Định Công,Định Công Thượng,Định Công,,
Ngõ 213 Phố Định Công Thượng - Định Công,Định Công Thượng,Định Công,,
Ngõ 215 Phố Định Công Thượng - Định Công,Định Công Thượng,Định Công,,
Ngõ 217 Phố Định Công Thượng - Định Công,Định Công Thượng,Định Công,,
Ngõ 219 Phố Định Công Thượng - Định Công,Định Công Thượng,Định Công,,
Ngõ 220 Phố Định Công Thượng - Định Công,Định Công Thượng,Định Công,,
Ngõ 229 Phố Định Công Thượng - Định Công,Định Công Thượng,Định Công,,
Ngõ 230 Phố Định Công Thượng - Định Công,Định Công Thượng,Định Công,,
Ngõ 247 Phố Định Công Thượng - Định Công,Định Công Thượng,Định Công,,
Ngõ 253 Phố Định Công Thượng - Định Công,Định Công Thượng,Định Công,,
Ngõ 34 Phố Định Công Thượng - Định Công,Định Công Thượng,Định Công,,
Ngõ 46 Phố Định Công Thượng - Định Công,Định Công Thượng,Định Công,,
Ngõ 54 Phố Định Công Thượng - Định Công,Định Công Thượng,Định Công,,
Ngõ 62 Phố Định Công Thượng - Định Công,Định Công Thượng,Định Công,,
Ngõ 68 Phố Định Công Thượng - Định Công,Định Công Thượng,Định Công,,
Ngõ 85 Phố Định Công Thượng - Định Công,Định Công Thượng,Định Công,,
Ngõ 88 Phố Định Công Thượng - Định Công,Định Công Thượng,Định Công,,
Phố Định Công Thượng - Định Công,Định Công Thượng,Định Công,,
Đường Giải Phóng - Định Công,Giải Phóng,Định Công,,
Hẻm 362/2/4 Đường Giải Phóng - Định Công,Giải Phóng,Định Công,,
Hẻm 362/2/49 Đường Giải Phóng - Định Công,Giải Phóng,Định Công,,
Hẻm 362/2/67 Đường Giải Phóng - Định Công,Giải Phóng,Định Công,,
Hẻm 362/2/73 Đường Giải Phóng - Định Công,Giải Phóng,Định Công,,
Hẻm 364/104/51 Đường Giải Phóng - Định Công,Giải Phóng,Định Công,,
Hẻm 364/146 Đường Giải Phóng - Định Công,Giải Phóng,Định Công,,
Hẻm 364/214 Đường Giải Phóng - Định Công,Giải Phóng,Định Công,,
Hẻm 364/284/18 Đường Giải Phóng - Định Công,Giải Phóng,Định Công,,
Ngách 362/2 Đường Giải Phóng - Định Công,Giải Phóng,Định Công,,
Ngách 362/95 Đường Giải Phóng - Định Công,Giải Phóng,Định Công,,
Ngách 364/104 Đường Giải Phóng - Định Công,Giải Phóng,Định Công,,
Ngách 364/134 Đường Giải Phóng - Định Công,Giải Phóng,Định Công,,
Ngách 364/168 Đường Giải Phóng - Định Công,Giải Phóng,Định Công,,
Ngách 364/284 Đường Giải Phóng - Định Công,Giải Phóng,Định Công,,
Ngách 364/52 Đường Giải Phóng - Định Công,Giải Phóng,Định Công,,
Ngách 364/60 Đường Giải Phóng - Định Công,Giải Phóng,Định Công,,
Ngõ 362 Đường Giải Phóng - Định Công,Giải Phóng,Định Công,,
Ngõ 362+364 Đường Giải Phóng - Định Công,Giải Phóng,Định Công,,
Ngõ 364 Đường Giải Phóng - Định Công,Giải Phóng,Định Công,,
Phố Hồng Quang - Định Công,Hồng Quang,Định Công,,
Hẻm 168/26/2 Đường Kim Giang - Định Công,Kim Giang,Định Công,,
Hẻm 168/97/93 Đường Kim Giang - Định Công,Kim Giang,Định Công,,
Hẻm 250/100/15 Đường Kim Giang - Định Công,Kim Giang,Định Công,,
Hẻm 250/100/22 Đường Kim Giang - Định Công,Kim Giang,Định Công,,
Hẻm 250/100/31 Đường Kim Giang - Định Công,Kim Giang,Định Công,,
Hẻm 250/100/4 Đường Kim Giang - Định Công,Kim Giang,Định Công,,
Hẻm 250/100/6 Đường Kim Giang - Định Công,Kim Giang,Định Công,,
Hẻm 250/39/38 Đường Kim Giang - Định Công,Kim Giang,Định Công,,
Hẻm 250/39/45 Đường Kim Giang - Định Công,Kim Giang,Định Công,,
Hẻm 250/39/50 Đường Kim Giang - Định Công,Kim Giang,Định Công,,
Hẻm 250/39/61 Đường Kim Giang - Định Công,Kim Giang,Định Công,,
Hẻm 250/39/82 Đường Kim Giang - Định Công,Kim Giang,Định Công,,
Hẻm 250/39/94 Đường Kim Giang - Định Công,Kim Giang,Định Công,,
Hẻm 250/39/96 Đường Kim Giang - Định Công,Kim Giang,Định Công,,
Hẻm 250/39/96 Phố Kim Giang - Định Công,Kim Giang,Định Công,,
Hẻm 250/50/7 Đường Kim Giang - Định Công,Kim Giang,Định Công,,
Hẻm 282/22/23 Đường Kim Giang - Định Công,Kim Giang,Định Công,,
Hẻm 282/60/10 Đường Kim Giang - Định Công,Kim Giang,Định Công,,
Hẻm 282/60/15 Đường Kim Giang - Định Công,Kim Giang,Định Công,,
Hẻm 282/60/6 Đường Kim Giang - Định Công,Kim Giang,Định Công,,
Hẻm 282/64/2 Đường Kim Giang - Định Công,Kim Giang,Định Công,,
Ngách 122/21 Đường Kim Giang - Định Công,Kim Giang,Định Công,,
Ngách 122/46 Đường Kim Giang - Định Công,Kim Giang,Định Công,,
Ngách 168/112 Đường Kim Giang - Định Công,Kim Giang,Định Công,,
Ngách 168/26 Đường Kim Giang - Định Công,Kim Giang,Định Công,,
Ngách 168/47 Đường Kim Giang - Định Công,Kim Giang,Định Công,,
Ngách 168/67 Đường Kim Giang - Định Công,Kim Giang,Định Công,,
Ngách 168/97 Đường Kim Giang - Định Công,Kim Giang,Định Công,,
Ngách 192/27 Đường Kim Giang - Định Công,Kim Giang,Định Công,,
Ngách 204/7 Đường Kim Giang - Định Công,Kim Giang,Định Công,,
Ngách 250/100 Đường Kim Giang - Định Công,Kim Giang,Định Công,,
Ngách 250/39 Đường Kim Giang - Định Công,Kim Giang,Định Công,,
Ngách 250/50 Đường Kim Giang - Định Công,Kim Giang,Định Công,,
Ngách 250/60 Đường Kim Giang - Định Công,Kim Giang,Định Công,,
Ngách 250/66 Đường Kim Giang - Định Công,Kim Giang,Định Công,,
Ngách 250/78 Đường Kim Giang - Định Công,Kim Giang,Định Công,,
Ngách 250/89 Đường Kim Giang - Định Công,Kim Giang,Định Công,,
Ngách 282/1 Đường Kim Giang - Định Công,Kim Giang,Định Công,,
Ngách 282/17 Đường Kim Giang - Định Công,Kim Giang,Định Công,,
Ngách 282/2 Đường Kim Giang - Định Công,Kim Giang,Định Công,,
Ngách 282/36 Đường Kim Giang - Định Công,Kim Giang,Định Công,,
Ngách 282/50 Đường Kim Giang - Định Công,Kim Giang,Định Công,,
Ngách 282/60 Đường Kim Giang - Định Công,Kim Giang,Định Công,,
Ngách 282/64 Đường Kim Giang - Định Công,Kim Giang,Định Công,,
Ngách 282/7 Đường Kim Giang - Định Công,Kim Giang,Định Công,,
Ngách 312/1 Đường Kim Giang - Định Công,Kim Giang,Định Công,,
Ngách 348/11 Đường Kim Giang - Định Công,Kim Giang,Định Công,,
Ngách 350/2 Đường Kim Giang - Định Công,Kim Giang,Định Công,,
Ngách 350/27 Đường Kim Giang - Định Công,Kim Giang,Định Công,,
Ngách 420/23 Đường Kim Giang - Định Công,Kim Giang,Định Công,,
Ngách 420/52 Đường Kim Giang - Định Công,Kim Giang,Định Công,,
Ngõ 102 Đường Kim Giang - Định Công,Kim Giang,Định Công,,
Ngõ 120 Đường Kim Giang - Định Công,Kim Giang,Định Công,,
Ngõ 122 Đường Kim Giang - Định Công,Kim Giang,Định Công,,
Ngõ 126 Đường Kim Giang - Định Công,Kim Giang,Định Công,,
Ngõ 136 Đường Kim Giang - Định Công,Kim Giang,Định Công,,
Ngõ 138 Đường Kim Giang - Định Công,Kim Giang,Định Công,,
Ngõ 142 Đường Kim Giang - Định Công,Kim Giang,Định Công,,
Ngõ 158 Đường Kim Giang - Định Công,Kim Giang,Định Công,,
Ngõ 168 Đường Kim Giang - Định Công,Kim Giang,Định Công,,
Ngõ 184 Đường Kim Giang - Định Công,Kim Giang,Định Công,,
Ngõ 192 Đường Kim Giang - Định Công,Kim Giang,Định Công,,
Ngõ 204 Đường Kim Giang - Định Công,Kim Giang,Định Công,,
Ngõ 212 Đường Kim Giang - Định Công,Kim Giang,Định Công,,
Ngõ 250 Đường Kim Giang - Định Công,Kim Giang,Định Công,,
Ngõ 278 Đường Kim Giang - Định Công,Kim Giang,Định Công,,
Ngõ 282 Đường Kim Giang - Định Công,Kim Giang,Định Công,,
Ngõ 292 Đường Kim Giang - Định Công,Kim Giang,Định Công,,
Ngõ 312 Đường Kim Giang - Định Công,Kim Giang,Định Công,,
Ngõ 348 Đường Kim Giang - Định Công,Kim Giang,Định Công,,
Ngõ 350 Đường Kim Giang - Định Công,Kim Giang,Định Công,,
Ngõ 404 Đường Kim Giang - Định Công,Kim Giang,Định Công,,
Ngõ 420 Đường Kim Giang - Định Công,Kim Giang,Định Công,,
Ngõ 422 Đường Kim Giang - Định Công,Kim Giang,Định Công,,
Ngõ 436 Đường Kim Giang - Định Công,Kim Giang,Định Công,,
Ngõ 66 Đường Kim Giang - Định Công,Kim Giang,Định Công,,
Ngõ 70 Đường Kim Giang - Định Công,Kim Giang,Định Công,,
Ngõ 78 Đường Kim Giang - Định Công,Kim Giang,Định Công,,
Ngõ 80 Đường Kim Giang - Định Công,Kim Giang,Định Công,,
Ngõ 92 Đường Kim Giang - Định Công,Kim Giang,Định Công,,
Tập Thể Dược 80 Đường Kim Giang - Định Công,Kim Giang,Định Công,,
Kđt Kim Văn - Kim Lũ - Định Công,#N/A,#N/A,,
Hẻm 192/236/2 Phố Lê Trọng Tấn - Định Công,Lê Trọng Tấn,Định Công,,
Hẻm 192/248/25 Phố Lê Trọng Tấn - Định Công,Lê Trọng Tấn,Định Công,,
Ngách 192/236 Phố Lê Trọng Tấn - Định Công,Lê Trọng Tấn,Định Công,,
Ngách 192/258 Phố Lê Trọng Tấn - Định Công,Lê Trọng Tấn,Định Công,,
Ngách 192/296 Phố Lê Trọng Tấn - Định Công,Lê Trọng Tấn,Định Công,,
Ngách 192/334 Phố Lê Trọng Tấn - Định Công,Lê Trọng Tấn,Định Công,,
Ngách 192/385 Phố Lê Trọng Tấn - Định Công,Lê Trọng Tấn,Định Công,,
Ngách 192/401 Phố Lê Trọng Tấn - Định Công,Lê Trọng Tấn,Định Công,,
Ngách 192/415 Phố Lê Trọng Tấn - Định Công,Lê Trọng Tấn,Định Công,,
Ngách 192/445 Phố Lê Trọng Tấn - Định Công,Lê Trọng Tấn,Định Công,,
Ngách 192/473 Phố Lê Trọng Tấn - Định Công,Lê Trọng Tấn,Định Công,,
Ngõ 192 Phố Lê Trọng Tấn - Định Công,Lê Trọng Tấn,Định Công,,
Bắc Linh Đàm - Định Công,Linh Đàm,Định Công,,
Ngõ 42 Phố Linh Đàm - Định Công,Linh Đàm,Định Công,,
Phố Linh Đàm - Định Công,Linh Đàm,Định Công,,
Cầu Lủ - Định Công,Lủ,Định Công,,
Đường Nghiêm Xuân Yêm - Định Công,Nghiêm Xuân Yêm,Định Công,,
Phố Nguyễn Cảnh Dị - Định Công,Nguyễn Cảnh Dị,Định Công,,
Phố Nguyễn Công Thái - Định Công,Nguyễn Công Thái,Định Công,,
Ngõ 50 Phố Nguyễn Hữu Thọ - Định Công,Nguyễn Hữu Thọ,Định Công,,
Phố Nguyễn Hữu Thọ - Định Công,Nguyễn Hữu Thọ,Định Công,,
Đường Nguyễn Xiển - Định Công,Nguyễn Xiển,Định Công,,
Đường Phạm Tu - Định Công,Phạm Tu,Định Công,,TRUE
Đường Quang Liệt - Định Công,Quang Liệt,Định Công,,
Cầu Sông Lừ - Định Công,Sông Lừ,Định Công,,
Ngách 47/2 Phố Trần Hoà - Định Công,Trần Hoà,Định Công,,
Ngõ 115 Phố Trần Hoà - Định Công,Trần Hoà,Định Công,,
Ngõ 137 Phố Trần Hoà - Định Công,Trần Hoà,Định Công,,
Ngõ 139 Phố Trần Hoà - Định Công,Trần Hoà,Định Công,,
Ngõ 149A Phố Trần Hoà - Định Công,Trần Hoà,Định Công,,
Ngõ 159 Phố Trần Hoà - Định Công,Trần Hoà,Định Công,,
Ngõ 161 Phố Trần Hoà - Định Công,Trần Hoà,Định Công,,
Ngõ 47 Phố Trần Hoà - Định Công,Trần Hoà,Định Công,,
Ngõ 55 Phố Trần Hoà - Định Công,Trần Hoà,Định Công,,
Ngõ 71 Phố Trần Hoà - Định Công,Trần Hoà,Định Công,,
Phố Trần Hoà - Định Công,Trần Hoà,Định Công,,
Cầu Tạm Trịnh Đình Cửu - Định Công,Trịnh Đình Cửu,Định Công,,
Ngách 252/1 Phố Trịnh Đình Cửu - Định Công,Trịnh Đình Cửu,Định Công,,
Ngách 252/2 Phố Trịnh Đình Cửu - Định Công,Trịnh Đình Cửu,Định Công,,
Ngõ 160 Phố Trịnh Đình Cửu - Định Công,Trịnh Đình Cửu,Định Công,,
Ngõ 170 Phố Trịnh Đình Cửu - Định Công,Trịnh Đình Cửu,Định Công,,
Ngõ 180 Phố Trịnh Đình Cửu - Định Công,Trịnh Đình Cửu,Định Công,,
Ngõ 196 Phố Trịnh Đình Cửu - Định Công,Trịnh Đình Cửu,Định Công,,
Ngõ 202 Phố Trịnh Đình Cửu - Định Công,Trịnh Đình Cửu,Định Công,,
Ngõ 214 Phố Trịnh Đình Cửu - Định Công,Trịnh Đình Cửu,Định Công,,
Ngõ 226 Phố Trịnh Đình Cửu - Định Công,Trịnh Đình Cửu,Định Công,,
Ngõ 232 Phố Trịnh Đình Cửu - Định Công,Trịnh Đình Cửu,Định Công,,
Ngõ 236 Phố Trịnh Đình Cửu - Định Công,Trịnh Đình Cửu,Định Công,,
Ngõ 244 Phố Trịnh Đình Cửu - Định Công,Trịnh Đình Cửu,Định Công,,
Ngõ 248 Phố Trịnh Đình Cửu - Định Công,Trịnh Đình Cửu,Định Công,,
Ngõ 250 Phố Trịnh Đình Cửu - Định Công,Trịnh Đình Cửu,Định Công,,
Ngõ 252 Phố Trịnh Đình Cửu - Định Công,Trịnh Đình Cửu,Định Công,,
Phố Trịnh Đình Cửu - Định Công,Trịnh Đình Cửu,Định Công,,
Ngách 358/25 Phố Vũ Tông Phan - Định Công,Vũ Tông Phan,Định Công,,
Phố Vũ Tông Phan - Định Công,Vũ Tông Phan,Định Công,,
Phố Cầu Mới - Đống Đa,Cầu Mới,Đống Đa,,
Ngách 183/4 Phố Đặng Tiến Đông - Đống Đa,Đặng Tiến Đông,Đống Đa,,TRUE
Ngõ 171 Phố Đặng Tiến Đông - Đống Đa,Đặng Tiến Đông,Đống Đa,,TRUE
Ngõ 183 Phố Đặng Tiến Đông - Đống Đa,Đặng Tiến Đông,Đống Đa,,TRUE
Ngõ 185 Phố Đặng Tiến Đông - Đống Đa,Đặng Tiến Đông,Đống Đa,,TRUE
Ngõ 223 Phố Đặng Tiến Đông - Đống Đa,Đặng Tiến Đông,Đống Đa,,TRUE
Ngõ 24 Phố Đặng Tiến Đông - Đống Đa,Đặng Tiến Đông,Đống Đa,,TRUE
Ngõ 81 Phố Đặng Tiến Đông - Đống Đa,Đặng Tiến Đông,Đống Đa,,TRUE
Ngõ 91 Phố Đặng Tiến Đông - Đống Đa,Đặng Tiến Đông,Đống Đa,,TRUE
Phố Đặng Tiến Đông - Đống Đa,Đặng Tiến Đông,Đống Đa,,TRUE
Phố Đông Các - Đống Đa,Đông Các,Đống Đa,,
Cầu Giáp Nhất - Đống Đa,Giáp Nhất,Đống Đa,,
Ngõ Giếng - Đống Đa,Giếng,Đống Đa,,
Ngõ 14 Phố Hồ Đắc Di - Đống Đa,Hồ Đắc Di,Đống Đa,,
Phố Hồ Đắc Di - Đống Đa,Hồ Đắc Di,Đống Đa,,
Ngách 59/12 Phố Hoàng Cầu - Đống Đa,Hoàng Cầu,Đống Đa,,
Ngách 59/65 Phố Hoàng Cầu - Đống Đa,Hoàng Cầu,Đống Đa,,
Ngách 61/34 Phố Hoàng Cầu - Đống Đa,Hoàng Cầu,Đống Đa,,
Ngách 95/2 Phố Hoàng Cầu - Đống Đa,Hoàng Cầu,Đống Đa,,
Ngách 95/28 Phố Hoàng Cầu - Đống Đa,Hoàng Cầu,Đống Đa,,
Ngách 95/4 Phố Hoàng Cầu - Đống Đa,Hoàng Cầu,Đống Đa,,
Ngõ 113 Phố Hoàng Cầu - Đống Đa,Hoàng Cầu,Đống Đa,,
Ngõ 123 Phố Hoàng Cầu - Đống Đa,Hoàng Cầu,Đống Đa,,
Ngõ 171 Phố Hoàng Cầu - Đống Đa,Hoàng Cầu,Đống Đa,,
Ngõ 31 Phố Hoàng Cầu - Đống Đa,Hoàng Cầu,Đống Đa,,
Ngõ 59 Phố Hoàng Cầu - Đống Đa,Hoàng Cầu,Đống Đa,,
Ngõ 61 Phố Hoàng Cầu - Đống Đa,Hoàng Cầu,Đống Đa,,
Ngõ 67 Phố Hoàng Cầu - Đống Đa,Hoàng Cầu,Đống Đa,,
Ngõ 73 Phố Hoàng Cầu - Đống Đa,Hoàng Cầu,Đống Đa,,
Ngõ 81 Phố Hoàng Cầu - Đống Đa,Hoàng Cầu,Đống Đa,,
Ngõ 95 Phố Hoàng Cầu - Đống Đa,Hoàng Cầu,Đống Đa,,
Phố Hoàng Cầu - Đống Đa,Hoàng Cầu,Đống Đa,,
Đường Láng - Đống Đa,Láng,Đống Đa,,
Hẻm 52/48/426 Đường Láng - Đống Đa,Láng,Đống Đa,,
Ngách 426/20 Đường Láng - Đống Đa,Láng,Đống Đa,,
Ngách 426/48 Đường Láng - Đống Đa,Láng,Đống Đa,,
Ngách 47/22 Đường Láng - Đống Đa,Láng,Đống Đa,,
Ngách 47/33 Đường Láng - Đống Đa,Láng,Đống Đa,,
Ngách 508/89 Đường Láng - Đống Đa,Láng,Đống Đa,,
Ngách 508/91 Đường Láng - Đống Đa,Láng,Đống Đa,,
Ngõ 122 Đường Láng - Đống Đa,Láng,Đống Đa,,
Ngõ 218 Đường Láng - Đống Đa,Láng,Đống Đa,,
Ngõ 242 Đường Láng - Đống Đa,Láng,Đống Đa,,
Ngõ 302 Đường Láng - Đống Đa,Láng,Đống Đa,,
Ngõ 318 Đường Láng - Đống Đa,Láng,Đống Đa,,
Ngõ 424 Đường Láng - Đống Đa,Láng,Đống Đa,,
Ngõ 426 Đường Láng - Đống Đa,Láng,Đống Đa,,
Ngõ 468 Đường Láng - Đống Đa,Láng,Đống Đa,,
Ngõ 47 Đường Láng - Đống Đa,Láng,Đống Đa,,
Ngõ 470 Đường Láng - Đống Đa,Láng,Đống Đa,,
Ngõ 508 Đường Láng - Đống Đa,Láng,Đống Đa,,
Ngõ 516 Đường Láng - Đống Đa,Láng,Đống Đa,,
Ngõ 528 Đường Láng - Đống Đa,Láng,Đống Đa,,
Ngõ 58 Đường Láng - Đống Đa,Láng,Đống Đa,,
Ngách 105/8 Phố Láng Hạ - Đống Đa,Láng Hạ,Đống Đa,,
Ngõ 105 Phố Láng Hạ - Đống Đa,Láng Hạ,Đống Đa,,
Ngõ 111 Phố Láng Hạ - Đống Đa,Láng Hạ,Đống Đa,,
Ngõ 151 Phố Láng Hạ - Đống Đa,Láng Hạ,Đống Đa,,
Phố Láng Hạ - Đống Đa,Láng Hạ,Đống Đa,,
Đường Lê Văn Lương - Đống Đa,Lê Văn Lương,Đống Đa,,
Ngõ Liên Việt - Đống Đa,Liên Việt,Đống Đa,,
Ngõ 68 Phố Nam Đồng - Đống Đa,Nam Đồng,Đống Đa,,
Cầu Vượt Ngã Tư Sở - Đống Đa,Ngã Tư Sở,Đống Đa,,
Phố Nguyễn Hy Quang - Đống Đa,Nguyễn Hy Quang,Đống Đa,,
Ngách 180/84 Phố Nguyễn Lương Bằng - Đống Đa,Nguyễn Lương Bằng,Đống Đa,,
Ngách 64/21 Phố Nguyễn Lương Bằng - Đống Đa,Nguyễn Lương Bằng,Đống Đa,,
Ngách 64/33 Phố Nguyễn Lương Bằng - Đống Đa,Nguyễn Lương Bằng,Đống Đa,,
Ngách 64/37 Phố Nguyễn Lương Bằng - Đống Đa,Nguyễn Lương Bằng,Đống Đa,,
Ngách 64/43 Phố Nguyễn Lương Bằng - Đống Đa,Nguyễn Lương Bằng,Đống Đa,,
Ngách 64/49 Phố Nguyễn Lương Bằng - Đống Đa,Nguyễn Lương Bằng,Đống Đa,,
Ngõ 115 Phố Nguyễn Lương Bằng - Đống Đa,Nguyễn Lương Bằng,Đống Đa,,
Ngõ 117 Phố Nguyễn Lương Bằng - Đống Đa,Nguyễn Lương Bằng,Đống Đa,,
Ngõ 178 Phố Nguyễn Lương Bằng - Đống Đa,Nguyễn Lương Bằng,Đống Đa,,
Ngõ 180 Phố Nguyễn Lương Bằng - Đống Đa,Nguyễn Lương Bằng,Đống Đa,,
Ngõ 180A Phố Nguyễn Lương Bằng - Đống Đa,Nguyễn Lương Bằng,Đống Đa,,
Ngõ 181 Phố Nguyễn Lương Bằng - Đống Đa,Nguyễn Lương Bằng,Đống Đa,,
Ngõ 64 Phố Nguyễn Lương Bằng - Đống Đa,Nguyễn Lương Bằng,Đống Đa,,
Ngõ 71 Phố Nguyễn Lương Bằng - Đống Đa,Nguyễn Lương Bằng,Đống Đa,,
Ngõ 73 Phố Nguyễn Lương Bằng - Đống Đa,Nguyễn Lương Bằng,Đống Đa,,
Ngõ 85 Phố Nguyễn Lương Bằng - Đống Đa,Nguyễn Lương Bằng,Đống Đa,"Ngõ có tên cũ là Ngõ Nhà Giáo, do trước đây trong ngõ có ngôi nhà giảng giáo lý cho dân sở tại của Nhà thờ Nam Đồng.",
Ngõ 92 Phố Nguyễn Lương Bằng - Đống Đa,Nguyễn Lương Bằng,Đống Đa,,
Phố Nguyễn Lương Bằng - Đống Đa,Nguyễn Lương Bằng,Đống Đa,,
Đường Nguyễn Trãi - Đống Đa,Nguyễn Trãi,Đống Đa,,
Phố Nguyễn Văn Tuyết - Đống Đa,Nguyễn Văn Tuyết,Đống Đa,,TRUE
Phố Ô Chợ Dừa - Đống Đa,Ô Chợ Dừa,Đống Đa,,
Phố Quan Nhân - Đống Đa,Quan Nhân,Đống Đa,,
Hẻm 178/45/16 Phố Tây Sơn - Đống Đa,Tây Sơn,Đống Đa,,TRUE
Hẻm 178/45/9 Phố Tây Sơn - Đống Đa,Tây Sơn,Đống Đa,,TRUE
Hẻm 178/70/3 Phố Tây Sơn - Đống Đa,Tây Sơn,Đống Đa,,TRUE
Ngách 178/11 Phố Tây Sơn - Đống Đa,Tây Sơn,Đống Đa,,TRUE
Ngách 178/45 Phố Tây Sơn - Đống Đa,Tây Sơn,Đống Đa,,TRUE
Ngách 178/5 Phố Tây Sơn - Đống Đa,Tây Sơn,Đống Đa,,TRUE
Ngách 178/57 Phố Tây Sơn - Đống Đa,Tây Sơn,Đống Đa,,TRUE
Ngách 178/70 Phố Tây Sơn - Đống Đa,Tây Sơn,Đống Đa,,TRUE
Ngách 178/71 Phố Tây Sơn - Đống Đa,Tây Sơn,Đống Đa,,TRUE
Ngách 178/9 Phố Tây Sơn - Đống Đa,Tây Sơn,Đống Đa,,TRUE
Ngách 218/74 Phố Tây Sơn - Đống Đa,Tây Sơn,Đống Đa,,TRUE
Ngách 252/59 Phố Tây Sơn - Đống Đa,Tây Sơn,Đống Đa,,TRUE
Ngõ 100 Phố Tây Sơn - Đống Đa,Tây Sơn,Đống Đa,,TRUE
Ngõ 112 Phố Tây Sơn - Đống Đa,Tây Sơn,Đống Đa,,TRUE
Ngõ 136 Phố Tây Sơn - Đống Đa,Tây Sơn,Đống Đa,,TRUE
Ngõ 178 Phố Tây Sơn - Đống Đa,Tây Sơn,Đống Đa,,TRUE
Ngõ 2 Phố Tây Sơn - Đống Đa,Tây Sơn,Đống Đa,,TRUE
Ngõ 218 Phố Tây Sơn - Đống Đa,Tây Sơn,Đống Đa,,TRUE
Ngõ 252 Phố Tây Sơn - Đống Đa,Tây Sơn,Đống Đa,,TRUE
Ngõ 278 Phố Tây Sơn - Đống Đa,Tây Sơn,Đống Đa,,TRUE
Ngõ 306 Tây Sơn - Đống Đa,Tây Sơn,Đống Đa,,TRUE
Ngõ 366 Tây Sơn - Đống Đa,Tây Sơn,Đống Đa,,TRUE
Ngõ 90 Phố Tây Sơn - Đống Đa,Tây Sơn,Đống Đa,,TRUE
Phố Tây Sơn - Đống Đa,Tây Sơn,Đống Đa,,TRUE
Ngách 117/69 Phố Thái Hà - Đống Đa,Thái Hà,Đống Đa,,
Ngách 151/21 Phố Thái Hà - Đống Đa,Thái Hà,Đống Đa,,
Ngách 16/1 Phố Thái Hà - Đống Đa,Thái Hà,Đống Đa,,
Ngách 161/27 Phố Thái Hà - Đống Đa,Thái Hà,Đống Đa,,
Ngách 165/30 Phố Thái Hà - Đống Đa,Thái Hà,Đống Đa,,
Ngách 178/1 Phố Thái Hà - Đống Đa,Thái Hà,Đống Đa,,
Ngách 178/1 Thái Hà - Đống Đa,Thái Hà,Đống Đa,,
Ngách 178/39 Phố Thái Hà - Đống Đa,Thái Hà,Đống Đa,,
Ngách 178/40 Phố Thái Hà - Đống Đa,Thái Hà,Đống Đa,,
Ngách 178/49 Thái Hà - Đống Đa,Thái Hà,Đống Đa,,
Ngách 3/2 Phố Thái Hà - Đống Đa,Thái Hà,Đống Đa,,
Ngách 3/79 Phố Thái Hà - Đống Đa,Thái Hà,Đống Đa,,
Ngách 3/81 Phố Thái Hà - Đống Đa,Thái Hà,Đống Đa,,
Ngách 41/33 Phố Thái Hà - Đống Đa,Thái Hà,Đống Đa,,
Ngõ 11 Phố Thái Hà - Đống Đa,Thái Hà,Đống Đa,,
Ngõ 117 Phố Thái Hà - Đống Đa,Thái Hà,Đống Đa,,
Ngõ 121 Phố Thái Hà - Đống Đa,Thái Hà,Đống Đa,,
Ngõ 131 Phố Thái Hà - Đống Đa,Thái Hà,Đống Đa,,
Ngõ 131 Thái Hà - Đống Đa,Thái Hà,Đống Đa,,
Ngõ 133 Phố Thái Hà - Đống Đa,Thái Hà,Đống Đa,,
Ngõ 151A Phố Thái Hà - Đống Đa,Thái Hà,Đống Đa,,
Ngõ 16 Phố Thái Hà - Đống Đa,Thái Hà,Đống Đa,,
Ngõ 161 Phố Thái Hà - Đống Đa,Thái Hà,Đống Đa,,
Ngõ 163 Phố Thái Hà - Đống Đa,Thái Hà,Đống Đa,,
Ngõ 165 Thái Hà - Đống Đa,Thái Hà,Đống Đa,,
Ngõ 169 Phố Thái Hà - Đống Đa,Thái Hà,Đống Đa,,
Ngõ 169 Thái Hà - Đống Đa,Thái Hà,Đống Đa,,
Ngõ 171 Phố Thái Hà - Đống Đa,Thái Hà,Đống Đa,,
Ngõ 178 Phố Thái Hà - Đống Đa,Thái Hà,Đống Đa,,
Ngõ 178 Thái Hà - Đống Đa,Thái Hà,Đống Đa,,
Ngõ 198 Phố Thái Hà - Đống Đa,Thái Hà,Đống Đa,,
Ngõ 2 Phố Thái Hà - Đống Đa,Thái Hà,Đống Đa,,
Ngõ 3 Phố Thái Hà - Đống Đa,Thái Hà,Đống Đa,,
Ngõ 41 Phố Thái Hà - Đống Đa,Thái Hà,Đống Đa,,
Ngõ 48 Phố Thái Hà - Đống Đa,Thái Hà,Đống Đa,,
Ngõ 6 Phố Thái Hà - Đống Đa,Thái Hà,Đống Đa,,
Ngõ 7 Phố Thái Hà - Đống Đa,Thái Hà,Đống Đa,,
Ngõ 89 Phố Thái Hà - Đống Đa,Thái Hà,Đống Đa,,
Ngõ 98 Phố Thái Hà - Đống Đa,Thái Hà,Đống Đa,,
Ngõ Thái Hà - Đống Đa,Thái Hà,Đống Đa,,
Phố Thái Hà - Đống Đa,Thái Hà,Đống Đa,,
Ngách 124 Thái Thịnh 1 - Đống Đa,Thái Thịnh,Đống Đa,,
Ngách 2 Ngõ Thái Thịnh 1 - Đống Đa,Thái Thịnh,Đống Đa,,
Ngách 67/64 Phố Thái Thịnh - Đống Đa,Thái Thịnh,Đống Đa,,
Ngõ 103 Phố Thái Thịnh - Đống Đa,Thái Thịnh,Đống Đa,,
Ngõ 112 Thái Thịnh - Đống Đa,Thái Thịnh,Đống Đa,,
Ngõ 133 Phố Thái Thịnh - Đống Đa,Thái Thịnh,Đống Đa,,
Ngõ 15 Thái Thịnh - Đống Đa,Thái Thịnh,Đống Đa,,
Ngõ 156 Phố Thái Thịnh - Đống Đa,Thái Thịnh,Đống Đa,,
Ngõ 158 Phố Thái Thịnh - Đống Đa,Thái Thịnh,Đống Đa,,
Ngõ 160 Phố Thái Thịnh - Đống Đa,Thái Thịnh,Đống Đa,,
Ngõ 172 Phố Thái Thịnh - Đống Đa,Thái Thịnh,Đống Đa,,
Ngõ 180 Phố Thái Thịnh - Đống Đa,Thái Thịnh,Đống Đa,,
Ngõ 188 Phố Thái Thịnh - Đống Đa,Thái Thịnh,Đống Đa,,
Ngõ 192 Phố Thái Thịnh - Đống Đa,Thái Thịnh,Đống Đa,,
Ngõ 196 Phố Thái Thịnh - Đống Đa,Thái Thịnh,Đống Đa,,
Ngõ 198 Phố Thái Thịnh - Đống Đa,Thái Thịnh,Đống Đa,,
Ngõ 198 Thái Thịnh - Đống Đa,Thái Thịnh,Đống Đa,,
Ngõ 200A Phố Thái Thịnh - Đống Đa,Thái Thịnh,Đống Đa,,
Ngõ 27 Thái Thịnh - Đống Đa,Thái Thịnh,Đống Đa,,
Ngõ 35 Thái Thịnh - Đống Đa,Thái Thịnh,Đống Đa,,
Ngõ 44 Phố Thái Thịnh - Đống Đa,Thái Thịnh,Đống Đa,,
Ngõ 51 Phố Thái Thịnh - Đống Đa,Thái Thịnh,Đống Đa,,
Ngõ 58 Phố Thái Thịnh - Đống Đa,Thái Thịnh,Đống Đa,,
Ngõ 61 Thái Thịnh - Đống Đa,Thái Thịnh,Đống Đa,,
Ngõ 63 Phố Thái Thịnh - Đống Đa,Thái Thịnh,Đống Đa,,
Ngõ 67 Phố Thái Thịnh - Đống Đa,Thái Thịnh,Đống Đa,,
Ngõ 79 Phố Thái Thịnh - Đống Đa,Thái Thịnh,Đống Đa,,
Ngõ 88 Thái Thịnh - Đống Đa,Thái Thịnh,Đống Đa,,
Ngõ 97 Thái Thịnh - Đống Đa,Thái Thịnh,Đống Đa,,
Ngõ Thái Thịnh 1 - Đống Đa,Thái Thịnh,Đống Đa,,
Phố Thái Thịnh - Đống Đa,Thái Thịnh,Đống Đa,,
Hẻm 17/2 Ngõ Thịnh Quang - Đống Đa,Thịnh Quang,Đống Đa,,
Ngách 121 Ngõ Thịnh Quang - Đống Đa,Thịnh Quang,Đống Đa,,
Ngách 141 Ngõ Thịnh Quang - Đống Đa,Thịnh Quang,Đống Đa,,
Ngách 161 Ngõ Thịnh Quang - Đống Đa,Thịnh Quang,Đống Đa,,
Ngách 17 Ngõ Thịnh Quang - Đống Đa,Thịnh Quang,Đống Đa,,
Ngách 171 Ngõ Thịnh Quang - Đống Đa,Thịnh Quang,Đống Đa,,
Ngách 175 Ngõ Thịnh Quang - Đống Đa,Thịnh Quang,Đống Đa,,
Ngách 206 Ngõ Thịnh Quang - Đống Đa,Thịnh Quang,Đống Đa,,
Ngách 221 Ngõ Thịnh Quang - Đống Đa,Thịnh Quang,Đống Đa,,
Ngách 224 Ngõ Thịnh Quang - Đống Đa,Thịnh Quang,Đống Đa,,
Ngách 269 Ngõ Thịnh Quang - Đống Đa,Thịnh Quang,Đống Đa,,
Ngách 34 Ngõ Thịnh Quang - Đống Đa,Thịnh Quang,Đống Đa,,
Ngách 88 Ngõ Thịnh Quang - Đống Đa,Thịnh Quang,Đống Đa,,
Ngõ Thịnh Quang - Đống Đa,Thịnh Quang,Đống Đa,,
Ngõ 25 Phố Trần Hữu Tước - Đống Đa,Trần Hữu Tước,Đống Đa,,
Ngõ K14 Phố Trần Hữu Tước - Đống Đa,Trần Hữu Tước,Đống Đa,,
Phố Trần Hữu Tước - Đống Đa,Trần Hữu Tước,Đống Đa,"Phố được hình thành dựa trên lòng sông Lừ. Sông Lừ rẽ nhánh từ sông Kim Ngưu tại vị trí Ô Chợ Dừa, chảy theo phố Trần Hữu Tước, đi qua hồ Xã Đàn (hồ mới có vào giữa thế kỷ XX), đi qua phố Nguyễn Ngọc Doãn rồi chảy lộ thiên như hiện nay.",
Ngách 19/28 Phố Trần Quang Diệu - Đống Đa,Trần Quang Diệu,Đống Đa,,TRUE
Ngách 8/9 Phố Trần Quang Diệu - Đống Đa,Trần Quang Diệu,Đống Đa,,TRUE
Ngõ 19 Phố Trần Quang Diệu - Đống Đa,Trần Quang Diệu,Đống Đa,,TRUE
Ngõ 1D Phố Trần Quang Diệu - Đống Đa,Trần Quang Diệu,Đống Đa,,TRUE
Ngõ 1G Phố Trần Quang Diệu - Đống Đa,Trần Quang Diệu,Đống Đa,,TRUE
Ngõ 1H Phố Trần Quang Diệu - Đống Đa,Trần Quang Diệu,Đống Đa,,TRUE
Ngõ 1H Trần Quang Diệu - Đống Đa,Trần Quang Diệu,Đống Đa,,TRUE
Ngõ 1M Phố Trần Quang Diệu - Đống Đa,Trần Quang Diệu,Đống Đa,,TRUE
Ngõ 1T Phố Trần Quang Diệu - Đống Đa,Trần Quang Diệu,Đống Đa,,TRUE
Ngõ 1V Phố Trần Quang Diệu - Đống Đa,Trần Quang Diệu,Đống Đa,,TRUE
Ngõ 30 Phố Trần Quang Diệu - Đống Đa,Trần Quang Diệu,Đống Đa,,TRUE
Ngõ 56 Phố Trần Quang Diệu - Đống Đa,Trần Quang Diệu,Đống Đa,,TRUE
Ngõ 61 Phố Trần Quang Diệu - Đống Đa,Trần Quang Diệu,Đống Đa,,TRUE
Ngõ 61 Trần Quang Diệu - Đống Đa,Trần Quang Diệu,Đống Đa,,TRUE
Ngõ 68 Phố Trần Quang Diệu - Đống Đa,Trần Quang Diệu,Đống Đa,,TRUE
Ngõ 71 Phố Trần Quang Diệu - Đống Đa,Trần Quang Diệu,Đống Đa,,TRUE
Ngõ 75 Phố Trần Quang Diệu - Đống Đa,Trần Quang Diệu,Đống Đa,,TRUE
Ngõ 8 Phố Trần Quang Diệu - Đống Đa,Trần Quang Diệu,Đống Đa,,TRUE
Ngõ 84 Phố Trần Quang Diệu - Đống Đa,Trần Quang Diệu,Đống Đa,,TRUE
Ngõ 88 Phố Trần Quang Diệu - Đống Đa,Trần Quang Diệu,Đống Đa,,TRUE
Ngõ 91 Phố Trần Quang Diệu - Đống Đa,Trần Quang Diệu,Đống Đa,,TRUE
Phố Trần Quang Diệu - Đống Đa,Trần Quang Diệu,Đống Đa,,TRUE
Ngách 69/14 Phố Trung Liệt - Đống Đa,Trung Liệt,Đống Đa,,
Ngõ 136 Phố Trung Liệt - Đống Đa,Trung Liệt,Đống Đa,,
Phố Trung Liệt - Đống Đa,Trung Liệt,Đống Đa,,
Ngách 113/26 Phố Vĩnh Hồ - Đống Đa,Vĩnh Hồ,Đống Đa,,
Ngõ 113 Phố Vĩnh Hồ - Đống Đa,Vĩnh Hồ,Đống Đa,,
Ngõ 45 Phố Vĩnh Hồ - Đống Đa,Vĩnh Hồ,Đống Đa,,
Phố Vĩnh Hồ - Đống Đa,Vĩnh Hồ,Đống Đa,,
Ngõ 25 Phố Võ Văn Dũng - Đống Đa,Võ Văn Dũng,Đống Đa,,TRUE
Phố Võ Văn Dũng - Đống Đa,Võ Văn Dũng,Đống Đa,,TRUE
Hẻm 10 Ngách 111 Xã Đàn 2 - Đống Đa,Xã Đàn,Đống Đa,,
Hẻm 106/1 Ngõ Xã Đàn 2 - Đống Đa,Xã Đàn,Đống Đa,,
Hẻm 4 Ngách 111 Xã Đàn 2 - Đống Đa,Xã Đàn,Đống Đa,,
Ngách 103 Ngõ Xã Đàn 2 - Đống Đa,Xã Đàn,Đống Đa,,
Ngách 105 Ngõ Xã Đàn 2 - Đống Đa,Xã Đàn,Đống Đa,,
Ngách 106 Ngõ Xã Đàn 2 - Đống Đa,Xã Đàn,Đống Đa,,
Ngách 108 Ngõ Xã Đàn 2 - Đống Đa,Xã Đàn,Đống Đa,,
Ngách 111 Ngõ Xã Đàn 2 - Đống Đa,Xã Đàn,Đống Đa,,
Ngách 129 Ngõ Xã Đàn 2 - Đống Đa,Xã Đàn,Đống Đa,,
Ngách 150 Ngõ Xã Đàn 2 - Đống Đa,Xã Đàn,Đống Đa,,
Ngách 85 Ngõ Xã Đàn 2 - Đống Đa,Xã Đàn,Đống Đa,,
Ngách 95 Ngõ Xã Đàn 2 - Đống Đa,Xã Đàn,Đống Đa,,
Ngách 98 Ngõ Xã Đàn 2 - Đống Đa,Xã Đàn,Đống Đa,,
Ngõ 165 Xã Đàn - Đống Đa,Xã Đàn,Đống Đa,,
Ngõ 211 Xã Đàn - Đống Đa,Xã Đàn,Đống Đa,,
Ngõ 259 Xã Đàn - Đống Đa,Xã Đàn,Đống Đa,,
Ngõ Xã Đàn 2 - Đống Đa,Xã Đàn,Đống Đa,,
Phố Xã Đàn - Đống Đa,Xã Đàn,Đống Đa,,
Hẻm 82 Yên Lãng - Đống Đa,Yên Lãng,Đống Đa,,
Ngách 104/5 Phố Yên Lãng - Đống Đa,Yên Lãng,Đống Đa,,
Ngách 120/9 Phố Yên Lãng - Đống Đa,Yên Lãng,Đống Đa,,
Ngách 82/15 Phố Yên Lãng - Đống Đa,Yên Lãng,Đống Đa,,
Ngõ 100 Phố Yên Lãng - Đống Đa,Yên Lãng,Đống Đa,,
Ngõ 104 Yên Lãng - Đống Đa,Yên Lãng,Đống Đa,,
Ngõ 111 Phố Yên Lãng - Đống Đa,Yên Lãng,Đống Đa,,
Ngõ 120 Yên Lãng - Đống Đa,Yên Lãng,Đống Đa,,
Ngõ 142 Phố Yên Lãng - Đống Đa,Yên Lãng,Đống Đa,,
Ngõ 143 Phố Yên Lãng - Đống Đa,Yên Lãng,Đống Đa,,
Ngõ 154 Phố Yên Lãng - Đống Đa,Yên Lãng,Đống Đa,,
Ngõ 177 Yên Lãng - Đống Đa,Yên Lãng,Đống Đa,,
Ngõ 181 Phố Yên Lãng - Đống Đa,Yên Lãng,Đống Đa,,
Ngõ 38 Phố Yên Lãng - Đống Đa,Yên Lãng,Đống Đa,,
Ngõ 82 Phố Yên Lãng - Đống Đa,Yên Lãng,Đống Đa,,
Ngõ 83 Phố Yên Lãng - Đống Đa,Yên Lãng,Đống Đa,,
Phố Yên Lãng - Đống Đa,Yên Lãng,Đống Đa,,
Phố Chế Lan Viên - Đông Ngạc,Chế Lan Viên,Đông Ngạc,,
Đường Cổ Nhuế - Đông Ngạc,Cổ Nhuế,Đông Ngạc,,
Hẻm 145/37/9 Đường Cổ Nhuế - Đông Ngạc,Cổ Nhuế,Đông Ngạc,,
Hẻm 145/72/12 Đường Cổ Nhuế - Đông Ngạc,Cổ Nhuế,Đông Ngạc,,
Hẻm 145/72/18 Đường Cổ Nhuế - Đông Ngạc,Cổ Nhuế,Đông Ngạc,,
Hẻm 145/72/4 Đường Cổ Nhuế - Đông Ngạc,Cổ Nhuế,Đông Ngạc,,
Hẻm 374/57/5 Đường Cổ Nhuế - Đông Ngạc,Cổ Nhuế,Đông Ngạc,,
Hẻm 401/20/8 Đường Cổ Nhuế - Đông Ngạc,Cổ Nhuế,Đông Ngạc,,
Hẻm 401/41/25 Đường Cổ Nhuế - Đông Ngạc,Cổ Nhuế,Đông Ngạc,,
Hẻm 401/41/37 Đường Cổ Nhuế - Đông Ngạc,Cổ Nhuế,Đông Ngạc,,
Hẻm 43/64/6 Đường Cổ Nhuế - Đông Ngạc,Cổ Nhuế,Đông Ngạc,,
Hẻm 43/64/7 Đường Cổ Nhuế - Đông Ngạc,Cổ Nhuế,Đông Ngạc,,
Ngách 103/2 Đường Cổ Nhuế - Đông Ngạc,Cổ Nhuế,Đông Ngạc,,
Ngách 103/45 Đường Cổ Nhuế - Đông Ngạc,Cổ Nhuế,Đông Ngạc,,
Ngách 119/38 Đường Cổ Nhuế - Đông Ngạc,Cổ Nhuế,Đông Ngạc,,
Ngách 142/32 Đường Cổ Nhuế - Đông Ngạc,Cổ Nhuế,Đông Ngạc,,
Ngách 142/36 Đường Cổ Nhuế - Đông Ngạc,Cổ Nhuế,Đông Ngạc,,
Ngách 142/43 Đường Cổ Nhuế - Đông Ngạc,Cổ Nhuế,Đông Ngạc,,
Ngách 145/28 Đường Cổ Nhuế - Đông Ngạc,Cổ Nhuế,Đông Ngạc,,
Ngách 145/37 Đường Cổ Nhuế - Đông Ngạc,Cổ Nhuế,Đông Ngạc,,
Ngách 145/46 Đường Cổ Nhuế - Đông Ngạc,Cổ Nhuế,Đông Ngạc,,
Ngách 145/72 Đường Cổ Nhuế - Đông Ngạc,Cổ Nhuế,Đông Ngạc,,
Ngách 145/93 Đường Cổ Nhuế - Đông Ngạc,Cổ Nhuế,Đông Ngạc,,
Ngách 178/1 Đường Cổ Nhuế - Đông Ngạc,Cổ Nhuế,Đông Ngạc,,
Ngách 201/2 Đường Cổ Nhuế - Đông Ngạc,Cổ Nhuế,Đông Ngạc,,
Ngách 220/15 Đường Cổ Nhuế - Đông Ngạc,Cổ Nhuế,Đông Ngạc,,
Ngách 220/17 Đường Cổ Nhuế - Đông Ngạc,Cổ Nhuế,Đông Ngạc,,
Ngách 220/25 Đường Cổ Nhuế - Đông Ngạc,Cổ Nhuế,Đông Ngạc,,
Ngách 273/15 Đường Cổ Nhuế - Đông Ngạc,Cổ Nhuế,Đông Ngạc,,
Ngách 273/30 Đường Cổ Nhuế - Đông Ngạc,Cổ Nhuế,Đông Ngạc,,
Ngách 273/45 Đường Cổ Nhuế - Đông Ngạc,Cổ Nhuế,Đông Ngạc,,
Ngách 273/62 Đường Cổ Nhuế - Đông Ngạc,Cổ Nhuế,Đông Ngạc,,
Ngách 280/41 Đường Cổ Nhuế - Đông Ngạc,Cổ Nhuế,Đông Ngạc,,
Ngách 280/9 Đường Cổ Nhuế - Đông Ngạc,Cổ Nhuế,Đông Ngạc,,
Ngách 282/19 Đường Cổ Nhuế - Đông Ngạc,Cổ Nhuế,Đông Ngạc,,
Ngách 310/8 Đường Cổ Nhuế - Đông Ngạc,Cổ Nhuế,Đông Ngạc,,
Ngách 347/116 Đường Cổ Nhuế - Đông Ngạc,Cổ Nhuế,Đông Ngạc,,
Ngách 347/17 Đường Cổ Nhuế - Đông Ngạc,Cổ Nhuế,Đông Ngạc,,
Ngách 347/74 Đường Cổ Nhuế - Đông Ngạc,Cổ Nhuế,Đông Ngạc,,
Ngách 347/89 Đường Cổ Nhuế - Đông Ngạc,Cổ Nhuế,Đông Ngạc,,
Ngách 374/57 Đường Cổ Nhuế - Đông Ngạc,Cổ Nhuế,Đông Ngạc,,
Ngách 396/3 Đường Cổ Nhuế - Đông Ngạc,Cổ Nhuế,Đông Ngạc,,
Ngách 396/7 Đường Cổ Nhuế - Đông Ngạc,Cổ Nhuế,Đông Ngạc,,
Ngách 401/20 Đường Cổ Nhuế - Đông Ngạc,Cổ Nhuế,Đông Ngạc,,
Ngách 401/33 Đường Cổ Nhuế - Đông Ngạc,Cổ Nhuế,Đông Ngạc,,
Ngách 401/41 Đường Cổ Nhuế - Đông Ngạc,Cổ Nhuế,Đông Ngạc,,
Ngách 43/112 Đường Cổ Nhuế - Đông Ngạc,Cổ Nhuế,Đông Ngạc,,
Ngách 43/128 Đường Cổ Nhuế - Đông Ngạc,Cổ Nhuế,Đông Ngạc,,
Ngách 43/140 Đường Cổ Nhuế - Đông Ngạc,Cổ Nhuế,Đông Ngạc,,
Ngách 43/148 Đường Cổ Nhuế - Đông Ngạc,Cổ Nhuế,Đông Ngạc,,
Ngách 43/154 Đường Cổ Nhuế - Đông Ngạc,Cổ Nhuế,Đông Ngạc,,
Ngách 43/164 Đường Cổ Nhuế - Đông Ngạc,Cổ Nhuế,Đông Ngạc,,
Ngách 43/33 Đường Cổ Nhuế - Đông Ngạc,Cổ Nhuế,Đông Ngạc,,
Ngách 43/5 Đường Cổ Nhuế - Đông Ngạc,Cổ Nhuế,Đông Ngạc,,
Ngách 43/56 Đường Cổ Nhuế - Đông Ngạc,Cổ Nhuế,Đông Ngạc,,
Ngách 43/64 Đường Cổ Nhuế - Đông Ngạc,Cổ Nhuế,Đông Ngạc,,
Ngách 43/74 Đường Cổ Nhuế - Đông Ngạc,Cổ Nhuế,Đông Ngạc,,
Ngách 43/86 Đường Cổ Nhuế - Đông Ngạc,Cổ Nhuế,Đông Ngạc,,
Ngách 43/98 Đường Cổ Nhuế - Đông Ngạc,Cổ Nhuế,Đông Ngạc,,
Ngách 487/12 Đường Cổ Nhuế - Đông Ngạc,Cổ Nhuế,Đông Ngạc,,
Ngách 487/44 Đường Cổ Nhuế - Đông Ngạc,Cổ Nhuế,Đông Ngạc,,
Ngách 487/59 Đường Cổ Nhuế - Đông Ngạc,Cổ Nhuế,Đông Ngạc,,
Ngách 521/36 Đường Cổ Nhuế - Đông Ngạc,Cổ Nhuế,Đông Ngạc,,
Ngách 521/66 Đường Cổ Nhuế - Đông Ngạc,Cổ Nhuế,Đông Ngạc,,
Ngõ 10 Đường Cổ Nhuế - Đông Ngạc,Cổ Nhuế,Đông Ngạc,,
Ngõ 100 Đường Cổ Nhuế - Đông Ngạc,Cổ Nhuế,Đông Ngạc,,
Ngõ 103 Đường Cổ Nhuế - Đông Ngạc,Cổ Nhuế,Đông Ngạc,,
Ngõ 104 Đường Cổ Nhuế - Đông Ngạc,Cổ Nhuế,Đông Ngạc,,
Ngõ 105 Đường Cổ Nhuế - Đông Ngạc,Cổ Nhuế,Đông Ngạc,,
Ngõ 114 Đường Cổ Nhuế - Đông Ngạc,Cổ Nhuế,Đông Ngạc,,
Ngõ 116 Đường Cổ Nhuế - Đông Ngạc,Cổ Nhuế,Đông Ngạc,,
Ngõ 119 Đường Cổ Nhuế - Đông Ngạc,Cổ Nhuế,Đông Ngạc,,
Ngõ 123 Đường Cổ Nhuế - Đông Ngạc,Cổ Nhuế,Đông Ngạc,,
Ngõ 131 Đường Cổ Nhuế - Đông Ngạc,Cổ Nhuế,Đông Ngạc,,
Ngõ 142 Đường Cổ Nhuế - Đông Ngạc,Cổ Nhuế,Đông Ngạc,,
Ngõ 162 Đường Cổ Nhuế - Đông Ngạc,Cổ Nhuế,Đông Ngạc,,
Ngõ 173 Đường Cổ Nhuế - Đông Ngạc,Cổ Nhuế,Đông Ngạc,,
Ngõ 178 Đường Cổ Nhuế - Đông Ngạc,Cổ Nhuế,Đông Ngạc,,
Ngõ 201 Đường Cổ Nhuế - Đông Ngạc,Cổ Nhuế,Đông Ngạc,,
Ngõ 220 Đường Cổ Nhuế - Đông Ngạc,Cổ Nhuế,Đông Ngạc,,
Ngõ 23 Đường Cổ Nhuế - Đông Ngạc,Cổ Nhuế,Đông Ngạc,,
Ngõ 240 Đường Cổ Nhuế - Đông Ngạc,Cổ Nhuế,Đông Ngạc,,
Ngõ 273 Đường Cổ Nhuế - Đông Ngạc,Cổ Nhuế,Đông Ngạc,,
Ngõ 275 Đường Cổ Nhuế - Đông Ngạc,Cổ Nhuế,Đông Ngạc,,
Ngõ 280 Đường Cổ Nhuế - Đông Ngạc,Cổ Nhuế,Đông Ngạc,,
Ngõ 282 Đường Cổ Nhuế - Đông Ngạc,Cổ Nhuế,Đông Ngạc,,
Ngõ 289 Đường Cổ Nhuế - Đông Ngạc,Cổ Nhuế,Đông Ngạc,,
Ngõ 305 Đường Cổ Nhuế - Đông Ngạc,Cổ Nhuế,Đông Ngạc,,
Ngõ 310 Đường Cổ Nhuế - Đông Ngạc,Cổ Nhuế,Đông Ngạc,,
Ngõ 346 Đường Cổ Nhuế - Đông Ngạc,Cổ Nhuế,Đông Ngạc,,
Ngõ 347 Đường Cổ Nhuế - Đông Ngạc,Cổ Nhuế,Đông Ngạc,,
Ngõ 358 Đường Cổ Nhuế - Đông Ngạc,Cổ Nhuế,Đông Ngạc,,
Ngõ 368 Đường Cổ Nhuế - Đông Ngạc,Cổ Nhuế,Đông Ngạc,,
Ngõ 377 Đường Cổ Nhuế - Đông Ngạc,Cổ Nhuế,Đông Ngạc,,
Ngõ 389 Đường Cổ Nhuế - Đông Ngạc,Cổ Nhuế,Đông Ngạc,,
Ngõ 392 Đường Cổ Nhuế - Đông Ngạc,Cổ Nhuế,Đông Ngạc,,
Ngõ 395 Đường Cổ Nhuế - Đông Ngạc,Cổ Nhuế,Đông Ngạc,,
Ngõ 396 Đường Cổ Nhuế - Đông Ngạc,Cổ Nhuế,Đông Ngạc,,
Ngõ 401 Đường Cổ Nhuế - Đông Ngạc,Cổ Nhuế,Đông Ngạc,,
Ngõ 415 Đường Cổ Nhuế - Đông Ngạc,Cổ Nhuế,Đông Ngạc,,
Ngõ 43 Đường Cổ Nhuế - Đông Ngạc,Cổ Nhuế,Đông Ngạc,,
Ngõ 446 Đường Cổ Nhuế - Đông Ngạc,Cổ Nhuế,Đông Ngạc,,
Ngõ 449 Đường Cổ Nhuế - Đông Ngạc,Cổ Nhuế,Đông Ngạc,,
Ngõ 461 Đường Cổ Nhuế - Đông Ngạc,Cổ Nhuế,Đông Ngạc,,
Ngõ 487 Đường Cổ Nhuế - Đông Ngạc,Cổ Nhuế,Đông Ngạc,,
Ngõ 521 Đường Cổ Nhuế - Đông Ngạc,Cổ Nhuế,Đông Ngạc,,
Ngõ 523 Đường Cổ Nhuế - Đông Ngạc,Cổ Nhuế,Đông Ngạc,,
Ngõ 56 Đường Cổ Nhuế - Đông Ngạc,Cổ Nhuế,Đông Ngạc,,
Ngõ 59 Đường Cổ Nhuế - Đông Ngạc,Cổ Nhuế,Đông Ngạc,,
Ngõ 72 Đường Cổ Nhuế - Đông Ngạc,Cổ Nhuế,Đông Ngạc,,
Ngõ 75 Đường Cổ Nhuế - Đông Ngạc,Cổ Nhuế,Đông Ngạc,,
Ngõ 82 Đường Cổ Nhuế - Đông Ngạc,Cổ Nhuế,Đông Ngạc,,
Ngõ 84 Đường Cổ Nhuế - Đông Ngạc,Cổ Nhuế,Đông Ngạc,,
Ngõ 85 Đường Cổ Nhuế - Đông Ngạc,Cổ Nhuế,Đông Ngạc,,
Đông Ngạc - Đông Ngạc,Đông Ngạc,Đông Ngạc,,
Đường Đông Ngạc - Đông Ngạc,Đông Ngạc,Đông Ngạc,,
Hẻm 2/12/19 Đường Đông Ngạc - Đông Ngạc,Đông Ngạc,Đông Ngạc,,
Hẻm 39/32/2 Đường Đông Ngạc - Đông Ngạc,Đông Ngạc,Đông Ngạc,,
Ngách 14/16 Đường Đông Ngạc - Đông Ngạc,Đông Ngạc,Đông Ngạc,,
Ngách 35/18 Đường Đông Ngạc - Đông Ngạc,Đông Ngạc,Đông Ngạc,,
Ngách 39/11 Đường Đông Ngạc - Đông Ngạc,Đông Ngạc,Đông Ngạc,,
Ngách 39/16 Đường Đông Ngạc - Đông Ngạc,Đông Ngạc,Đông Ngạc,,
Ngách 39/23 Đường Đông Ngạc - Đông Ngạc,Đông Ngạc,Đông Ngạc,,
Ngách 39/26 Đường Đông Ngạc - Đông Ngạc,Đông Ngạc,Đông Ngạc,,
Ngách 39/28 Đường Đông Ngạc - Đông Ngạc,Đông Ngạc,Đông Ngạc,,
Ngách 39/30 Đường Đông Ngạc - Đông Ngạc,Đông Ngạc,Đông Ngạc,,
Ngách 39/32 Đường Đông Ngạc - Đông Ngạc,Đông Ngạc,Đông Ngạc,,
Ngách 39/33 Đường Đông Ngạc - Đông Ngạc,Đông Ngạc,Đông Ngạc,,
Ngách 39/37 Đường Đông Ngạc - Đông Ngạc,Đông Ngạc,Đông Ngạc,,
Ngách 39/9 Đường Đông Ngạc - Đông Ngạc,Đông Ngạc,Đông Ngạc,,
Ngõ 14 Đường Đông Ngạc - Đông Ngạc,Đông Ngạc,Đông Ngạc,,
Ngõ 163 Đường Đông Ngạc - Đông Ngạc,Đông Ngạc,Đông Ngạc,,
Ngõ 2A Đường Đông Ngạc - Đông Ngạc,Đông Ngạc,Đông Ngạc,,
Ngõ 39 Đường Đông Ngạc - Đông Ngạc,Đông Ngạc,Đông Ngạc,,
Ngõ 7 Đường Đông Ngạc - Đông Ngạc,Đông Ngạc,Đông Ngạc,,
Đường Đông Thắng - Đông Ngạc,Đông Thắng,Đông Ngạc,,
Ngõ 20 Đường Đông Thắng - Đông Ngạc,Đông Thắng,Đông Ngạc,,
Đường Đức Thắng - Đông Ngạc,Đức Thắng,Đông Ngạc,,
Ngõ 22 Đường Đức Thắng - Đông Ngạc,Đức Thắng,Đông Ngạc,,
Đường Hoàng Tăng Bí - Đông Ngạc,Hoàng Tăng Bí,Đông Ngạc,,TRUE
Ngõ 429 Đường Hoàng Tăng Bí - Đông Ngạc,Hoàng Tăng Bí,Đông Ngạc,,TRUE
Ngõ 451 Đường Hoàng Tăng Bí - Đông Ngạc,Hoàng Tăng Bí,Đông Ngạc,,TRUE
Ngõ 60 Đường Hoàng Tăng Bí - Đông Ngạc,Hoàng Tăng Bí,Đông Ngạc,,TRUE
Ngõ 73 Đường Hoàng Tăng Bí - Đông Ngạc,Hoàng Tăng Bí,Đông Ngạc,,TRUE
Phố Kẻ Giàn - Đông Ngạc,Kẻ Giàn,Đông Ngạc,,
Ngõ 107 Phố Kẻ Vẽ - Đông Ngạc,Kẻ Vẽ,Đông Ngạc,,
Ngõ 2 phố Kẻ Vẽ - Đông Ngạc,Kẻ Vẽ,Đông Ngạc,,
Ngõ 79 Phố Kẻ Vẽ - Đông Ngạc,Kẻ Vẽ,Đông Ngạc,,
Phố Kẻ Vẽ - Đông Ngạc,Kẻ Vẽ,Đông Ngạc,,
Đường Lê Văn Hiến - Đông Ngạc,Lê Văn Hiến,Đông Ngạc,,
Hẻm 56/16/2 Phố Lê Văn Hiến - Đông Ngạc,Lê Văn Hiến,Đông Ngạc,,
Hẻm 56/16/6 Phố Lê Văn Hiến - Đông Ngạc,Lê Văn Hiến,Đông Ngạc,,
Hẻm 56/16/8 Phố Lê Văn Hiến - Đông Ngạc,Lê Văn Hiến,Đông Ngạc,,
Ngách 20/5 Phố Lê Văn Hiến - Đông Ngạc,Lê Văn Hiến,Đông Ngạc,,
Ngách 56/16 Phố Lê Văn Hiến - Đông Ngạc,Lê Văn Hiến,Đông Ngạc,,
Ngách 56/2 Phố Lê Văn Hiến - Đông Ngạc,Lê Văn Hiến,Đông Ngạc,,
Ngách 56/34 Phố Lê Văn Hiến - Đông Ngạc,Lê Văn Hiến,Đông Ngạc,,
Ngách 56/46 Phố Lê Văn Hiến - Đông Ngạc,Lê Văn Hiến,Đông Ngạc,,
Ngách 56/47 Phố Lê Văn Hiến - Đông Ngạc,Lê Văn Hiến,Đông Ngạc,,
Ngách 56/60 Phố Lê Văn Hiến - Đông Ngạc,Lê Văn Hiến,Đông Ngạc,,
Ngõ 151 Đường Lê Văn Hiến - Đông Ngạc,Lê Văn Hiến,Đông Ngạc,,
Ngõ 151 Phố Lê Văn Hiến - Đông Ngạc,Lê Văn Hiến,Đông Ngạc,,
Ngõ 20 Phố Lê Văn Hiến - Đông Ngạc,Lê Văn Hiến,Đông Ngạc,,
Ngõ 32 Phố Lê Văn Hiến - Đông Ngạc,Lê Văn Hiến,Đông Ngạc,,
Ngõ 56 Phố Lê Văn Hiến - Đông Ngạc,Lê Văn Hiến,Đông Ngạc,,
Ngõ 58 Phố Lê Văn Hiến - Đông Ngạc,Lê Văn Hiến,Đông Ngạc,,
Phố Nguyễn Đình Tứ - Đông Ngạc,Nguyễn Đình Tứ,Đông Ngạc,,
Cầu Noi - Đông Ngạc,Noi,Đông Ngạc,,
Cầu Noi (Cũ) - Đông Ngạc,Noi,Đông Ngạc,,
Đường Cầu Noi - Đông Ngạc,Noi,Đông Ngạc,,
Hẻm 72/4/22 Đường Cầu Noi - Đông Ngạc,Noi,Đông Ngạc,,
Ngách 37/16 Đường Cầu Noi - Đông Ngạc,Noi,Đông Ngạc,,
Ngách 72/10 Đường Cầu Noi - Đông Ngạc,Noi,Đông Ngạc,,
Ngõ 77 Đường Cầu Noi - Đông Ngạc,Noi,Đông Ngạc,,
Phố Phạm Tiến Duật - Đông Ngạc,Phạm Tiến Duật,Đông Ngạc,,
Đường Phạm Văn Đồng - Đông Ngạc,Phạm Văn Đồng,Đông Ngạc,,
Ngách 132/5 Đường Phạm Văn Đồng - Đông Ngạc,Phạm Văn Đồng,Đông Ngạc,,
Ngách 218/14 Đường Phạm Văn Đồng - Đông Ngạc,Phạm Văn Đồng,Đông Ngạc,,
Ngách 218/2 Đường Phạm Văn Đồng - Đông Ngạc,Phạm Văn Đồng,Đông Ngạc,,
Ngõ 12 Đường Phạm Văn Đồng - Đông Ngạc,Phạm Văn Đồng,Đông Ngạc,,
Ngõ 132 Đường Phạm Văn Đồng - Đông Ngạc,Phạm Văn Đồng,Đông Ngạc,,
Ngõ 218 Đường Phạm Văn Đồng - Đông Ngạc,Phạm Văn Đồng,Đông Ngạc,,
Ngõ 268 Đường Phạm Văn Đồng - Đông Ngạc,Phạm Văn Đồng,Đông Ngạc,,
Ngõ 334 Đường Phạm Văn Đồng - Đông Ngạc,Phạm Văn Đồng,Đông Ngạc,,
Ngõ 370 Đường Phạm Văn Đồng - Đông Ngạc,Phạm Văn Đồng,Đông Ngạc,,
Ngõ 394 Đường Phạm Văn Đồng - Đông Ngạc,Phạm Văn Đồng,Đông Ngạc,,
Ngõ 418 Đường Phạm Văn Đồng - Đông Ngạc,Phạm Văn Đồng,Đông Ngạc,,
Ngõ 442 Đường Phạm Văn Đồng - Đông Ngạc,Phạm Văn Đồng,Đông Ngạc,,
Đường Phạm Văn Nghị - Đông Ngạc,Phạm Văn Nghị,Đông Ngạc,,
Phạm Văn Nghị - Đông Ngạc,Phạm Văn Nghị,Đông Ngạc,,
Đường Phan Bá Vành - Đông Ngạc,Phan Bá Vành,Đông Ngạc,,
Đường Phú Diễn - Đông Ngạc,Phú Diễn,Đông Ngạc,,
Ngõ 3 Phố Phú Minh - Đông Ngạc,Phú Minh,Đông Ngạc,,
Phố Phú Minh - Đông Ngạc,Phú Minh,Đông Ngạc,,
Phú Minh - Đông Ngạc,Phú Minh,Đông Ngạc,,
Đường Sông Nhuệ - Đông Ngạc,Sông Nhuệ,Đông Ngạc,,
Đường Tân Nhuệ - Đông Ngạc,Tân Nhuệ,Đông Ngạc,,
Ngõ 37 Phố Tân Nhuệ - Đông Ngạc,Tân Nhuệ,Đông Ngạc,,
Ngõ 5 Phố Tân Nhuệ - Đông Ngạc,Tân Nhuệ,Đông Ngạc,,
Ngõ 73 Phố Tân Nhuệ - Đông Ngạc,Tân Nhuệ,Đông Ngạc,,
Ngõ 79 Phố Tân Nhuệ - Đông Ngạc,Tân Nhuệ,Đông Ngạc,,
Đường Tân Xuân - Đông Ngạc,Tân Xuân,Đông Ngạc,,
Ngách 85/123 Đường Tân Xuân - Đông Ngạc,Tân Xuân,Đông Ngạc,,
Ngách 87/1 Đường Tân Xuân - Đông Ngạc,Tân Xuân,Đông Ngạc,,
Ngách 87/10 Đường Tân Xuân - Đông Ngạc,Tân Xuân,Đông Ngạc,,
Ngách 87/19 Đường Tân Xuân - Đông Ngạc,Tân Xuân,Đông Ngạc,,
Ngách 87/20 Đường Tân Xuân - Đông Ngạc,Tân Xuân,Đông Ngạc,,
Ngách 87/23 Đường Tân Xuân - Đông Ngạc,Tân Xuân,Đông Ngạc,,
Ngách 87/30 Đường Tân Xuân - Đông Ngạc,Tân Xuân,Đông Ngạc,,
Ngách 87/33 Đường Tân Xuân - Đông Ngạc,Tân Xuân,Đông Ngạc,,
Ngách 87/40 Đường Tân Xuân - Đông Ngạc,Tân Xuân,Đông Ngạc,,
Ngách 87/9 Đường Tân Xuân - Đông Ngạc,Tân Xuân,Đông Ngạc,,
Ngõ 1 Đường Tân Xuân - Đông Ngạc,Tân Xuân,Đông Ngạc,,
Ngõ 125 Đường Tân Xuân - Đông Ngạc,Tân Xuân,Đông Ngạc,,
Ngõ 187 Đường Tân Xuân - Đông Ngạc,Tân Xuân,Đông Ngạc,,
Ngõ 22 Đường Tân Xuân - Đông Ngạc,Tân Xuân,Đông Ngạc,,
Ngõ 26 Đường Tân Xuân - Đông Ngạc,Tân Xuân,Đông Ngạc,,
Ngõ 43 Đường Tân Xuân - Đông Ngạc,Tân Xuân,Đông Ngạc,,
Ngõ 46 Tân Xuân - Đông Ngạc,Tân Xuân,Đông Ngạc,,
Ngõ 55 Đường Tân Xuân - Đông Ngạc,Tân Xuân,Đông Ngạc,,
Ngõ 74 Đường Tân Xuân - Đông Ngạc,Tân Xuân,Đông Ngạc,,
Ngõ 78 Đường Tân Xuân - Đông Ngạc,Tân Xuân,Đông Ngạc,,
Ngõ 85 Đường Tân Xuân - Đông Ngạc,Tân Xuân,Đông Ngạc,,
Ngõ 85 Tân Xuân - Đông Ngạc,Tân Xuân,Đông Ngạc,,
Ngõ 87 Đường Tân Xuân - Đông Ngạc,Tân Xuân,Đông Ngạc,,
Ngõ 88 Đường Tân Xuân - Đông Ngạc,Tân Xuân,Đông Ngạc,,
Ngõ 94-96 Đường Tân Xuân - Đông Ngạc,Tân Xuân,Đông Ngạc,,
Cầu Thăng Long - Đông Ngạc,Thăng Long,Đông Ngạc,,
Đường Tây Thăng Long - Đông Ngạc,Thăng Long,Đông Ngạc,,
Đường Thuỵ Phương - Đông Ngạc,Thuỵ Phương,Đông Ngạc,,
Hẻm 123/47/7 Đường Thuỵ Phương - Đông Ngạc,Thuỵ Phương,Đông Ngạc,,
Hẻm 201/1/4 Đường Thuỵ Phương - Đông Ngạc,Thuỵ Phương,Đông Ngạc,,
Hẻm 266/11/7 Đường Thuỵ Phương - Đông Ngạc,Thuỵ Phương,Đông Ngạc,,
Hẻm 351/81/3 Đường Thuỵ Phương - Đông Ngạc,Thuỵ Phương,Đông Ngạc,,
Hẻm 381/42/1 Đường Thuỵ Phương - Đông Ngạc,Thuỵ Phương,Đông Ngạc,,
Ngách 123/22 Đường Thuỵ Phương - Đông Ngạc,Thuỵ Phương,Đông Ngạc,,
Ngách 225/17 Đường Thuỵ Phương - Đông Ngạc,Thuỵ Phương,Đông Ngạc,,
Ngách 225/35 Đường Thuỵ Phương - Đông Ngạc,Thuỵ Phương,Đông Ngạc,,
Ngách 266/11 Đường Thuỵ Phương - Đông Ngạc,Thuỵ Phương,Đông Ngạc,,
Ngách 351/104 Đường Thuỵ Phương - Đông Ngạc,Thuỵ Phương,Đông Ngạc,,
Ngách 351/11 Đường Thuỵ Phương - Đông Ngạc,Thuỵ Phương,Đông Ngạc,,
Ngách 351/12 Đường Thuỵ Phương - Đông Ngạc,Thuỵ Phương,Đông Ngạc,,
Ngách 351/26 Đường Thuỵ Phương - Đông Ngạc,Thuỵ Phương,Đông Ngạc,,
Ngách 351/81 Đường Thuỵ Phương - Đông Ngạc,Thuỵ Phương,Đông Ngạc,,
Ngách 351/87 Đường Thuỵ Phương - Đông Ngạc,Thuỵ Phương,Đông Ngạc,,
Ngách 351/97 Đường Thuỵ Phương - Đông Ngạc,Thuỵ Phương,Đông Ngạc,,
Ngách 381/23 Đường Thuỵ Phương - Đông Ngạc,Thuỵ Phương,Đông Ngạc,,
Ngách 381/36 Đường Thuỵ Phương - Đông Ngạc,Thuỵ Phương,Đông Ngạc,,
Ngách 381/42 Đường Thuỵ Phương - Đông Ngạc,Thuỵ Phương,Đông Ngạc,,
Ngách 381/9 Đường Thuỵ Phương - Đông Ngạc,Thuỵ Phương,Đông Ngạc,,
Ngõ 111 Thuỵ Phương - Đông Ngạc,Thuỵ Phương,Đông Ngạc,,
Ngõ 123 Đường Thuỵ Phương - Đông Ngạc,Thuỵ Phương,Đông Ngạc,,
Ngõ 125 Đường Thuỵ Phương - Đông Ngạc,Thuỵ Phương,Đông Ngạc,,
Ngõ 201 Đường Thuỵ Phương - Đông Ngạc,Thuỵ Phương,Đông Ngạc,,
Ngõ 225 Đường Thuỵ Phương - Đông Ngạc,Thuỵ Phương,Đông Ngạc,,
Ngõ 266 Đường Thuỵ Phương - Đông Ngạc,Thuỵ Phương,Đông Ngạc,,
Ngõ 269 Đường Thuỵ Phương - Đông Ngạc,Thuỵ Phương,Đông Ngạc,,
Ngõ 323 Đường Thuỵ Phương - Đông Ngạc,Thuỵ Phương,Đông Ngạc,,
Ngõ 351 Đường Thuỵ Phương - Đông Ngạc,Thuỵ Phương,Đông Ngạc,,
Ngõ 381 Đường Thuỵ Phương - Đông Ngạc,Thuỵ Phương,Đông Ngạc,,
Ngõ 527 Đường Thuỵ Phương - Đông Ngạc,Thuỵ Phương,Đông Ngạc,,
Đường Trại Gà - Đông Ngạc,Trại Gà,Đông Ngạc,,
Hẻm 176/2/1 Phố Văn Hội - Đông Ngạc,Văn Hội,Đông Ngạc,,
Ngách 1/92 Phố Văn Hội - Đông Ngạc,Văn Hội,Đông Ngạc,,
Ngách 172/2 Phố Văn Hội - Đông Ngạc,Văn Hội,Đông Ngạc,,
Ngách 176/19 Phố Văn Hội - Đông Ngạc,Văn Hội,Đông Ngạc,,
Ngách 176/22 Phố Văn Hội - Đông Ngạc,Văn Hội,Đông Ngạc,,
Ngách 176/27 Phố Văn Hội - Đông Ngạc,Văn Hội,Đông Ngạc,,
Ngách 176/38 Phố Văn Hội - Đông Ngạc,Văn Hội,Đông Ngạc,,
Ngõ 1 Văn Hội - Đông Ngạc,Văn Hội,Đông Ngạc,,
Ngõ 113 Phố Văn Hội - Đông Ngạc,Văn Hội,Đông Ngạc,,
Ngõ 176 Phố Văn Hội - Đông Ngạc,Văn Hội,Đông Ngạc,,
Ngõ 31 Phố Văn Hội - Đông Ngạc,Văn Hội,Đông Ngạc,,
Ngõ 46 Phố Văn Hội - Đông Ngạc,Văn Hội,Đông Ngạc,,
Phố Văn Hội - Đông Ngạc,Văn Hội,Đông Ngạc,,
Ngách 32/2 Phố Viên - Đông Ngạc,Viên,Đông Ngạc,,
Ngách 32/21 Phố Viên - Đông Ngạc,Viên,Đông Ngạc,,
Ngõ 32 Phố Viên - Đông Ngạc,Viên,Đông Ngạc,,
Phố Viên - Đông Ngạc,Viên,Đông Ngạc,,
Ngõ Việt Hà 1 - Đông Ngạc,Việt Hà,Đông Ngạc,,
Ngõ Việt Hà 2 - Đông Ngạc,Việt Hà,Đông Ngạc,,
Đường Chùa Tổng - Dương Nội,Chùa Tổng,Dương Nội,,
Đường Chùa Võ - Dương Nội,Chùa Võ,Dương Nội,,
Ngõ 112 Đường Chùa Võ - Dương Nội,Chùa Võ,Dương Nội,,
Ngõ 19 Đường Chùa Võ - Dương Nội,Chùa Võ,Dương Nội,,
Ngõ 23 Đường Chùa Võ - Dương Nội,Chùa Võ,Dương Nội,,
Ngõ 27 Đường Chùa Võ - Dương Nội,Chùa Võ,Dương Nội,,
Ngõ 58 Đường Chùa Võ - Dương Nội,Chùa Võ,Dương Nội,,
Ngõ 61 Đường Chùa Võ - Dương Nội,Chùa Võ,Dương Nội,,
Ngõ 69 Đường Chùa Võ - Dương Nội,Chùa Võ,Dương Nội,,
Ngõ 9 Đường Chùa Võ - Dương Nội,Chùa Võ,Dương Nội,,
Ngõ 91 Đường Chùa Võ - Dương Nội,Chùa Võ,Dương Nội,,
Ngõ 92 Đường Chùa Võ - Dương Nội,Chùa Võ,Dương Nội,,
Ngõ 96 Đường Chùa Võ - Dương Nội,Chùa Võ,Dương Nội,,
Ngõ 99 Đường Chùa Võ - Dương Nội,Chùa Võ,Dương Nội,,
Đường Đồng Tiến - Dương Nội,Đồng Tiến,Dương Nội,,
Đường Dương Nội - Dương Nội,Dương Nội,Dương Nội,,
Ngõ 48 Đường Dương Nội - Dương Nội,Dương Nội,Dương Nội,,
Ngách 72/6 Phố La Dương - Dương Nội,La Dương,Dương Nội,,
Ngách 73/15 Phố La Dương - Dương Nội,La Dương,Dương Nội,,
Ngách 73/21 Phố La Dương - Dương Nội,La Dương,Dương Nội,,
Ngách 73/51 Phố La Dương - Dương Nội,La Dương,Dương Nội,,
Ngõ 48 Phố La Dương - Dương Nội,La Dương,Dương Nội,,
Ngõ 72 Phố La Dương - Dương Nội,La Dương,Dương Nội,,
Ngõ 73 Phố La Dương - Dương Nội,La Dương,Dương Nội,,
Phố La Dương - Dương Nội,La Dương,Dương Nội,,
Cầu Kênh La Khê - Dương Nội,La Khê,Dương Nội,,
Vòng Xuyến La Khê - Dương Nội,La Khê,Dương Nội,,
Hẻm 88/62/3 Đường La Nội - Dương Nội,La Nội,Dương Nội,,
Ngách 88/30 Đường La Nội - Dương Nội,La Nội,Dương Nội,,
Ngách 88/62 Đường La Nội - Dương Nội,La Nội,Dương Nội,,
Ngõ 1 Đường La Nội - Dương Nội,La Nội,Dương Nội,,
Ngõ 103 Đường La Nội - Dương Nội,La Nội,Dương Nội,,
Ngõ 106 Đường La Nội - Dương Nội,La Nội,Dương Nội,,
Ngõ 122 Đường La Nội - Dương Nội,La Nội,Dương Nội,,
Ngõ 129 Đường La Nội - Dương Nội,La Nội,Dương Nội,,
Ngõ 139 Đường La Nội - Dương Nội,La Nội,Dương Nội,,
Ngõ 143 Đường La Nội - Dương Nội,La Nội,Dương Nội,,
Ngõ 19 Đường La Nội - Dương Nội,La Nội,Dương Nội,,
Ngõ 25 Đường La Nội - Dương Nội,La Nội,Dương Nội,,
Ngõ 30 Đường La Nội - Dương Nội,La Nội,Dương Nội,,
Ngõ 32 Đường La Nội - Dương Nội,La Nội,Dương Nội,,
Ngõ 32 Phố La Nội - Dương Nội,La Nội,Dương Nội,,
Ngõ 5 Đường La Nội - Dương Nội,La Nội,Dương Nội,,
Ngõ 61 Đường La Nội - Dương Nội,La Nội,Dương Nội,,
Ngõ 79 Đường La Nội - Dương Nội,La Nội,Dương Nội,,
Ngõ 80 Đường La Nội - Dương Nội,La Nội,Dương Nội,,
Ngõ 88 Đường La Nội - Dương Nội,La Nội,Dương Nội,,
Ngõ 91 Đường La Nội - Dương Nội,La Nội,Dương Nội,,
Phố La Nội - Dương Nội,La Nội,Dương Nội,,
Đường Lê Trọng Tấn - Dương Nội,Lê Trọng Tấn,Dương Nội,,
Ngõ 225 Phố Lê Trọng Tấn - Dương Nội,Lê Trọng Tấn,Dương Nội,,
Ngõ 291 Phố Lê Trọng Tấn - Dương Nội,Lê Trọng Tấn,Dương Nội,,
Ngõ 534 Phố Lê Trọng Tấn - Dương Nội,Lê Trọng Tấn,Dương Nội,,
Phố Nguyễn Thanh Bình - Dương Nội,Nguyễn Thanh Bình,Dương Nội,,
Phố Nguyễn Trác - Dương Nội,Nguyễn Trác,Dương Nội,,
Phố Nguyễn Văn Luyện - Dương Nội,Nguyễn Văn Luyện,Dương Nội,,
Phố Phạm Khắc Hoè - Dương Nội,Phạm Khắc Hoè,Dương Nội,,
Phố Phan Hiền - Dương Nội,Phan Hiền,Dương Nội,,
Phố Phan Kế Toại - Dương Nội,Phan Kế Toại,Dương Nội,,
Đường Quang Trung - Dương Nội,Quang Trung,Dương Nội,,
Ngõ 12 Đường Quang Trung - Dương Nội,Quang Trung,Dương Nội,,
Ngõ 704 Đường Quang Trung - Dương Nội,Quang Trung,Dương Nội,,
Ngõ 804 Đường Quang Trung - Dương Nội,Quang Trung,Dương Nội,,
Đường Quyết Thắng - Dương Nội,Quyết Thắng,Dương Nội,,
Đường Tiến Thành - Dương Nội,Tiến Thành,Dương Nội,,
Ngõ 104 Đường Tiến Thành - Dương Nội,Tiến Thành,Dương Nội,,
Ngõ 104 Tiến Thành - Dương Nội,Tiến Thành,Dương Nội,,
Ngõ 112 Đường Tiến Thành - Dương Nội,Tiến Thành,Dương Nội,,
Ngõ 120 Đường Tiến Thành - Dương Nội,Tiến Thành,Dương Nội,,
Ngõ 136 Đường Tiến Thành - Dương Nội,Tiến Thành,Dương Nội,,
Ngõ 158 Tiến Thành - Dương Nội,Tiến Thành,Dương Nội,,
Ngõ 86 Tiến Thành - Dương Nội,Tiến Thành,Dương Nội,,
Phố Vũ Nam Long - Dương Nội,Vũ Nam Long,Dương Nội,,
Đường Ỷ La - Dương Nội,Ỷ La,Dương Nội,,
Hẻm 112/11/1 Đường Ỷ La - Dương Nội,Ỷ La,Dương Nội,,
Hẻm 112/11/33 Đường Ỷ La - Dương Nội,Ỷ La,Dương Nội,,
Hẻm 112/11/33/7 Đường Ỷ La - Dương Nội,Ỷ La,Dương Nội,,
Hẻm 112/11/35 Đường Ỷ La - Dương Nội,Ỷ La,Dương Nội,,
Hẻm 28/47/43 Đường Ỷ La - Dương Nội,Ỷ La,Dương Nội,,
Ngách 112/11 Đường Ỷ La - Dương Nội,Ỷ La,Dương Nội,,
Ngách 112/19 Đường Ỷ La - Dương Nội,Ỷ La,Dương Nội,,
Ngách 112/65 Đường Ỷ La - Dương Nội,Ỷ La,Dương Nội,,
Ngách 138/31 Đường Ỷ La - Dương Nội,Ỷ La,Dương Nội,,
Ngách 138/51 Đường Ỷ La - Dương Nội,Ỷ La,Dương Nội,,
Ngách 138/64 Phố Ỷ La - Dương Nội,Ỷ La,Dương Nội,,
Ngách 164/61 Đường Ỷ La - Dương Nội,Ỷ La,Dương Nội,,
Ngách 26/1 Đường Ỷ La - Dương Nội,Ỷ La,Dương Nội,,
Ngách 26/23 Đường Ỷ La - Dương Nội,Ỷ La,Dương Nội,,
Ngách 26/8 Đường Ỷ La - Dương Nội,Ỷ La,Dương Nội,,
Ngách 28/21 Đường Ỷ La - Dương Nội,Ỷ La,Dương Nội,,
Ngách 28/47 Đường Ỷ La - Dương Nội,Ỷ La,Dương Nội,,
Ngõ 112 Đường Ỷ La - Dương Nội,Ỷ La,Dương Nội,,
Ngõ 138 Đường Ỷ La - Dương Nội,Ỷ La,Dương Nội,,
Ngõ 164 Ỷ La - Dương Nội,Ỷ La,Dương Nội,,
Ngõ 230 Ỷ La - Dương Nội,Ỷ La,Dương Nội,,
Ngõ 26 Đường Ỷ La - Dương Nội,Ỷ La,Dương Nội,,
Ngõ 262 Phố Ỷ La - Dương Nội,Ỷ La,Dương Nội,,
Ngõ 28 Đường Ỷ La - Dương Nội,Ỷ La,Dương Nội,,
Ngõ 285 Phố Ỷ La - Dương Nội,Ỷ La,Dương Nội,,
"Phố Lê Giản - Dương Nội, Đại Mỗ",Lê Giản,"Dương Nội, Đại Mỗ",,
"Vòng Xuyến La Khê - Dương Nội, Hà Đông",La Khê,"Dương Nội, Hà Đông",,
"Phố Nguyễn Thanh Bình - Dương Nội, Hà Đông",Nguyễn Thanh Bình,"Dương Nội, Hà Đông",,
"Phố Nguyễn Văn Luyện - Dương Nội, Hà Đông",Nguyễn Văn Luyện,"Dương Nội, Hà Đông",,
"Phố Phạm Khắc Hoè - Dương Nội, Hà Đông",Phạm Khắc Hoè,"Dương Nội, Hà Đông",,
"Đường Quang Trung - Dương Nội, Hà Đông",Quang Trung,"Dương Nội, Hà Đông",,
"Phố Ba La - Dương Nội, Kiến Hưng",Ba La,"Dương Nội, Kiến Hưng",,
"Đường Quang Trung - Dương Nội, Kiến Hưng",Quang Trung,"Dương Nội, Kiến Hưng",,
"Phố Văn La - Dương Nội, Kiến Hưng",Văn La,"Dương Nội, Kiến Hưng",,
"Đường Chùa Tổng - Dương Nội, Tây Mỗ",Chùa Tổng,"Dương Nội, Tây Mỗ",,
"Đường Dương Nội - Dương Nội, Tây Mỗ",Dương Nội,"Dương Nội, Tây Mỗ",,
"Đường Hữu Hưng - Dương Nội, Tây Mỗ",Hữu Hưng,"Dương Nội, Tây Mỗ",,
"Ngõ 468 Đường Hữu Hưng - Dương Nội, Tây Mỗ",Hữu Hưng,"Dương Nội, Tây Mỗ",,
"Phố Nguyễn Văn Luyện - Dương Nội, Tây Mỗ",Nguyễn Văn Luyện,"Dương Nội, Tây Mỗ",,
"Phố Nguyễn Trác - Dương Nội, Yên Nghĩa",Nguyễn Trác,"Dương Nội, Yên Nghĩa",,
"Đường Quang Trung - Dương Nội, Yên Nghĩa",Quang Trung,"Dương Nội, Yên Nghĩa",,
"Đường Quyết Thắng - Dương Nội, Yên Nghĩa",Quyết Thắng,"Dương Nội, Yên Nghĩa",,
Đường Bưởi - Giảng Võ,Bưởi,Giảng Võ,,
Ngách 32/2 Đường Bưởi - Giảng Võ,Bưởi,Giảng Võ,,
Ngách 90/2 Đường Bưởi - Giảng Võ,Bưởi,Giảng Võ,,
Ngách 90/6 Đường Bưởi - Giảng Võ,Bưởi,Giảng Võ,,
Ngõ 172 Đường Bưởi - Giảng Võ,Bưởi,Giảng Võ,,
Ngõ 186 Đường Bưởi - Giảng Võ,Bưởi,Giảng Võ,,
Ngõ 212 Đường Bưởi - Giảng Võ,Bưởi,Giảng Võ,,
Ngõ 224 Đường Bưởi - Giảng Võ,Bưởi,Giảng Võ,,
Ngõ 32 Đường Bưởi - Giảng Võ,Bưởi,Giảng Võ,,
Ngõ 90 Đường Bưởi - Giảng Võ,Bưởi,Giảng Võ,,
Đường Cầu Giấy - Giảng Võ,Cầu Giấy,Giảng Võ,,
Cầu Đào Tấn - Giảng Võ,Đào Tấn,Giảng Võ,,
Ngách 104/14 Phố Đào Tấn - Giảng Võ,Đào Tấn,Giảng Võ,,
Ngách 118/14 Phố Đào Tấn - Giảng Võ,Đào Tấn,Giảng Võ,,
Ngách 12/37 Phố Đào Tấn - Giảng Võ,Đào Tấn,Giảng Võ,,
Ngách 12/47 Phố Đào Tấn - Giảng Võ,Đào Tấn,Giảng Võ,,
Ngách 12/58 Phố Đào Tấn - Giảng Võ,Đào Tấn,Giảng Võ,,
Ngách 12/71 Phố Đào Tấn - Giảng Võ,Đào Tấn,Giảng Võ,,
Ngách 12/73 Phố Đào Tấn - Giảng Võ,Đào Tấn,Giảng Võ,,
Ngách 58/12 Phố Đào Tấn - Giảng Võ,Đào Tấn,Giảng Võ,,
Ngách 58/54 Phố Đào Tấn - Giảng Võ,Đào Tấn,Giảng Võ,,
Ngách 9/27 Phố Đào Tấn - Giảng Võ,Đào Tấn,Giảng Võ,,
Ngõ 101 Phố Đào Tấn - Giảng Võ,Đào Tấn,Giảng Võ,,
Ngõ 104 Phố Đào Tấn - Giảng Võ,Đào Tấn,Giảng Võ,,
Ngõ 107 Phố Đào Tấn - Giảng Võ,Đào Tấn,Giảng Võ,,
Ngõ 113 Phố Đào Tấn - Giảng Võ,Đào Tấn,Giảng Võ,,
Ngõ 118 Phố Đào Tấn - Giảng Võ,Đào Tấn,Giảng Võ,,
Ngõ 12 Phố Đào Tấn - Giảng Võ,Đào Tấn,Giảng Võ,,
Ngõ 21/12 Phố Đào Tấn - Giảng Võ,Đào Tấn,Giảng Võ,,
Ngõ 24 Phố Đào Tấn - Giảng Võ,Đào Tấn,Giảng Võ,,
Ngõ 36 Phố Đào Tấn - Giảng Võ,Đào Tấn,Giảng Võ,,
Ngõ 37 Phố Đào Tấn - Giảng Võ,Đào Tấn,Giảng Võ,,
Ngõ 58 Phố Đào Tấn - Giảng Võ,Đào Tấn,Giảng Võ,,
Ngõ 65 Phố Đào Tấn - Giảng Võ,Đào Tấn,Giảng Võ,,
Ngõ 83 Phố Đào Tấn - Giảng Võ,Đào Tấn,Giảng Võ,,
Ngõ 9 Phố Đào Tấn - Giảng Võ,Đào Tấn,Giảng Võ,,
Ngõ 92 Phố Đào Tấn - Giảng Võ,Đào Tấn,Giảng Võ,,
Ngõ 98 Phố Đào Tấn - Giảng Võ,Đào Tấn,Giảng Võ,,
Phố Đào Tấn - Giảng Võ,Đào Tấn,Giảng Võ,,
Ngách 23/2 Phố Giang Văn Minh - Giảng Võ,Giang Văn Minh,Giảng Võ,,
Ngõ 23 Phố Giang Văn Minh - Giảng Võ,Giang Văn Minh,Giảng Võ,,
Ngõ 4 Phố Giang Văn Minh - Giảng Võ,Giang Văn Minh,Giảng Võ,,
Phố Giang Văn Minh - Giảng Võ,Giang Văn Minh,Giảng Võ,,
Ngách 140/1 Phố Giảng Võ - Giảng Võ,Giảng Võ,Giảng Võ,,
Ngõ 140 A2 Giảng Võ - Giảng Võ,Giảng Võ,Giảng Võ,,
Phố Giảng Võ - Giảng Võ,Giảng Võ,Giảng Võ,,
Hẻm 16/1/30 Phố Huỳnh Thúc Kháng - Giảng Võ,Huỳnh Thúc Kháng,Giảng Võ,,
Ngách 16/1 Phố Huỳnh Thúc Kháng - Giảng Võ,Huỳnh Thúc Kháng,Giảng Võ,,
Phố Huỳnh Thúc Kháng - Giảng Võ,Huỳnh Thúc Kháng,Giảng Võ,,
Hẻm 371/2/10 Phố Kim Mã - Giảng Võ,Kim Mã,Giảng Võ,,
Hẻm 371/9/19 Phố Kim Mã - Giảng Võ,Kim Mã,Giảng Võ,,
Hẻm 371/9/35 Phố Kim Mã - Giảng Võ,Kim Mã,Giảng Võ,,
Hẻm 409/53/2 Phố Kim Mã - Giảng Võ,Kim Mã,Giảng Võ,,
Hẻm 477/15/3 Phố Kim Mã - Giảng Võ,Kim Mã,Giảng Võ,,
Hẻm 575/22/14 Phố Kim Mã - Giảng Võ,Kim Mã,Giảng Võ,,
Ngách 143/2 Phố Kim Mã - Giảng Võ,Kim Mã,Giảng Võ,,
Ngách 169/22 Phố Kim Mã - Giảng Võ,Kim Mã,Giảng Võ,,
Ngách 371/2 Phố Kim Mã - Giảng Võ,Kim Mã,Giảng Võ,,
Ngách 371/9 Phố Kim Mã - Giảng Võ,Kim Mã,Giảng Võ,,
Ngách 409/2 Phố Kim Mã - Giảng Võ,Kim Mã,Giảng Võ,,
Ngách 409/53 Phố Kim Mã - Giảng Võ,Kim Mã,Giảng Võ,,
Ngách 477/15 Phố Kim Mã - Giảng Võ,Kim Mã,Giảng Võ,,
Ngách 575/1 Phố Kim Mã - Giảng Võ,Kim Mã,Giảng Võ,,
Ngách 575/18 Phố Kim Mã - Giảng Võ,Kim Mã,Giảng Võ,,
Ngách 575/22 Phố Kim Mã - Giảng Võ,Kim Mã,Giảng Võ,,
Ngách 575/27 Phố Kim Mã - Giảng Võ,Kim Mã,Giảng Võ,,
Ngách 575/38 Phố Kim Mã - Giảng Võ,Kim Mã,Giảng Võ,,
Ngách 575/39 Phố Kim Mã - Giảng Võ,Kim Mã,Giảng Võ,,
Ngách 575/7 Phố Kim Mã - Giảng Võ,Kim Mã,Giảng Võ,,
Ngách 629/22 Phố Kim Mã - Giảng Võ,Kim Mã,Giảng Võ,,
Ngách 629/5 Phố Kim Mã - Giảng Võ,Kim Mã,Giảng Võ,,
Ngách 95/1 Phố Kim Mã - Giảng Võ,Kim Mã,Giảng Võ,,
Ngách 95/3 Phố Kim Mã - Giảng Võ,Kim Mã,Giảng Võ,,
Ngách 95/40 Phố Kim Mã - Giảng Võ,Kim Mã,Giảng Võ,,
Ngách 95/8 Phố Kim Mã - Giảng Võ,Kim Mã,Giảng Võ,,
Ngõ 103 Phố Kim Mã - Giảng Võ,Kim Mã,Giảng Võ,,
Ngõ 125 Phố Kim Mã - Giảng Võ,Kim Mã,Giảng Võ,,
Ngõ 143 Phố Kim Mã - Giảng Võ,Kim Mã,Giảng Võ,,
Ngõ 169 Phố Kim Mã - Giảng Võ,Kim Mã,Giảng Võ,,
Ngõ 185 Phố Kim Mã - Giảng Võ,Kim Mã,Giảng Võ,,
Ngõ 203 Phố Kim Mã - Giảng Võ,Kim Mã,Giảng Võ,,
Ngõ 21 Phố Kim Mã - Giảng Võ,Kim Mã,Giảng Võ,,
Ngõ 221 Phố Kim Mã - Giảng Võ,Kim Mã,Giảng Võ,,
Ngõ 241 Phố Kim Mã - Giảng Võ,Kim Mã,Giảng Võ,,
Ngõ 251 Phố Kim Mã - Giảng Võ,Kim Mã,Giảng Võ,,
Ngõ 31 Phố Kim Mã - Giảng Võ,Kim Mã,Giảng Võ,,
Ngõ 371 Phố Kim Mã - Giảng Võ,Kim Mã,Giảng Võ,,
Ngõ 409 Phố Kim Mã - Giảng Võ,Kim Mã,Giảng Võ,,
Ngõ 429 Phố Kim Mã - Giảng Võ,Kim Mã,Giảng Võ,,
Ngõ 437 Phố Kim Mã - Giảng Võ,Kim Mã,Giảng Võ,,
Ngõ 455 Phố Kim Mã - Giảng Võ,Kim Mã,Giảng Võ,,
Ngõ 477 Phố Kim Mã - Giảng Võ,Kim Mã,Giảng Võ,,
Ngõ 479 Phố Kim Mã - Giảng Võ,Kim Mã,Giảng Võ,,
Ngõ 499 Phố Kim Mã - Giảng Võ,Kim Mã,Giảng Võ,,
Ngõ 511 Phố Kim Mã - Giảng Võ,Kim Mã,Giảng Võ,,
Ngõ 523 Phố Kim Mã - Giảng Võ,Kim Mã,Giảng Võ,,
Ngõ 535 Phố Kim Mã - Giảng Võ,Kim Mã,Giảng Võ,,
Ngõ 555 Phố Kim Mã - Giảng Võ,Kim Mã,Giảng Võ,,
Ngõ 575 Phố Kim Mã - Giảng Võ,Kim Mã,Giảng Võ,,
Ngõ 629 Phố Kim Mã - Giảng Võ,Kim Mã,Giảng Võ,,
Ngõ 95 Phố Kim Mã - Giảng Võ,Kim Mã,Giảng Võ,,
Phố Kim Mã - Giảng Võ,Kim Mã,Giảng Võ,,
Đường La Thành - Giảng Võ,La Thành,Giảng Võ,,
Hẻm 612/16/1 Đường La Thành - Giảng Võ,La Thành,Giảng Võ,,
Hẻm 678/26/4 Đường La Thành - Giảng Võ,La Thành,Giảng Võ,,
Ngách 21/612 Đường La Thành - Giảng Võ,La Thành,Giảng Võ,,
Ngách 491/39 Đường La Thành - Giảng Võ,La Thành,Giảng Võ,,
Ngách 612/16 Đường La Thành - Giảng Võ,La Thành,Giảng Võ,,
Ngách 612/50 Đường La Thành - Giảng Võ,La Thành,Giảng Võ,,
Ngách 612/77 Đường La Thành - Giảng Võ,La Thành,Giảng Võ,,
Ngách 612/79 Đường La Thành - Giảng Võ,La Thành,Giảng Võ,,
Ngách 678/26 Đường La Thành - Giảng Võ,La Thành,Giảng Võ,,
Ngách 766/24 Đường La Thành - Giảng Võ,La Thành,Giảng Võ,,
Ngách 766/31 Đường La Thành - Giảng Võ,La Thành,Giảng Võ,,
Ngách 766/33 Đường La Thành - Giảng Võ,La Thành,Giảng Võ,,
Ngách 766/38 Đường La Thành - Giảng Võ,La Thành,Giảng Võ,,
Ngách 766/57 Đường La Thành - Giảng Võ,La Thành,Giảng Võ,,
Ngách 766/9 Đường La Thành - Giảng Võ,La Thành,Giảng Võ,,
Ngõ 1104 Đường La Thành - Giảng Võ,La Thành,Giảng Võ,,
Ngõ 463 Đường La Thành - Giảng Võ,La Thành,Giảng Võ,,
Ngõ 479 Đường La Thành - Giảng Võ,La Thành,Giảng Võ,,
Ngõ 491 Đường La Thành - Giảng Võ,La Thành,Giảng Võ,,
Ngõ 528 Đường La Thành - Giảng Võ,La Thành,Giảng Võ,,
Ngõ 534 Đường La Thành - Giảng Võ,La Thành,Giảng Võ,,
Ngõ 568 Đường La Thành - Giảng Võ,La Thành,Giảng Võ,,
Ngõ 612 Đường La Thành - Giảng Võ,La Thành,Giảng Võ,,
Ngõ 642 Đường La Thành - Giảng Võ,La Thành,Giảng Võ,,
Ngõ 660 Đường La Thành - Giảng Võ,La Thành,Giảng Võ,,
Ngõ 678 Đường La Thành - Giảng Võ,La Thành,Giảng Võ,,
Ngõ 708 Đường La Thành - Giảng Võ,La Thành,Giảng Võ,,
Ngõ 720 Đường La Thành - Giảng Võ,La Thành,Giảng Võ,,
Ngõ 766 Đường La Thành - Giảng Võ,La Thành,Giảng Võ,,
Ngõ 810 Đường La Thành - Giảng Võ,La Thành,Giảng Võ,,
Ngách 10/57 Phố Láng Hạ - Giảng Võ,Láng Hạ,Giảng Võ,,
Ngõ 10 Phố Láng Hạ - Giảng Võ,Láng Hạ,Giảng Võ,,
Ngõ 12 Phố Láng Hạ - Giảng Võ,Láng Hạ,Giảng Võ,,
Ngõ 8 Phố Láng Hạ - Giảng Võ,Láng Hạ,Giảng Võ,,
Phố Láng Hạ - Giảng Võ,Láng Hạ,Giảng Võ,,
Phố Liễu Giai - Giảng Võ,Liễu Giai,Giảng Võ,,
Ngách 81/35 Phố Linh Lang - Giảng Võ,Linh Lang,Giảng Võ,,
Ngõ 112 Phố Linh Lang - Giảng Võ,Linh Lang,Giảng Võ,,
Ngõ 53 Phố Linh Lang - Giảng Võ,Linh Lang,Giảng Võ,,
Ngõ 70 Phố Linh Lang - Giảng Võ,Linh Lang,Giảng Võ,,
Ngõ 71 Phố Linh Lang - Giảng Võ,Linh Lang,Giảng Võ,,
Ngõ 76 Phố Linh Lang - Giảng Võ,Linh Lang,Giảng Võ,,
Ngõ 81 Phố Linh Lang - Giảng Võ,Linh Lang,Giảng Võ,,
Ngõ 84 Phố Linh Lang - Giảng Võ,Linh Lang,Giảng Võ,,
Ngõ 94 Phố Linh Lang - Giảng Võ,Linh Lang,Giảng Võ,,
Ngõ 95 Phố Linh Lang - Giảng Võ,Linh Lang,Giảng Võ,,
Phố Linh Lang - Giảng Võ,Linh Lang,Giảng Võ,,
Phố Nam Cao - Giảng Võ,Nam Cao,Giảng Võ,,
Ngách 112/40 Phố Ngọc Khánh - Giảng Võ,Ngọc Khánh,Giảng Võ,,
Ngách 112/68 Phố Ngọc Khánh - Giảng Võ,Ngọc Khánh,Giảng Võ,,
Ngách 112/82 Phố Ngọc Khánh - Giảng Võ,Ngọc Khánh,Giảng Võ,,
Ngách 112/97 Phố Ngọc Khánh - Giảng Võ,Ngọc Khánh,Giảng Võ,,
Ngách 70/2 Phố Ngọc Khánh - Giảng Võ,Ngọc Khánh,Giảng Võ,,
Ngách 70/6 Phố Ngọc Khánh - Giảng Võ,Ngọc Khánh,Giảng Võ,,
Ngách 84/16 Phố Ngọc Khánh - Giảng Võ,Ngọc Khánh,Giảng Võ,,
Ngách 84/2 Phố Ngọc Khánh - Giảng Võ,Ngọc Khánh,Giảng Võ,,
Ngách 84/3 Phố Ngọc Khánh - Giảng Võ,Ngọc Khánh,Giảng Võ,,
Ngách 84/33 Phố Ngọc Khánh - Giảng Võ,Ngọc Khánh,Giảng Võ,,
Ngách 84/39 Phố Ngọc Khánh - Giảng Võ,Ngọc Khánh,Giảng Võ,,
Ngách 84/7 Phố Ngọc Khánh - Giảng Võ,Ngọc Khánh,Giảng Võ,,
Ngách 94/33 Phố Ngọc Khánh - Giảng Võ,Ngọc Khánh,Giảng Võ,,
Ngách 94/79 Phố Ngọc Khánh - Giảng Võ,Ngọc Khánh,Giảng Võ,,
Ngõ 10 Phố Ngọc Khánh - Giảng Võ,Ngọc Khánh,Giảng Võ,,
Ngõ 11 Phố Ngọc Khánh - Giảng Võ,Ngọc Khánh,Giảng Võ,,
Ngõ 112 Phố Ngọc Khánh - Giảng Võ,Ngọc Khánh,Giảng Võ,,
Ngõ 168 Phố Ngọc Khánh - Giảng Võ,Ngọc Khánh,Giảng Võ,,
Ngõ 28 Phố Ngọc Khánh - Giảng Võ,Ngọc Khánh,Giảng Võ,,
Ngõ 36 Phố Ngọc Khánh - Giảng Võ,Ngọc Khánh,Giảng Võ,,
Ngõ 70 Phố Ngọc Khánh - Giảng Võ,Ngọc Khánh,Giảng Võ,,
Ngõ 84 Phố Ngọc Khánh - Giảng Võ,Ngọc Khánh,Giảng Võ,,
Ngõ 84/30 Phố Ngọc Khánh - Giảng Võ,Ngọc Khánh,Giảng Võ,,
Ngõ 94 Phố Ngọc Khánh - Giảng Võ,Ngọc Khánh,Giảng Võ,,
Phố Ngọc Khánh - Giảng Võ,Ngọc Khánh,Giảng Võ,,
Đường Nguyễn Chí Thanh - Giảng Võ,Nguyễn Chí Thanh,Giảng Võ,,
Ngách 16/1 Đường Nguyễn Chí Thanh - Giảng Võ,Nguyễn Chí Thanh,Giảng Võ,,
Ngách 91/17 Đường Nguyễn Chí Thanh - Giảng Võ,Nguyễn Chí Thanh,Giảng Võ,,
Ngách 91/20 Đường Nguyễn Chí Thanh - Giảng Võ,Nguyễn Chí Thanh,Giảng Võ,,
Ngách 91/25 Đường Nguyễn Chí Thanh - Giảng Võ,Nguyễn Chí Thanh,Giảng Võ,,
Ngách 91/35 Đường Nguyễn Chí Thanh - Giảng Võ,Nguyễn Chí Thanh,Giảng Võ,,
Ngách 91/40 Đường Nguyễn Chí Thanh - Giảng Võ,Nguyễn Chí Thanh,Giảng Võ,,
Ngách 91/45 Đường Nguyễn Chí Thanh - Giảng Võ,Nguyễn Chí Thanh,Giảng Võ,,
Ngách 91/50 Đường Nguyễn Chí Thanh - Giảng Võ,Nguyễn Chí Thanh,Giảng Võ,,
Ngõ 15 Đường Nguyễn Chí Thanh - Giảng Võ,Nguyễn Chí Thanh,Giảng Võ,,
Ngõ 25 Đường Nguyễn Chí Thanh - Giảng Võ,Nguyễn Chí Thanh,Giảng Võ,,
Ngõ 29 Đường Nguyễn Chí Thanh - Giảng Võ,Nguyễn Chí Thanh,Giảng Võ,,
Ngõ 31 Đường Nguyễn Chí Thanh - Giảng Võ,Nguyễn Chí Thanh,Giảng Võ,,
Ngõ 37 Đường Nguyễn Chí Thanh - Giảng Võ,Nguyễn Chí Thanh,Giảng Võ,,
Ngõ 41 Đường Nguyễn Chí Thanh - Giảng Võ,Nguyễn Chí Thanh,Giảng Võ,,
Ngõ 65 Đường Nguyễn Chí Thanh - Giảng Võ,Nguyễn Chí Thanh,Giảng Võ,,
Ngõ 91 Đường Nguyễn Chí Thanh - Giảng Võ,Nguyễn Chí Thanh,Giảng Võ,,
Ngõ 105 Phố Nguyễn Công Hoan - Giảng Võ,Nguyễn Công Hoan,Giảng Võ,,
Ngõ 20 Phố Nguyễn Công Hoan - Giảng Võ,Nguyễn Công Hoan,Giảng Võ,,
Ngõ 22 Phố Nguyễn Công Hoan - Giảng Võ,Nguyễn Công Hoan,Giảng Võ,,
Ngõ 24 Phố Nguyễn Công Hoan - Giảng Võ,Nguyễn Công Hoan,Giảng Võ,,
Ngõ 75 Phố Nguyễn Công Hoan - Giảng Võ,Nguyễn Công Hoan,Giảng Võ,,
Phố Nguyễn Công Hoan - Giảng Võ,Nguyễn Công Hoan,Giảng Võ,,
Ngõ 10 Phố Nguyên Hồng - Giảng Võ,Nguyên Hồng,Giảng Võ,,
Ngõ 12 Phố Nguyên Hồng - Giảng Võ,Nguyên Hồng,Giảng Võ,,
Ngõ 14 Phố Nguyên Hồng - Giảng Võ,Nguyên Hồng,Giảng Võ,,
Ngõ 7 Phố Nguyên Hồng - Giảng Võ,Nguyên Hồng,Giảng Võ,,
Ngõ 9 Phố Nguyên Hồng - Giảng Võ,Nguyên Hồng,Giảng Võ,,
Phố Nguyên Hồng - Giảng Võ,Nguyên Hồng,Giảng Võ,,
Đường Nguyễn Khánh Toàn - Giảng Võ,Nguyễn Khánh Toàn,Giảng Võ,,
Ngõ 2 Phố Nguyễn Văn Ngọc - Giảng Võ,Nguyễn Văn Ngọc,Giảng Võ,,
Ngõ 24 Phố Nguyễn Văn Ngọc - Giảng Võ,Nguyễn Văn Ngọc,Giảng Võ,,
Phố Nguyễn Văn Ngọc - Giảng Võ,Nguyễn Văn Ngọc,Giảng Võ,,
Ngách 103 Ngõ Núi Trúc - Giảng Võ,Núi Trúc,Giảng Võ,,
Ngách 135/1 Phố Núi Trúc - Giảng Võ,Núi Trúc,Giảng Võ,,
Ngõ 101 Phố Núi Trúc - Giảng Võ,Núi Trúc,Giảng Võ,,
Ngõ 115 Phố Núi Trúc - Giảng Võ,Núi Trúc,Giảng Võ,,
Ngõ 12 Phố Núi Trúc - Giảng Võ,Núi Trúc,Giảng Võ,,
Ngõ 135 Phố Núi Trúc - Giảng Võ,Núi Trúc,Giảng Võ,,
Ngõ 20A Phố Núi Trúc - Giảng Võ,Núi Trúc,Giảng Võ,,
Ngõ 20B Phố Núi Trúc - Giảng Võ,Núi Trúc,Giảng Võ,,
Ngõ Núi Trúc - Giảng Võ,Núi Trúc,Giảng Võ,,
Phố Núi Trúc - Giảng Võ,Núi Trúc,Giảng Võ,,
Ngõ 34 - 36 Phố Phạm Huy Thông - Giảng Võ,Phạm Huy Thông,Giảng Võ,,
Phố Phạm Huy Thông - Giảng Võ,Phạm Huy Thông,Giảng Võ,,
Hẻm 35/12/29 Phố Phan Kế Bính - Giảng Võ,Phan Kế Bính,Giảng Võ,,
Ngách 254/1 Phố Phan Kế Bính - Giảng Võ,Phan Kế Bính,Giảng Võ,,
Ngõ 20 Phố Thành Công - Giảng Võ,Thành Công (Giảng Võ),Giảng Võ,,
Ngõ 42 Phố Thành Công - Giảng Võ,Thành Công (Giảng Võ),Giảng Võ,,
Ngõ 6A Phố Thành Công - Giảng Võ,Thành Công (Giảng Võ),Giảng Võ,,
Ngõ 6A Thành Công - Giảng Võ,Thành Công (Giảng Võ),Giảng Võ,,
Ngõ 6B Phố Thành Công - Giảng Võ,Thành Công (Giảng Võ),Giảng Võ,,
Ngõ 74 Phố Thành Công - Giảng Võ,Thành Công (Giảng Võ),Giảng Võ,,
Ngõ 8 Phố Thành Công - Giảng Võ,Thành Công (Giảng Võ),Giảng Võ,,
Phố Thành Công - Giảng Võ,Thành Công (Giảng Võ),Giảng Võ,,
Phố Trần Huy Liệu - Giảng Võ,Trần Huy Liệu,Giảng Võ,,
"Đường Cầu Giấy - Giảng Võ, Láng",Cầu Giấy,"Giảng Võ, Láng",,
"Ngõ 16 Phố Huỳnh Thúc Kháng - Giảng Võ, Láng",Huỳnh Thúc Kháng,"Giảng Võ, Láng",,
"Ngõ 18 Phố Huỳnh Thúc Kháng - Giảng Võ, Láng",Huỳnh Thúc Kháng,"Giảng Võ, Láng",,
"Ngõ 20 Phố Huỳnh Thúc Kháng - Giảng Võ, Láng",Huỳnh Thúc Kháng,"Giảng Võ, Láng",,
"Phố Huỳnh Thúc Kháng - Giảng Võ, Láng",Huỳnh Thúc Kháng,"Giảng Võ, Láng",,
"Phố Kim Mã - Giảng Võ, Láng",Kim Mã,"Giảng Võ, Láng",,
"Đường La Thành - Giảng Võ, Láng",La Thành,"Giảng Võ, Láng",,
"Ngõ 1035 Đường La Thành - Giảng Võ, Láng",La Thành,"Giảng Võ, Láng",,
"Ngõ 879 Đường La Thành - Giảng Võ, Láng",La Thành,"Giảng Võ, Láng",,
"Ngõ 933 Đường La Thành - Giảng Võ, Láng",La Thành,"Giảng Võ, Láng",,
"Phố Láng Hạ - Giảng Võ, Láng",Láng Hạ,"Giảng Võ, Láng",,
"Đường Nguyễn Chí Thanh - Giảng Võ, Láng",Nguyễn Chí Thanh,"Giảng Võ, Láng",,
"Phố Nguyên Hồng - Giảng Võ, Láng",Nguyên Hồng,"Giảng Võ, Láng",,
"Cầu Giấy - Giảng Võ, Nghĩa Đô",Cầu Giấy,"Giảng Võ, Nghĩa Đô",,
"Cầu Dịch Vọng - Giảng Võ, Nghĩa Đô",Dịch Vọng,"Giảng Võ, Nghĩa Đô",,
"Đường Bưởi - Giảng Võ, Ngọc Hà",Bưởi,"Giảng Võ, Ngọc Hà",,
"Phố Đào Tấn - Giảng Võ, Ngọc Hà",Đào Tấn,"Giảng Võ, Ngọc Hà",,
"Phố Kim Mã - Giảng Võ, Ngọc Hà",Kim Mã,"Giảng Võ, Ngọc Hà",,
"Ngõ 35 Phố Kim Mã Thượng - Giảng Võ, Ngọc Hà",Kim Mã Thượng,"Giảng Võ, Ngọc Hà",,
"Phố Liễu Giai - Giảng Võ, Ngọc Hà",Liễu Giai,"Giảng Võ, Ngọc Hà",,
"Phố Linh Lang - Giảng Võ, Ngọc Hà",Linh Lang,"Giảng Võ, Ngọc Hà",,
"Phố Nguyễn Văn Ngọc - Giảng Võ, Ngọc Hà",Nguyễn Văn Ngọc,"Giảng Võ, Ngọc Hà",,
"Phố Núi Trúc - Giảng Võ, Ngọc Hà",Núi Trúc,"Giảng Võ, Ngọc Hà",,
"Ngõ 89 Phố Phan Kế Bính - Giảng Võ, Ngọc Hà",Phan Kế Bính,"Giảng Võ, Ngọc Hà",,
"Phố Phan Kế Bính - Giảng Võ, Ngọc Hà",Phan Kế Bính,"Giảng Võ, Ngọc Hà",,
"Phố Giang Văn Minh - Giảng Võ, Ô Chợ Dừa",Giang Văn Minh,"Giảng Võ, Ô Chợ Dừa",,
"Ngõ 48 Phố Giảng Võ - Giảng Võ, Ô Chợ Dừa",Giảng Võ,"Giảng Võ, Ô Chợ Dừa",,
"Ngõ 58 Phố Giảng Võ - Giảng Võ, Ô Chợ Dừa",Giảng Võ,"Giảng Võ, Ô Chợ Dừa",,
"Phố Giảng Võ - Giảng Võ, Ô Chợ Dừa",Giảng Võ,"Giảng Võ, Ô Chợ Dừa",,
"Đường La Thành - Giảng Võ, Ô Chợ Dừa",La Thành,"Giảng Võ, Ô Chợ Dừa",,
"Phố Láng Hạ - Giảng Võ, Ô Chợ Dừa",Láng Hạ,"Giảng Võ, Ô Chợ Dừa",,
"Phố Trần Huy Liệu - Giảng Võ, Ô Chợ Dừa",Trần Huy Liệu,"Giảng Võ, Ô Chợ Dừa",,
Đường 19 Tháng 5 - Hà Đông,19 Tháng 5,Hà Đông,,
Ngách 112/26 Đường 19 Tháng 5 - Hà Đông,19 Tháng 5,Hà Đông,,
Ngõ 110 Đường 19 Tháng 5 - Hà Đông,19 Tháng 5,Hà Đông,,
Ngõ 112 Đường 19 Tháng 5 - Hà Đông,19 Tháng 5,Hà Đông,,
Ngõ 146 Đường 19 Tháng 5 - Hà Đông,19 Tháng 5,Hà Đông,,
Ngõ 200 Đường 19 Tháng 5 - Hà Đông,19 Tháng 5,Hà Đông,,
Ngõ 54 Đường 19 Tháng 5 - Hà Đông,19 Tháng 5,Hà Đông,,
Ngách 36/1 Phố An Hoà - Hà Đông,An Hoà,Hà Đông,,
Ngõ 22 Phố An Hoà - Hà Đông,An Hoà,Hà Đông,,
Ngõ 36 Phố An Hoà - Hà Đông,An Hoà,Hà Đông,,
Ngõ 46 Phố An Hoà - Hà Đông,An Hoà,Hà Đông,,
Ngõ 7 Phố An Hoà - Hà Đông,An Hoà,Hà Đông,,
Ngõ 9 Phố An Hoà - Hà Đông,An Hoà,Hà Đông,,
Phố An Hoà - Hà Đông,An Hoà,Hà Đông,,
Ngõ 1 Phố Ao Sen - Hà Đông,Ao Sen,Hà Đông,,
Ngõ 2 Phố Ao Sen - Hà Đông,Ao Sen,Hà Đông,,
Ngõ 3 Phố Ao Sen - Hà Đông,Ao Sen,Hà Đông,,
Ngõ 36 Phố Ao Sen - Hà Đông,Ao Sen,Hà Đông,,
Ngõ 4 Phố Ao Sen - Hà Đông,Ao Sen,Hà Đông,,
Ngõ 5 Phố Ao Sen - Hà Đông,Ao Sen,Hà Đông,,
Ngõ 58 Phố Ao Sen - Hà Đông,Ao Sen,Hà Đông,,
Ngõ 6 Phố Ao Sen - Hà Đông,Ao Sen,Hà Đông,,
Ngõ 7 Phố Ao Sen - Hà Đông,Ao Sen,Hà Đông,,
Phố Ao Sen - Hà Đông,Ao Sen,Hà Đông,,
Ngõ 4 Phố Bà Triệu - Hà Đông,Bà Triệu,Hà Đông,,
Ngõ 8 Phố Bà Triệu - Hà Đông,Bà Triệu,Hà Đông,,
Phố Bà Triệu - Hà Đông,Bà Triệu,Hà Đông,,
Ngõ 4 Phố Bạch Thái Bưởi - Hà Đông,Bạch Thái Bưởi,Hà Đông,,TRUE
Phố Bạch Thái Bưởi - Hà Đông,Bạch Thái Bưởi,Hà Đông,,TRUE
Ngõ 6 Phố Bế Văn Đàn - Hà Đông,Bế Văn Đàn,Hà Đông,,
Phố Bế Văn Đàn - Hà Đông,Bế Văn Đàn,Hà Đông,,
Phố Bùi Bằng Đoàn - Hà Đông,Bùi Bằng Đoàn,Hà Đông,,
Ngõ 1 Phố Cao Thắng - Hà Đông,Cao Thắng,Hà Đông,,
Ngõ 11 Phố Cao Thắng - Hà Đông,Cao Thắng,Hà Đông,,
Ngõ 3 Phố Cao Thắng - Hà Đông,Cao Thắng,Hà Đông,,
Ngõ 5 Phố Cao Thắng - Hà Đông,Cao Thắng,Hà Đông,,
Ngõ 7 Phố Cao Thắng - Hà Đông,Cao Thắng,Hà Đông,,
Ngõ 9 Phố Cao Thắng - Hà Đông,Cao Thắng,Hà Đông,,
Phố Cao Thắng - Hà Đông,Cao Thắng,Hà Đông,,
Cầu Am - Hà Đông,Cầu Am,Hà Đông,,
Ngách 4/14 Phố Cầu Am - Hà Đông,Cầu Am,Hà Đông,,
Ngách 4/26 Phố Cầu Am - Hà Đông,Cầu Am,Hà Đông,,
Ngách 68/2 Phố Cầu Am - Hà Đông,Cầu Am,Hà Đông,,
Ngõ 18 Phố Cầu Am - Hà Đông,Cầu Am,Hà Đông,,
Ngõ 20 Phố Cầu Am - Hà Đông,Cầu Am,Hà Đông,,
Ngõ 26 Phố Cầu Am - Hà Đông,Cầu Am,Hà Đông,,
Ngõ 36 Phố Cầu Am - Hà Đông,Cầu Am,Hà Đông,,
Ngõ 4 Phố Cầu Am - Hà Đông,Cầu Am,Hà Đông,,
Ngõ 40 Phố Cầu Am - Hà Đông,Cầu Am,Hà Đông,,
Ngõ 58 Phố Cầu Am - Hà Đông,Cầu Am,Hà Đông,,
Ngõ 62 Phố Cầu Am - Hà Đông,Cầu Am,Hà Đông,,
Ngõ 68 Phố Cầu Am - Hà Đông,Cầu Am,Hà Đông,,
Ngõ 74 Phố Cầu Am - Hà Đông,Cầu Am,Hà Đông,,
Ngõ 86 Phố Cầu Am - Hà Đông,Cầu Am,Hà Đông,,
Phố Cầu Am - Hà Đông,Cầu Am,Hà Đông,,
Khu Cầu Đơ 5 - Hà Đông,Cầu Đơ,Hà Đông,,
Ngõ 10 Khu Cầu Đơ 5 - Hà Đông,Cầu Đơ,Hà Đông,,
Ngõ 11 Khu Cầu Đơ 5 - Hà Đông,Cầu Đơ,Hà Đông,,
Ngõ 8 Khu Cầu Đơ 5 - Hà Đông,Cầu Đơ,Hà Đông,,
Ngõ 9 Khu Cầu Đơ 5 - Hà Đông,Cầu Đơ,Hà Đông,,
Ngõ Cầu Đơ 2 - Hà Đông,Cầu Đơ,Hà Đông,,
Ngõ Cầu Đơ 3 - Hà Đông,Cầu Đơ,Hà Đông,,
Ngõ Cầu Đơ 4 - Hà Đông,Cầu Đơ,Hà Đông,,
Ngõ Cầu Đơ 5 - Hà Đông,Cầu Đơ,Hà Đông,,
Phố Cầu Đơ - Hà Đông,Cầu Đơ,Hà Đông,,
Đường Chiến Thắng - Hà Đông,Chiến Thắng (Hà Đông),Hà Đông,,
Ngách 315/6 Đường Chiến Thắng - Hà Đông,Chiến Thắng (Hà Đông),Hà Đông,,
Ngách 72/2 Đường Chiến Thắng - Hà Đông,Chiến Thắng (Hà Đông),Hà Đông,,
Ngõ 132 Đường Chiến Thắng - Hà Đông,Chiến Thắng (Hà Đông),Hà Đông,,
Ngõ 233 Đường Chiến Thắng - Hà Đông,Chiến Thắng (Hà Đông),Hà Đông,,
Ngõ 241 Đường Chiến Thắng - Hà Đông,Chiến Thắng (Hà Đông),Hà Đông,,
Ngõ 248 Đường Chiến Thắng - Hà Đông,Chiến Thắng (Hà Đông),Hà Đông,,
Ngõ 249 Đường Chiến Thắng - Hà Đông,Chiến Thắng (Hà Đông),Hà Đông,,
Ngõ 259 Đường Chiến Thắng - Hà Đông,Chiến Thắng (Hà Đông),Hà Đông,,
Ngõ 265 Đường Chiến Thắng - Hà Đông,Chiến Thắng (Hà Đông),Hà Đông,,
Ngõ 269 Đường Chiến Thắng - Hà Đông,Chiến Thắng (Hà Đông),Hà Đông,,
Ngõ 275 Đường Chiến Thắng - Hà Đông,Chiến Thắng (Hà Đông),Hà Đông,,
Ngõ 281 Đường Chiến Thắng - Hà Đông,Chiến Thắng (Hà Đông),Hà Đông,,
Ngõ 315 Đường Chiến Thắng - Hà Đông,Chiến Thắng (Hà Đông),Hà Đông,,
Ngõ 4 Đường Chiến Thắng - Hà Đông,Chiến Thắng (Hà Đông),Hà Đông,,
Ngõ 7 Đường Chiến Thắng - Hà Đông,Chiến Thắng (Hà Đông),Hà Đông,,
Ngõ 2 Phố Chu Văn An - Hà Đông,Chu Văn An,Hà Đông,,
Phố Chu Văn An - Hà Đông,Chu Văn An,Hà Đông,,
Cầu Chùa Ngòi - Hà Đông,Chùa Ngòi,Hà Đông,,
Phố Cù Chính Lan - Hà Đông,Cù Chính Lan,Hà Đông,,
Ngõ 104 Phố Đại An - Hà Đông,Đại An,Hà Đông,,
Ngõ 44 Phố Đại An - Hà Đông,Đại An,Hà Đông,,
Ngõ 74 Phố Đại An - Hà Đông,Đại An,Hà Đông,,
Phố Đại An - Hà Đông,Đại An,Hà Đông,,
Phố Đinh Tiên Hoàng - Hà Đông,Đinh Tiên Hoàng,Hà Đông,,
Phố Đoàn Trần Nghiệp - Hà Đông,Đoàn Trần Nghiệp,Hà Đông,,
Ngách 22/126 Phố Dương Lâm - Hà Đông,Dương Lâm,Hà Đông,,
Ngách 22/58 Phố Dương Lâm - Hà Đông,Dương Lâm,Hà Đông,,
Ngõ 2 Phố Dương Lâm - Hà Đông,Dương Lâm,Hà Đông,,
Ngõ 22 Phố Dương Lâm - Hà Đông,Dương Lâm,Hà Đông,,
Phố Dương Lâm - Hà Đông,Dương Lâm,Hà Đông,,
Phố Hà Cầu - Hà Đông,Hà Cầu,Hà Đông,,
Ngõ 1 Phố Hà Trì 1 - Hà Đông,Hà Trì,Hà Đông,,
Ngõ 10 Khu Phố Hà Trì 5 - Hà Đông,Hà Trì,Hà Đông,,
Ngõ 11 Khu Phố Hà Trì 5 - Hà Đông,Hà Trì,Hà Đông,,
Ngõ 2 Khu Phố Hà Trì 5 - Hà Đông,Hà Trì,Hà Đông,,
Ngõ 2 Phố Hà Trì 1 - Hà Đông,Hà Trì,Hà Đông,,
Ngõ 2 Phố Hà Trì 4 - Hà Đông,Hà Trì,Hà Đông,,
Ngõ 3 Phố Hà Trì 4 - Hà Đông,Hà Trì,Hà Đông,,
Ngõ 4 Phố Hà Trì 2 - Hà Đông,Hà Trì,Hà Đông,,
Ngõ 5 Khu Phố Hà Trì 5 - Hà Đông,Hà Trì,Hà Đông,,
Ngõ 5 Phố Hà Trì 1 - Hà Đông,Hà Trì,Hà Đông,,
Ngõ 6 Phố Hà Trì 1 - Hà Đông,Hà Trì,Hà Đông,,
Ngõ 6 Phố Hà Trì 2 - Hà Đông,Hà Trì,Hà Đông,,
Ngõ 8 Khu Phố Hà Trì 5 - Hà Đông,Hà Trì,Hà Đông,,
Ngõ 8 Phố Hà Trì 1 - Hà Đông,Hà Trì,Hà Đông,,
Ngõ 9 Khu Phố Hà Trì 5 - Hà Đông,Hà Trì,Hà Đông,,
Ngõ Hà Trì 1 - Hà Đông,Hà Trì,Hà Đông,,
Phố Hà Trì - Hà Đông,Hà Trì,Hà Đông,,
Phố Hà Trì 2 - Hà Đông,Hà Trì,Hà Đông,,
Phố Hà Trì 3 - Hà Đông,Hà Trì,Hà Đông,,
Phố Hà Trì 4 - Hà Đông,Hà Trì,Hà Đông,,
Phố Hạnh Hoa - Hà Đông,Hạnh Hoa,Hà Đông,,
Phố Hồ Học Lãm - Hà Đông,Hồ Học Lãm,Hà Đông,,
Ngõ 3 Phố Hoàng Diệu - Hà Đông,Hoàng Diệu,Hà Đông,,
Phố Hoàng Diệu - Hà Đông,Hoàng Diệu,Hà Đông,,
Phố Hoàng Đôn Hoà - Hà Đông,Hoàng Đôn Hoà,Hà Đông,,TRUE
Phố Hoàng Hoa Thám - Hà Đông,Hoàng Hoa Thám,Hà Đông,,
Phố Hoàng Văn Thụ - Hà Đông,Hoàng Văn Thụ,Hà Đông,,
Phố Huỳnh Thúc Kháng - Hà Đông,Huỳnh Thúc Kháng,Hà Đông,,
Cầu Kênh La Khê - Hà Đông,La Khê,Hà Đông,,
Vòng Xuyến La Khê - Hà Đông,La Khê,Hà Đông,,
Ngõ 5 Phố Lê Hồng Phong - Hà Đông,Lê Hồng Phong,Hà Đông,,
Phố Lê Hồng Phong - Hà Đông,Lê Hồng Phong,Hà Đông,,
Phố Lê Hữu Trác - Hà Đông,Lê Hữu Trác,Hà Đông,,
Phố Lê Lai - Hà Đông,Lê Lai,Hà Đông,,
Ngõ 10 Đường Lê Lợi - Hà Đông,Lê Lợi,Hà Đông,,
Ngõ 6 Đường Lê Lợi - Hà Đông,Lê Lợi,Hà Đông,,
Ngõ 8 Đường Lê Lợi - Hà Đông,Lê Lợi,Hà Đông,,
Phố Lê Lợi - Hà Đông,Lê Lợi,Hà Đông,,
Phố Lê Quý Đôn - Hà Đông,Lê Quý Đôn,Hà Đông,,
Phố Lê Quý Đôn 2 - Hà Đông,Lê Quý Đôn,Hà Đông,,
Đường Lê Trọng Tấn - Hà Đông,Lê Trọng Tấn,Hà Đông,,
Ngách 30A/1 Phố Lê Trọng Tấn - Hà Đông,Lê Trọng Tấn,Hà Đông,,
Ngõ 2 Phố Lê Trọng Tấn - Hà Đông,Lê Trọng Tấn,Hà Đông,,
Ngõ 20 Phố Lê Trọng Tấn - Hà Đông,Lê Trọng Tấn,Hà Đông,,
Ngõ 22 Phố Lê Trọng Tấn - Hà Đông,Lê Trọng Tấn,Hà Đông,,
Ngõ 24 Phố Lê Trọng Tấn - Hà Đông,Lê Trọng Tấn,Hà Đông,,
Ngõ 26 Phố Lê Trọng Tấn - Hà Đông,Lê Trọng Tấn,Hà Đông,,
Ngõ 28 Phố Lê Trọng Tấn - Hà Đông,Lê Trọng Tấn,Hà Đông,,
Ngõ 30 Đường Lê Trọng Tấn - Hà Đông,Lê Trọng Tấn,Hà Đông,,
Ngõ 32 Đường Lê Trọng Tấn - Hà Đông,Lê Trọng Tấn,Hà Đông,,
Ngõ 34 Phố Lê Trọng Tấn - Hà Đông,Lê Trọng Tấn,Hà Đông,,
Ngõ 36 Phố Lê Trọng Tấn - Hà Đông,Lê Trọng Tấn,Hà Đông,,
Ngõ 4 Phố Lê Trọng Tấn - Hà Đông,Lê Trọng Tấn,Hà Đông,,
Ngõ 8 Phố Lê Trọng Tấn - Hà Đông,Lê Trọng Tấn,Hà Đông,,
Đường Lê Văn Tám - Hà Đông,Lê Văn Tám,Hà Đông,,
Hẻm 22/49/2 Phố Lụa - Hà Đông,Lụa,Hà Đông,,
Hẻm 24/13/1 Phố Lụa - Hà Đông,Lụa,Hà Đông,,
Hẻm 36/23/6 Phố Lụa - Hà Đông,Lụa,Hà Đông,,
Hẻm 75/22/2 Phố Lụa - Hà Đông,Lụa,Hà Đông,,
Ngách 22/18 Phố Lụa - Hà Đông,Lụa,Hà Đông,,
Ngách 22/49 Phố Lụa - Hà Đông,Lụa,Hà Đông,,
Ngách 22/63 Phố Lụa - Hà Đông,Lụa,Hà Đông,,
Ngách 24/13 Phố Lụa - Hà Đông,Lụa,Hà Đông,,
Ngách 31/40 Phố Lụa - Hà Đông,Lụa,Hà Đông,,
Ngách 36/23 Phố Lụa - Hà Đông,Lụa,Hà Đông,,
Ngách 39/32 Phố Lụa - Hà Đông,Lụa,Hà Đông,,
Ngách 75/22 Phố Lụa - Hà Đông,Lụa,Hà Đông,,
Ngách 75/31 Phố Lụa - Hà Đông,Lụa,Hà Đông,,
Ngách 75/36 Phố Lụa - Hà Đông,Lụa,Hà Đông,,
Ngách 77/28 Phố Lụa - Hà Đông,Lụa,Hà Đông,,
Ngõ 1 Phố Lụa - Hà Đông,Lụa,Hà Đông,,
Ngõ 14 Phố Lụa - Hà Đông,Lụa,Hà Đông,,
Ngõ 22 Phố Lụa - Hà Đông,Lụa,Hà Đông,,
Ngõ 24 Phố Lụa - Hà Đông,Lụa,Hà Đông,,
Ngõ 31 Phố Lụa - Hà Đông,Lụa,Hà Đông,,
Ngõ 36 Phố Lụa - Hà Đông,Lụa,Hà Đông,,
Ngõ 39 Phố Lụa - Hà Đông,Lụa,Hà Đông,,
Ngõ 57 Phố Lụa - Hà Đông,Lụa,Hà Đông,,
Ngõ 7 Phố Lụa - Hà Đông,Lụa,Hà Đông,,
Ngõ 72 Phố Lụa - Hà Đông,Lụa,Hà Đông,,
Ngõ 74 Phố Lụa - Hà Đông,Lụa,Hà Đông,,
Ngõ 75 Phố Lụa - Hà Đông,Lụa,Hà Đông,,
Ngõ 77 Phố Lụa - Hà Đông,Lụa,Hà Đông,,
Ngõ 8 Phố Lụa - Hà Đông,Lụa,Hà Đông,,
Ngõ 80 Phố Lụa - Hà Đông,Lụa,Hà Đông,,
Phố Lụa - Hà Đông,Lụa,Hà Đông,,
Phố Lương Văn Can - Hà Đông,Lương Văn Can,Hà Đông,,
Ngõ 1 Phố Lý Tự Trọng - Hà Đông,Lý Tự Trọng,Hà Đông,,
Ngõ 2 Phố Lý Tự Trọng - Hà Đông,Lý Tự Trọng,Hà Đông,,
Ngõ 3 Phố Lý Tự Trọng - Hà Đông,Lý Tự Trọng,Hà Đông,,
Ngõ 4 Phố Lý Tự Trọng - Hà Đông,Lý Tự Trọng,Hà Đông,,
Phố Lý Tự Trọng - Hà Đông,Lý Tự Trọng,Hà Đông,,
Phố Nguyễn Thị Minh Khai - Hà Đông,Minh Khai,Hà Đông,,
Cầu Mộ Lao - Hà Đông,Mộ Lao,Hà Đông,,
Phố Mộ Lao - Hà Đông,Mộ Lao,Hà Đông,,
Ngõ 10 Phố Ngô Đình Mẫn - Hà Đông,Ngô Đình Mẫn,Hà Đông,,TRUE
Ngõ 12 Phố Ngô Đình Mẫn - Hà Đông,Ngô Đình Mẫn,Hà Đông,,TRUE
Ngõ 2 Phố Ngô Đình Mẫn - Hà Đông,Ngô Đình Mẫn,Hà Đông,,TRUE
Ngõ 3 Phố Ngô Đình Mẫn - Hà Đông,Ngô Đình Mẫn,Hà Đông,,TRUE
Ngõ 4 Phố Ngô Đình Mẫn - Hà Đông,Ngô Đình Mẫn,Hà Đông,,TRUE
Ngõ 5 Phố Ngô Đình Mẫn - Hà Đông,Ngô Đình Mẫn,Hà Đông,,TRUE
Ngõ 6 Phố Ngô Đình Mẫn - Hà Đông,Ngô Đình Mẫn,Hà Đông,,TRUE
Ngõ 8 Phố Ngô Đình Mẫn - Hà Đông,Ngô Đình Mẫn,Hà Đông,,TRUE
Phố Ngô Đình Mẫn - Hà Đông,Ngô Đình Mẫn,Hà Đông,,TRUE
Ngõ 3 Phố Ngô Gia Khảm - Hà Đông,Ngô Gia Khảm,Hà Đông,,
Ngõ 4 Phố Ngô Gia Khảm - Hà Đông,Ngô Gia Khảm,Hà Đông,,
Phố Ngô Gia Khảm - Hà Đông,Ngô Gia Khảm,Hà Đông,,
Phố Ngô Gia Tự - Hà Đông,Ngô Gia Tự,Hà Đông,,
Dãy A Ngõ 6 Đường Ngô Quyền - Hà Đông,Ngô Quyền,Hà Đông,,
Dãy A2 Ngõ 6 Đường Ngô Quyền - Hà Đông,Ngô Quyền,Hà Đông,,
Dãy A3 Ngõ 6 Đường Ngô Quyền - Hà Đông,Ngô Quyền,Hà Đông,,
Dãy A4 Ngõ 6 Đường Ngô Quyền - Hà Đông,Ngô Quyền,Hà Đông,,
Dãy A5 Đường Ngô Quyền - Hà Đông,Ngô Quyền,Hà Đông,,
Dãy B2 Ngõ 8 Đường Ngô Quyền - Hà Đông,Ngô Quyền,Hà Đông,,
Dãy B3 Ngõ 8 Đường Ngô Quyền - Hà Đông,Ngô Quyền,Hà Đông,,
Dãy B4 Ngõ 8 Đường Ngô Quyền - Hà Đông,Ngô Quyền,Hà Đông,,
Dãy B5 Ngõ 8 Đường Ngô Quyền - Hà Đông,Ngô Quyền,Hà Đông,,
Dãy B6 Ngõ 8 Đường Ngô Quyền - Hà Đông,Ngô Quyền,Hà Đông,,
Dãy B7 Ngõ 8 Đường Ngô Quyền - Hà Đông,Ngô Quyền,Hà Đông,,
Dãy B8 Ngõ 8 Đường Ngô Quyền - Hà Đông,Ngô Quyền,Hà Đông,,
Dãy C Ngõ 6 Đường Ngô Quyền - Hà Đông,Ngô Quyền,Hà Đông,,
Dãy C3 Ngõ 10 Đường Ngô Quyền - Hà Đông,Ngô Quyền,Hà Đông,,
Dãy C4 Ngõ 10 Đường Ngô Quyền - Hà Đông,Ngô Quyền,Hà Đông,,
Dãy D2B Ngõ 12 Đường Ngô Quyền - Hà Đông,Ngô Quyền,Hà Đông,,
Dãy D3 Ngõ 10 Đường Ngô Quyền - Hà Đông,Ngô Quyền,Hà Đông,,
Dãy D5 Ngõ 12 Đường Ngô Quyền - Hà Đông,Ngô Quyền,Hà Đông,,
Dãy D6 Ngõ 12 Đường Ngô Quyền - Hà Đông,Ngô Quyền,Hà Đông,,
Dãy D7 Ngõ 12 Đường Ngô Quyền - Hà Đông,Ngô Quyền,Hà Đông,,
Đường Ngô Quyền - Hà Đông,Ngô Quyền,Hà Đông,,
Ngách 32A/5 Đường Ngô Quyền - Hà Đông,Ngô Quyền,Hà Đông,,
Ngõ 10 Đường Ngô Quyền - Hà Đông,Ngô Quyền,Hà Đông,,
Ngõ 12 Đường Ngô Quyền - Hà Đông,Ngô Quyền,Hà Đông,,
Ngõ 14 Đường Ngô Quyền - Hà Đông,Ngô Quyền,Hà Đông,,
Ngõ 16 Đường Ngô Quyền - Hà Đông,Ngô Quyền,Hà Đông,,
Ngõ 18 Đường Ngô Quyền - Hà Đông,Ngô Quyền,Hà Đông,,
Ngõ 20 Đường Ngô Quyền - Hà Đông,Ngô Quyền,Hà Đông,,
Ngõ 22 Đường Ngô Quyền - Hà Đông,Ngô Quyền,Hà Đông,,
Ngõ 24 Đường Ngô Quyền - Hà Đông,Ngô Quyền,Hà Đông,,
Ngõ 26 Đường Ngô Quyền - Hà Đông,Ngô Quyền,Hà Đông,,
Ngõ 28 Đường Ngô Quyền - Hà Đông,Ngô Quyền,Hà Đông,,
Ngõ 30 Đường Ngô Quyền - Hà Đông,Ngô Quyền,Hà Đông,,
Ngõ 32A Đường Ngô Quyền - Hà Đông,Ngô Quyền,Hà Đông,,
Ngõ 34 Đường Ngô Quyền - Hà Đông,Ngô Quyền,Hà Đông,,
Ngõ 36 Đường Ngô Quyền - Hà Đông,Ngô Quyền,Hà Đông,,
Ngõ 38 Đường Ngô Quyền - Hà Đông,Ngô Quyền,Hà Đông,,
Ngõ 40 Đường Ngô Quyền - Hà Đông,Ngô Quyền,Hà Đông,,
Ngõ 42 Đường Ngô Quyền - Hà Đông,Ngô Quyền,Hà Đông,,
Ngõ 44 Đường Ngô Quyền - Hà Đông,Ngô Quyền,Hà Đông,,
Ngõ 46 Đường Ngô Quyền - Hà Đông,Ngô Quyền,Hà Đông,,
Ngõ 48 Đường Ngô Quyền - Hà Đông,Ngô Quyền,Hà Đông,,
Ngõ 6 Đường Ngô Quyền - Hà Đông,Ngô Quyền,Hà Đông,,
Ngõ 8 Đường Ngô Quyền - Hà Đông,Ngô Quyền,Hà Đông,,
Ngô Quyền - Hà Đông,Ngô Quyền,Hà Đông,,
Ngõ 1 Phố Ngô Thì Nhậm - Hà Đông,Ngô Thì Nhậm,Hà Đông,,
Ngõ 2 Phố Ngô Thì Nhậm - Hà Đông,Ngô Thì Nhậm,Hà Đông,,
Phố Ngô Thì Nhậm - Hà Đông,Ngô Thì Nhậm,Hà Đông,,
Ngách 35/10 Phố Ngô Thì Sỹ - Hà Đông,Ngô Thì Sỹ,Hà Đông,,
Ngách 35/20 Phố Ngô Thì Sỹ - Hà Đông,Ngô Thì Sỹ,Hà Đông,,
Ngách 35/32 Phố Ngô Thì Sỹ - Hà Đông,Ngô Thì Sỹ,Hà Đông,,
Ngách 35/50 Phố Ngô Thì Sỹ - Hà Đông,Ngô Thì Sỹ,Hà Đông,,
Ngách 35/72 Phố Ngô Thì Sỹ - Hà Đông,Ngô Thì Sỹ,Hà Đông,,
Ngách 63/1 Phố Ngô Thì Sỹ - Hà Đông,Ngô Thì Sỹ,Hà Đông,,
Ngách 63/11 Phố Ngô Thì Sỹ - Hà Đông,Ngô Thì Sỹ,Hà Đông,,
Ngách 63/3 Phố Ngô Thì Sỹ - Hà Đông,Ngô Thì Sỹ,Hà Đông,,
Ngách 63/5 Phố Ngô Thì Sỹ - Hà Đông,Ngô Thì Sỹ,Hà Đông,,
Ngách 63/7 Phố Ngô Thì Sỹ - Hà Đông,Ngô Thì Sỹ,Hà Đông,,
Ngách 63/9 Phố Ngô Thì Sỹ - Hà Đông,Ngô Thì Sỹ,Hà Đông,,
Ngách 91/18 Phố Ngô Thì Sỹ - Hà Đông,Ngô Thì Sỹ,Hà Đông,,
Ngõ 113 Phố Ngô Thì Sỹ - Hà Đông,Ngô Thì Sỹ,Hà Đông,,
Ngõ 121 Phố Ngô Thì Sỹ - Hà Đông,Ngô Thì Sỹ,Hà Đông,,
Ngõ 125 Phố Ngô Thì Sỹ - Hà Đông,Ngô Thì Sỹ,Hà Đông,,
Ngõ 129 Phố Ngô Thì Sỹ - Hà Đông,Ngô Thì Sỹ,Hà Đông,,
Ngõ 133 Phố Ngô Thì Sỹ - Hà Đông,Ngô Thì Sỹ,Hà Đông,,
Ngõ 135 Phố Ngô Thì Sỹ - Hà Đông,Ngô Thì Sỹ,Hà Đông,,
Ngõ 153 Phố Ngô Thì Sỹ - Hà Đông,Ngô Thì Sỹ,Hà Đông,,
Ngõ 155 Phố Ngô Thì Sỹ - Hà Đông,Ngô Thì Sỹ,Hà Đông,,
Ngõ 161 Phố Ngô Thì Sỹ - Hà Đông,Ngô Thì Sỹ,Hà Đông,,
Ngõ 35 Phố Ngô Thì Sỹ - Hà Đông,Ngô Thì Sỹ,Hà Đông,,
Ngõ 51 Phố Ngô Thì Sỹ - Hà Đông,Ngô Thì Sỹ,Hà Đông,,
Ngõ 63 Phố Ngô Thì Sỹ - Hà Đông,Ngô Thì Sỹ,Hà Đông,,
Ngõ 77 Phố Ngô Thì Sỹ - Hà Đông,Ngô Thì Sỹ,Hà Đông,,
Ngõ 79 Phố Ngô Thì Sỹ - Hà Đông,Ngô Thì Sỹ,Hà Đông,,
Ngõ 81 Phố Ngô Thì Sỹ - Hà Đông,Ngô Thì Sỹ,Hà Đông,,
Ngõ 83 Phố Ngô Thì Sỹ - Hà Đông,Ngô Thì Sỹ,Hà Đông,,
Ngõ 85 Phố Ngô Thì Sỹ - Hà Đông,Ngô Thì Sỹ,Hà Đông,,
Ngõ 89 Phố Ngô Thì Sỹ - Hà Đông,Ngô Thì Sỹ,Hà Đông,,
Ngõ 91 Phố Ngô Thì Sỹ - Hà Đông,Ngô Thì Sỹ,Hà Đông,,
Ngõ 99 Phố Ngô Thì Sỹ - Hà Đông,Ngô Thì Sỹ,Hà Đông,,
Phố Ngô Thì Sỹ - Hà Đông,Ngô Thì Sỹ,Hà Đông,,
Ngõ 1 Phố Nguyễn Công Trứ - Hà Đông,Nguyễn Công Trứ,Hà Đông,,
Phố Nguyễn Công Trứ - Hà Đông,Nguyễn Công Trứ,Hà Đông,,
Phố Nguyễn Khắc Hạnh - Hà Đông,Nguyễn Khắc Hạnh,Hà Đông,,
Phố Tản Đà - Hà Đông,Nguyễn Khắc Hiếu,Hà Đông,,
Ngõ 18 Phố Nguyễn Khuyến - Hà Đông,Nguyễn Khuyến,Hà Đông,,
Ngõ 23 Đường Nguyễn Khuyến - Hà Đông,Nguyễn Khuyến,Hà Đông,,
Ngõ 24 Phố Nguyễn Khuyến - Hà Đông,Nguyễn Khuyến,Hà Đông,,
Ngõ 54 Phố Nguyễn Khuyến - Hà Đông,Nguyễn Khuyến,Hà Đông,,
Ngõ 6 Phố Nguyễn Khuyến - Hà Đông,Nguyễn Khuyến,Hà Đông,,
Ngõ 68 Phố Nguyễn Khuyến - Hà Đông,Nguyễn Khuyến,Hà Đông,,
Ngõ 6B Phố Nguyễn Khuyến - Hà Đông,Nguyễn Khuyến,Hà Đông,,
Ngõ 82 Phố Nguyễn Khuyến - Hà Đông,Nguyễn Khuyến,Hà Đông,,
Phố Nguyễn Khuyến - Hà Đông,Nguyễn Khuyến,Hà Đông,,
Phố Nguyễn Sơn Hà - Hà Đông,Nguyễn Sơn Hà,Hà Đông,,
Ngõ 11 Phố Nguyễn Thái Học - Hà Đông,Nguyễn Thái Học,Hà Đông,,
Ngõ 13 Phố Nguyễn Thái Học - Hà Đông,Nguyễn Thái Học,Hà Đông,,
Ngõ 15 Phố Nguyễn Thái Học - Hà Đông,Nguyễn Thái Học,Hà Đông,,
Ngõ 3 Phố Nguyễn Thái Học - Hà Đông,Nguyễn Thái Học,Hà Đông,,
Ngõ 7 Phố Nguyễn Thái Học - Hà Đông,Nguyễn Thái Học,Hà Đông,,
Ngõ 9 Phố Nguyễn Thái Học - Hà Đông,Nguyễn Thái Học,Hà Đông,,
Phố Nguyễn Thái Học - Hà Đông,Nguyễn Thái Học,Hà Đông,,
Phố Nguyễn Thanh Bình - Hà Đông,Nguyễn Thanh Bình,Hà Đông,,
Phố Nguyễn Thượng Hiền - Hà Đông,Nguyễn Thượng Hiền,Hà Đông,,
Phố Nguyễn Trãi - Hà Đông,Nguyễn Trãi,Hà Đông,,
Ngách 17/2 Phố Nguyễn Văn Lộc - Hà Đông,Nguyễn Văn Lộc,Hà Đông,,
Ngõ 17 Phố Nguyễn Văn Lộc - Hà Đông,Nguyễn Văn Lộc,Hà Đông,,
Ngõ 19 Phố Nguyễn Văn Lộc - Hà Đông,Nguyễn Văn Lộc,Hà Đông,,
Ngõ 2 Phố Nguyễn Văn Lộc - Hà Đông,Nguyễn Văn Lộc,Hà Đông,,
Ngõ 21 Phố Nguyễn Văn Lộc - Hà Đông,Nguyễn Văn Lộc,Hà Đông,,
Ngõ 27 Phố Nguyễn Văn Lộc - Hà Đông,Nguyễn Văn Lộc,Hà Đông,,
Ngõ 4 Phố Nguyễn Văn Lộc - Hà Đông,Nguyễn Văn Lộc,Hà Đông,,
Ngõ 6 Phố Nguyễn Văn Lộc - Hà Đông,Nguyễn Văn Lộc,Hà Đông,,
Ngõ 8 Phố Nguyễn Văn Lộc - Hà Đông,Nguyễn Văn Lộc,Hà Đông,,
Phố Nguyễn Văn Lộc - Hà Đông,Nguyễn Văn Lộc,Hà Đông,,
Phố Nguyễn Văn Luyện - Hà Đông,Nguyễn Văn Luyện,Hà Đông,,
Hẻm 255/17/7 Phố Nguyễn Văn Trỗi - Hà Đông,Nguyễn Văn Trỗi,Hà Đông,,
Ngách 255/17 Phố Nguyễn Văn Trỗi - Hà Đông,Nguyễn Văn Trỗi,Hà Đông,,
Ngách 6/31 Phố Nguyễn Văn Trỗi - Hà Đông,Nguyễn Văn Trỗi,Hà Đông,,
Ngõ 109 Phố Nguyễn Văn Trỗi - Hà Đông,Nguyễn Văn Trỗi,Hà Đông,,
Ngõ 133 Phố Nguyễn Văn Trỗi - Hà Đông,Nguyễn Văn Trỗi,Hà Đông,,
Ngõ 247 Phố Nguyễn Văn Trỗi - Hà Đông,Nguyễn Văn Trỗi,Hà Đông,,
Ngõ 255 Phố Nguyễn Văn Trỗi - Hà Đông,Nguyễn Văn Trỗi,Hà Đông,,
Ngõ 4 Phố Nguyễn Văn Trỗi - Hà Đông,Nguyễn Văn Trỗi,Hà Đông,,
Ngõ 6 Phố Nguyễn Văn Trỗi - Hà Đông,Nguyễn Văn Trỗi,Hà Đông,,
Phố Nguyễn Văn Trỗi - Hà Đông,Nguyễn Văn Trỗi,Hà Đông,,
Ngõ 1 Phố Nguyễn Viết Xuân - Hà Đông,Nguyễn Viết Xuân,Hà Đông,,
Phố Nguyễn Viết Xuân - Hà Đông,Nguyễn Viết Xuân,Hà Đông,,
Phố Nông Quốc Chấn - Hà Đông,Nông Quốc Chấn,Hà Đông,,
Phố Phan Bội Châu - Hà Đông,Phan Bội Châu,Hà Đông,,
Phố Phan Chu Trinh - Hà Đông,Phan Chu Trinh,Hà Đông,,
Ngách 20/1 Phố Phan Đình Giót - Hà Đông,Phan Đình Giót,Hà Đông,,
Ngách 20/2 Phố Phan Đình Giót - Hà Đông,Phan Đình Giót,Hà Đông,,
Ngách 26/1 Phố Phan Đình Giót - Hà Đông,Phan Đình Giót,Hà Đông,,
Ngách 26/2 Phố Phan Đình Giót - Hà Đông,Phan Đình Giót,Hà Đông,,
Ngách 5/1 Phố Phan Đình Giót - Hà Đông,Phan Đình Giót,Hà Đông,,
Ngách 5/2 Phố Phan Đình Giót - Hà Đông,Phan Đình Giót,Hà Đông,,
Ngách 5/3 Phố Phan Đình Giót - Hà Đông,Phan Đình Giót,Hà Đông,,
Ngõ 11 Phố Phan Đình Giót - Hà Đông,Phan Đình Giót,Hà Đông,,
Ngõ 12 Phố Phan Đình Giót - Hà Đông,Phan Đình Giót,Hà Đông,,
Ngõ 14 Phố Phan Đình Giót - Hà Đông,Phan Đình Giót,Hà Đông,,
Ngõ 15 Phố Phan Đình Giót - Hà Đông,Phan Đình Giót,Hà Đông,,
Ngõ 16 Phố Phan Đình Giót - Hà Đông,Phan Đình Giót,Hà Đông,,
Ngõ 18 Phố Phan Đình Giót - Hà Đông,Phan Đình Giót,Hà Đông,,
Ngõ 2 Phố Phan Đình Giót - Hà Đông,Phan Đình Giót,Hà Đông,,
Ngõ 20 Phố Phan Đình Giót - Hà Đông,Phan Đình Giót,Hà Đông,,
Ngõ 22 Phố Phan Đình Giót - Hà Đông,Phan Đình Giót,Hà Đông,,
Ngõ 23 Phố Phan Đình Giót - Hà Đông,Phan Đình Giót,Hà Đông,,
Ngõ 26 Phố Phan Đình Giót - Hà Đông,Phan Đình Giót,Hà Đông,,
Ngõ 28 Phố Phan Đình Giót - Hà Đông,Phan Đình Giót,Hà Đông,,
Ngõ 3 Phố Phan Đình Giót - Hà Đông,Phan Đình Giót,Hà Đông,,
Ngõ 30 Phố Phan Đình Giót - Hà Đông,Phan Đình Giót,Hà Đông,,
Ngõ 4 Phố Phan Đình Giót - Hà Đông,Phan Đình Giót,Hà Đông,,
Ngõ 40 Phố Phan Đình Giót - Hà Đông,Phan Đình Giót,Hà Đông,,
Ngõ 5 Phố Phan Đình Giót - Hà Đông,Phan Đình Giót,Hà Đông,,
Ngõ 6 Phố Phan Đình Giót - Hà Đông,Phan Đình Giót,Hà Đông,,
Ngõ 7 Phố Phan Đình Giót - Hà Đông,Phan Đình Giót,Hà Đông,,
Ngõ 8 Phố Phan Đình Giót - Hà Đông,Phan Đình Giót,Hà Đông,,
Ngõ 9 Phố Phan Đình Giót - Hà Đông,Phan Đình Giót,Hà Đông,,
Phố Phan Đình Giót - Hà Đông,Phan Đình Giót,Hà Đông,,
Phố Phan Đình Phùng - Hà Đông,Phan Đình Phùng,Hà Đông,"Phố Phan Đình Phùng được hình thành dựa trên cạnh phía Bắc của Hoàng thành Thăng Long cũ. Các cạnh của Hoàng thành Thăng Long bao gồm phố Lý Nam Đế, phố Phan Đình Phùng, đường Hùng Vương và phố Trần Phú",
Ngõ 1 Phố Phan Huy Chú - Hà Đông,Phan Huy Chú,Hà Đông,,
Phố Phan Huy Chú - Hà Đông,Phan Huy Chú,Hà Đông,,
Phố Phúc La - Hà Đông,Phúc La,Hà Đông,,
Đường Phùng Hưng - Hà Đông,Phùng Hưng,Hà Đông,,
Ngõ 1 Đường Phùng Hưng - Hà Đông,Phùng Hưng,Hà Đông,,
Ngõ 135 Đường Phùng Hưng - Hà Đông,Phùng Hưng,Hà Đông,,
Ngõ 2 Đường Phùng Hưng - Hà Đông,Phùng Hưng,Hà Đông,,
Ngõ 26 Đường Phùng Hưng - Hà Đông,Phùng Hưng,Hà Đông,,
Ngõ 3 Đường Phùng Hưng - Hà Đông,Phùng Hưng,Hà Đông,,
Ngõ 66 Đường Phùng Hưng - Hà Đông,Phùng Hưng,Hà Đông,,
Ngõ 7 Đường Phùng Hưng - Hà Đông,Phùng Hưng,Hà Đông,,
Dãy A2 Ngõ 334 Đường Quang Trung - Hà Đông,Quang Trung,Hà Đông,,
Dãy A3 Ngõ 334 Đường Quang Trung - Hà Đông,Quang Trung,Hà Đông,,
Dãy A4 Ngõ 334 Đường Quang Trung - Hà Đông,Quang Trung,Hà Đông,,
Dãy A5 Ngõ 334 Đường Quang Trung - Hà Đông,Quang Trung,Hà Đông,,
Dãy B2 Ngõ 334 Đường Quang Trung - Hà Đông,Quang Trung,Hà Đông,,
Dãy B3 Ngõ 334 Đường Quang Trung - Hà Đông,Quang Trung,Hà Đông,,
Dãy B4 Ngõ 334 Đường Quang Trung - Hà Đông,Quang Trung,Hà Đông,,
Dãy B5 Ngõ 334 Đường Quang Trung - Hà Đông,Quang Trung,Hà Đông,,
Đường Quang Trung - Hà Đông,Quang Trung,Hà Đông,,
Ngõ 195 Đường Quang Trung - Hà Đông,Quang Trung,Hà Đông,,
Ngõ 2 Đường Quang Trung - Hà Đông,Quang Trung,Hà Đông,,
Ngõ 334 Đường Quang Trung - Hà Đông,Quang Trung,Hà Đông,,
Ngõ 368B Đường Quang Trung - Hà Đông,Quang Trung,Hà Đông,,
Ngõ 4 Đường Quang Trung - Hà Đông,Quang Trung,Hà Đông,,
Ngõ 6 Đường Quang Trung - Hà Đông,Quang Trung,Hà Đông,,
Ngõ 12 Nhuệ Giang - Hà Đông,Sông Nhuệ,Hà Đông,,
Ngõ 14 Nhuệ Giang - Hà Đông,Sông Nhuệ,Hà Đông,,
Phố Nhuệ Giang - Hà Đông,Sông Nhuệ,Hà Đông,,
Phố Tây Sơn - Hà Đông,Tây Sơn,Hà Đông,,
Đường Thanh Bình - Hà Đông,Thanh Bình,Hà Đông,,
Hẻm 4/33/2 Đường Thanh Bình - Hà Đông,Thanh Bình,Hà Đông,,
Ngách 228/2 Đường Thanh Bình - Hà Đông,Thanh Bình,Hà Đông,,
Ngách 228/4 Đường Thanh Bình - Hà Đông,Thanh Bình,Hà Đông,,
Ngách 4/33 Đường Thanh Bình - Hà Đông,Thanh Bình,Hà Đông,,
Ngách 42/2 Thanh Bình - Hà Đông,Thanh Bình,Hà Đông,,
Ngách 42/20 Thanh Bình - Hà Đông,Thanh Bình,Hà Đông,,
Ngách 58/19 Đường Thanh Bình - Hà Đông,Thanh Bình,Hà Đông,,
Ngách 58/7 Đường Thanh Bình - Hà Đông,Thanh Bình,Hà Đông,,
Ngõ 104 Đường Thanh Bình - Hà Đông,Thanh Bình,Hà Đông,,
Ngõ 110 Đường Thanh Bình - Hà Đông,Thanh Bình,Hà Đông,,
Ngõ 114 Đường Thanh Bình - Hà Đông,Thanh Bình,Hà Đông,,
Ngõ 132 Thanh Bình - Hà Đông,Thanh Bình,Hà Đông,,
Ngõ 138 Thanh Bình - Hà Đông,Thanh Bình,Hà Đông,,
Ngõ 148 Thanh Bình - Hà Đông,Thanh Bình,Hà Đông,,
Ngõ 162 Phố Thanh Bình - Hà Đông,Thanh Bình,Hà Đông,,
Ngõ 180 Phố Thanh Bình - Hà Đông,Thanh Bình,Hà Đông,,
Ngõ 200 Thanh Bình - Hà Đông,Thanh Bình,Hà Đông,,
Ngõ 208 Thanh Bình - Hà Đông,Thanh Bình,Hà Đông,,
Ngõ 210 Đường Thanh Bình - Hà Đông,Thanh Bình,Hà Đông,,
Ngõ 226 Đường Thanh Bình - Hà Đông,Thanh Bình,Hà Đông,,
Ngõ 228 Đường Thanh Bình - Hà Đông,Thanh Bình,Hà Đông,,
Ngõ 24 Đường Thanh Bình - Hà Đông,Thanh Bình,Hà Đông,,
Ngõ 246 Thanh Bình - Hà Đông,Thanh Bình,Hà Đông,,
Ngõ 248 Thanh Bình - Hà Đông,Thanh Bình,Hà Đông,,
Ngõ 272 Thanh Bình - Hà Đông,Thanh Bình,Hà Đông,,
Ngõ 280 Thanh Bình - Hà Đông,Thanh Bình,Hà Đông,,
Ngõ 38 Đường Thanh Bình - Hà Đông,Thanh Bình,Hà Đông,,
Ngõ 4 Đường Thanh Bình - Hà Đông,Thanh Bình,Hà Đông,,
Ngõ 42 Đường Thanh Bình - Hà Đông,Thanh Bình,Hà Đông,,
Ngõ 58 Đường Thanh Bình - Hà Đông,Thanh Bình,Hà Đông,,
Phố Thành Công - Hà Đông,Thành Công (Hà Đông),Hà Đông,,
Phố Tiểu Công Nghệ - Hà Đông,Tiểu Công Nghệ,Hà Đông,,
Ngõ 1 Phố Tô Hiến Thành - Hà Đông,Tô Hiến Thành,Hà Đông,,
Ngõ 2 Phố Tô Hiến Thành - Hà Đông,Tô Hiến Thành,Hà Đông,,
Ngõ 4 Phố Tô Hiến Thành - Hà Đông,Tô Hiến Thành,Hà Đông,,
Phố Tô Hiến Thành - Hà Đông,Tô Hiến Thành,Hà Đông,,
Đường Tô Hiệu - Hà Đông,Tô Hiệu,Hà Đông,,
Ngách 3/1 Đường Tô Hiệu - Hà Đông,Tô Hiệu,Hà Đông,,
Ngách 5/1 Đường Tô Hiệu - Hà Đông,Tô Hiệu,Hà Đông,,
Ngách 5/5 Đường Tô Hiệu - Hà Đông,Tô Hiệu,Hà Đông,,
Ngõ 1 Phố Tô Hiệu - Hà Đông,Tô Hiệu,Hà Đông,,
Ngõ 12 Phố Tô Hiệu - Hà Đông,Tô Hiệu,Hà Đông,,
Ngõ 3 Đường Tô Hiệu - Hà Đông,Tô Hiệu,Hà Đông,,
Ngõ 5 Đường Tô Hiệu - Hà Đông,Tô Hiệu,Hà Đông,,
Ngõ 7 Tô Hiệu - Hà Đông,Tô Hiệu,Hà Đông,,
Ngõ 8 Phố Tô Hiệu - Hà Đông,Tô Hiệu,Hà Đông,,
Ngõ 9 Tô Hiệu - Hà Đông,Tô Hiệu,Hà Đông,,
Phố Tố Hữu - Hà Đông,Tố Hữu,Hà Đông,,
Tố Hữu - Hà Đông,Tố Hữu,Hà Đông,,
Phố Trần Đăng Ninh - Hà Đông,Trần Đăng Ninh,Hà Đông,,
Phố Trần Hưng Đạo - Hà Đông,Trần Hưng Đạo,Hà Đông,,
Phố Trần Nhật Duật - Hà Đông,Trần Nhật Duật,Hà Đông,,
Đường Trần Phú - Hà Đông,Trần Phú,Hà Đông,,
Ngách 108/14 Đường Trần Phú - Hà Đông,Trần Phú,Hà Đông,,
Ngách 108/26 Đường Trần Phú - Hà Đông,Trần Phú,Hà Đông,,
Ngách 108/39 Đường Trần Phú - Hà Đông,Trần Phú,Hà Đông,,
Ngách 108/43 Đường Trần Phú - Hà Đông,Trần Phú,Hà Đông,,
Ngách 108/47 Đường Trần Phú - Hà Đông,Trần Phú,Hà Đông,,
Ngách 108/50 Đường Trần Phú - Hà Đông,Trần Phú,Hà Đông,,
Ngách 108/58 Đường Trần Phú - Hà Đông,Trần Phú,Hà Đông,,
Ngách 108/8 Đường Trần Phú - Hà Đông,Trần Phú,Hà Đông,,
Ngách 112/3 Đường Trần Phú - Hà Đông,Trần Phú,Hà Đông,,
Ngách 121/1 Đường Trần Phú - Hà Đông,Trần Phú,Hà Đông,,
Ngách 121/2 Đường Trần Phú - Hà Đông,Trần Phú,Hà Đông,,
Ngách 121/3 Đường Trần Phú - Hà Đông,Trần Phú,Hà Đông,,
Ngách 121/4 Đường Trần Phú - Hà Đông,Trần Phú,Hà Đông,,
Ngách 121/5 Đường Trần Phú - Hà Đông,Trần Phú,Hà Đông,,
Ngách 121/6 Đường Trần Phú - Hà Đông,Trần Phú,Hà Đông,,
Ngách 129/4 Đường Trần Phú - Hà Đông,Trần Phú,Hà Đông,,
Ngách 129/8 Đường Trần Phú - Hà Đông,Trần Phú,Hà Đông,,
Ngách 140/16 Đường Trần Phú - Hà Đông,Trần Phú,Hà Đông,,
Ngách 140/19 Đường Trần Phú - Hà Đông,Trần Phú,Hà Đông,,
Ngách 140/8 Đường Trần Phú - Hà Đông,Trần Phú,Hà Đông,,
Ngách 146/36 Đường Trần Phú - Hà Đông,Trần Phú,Hà Đông,,
Ngách 181/16 Đường Trần Phú - Hà Đông,Trần Phú,Hà Đông,,
Ngách 197/61 Đường Trần Phú - Hà Đông,Trần Phú,Hà Đông,,
Ngách 197/75 Đường Trần Phú - Hà Đông,Trần Phú,Hà Đông,,
Ngách 217/137 Đường Trần Phú - Hà Đông,Trần Phú,Hà Đông,,
Ngách 217/19 Đường Trần Phú - Hà Đông,Trần Phú,Hà Đông,,
Ngách 217/43 Đường Trần Phú - Hà Đông,Trần Phú,Hà Đông,,
Ngách 217/9 Đường Trần Phú - Hà Đông,Trần Phú,Hà Đông,,
Ngõ 10 Đường Trần Phú - Hà Đông,Trần Phú,Hà Đông,,
Ngõ 102 Đường Trần Phú - Hà Đông,Trần Phú,Hà Đông,,
Ngõ 106 Trần Phú - Hà Đông,Trần Phú,Hà Đông,,
Ngõ 108 Đường Trần Phú - Hà Đông,Trần Phú,Hà Đông,,
Ngõ 112 Đường Trần Phú - Hà Đông,Trần Phú,Hà Đông,,
Ngõ 121 Đường Trần Phú - Hà Đông,Trần Phú,Hà Đông,,
Ngõ 129 Đường Trần Phú - Hà Đông,Trần Phú,Hà Đông,,
Ngõ 131 Đường Trần Phú - Hà Đông,Trần Phú,Hà Đông,,
Ngõ 140 Đường Trần Phú - Hà Đông,Trần Phú,Hà Đông,,
Ngõ 141 Đường Trần Phú - Hà Đông,Trần Phú,Hà Đông,,
Ngõ 146 Đường Trần Phú - Hà Đông,Trần Phú,Hà Đông,,
Ngõ 163 Đường Trần Phú - Hà Đông,Trần Phú,Hà Đông,,
Ngõ 181 Đường Trần Phú - Hà Đông,Trần Phú,Hà Đông,,
Ngõ 19 Trần Phú - Hà Đông,Trần Phú,Hà Đông,,
Ngõ 197 Đường Trần Phú - Hà Đông,Trần Phú,Hà Đông,,
Ngõ 217 Đường Trần Phú - Hà Đông,Trần Phú,Hà Đông,,
Ngõ 24 Đường Trần Phú - Hà Đông,Trần Phú,Hà Đông,,
Ngõ 24 Trần Phú - Hà Đông,Trần Phú,Hà Đông,,
Ngõ 34 Đường Trần Phú - Hà Đông,Trần Phú,Hà Đông,,
Ngõ 4 Đường Trần Phú - Hà Đông,Trần Phú,Hà Đông,,
Ngõ 92 Đường Trần Phú - Hà Đông,Trần Phú,Hà Đông,,
Ngõ 92 Trần Phú - Hà Đông,Trần Phú,Hà Đông,,
Ngõ 1 Trần Văn Chuông - Hà Đông,Trần Văn Chuông,Hà Đông,,
Ngõ 2 Trần Văn Chuông - Hà Đông,Trần Văn Chuông,Hà Đông,,
Phố Trần Văn Chuông - Hà Đông,Trần Văn Chuông,Hà Đông,,
Phố Trưng Nhị - Hà Đông,Trưng Nhị,Hà Đông,,
Phố Trưng Trắc - Hà Đông,Trưng Trắc,Hà Đông,,
Phố Trương Công Định - Hà Đông,Trương Công Định,Hà Đông,,
Dãy 2 Dm-4 & Dm-6 Làng Nghề Vạn Phúc - Hà Đông,Vạn Phúc (Hà Đông),Hà Đông,,
Đường Vạn Phúc - Hà Đông,Vạn Phúc (Hà Đông),Hà Đông,,
Hẻm 103/8/4 Đường Vạn Phúc - Hà Đông,Vạn Phúc (Hà Đông),Hà Đông,,
Hẻm 103/8/5 Đường Vạn Phúc - Hà Đông,Vạn Phúc (Hà Đông),Hà Đông,,
Làng Nghề Vạn Phúc - Hà Đông,Vạn Phúc (Hà Đông),Hà Đông,,
Ngách 103/8 Đường Vạn Phúc - Hà Đông,Vạn Phúc (Hà Đông),Hà Đông,,
Ngách 61/60 Đường Vạn Phúc - Hà Đông,Vạn Phúc (Hà Đông),Hà Đông,,
Ngõ 103 Đường Vạn Phúc - Hà Đông,Vạn Phúc (Hà Đông),Hà Đông,,
Ngõ 11 Đường Vạn Phúc - Hà Đông,Vạn Phúc (Hà Đông),Hà Đông,,
Ngõ 117 Đường Vạn Phúc - Hà Đông,Vạn Phúc (Hà Đông),Hà Đông,,
Ngõ 133 Đường Vạn Phúc - Hà Đông,Vạn Phúc (Hà Đông),Hà Đông,,
Ngõ 147 Đường Vạn Phúc - Hà Đông,Vạn Phúc (Hà Đông),Hà Đông,,
Ngõ 18 Vạn Phúc - Hà Đông,Vạn Phúc (Hà Đông),Hà Đông,,
Ngõ 2 Đường Vạn Phúc - Hà Đông,Vạn Phúc (Hà Đông),Hà Đông,,
Ngõ 23 Đường Vạn Phúc - Hà Đông,Vạn Phúc (Hà Đông),Hà Đông,,
Ngõ 242 Vạn Phúc - Hà Đông,Vạn Phúc (Hà Đông),Hà Đông,,
Ngõ 25 Đường Vạn Phúc - Hà Đông,Vạn Phúc (Hà Đông),Hà Đông,,
Ngõ 34 Vạn Phúc - Hà Đông,Vạn Phúc (Hà Đông),Hà Đông,,
Ngõ 37 Đường Vạn Phúc - Hà Đông,Vạn Phúc (Hà Đông),Hà Đông,,
Ngõ 39 Đường Vạn Phúc - Hà Đông,Vạn Phúc (Hà Đông),Hà Đông,,
Ngõ 61 Đường Vạn Phúc - Hà Đông,Vạn Phúc (Hà Đông),Hà Đông,,
Ngõ 68 Đường Vạn Phúc - Hà Đông,Vạn Phúc (Hà Đông),Hà Đông,,
Ngõ 81 Vạn Phúc - Hà Đông,Vạn Phúc (Hà Đông),Hà Đông,,
Ngõ 9 Đường Vạn Phúc - Hà Đông,Vạn Phúc (Hà Đông),Hà Đông,,
Phố Văn Quán - Hà Đông,Văn Quán,Hà Đông,,
Phố Văn Yên - Hà Đông,Văn Yên,Hà Đông,,
Ngõ 34 Phố Vũ Trọng Khánh - Hà Đông,Vũ Trọng Khánh,Hà Đông,,
Ngõ 60 Phố Vũ Trọng Khánh - Hà Đông,Vũ Trọng Khánh,Hà Đông,,
Phố Vũ Trọng Khánh - Hà Đông,Vũ Trọng Khánh,Hà Đông,,
Phố Vũ Văn Cẩn - Hà Đông,Vũ Văn Cẩn,Hà Đông,,
Ngõ 1 Xa La - Hà Đông,Xa La,Hà Đông,,
Ngõ 2 Phố Xa La - Hà Đông,Xa La,Hà Đông,,
Ngõ 2 Xa La - Hà Đông,Xa La,Hà Đông,,
Phố Xa La - Hà Đông,Xa La,Hà Đông,,
Phố Yên Bình - Hà Đông,Yên Bình (Hà Đông),Hà Đông,,
Ngõ 12 Phố Yên Phúc - Hà Đông,Yên Phúc,Hà Đông,,
Ngõ 7 Yên Phúc - Hà Đông,Yên Phúc,Hà Đông,,
Ngõ 8 Phố Yên Phúc - Hà Đông,Yên Phúc,Hà Đông,,
Ngõ 8 Yên Phúc - Hà Đông,Yên Phúc,Hà Đông,,
Ngõ 9B Phố Yên Phúc - Hà Đông,Yên Phúc,Hà Đông,,
Phố Yên Phúc - Hà Đông,Yên Phúc,Hà Đông,,
Phố Yết Kiêu - Hà Đông,Yết Kiêu,Hà Đông,,
"Phố Nguyễn Văn Luyện - Hà Đông, Đại Mỗ",Nguyễn Văn Luyện,"Hà Đông, Đại Mỗ",,
"Đường Thanh Bình - Hà Đông, Đại Mỗ",Thanh Bình,"Hà Đông, Đại Mỗ",,
"Phố Tố Hữu - Hà Đông, Đại Mỗ",Tố Hữu,"Hà Đông, Đại Mỗ",,
"Đường Trần Phú - Hà Đông, Đại Mỗ",Trần Phú,"Hà Đông, Đại Mỗ",,
"Đường Vạn Phúc - Hà Đông, Đại Mỗ",Vạn Phúc (Hà Đông),"Hà Đông, Đại Mỗ",,
"Ngõ 242 Vạn Phúc - Hà Đông, Đại Mỗ",Vạn Phúc (Hà Đông),"Hà Đông, Đại Mỗ",,
"Phố Vũ Trọng Khánh - Hà Đông, Đại Mỗ",Vũ Trọng Khánh,"Hà Đông, Đại Mỗ",,
"Đường Đa Sỹ - Hà Đông, Kiến Hưng",Đa Sỹ,"Hà Đông, Kiến Hưng",,
"Phố Hà Cầu - Hà Đông, Kiến Hưng",Hà Cầu,"Hà Đông, Kiến Hưng",,
"Ngõ 4 Phố Hà Trì 4 - Hà Đông, Kiến Hưng",Hà Trì,"Hà Đông, Kiến Hưng",,
"Phố Hà Trì - Hà Đông, Kiến Hưng",Hà Trì,"Hà Đông, Kiến Hưng",,
"Phố Hà Trì 4 - Hà Đông, Kiến Hưng",Hà Trì,"Hà Đông, Kiến Hưng",,
"Phố Hoàng Đôn Hoà - Hà Đông, Kiến Hưng",Hoàng Đôn Hoà,"Hà Đông, Kiến Hưng",,TRUE
"Cầu Kiến Hưng - Hà Đông, Kiến Hưng",Kiến Hưng,"Hà Đông, Kiến Hưng",,
"Phố Kiến Hưng - Hà Đông, Kiến Hưng",Kiến Hưng,"Hà Đông, Kiến Hưng",,
"Phố Lý Thường Kiệt - Hà Đông, Kiến Hưng",Lý Thường Kiệt,"Hà Đông, Kiến Hưng",,
"Cầu Mậu Lương 1 - Hà Đông, Kiến Hưng",Mậu Lương,"Hà Đông, Kiến Hưng",,
"Đường Quang Trung - Hà Đông, Kiến Hưng",Quang Trung,"Hà Đông, Kiến Hưng",,
"Phố Trần Đăng Ninh - Hà Đông, Kiến Hưng",Trần Đăng Ninh,"Hà Đông, Kiến Hưng",,
"Đường Cầu Bươu - Hà Đông, Thanh Liệt",Cầu Bươu,"Hà Đông, Thanh Liệt",,
"Đường Chiến Thắng - Hà Đông, Thanh Liệt",Chiến Thắng (Hà Đông),"Hà Đông, Thanh Liệt",,
"Ngõ 143 Đường Chiến Thắng - Hà Đông, Thanh Liệt",Chiến Thắng (Hà Đông),"Hà Đông, Thanh Liệt",,
"Ngõ 163 Đường Chiến Thắng - Hà Đông, Thanh Liệt",Chiến Thắng (Hà Đông),"Hà Đông, Thanh Liệt",,
"Ngõ 331 Đường Chiến Thắng - Hà Đông, Thanh Liệt",Chiến Thắng (Hà Đông),"Hà Đông, Thanh Liệt",,
"Ngõ 72 Đường Chiến Thắng - Hà Đông, Thanh Liệt",Chiến Thắng (Hà Đông),"Hà Đông, Thanh Liệt",,
"Ngõ 88 Đường Chiến Thắng - Hà Đông, Thanh Liệt",Chiến Thắng (Hà Đông),"Hà Đông, Thanh Liệt",,
"Ngõ 96 Đường Chiến Thắng - Hà Đông, Thanh Liệt",Chiến Thắng (Hà Đông),"Hà Đông, Thanh Liệt",,
"Ngõ 232 Đường Phùng Hưng - Hà Đông, Thanh Liệt",Phùng Hưng,"Hà Đông, Thanh Liệt",,
"Đường Tân Triều - Hà Đông, Thanh Liệt",Tân Triều,"Hà Đông, Thanh Liệt",,
"Ngõ 196 Tân Triều - Hà Đông, Thanh Liệt",Tân Triều,"Hà Đông, Thanh Liệt",,
"Đường Trần Phú - Hà Đông, Thanh Liệt",Trần Phú,"Hà Đông, Thanh Liệt",,
"Đường Yên Xá - Hà Đông, Thanh Liệt",Yên Xá,"Hà Đông, Thanh Liệt",,
"Ngõ 21 Đường Yên Xá - Hà Đông, Thanh Liệt",Yên Xá,"Hà Đông, Thanh Liệt",,
Ngõ Bà Triệu - Hai Bà Trưng,Bà Triệu,Hai Bà Trưng,,
Phố Bà Triệu - Hai Bà Trưng,Bà Triệu,Hai Bà Trưng,,
Ngõ 92 Phố Bùi Thị Xuân - Hai Bà Trưng,Bùi Thị Xuân,Hai Bà Trưng,,
Phố Bùi Thị Xuân - Hai Bà Trưng,Bùi Thị Xuân,Hai Bà Trưng,,
Ngõ 51 Phố Cảm Hội - Hai Bà Trưng,Cảm Hội,Hai Bà Trưng,,
Phố Cảm Hội - Hai Bà Trưng,Cảm Hội,Hai Bà Trưng,,
Phố Cao Đạt - Hai Bà Trưng,Cao Đạt,Hai Bà Trưng,,
Phố Chùa Vua - Hai Bà Trưng,Chùa Vua,Hai Bà Trưng,,
Đường Đại Cồ Việt - Hai Bà Trưng,Đại Cồ Việt,Hai Bà Trưng,"Đường Đại Cồ Việt hiện nay là một phần của đê La Thành, là toà thành đất bao quanh Hà Nội cũ, và đóng vai trò là đường Vành đai 1 hiện nay. Trong quá trình xây dựng vào khoảng những năm 1980, độ cao đê đã được hạ bớt.",
Ngõ 66 Đường Đại Cồ Việt - Hai Bà Trưng,Đại Cồ Việt,Hai Bà Trưng,,
Phố Đỗ Ngọc Du - Hai Bà Trưng,Đỗ Ngọc Du,Hai Bà Trưng,,
Phố Đoàn Trần Nghiệp - Hai Bà Trưng,Đoàn Trần Nghiệp,Hai Bà Trưng,,
Phố Đội Cung - Hai Bà Trưng,Đội Cung,Hai Bà Trưng,,
Phố Đống Mác - Hai Bà Trưng,Đống Mác,Hai Bà Trưng,,
Ngách 1/14 Phố Đồng Nhân - Hai Bà Trưng,Đồng Nhân,Hai Bà Trưng,,
Ngách 1/17 Phố Đồng Nhân - Hai Bà Trưng,Đồng Nhân,Hai Bà Trưng,,
Ngõ 1 Phố Đồng Nhân - Hai Bà Trưng,Đồng Nhân,Hai Bà Trưng,,
Phố Đồng Nhân - Hai Bà Trưng,Đồng Nhân,Hai Bà Trưng,,
Ngõ Hàng Chuối 1 - Hai Bà Trưng,Hàng Chuối,Hai Bà Trưng,,
Ngõ Hàng Chuối 2 - Hai Bà Trưng,Hàng Chuối,Hai Bà Trưng,,
Phố Hàng Chuối - Hai Bà Trưng,Hàng Chuối,Hai Bà Trưng,,
Phố Hồ Xuân Hương - Hai Bà Trưng,Hồ Xuân Hương,Hai Bà Trưng,,
Ngõ 2 Phố Hoa Lư - Hai Bà Trưng,Hoa Lư,Hai Bà Trưng,,
Ngõ 4 Phố Hoa Lư - Hai Bà Trưng,Hoa Lư,Hai Bà Trưng,,
Phố Hoa Lư - Hai Bà Trưng,Hoa Lư,Hai Bà Trưng,,
Phố Hoà Mã - Hai Bà Trưng,Hoà Mã,Hai Bà Trưng,,
Ngõ Hoàng An - Hai Bà Trưng,Hoàng An,Hai Bà Trưng,,
Ngõ Huế - Hai Bà Trưng,Huế,Hai Bà Trưng,,
Phố Huế - Hai Bà Trưng,Huế,Hai Bà Trưng,"Phố Huế trước đây là một phần con đường thiên lý, nối thành phố Hà Nội đi về các tỉnh thành phía Nam. Phố được đặt tên là phố Huế vào thời nhà Nguyễn do đây là phần đầu đường các quan bắt đầu vào kinh thành chầu vua.",
Ngõ 28 Phố Hương Viên - Hai Bà Trưng,Hương Viên,Hai Bà Trưng,,
Phố Hương Viên - Hai Bà Trưng,Hương Viên,Hai Bà Trưng,,
Ngõ 55 Phố Lê Đại Hành - Hai Bà Trưng,Lê Đại Hành,Hai Bà Trưng,,
Ngõ Lê Đại Hành - Hai Bà Trưng,Lê Đại Hành,Hai Bà Trưng,,
Phố Lê Đại Hành - Hai Bà Trưng,Lê Đại Hành,Hai Bà Trưng,,
Đường Lê Duẩn - Hai Bà Trưng,Lê Duẩn,Hai Bà Trưng,,
Phố Lê Gia Đỉnh - Hai Bà Trưng,Lê Gia Đỉnh,Hai Bà Trưng,,
Phố Lê Ngọc Hân - Hai Bà Trưng,Lê Ngọc Hân,Hai Bà Trưng,,
Phố Lê Quý Đôn - Hai Bà Trưng,Lê Quý Đôn,Hai Bà Trưng,,
Ngõ 102+104 Phố Lò Đúc - Hai Bà Trưng,Lò Đúc,Hai Bà Trưng,,
Ngõ 108 Phố Lò Đúc - Hai Bà Trưng,Lò Đúc,Hai Bà Trưng,,
Ngõ 110 Phố Lò Đúc - Hai Bà Trưng,Lò Đúc,Hai Bà Trưng,,
Ngõ 116 Phố Lò Đúc - Hai Bà Trưng,Lò Đúc,Hai Bà Trưng,,
Ngõ 132 Phố Lò Đúc - Hai Bà Trưng,Lò Đúc,Hai Bà Trưng,,
Ngõ 150 Phố Lò Đúc - Hai Bà Trưng,Lò Đúc,Hai Bà Trưng,,
Ngõ 158 Phố Lò Đúc - Hai Bà Trưng,Lò Đúc,Hai Bà Trưng,,
Ngõ 168 Phố Lò Đúc - Hai Bà Trưng,Lò Đúc,Hai Bà Trưng,,
Ngõ 172 Phố Lò Đúc - Hai Bà Trưng,Lò Đúc,Hai Bà Trưng,,
Ngõ 180 Phố Lò Đúc - Hai Bà Trưng,Lò Đúc,Hai Bà Trưng,,
Ngõ 190 Phố Lò Đúc - Hai Bà Trưng,Lò Đúc,Hai Bà Trưng,,
Ngõ 199 Phố Lò Đúc - Hai Bà Trưng,Lò Đúc,Hai Bà Trưng,,
Ngõ 96 Phố Lò Đúc - Hai Bà Trưng,Lò Đúc,Hai Bà Trưng,,
Phố Lò Đúc - Hai Bà Trưng,Lò Đúc,Hai Bà Trưng,,
Ngõ 108 Phố Lương Yên - Hai Bà Trưng,Lương Yên,Hai Bà Trưng,,
Ngõ 18 Phố Lương Yên - Hai Bà Trưng,Lương Yên,Hai Bà Trưng,,
Ngõ 20 Phố Lương Yên - Hai Bà Trưng,Lương Yên,Hai Bà Trưng,,
Ngõ 24 Phố Lương Yên - Hai Bà Trưng,Lương Yên,Hai Bà Trưng,,
Ngõ 38 Phố Lương Yên - Hai Bà Trưng,Lương Yên,Hai Bà Trưng,,
Ngõ 49 Phố Lương Yên - Hai Bà Trưng,Lương Yên,Hai Bà Trưng,,
Ngõ 52 Phố Lương Yên - Hai Bà Trưng,Lương Yên,Hai Bà Trưng,,
Ngõ 62 Phố Lương Yên - Hai Bà Trưng,Lương Yên,Hai Bà Trưng,,
Ngõ 70 Phố Lương Yên - Hai Bà Trưng,Lương Yên,Hai Bà Trưng,,
Ngõ 92 Phố Lương Yên - Hai Bà Trưng,Lương Yên,Hai Bà Trưng,,
Ngõ 94 Phố Lương Yên - Hai Bà Trưng,Lương Yên,Hai Bà Trưng,,
Phố Lương Yên - Hai Bà Trưng,Lương Yên,Hai Bà Trưng,,
Phố Mai Hắc Đế - Hai Bà Trưng,Mai Hắc Đế,Hai Bà Trưng,,
Phố Ngô Thì Nhậm - Hai Bà Trưng,Ngô Thì Nhậm,Hai Bà Trưng,,
Phố Nguyễn Bỉnh Khiêm - Hai Bà Trưng,Nguyễn Bỉnh Khiêm,Hai Bà Trưng,,
Ngõ 31 Phố Nguyễn Cao - Hai Bà Trưng,Nguyễn Cao,Hai Bà Trưng,,
Ngõ 63 Phố Nguyễn Cao - Hai Bà Trưng,Nguyễn Cao,Hai Bà Trưng,,
Phố Nguyễn Cao - Hai Bà Trưng,Nguyễn Cao,Hai Bà Trưng,,
Ngõ 19 Phố Nguyễn Công Trứ - Hai Bà Trưng,Nguyễn Công Trứ,Hai Bà Trưng,,
Ngõ 35 Phố Nguyễn Công Trứ - Hai Bà Trưng,Nguyễn Công Trứ,Hai Bà Trưng,,
Ngõ 69 Phố Nguyễn Công Trứ - Hai Bà Trưng,Nguyễn Công Trứ,Hai Bà Trưng,,
Phố Nguyễn Công Trứ - Hai Bà Trưng,Nguyễn Công Trứ,Hai Bà Trưng,,
Ngõ 18 Phố Nguyễn Đình Chiểu - Hai Bà Trưng,Nguyễn Đình Chiểu,Hai Bà Trưng,,
Ngõ 30 Phố Nguyễn Đình Chiểu - Hai Bà Trưng,Nguyễn Đình Chiểu,Hai Bà Trưng,,
Ngõ 4 Phố Nguyễn Đình Chiểu - Hai Bà Trưng,Nguyễn Đình Chiểu,Hai Bà Trưng,,
Ngõ 44 Phố Nguyễn Đình Chiểu - Hai Bà Trưng,Nguyễn Đình Chiểu,Hai Bà Trưng,,
Ngõ 51 Phố Nguyễn Đình Chiểu - Hai Bà Trưng,Nguyễn Đình Chiểu,Hai Bà Trưng,,
Ngõ 56 Phố Nguyễn Đình Chiểu - Hai Bà Trưng,Nguyễn Đình Chiểu,Hai Bà Trưng,,
Ngõ 61 Phố Nguyễn Đình Chiểu - Hai Bà Trưng,Nguyễn Đình Chiểu,Hai Bà Trưng,,
Ngõ 89 Phố Nguyễn Đình Chiểu - Hai Bà Trưng,Nguyễn Đình Chiểu,Hai Bà Trưng,,
Ngõ 93 Phố Nguyễn Đình Chiểu - Hai Bà Trưng,Nguyễn Đình Chiểu,Hai Bà Trưng,,
Phố Nguyễn Đình Chiểu - Hai Bà Trưng,Nguyễn Đình Chiểu,Hai Bà Trưng,,
Phố Nguyễn Huy Tự - Hai Bà Trưng,Nguyễn Huy Tự,Hai Bà Trưng,"Vào ngày 30/5/2025, một chiếc xe BMW X3 màu đen do ông Nguyễn Sỹ Cương (Đại biểu Quốc hội khoá XIII, XIV) cầm lái đã bất ngờ lao sang làn đường ngược chiều, gây tai nạn trên phố Nguyễn Huy Tự. Vụ tai nạn đã khiến cho em Đỗ Ngọc Phương Thuỳ (nữ sinh 18 tuổi) bị đứt lìa chân và tử vong 1 tuần sau đó, ngay trước Kỳ thi tốt nghiệp THPT diễn ra, đồng thời bố của em là ông Đỗ Việt Hùng cũng bị thương nặng. Sự việc xảy ra gây phẫn nộ trong cộng đồng, do thiếu sự minh bạch từ các cơ quan điều tra và chính quyền, điều hướng và có xu hướng dập tắt thông tin từ phía chính quyền.",
Đường Nguyễn Khoái - Hai Bà Trưng,Nguyễn Khoái,Hai Bà Trưng,,
Ngõ 18 Đường Nguyễn Khoái - Hai Bà Trưng,Nguyễn Khoái,Hai Bà Trưng,,
Ngõ 26 Đường Nguyễn Khoái - Hai Bà Trưng,Nguyễn Khoái,Hai Bà Trưng,,
Ngõ 4 Đường Nguyễn Khoái - Hai Bà Trưng,Nguyễn Khoái,Hai Bà Trưng,,
Ngõ 6 Đường Nguyễn Khoái - Hai Bà Trưng,Nguyễn Khoái,Hai Bà Trưng,,
Ngõ 16A Phố Nguyễn Quyền - Hai Bà Trưng,Nguyễn Quyền,Hai Bà Trưng,,
Phố Nguyễn Thượng Hiền - Hai Bà Trưng,Nguyễn Thượng Hiền,Hai Bà Trưng,,
Phố Nguyễn Trung Ngạn - Hai Bà Trưng,Nguyễn Trung Ngạn,Hai Bà Trưng,,
Phố Phạm Đình Hổ - Hai Bà Trưng,Phạm Đình Hổ,Hai Bà Trưng,,
Phố Phù Đổng Thiên Vương - Hai Bà Trưng,Phù Đổng Thiên Vương,Hai Bà Trưng,,
Phố Phùng Khắc Khoan - Hai Bà Trưng,Phùng Khắc Khoan,Hai Bà Trưng,,
Phố Quang Trung - Hai Bà Trưng,Quang Trung,Hai Bà Trưng,,
Phố Tăng Bạt Hổ - Hai Bà Trưng,Tăng Bạt Hổ,Hai Bà Trưng,,
Ngõ Thái Phiên - Hai Bà Trưng,Thái Phiên,Hai Bà Trưng,,
Phố Thái Phiên - Hai Bà Trưng,Thái Phiên,Hai Bà Trưng,,
Phố Thể Giao - Hai Bà Trưng,Thể Giao,Hai Bà Trưng,,
Ngõ Thi Sách - Hai Bà Trưng,Thi Sách,Hai Bà Trưng,,
Phố Thi Sách - Hai Bà Trưng,Thi Sách,Hai Bà Trưng,,
Phố Thiền Quang - Hai Bà Trưng,Thiền Quang,Hai Bà Trưng,,
Ngõ Thịnh Yên - Hai Bà Trưng,Thịnh Yên,Hai Bà Trưng,,
Phố Thịnh Yên - Hai Bà Trưng,Thịnh Yên,Hai Bà Trưng,,
Ngõ 1 Phố Thọ Lão - Hai Bà Trưng,Thọ Lão,Hai Bà Trưng,,
Ngõ 26 Phố Thọ Lão - Hai Bà Trưng,Thọ Lão,Hai Bà Trưng,,
Ngõ 38 Phố Thọ Lão - Hai Bà Trưng,Thọ Lão,Hai Bà Trưng,,
Phố Thọ Lão - Hai Bà Trưng,Thọ Lão,Hai Bà Trưng,,
Phố Tô Hiến Thành - Hai Bà Trưng,Tô Hiến Thành,Hai Bà Trưng,,
Phố Trần Bình Trọng - Hai Bà Trưng,Trần Bình Trọng,Hai Bà Trưng,,
Ngõ Trần Cao Vân - Hai Bà Trưng,Trần Cao Vân,Hai Bà Trưng,,
Phố Trần Cao Vân - Hai Bà Trưng,Trần Cao Vân,Hai Bà Trưng,,
Đường Trần Khánh Dư - Hai Bà Trưng,Trần Khánh Dư,Hai Bà Trưng,,
Đường Trần Khát Chân - Hai Bà Trưng,Trần Khát Chân,Hai Bà Trưng,"Đường Trần Khát Chân là một phần của đường Vành đai 1, vốn nằm trên đoạn phía Nam của đê La Thành thuộc thành Đại La xưa. Trước đây, tuyến phố này là một con đê đất cao, chạy song song với sông Kim Ngưu ở phía Nam, vốn đã bị lấp và cống hóa trong khoảng thập niên 1980–1990. Đê La Thành từng uốn lượn từ khoảng số nhà 424, chếch lên Đông, đi theo ngõ 272 rồi vòng xuống Ô Đống Mác tại số 260, đến khoảng năm 1985 thì đoạn Trần Khát Chân được nắn thẳng như ngày nay. Hiện vẫn còn một đoạn ngõ cốt cao độ cao hơn so với mặt đường. Đoạn từ Ô Đống Mác đến đê Nguyễn Khoái được mở rộng và hoàn thiện vào năm 2016.",TRUE
Ngách 424/32 Đường Trần Khát Chân - Hai Bà Trưng,Trần Khát Chân,Hai Bà Trưng,,TRUE
Ngõ 10 Đường Trần Khát Chân - Hai Bà Trưng,Trần Khát Chân,Hai Bà Trưng,,TRUE
Ngõ 354 Đường Trần Khát Chân - Hai Bà Trưng,Trần Khát Chân,Hai Bà Trưng,,TRUE
Ngõ 424 Đường Trần Khát Chân - Hai Bà Trưng,Trần Khát Chân,Hai Bà Trưng,"Ngõ 424 Đường Trần Khát Chân trước đây là một phần của đê La Thành. Đê La Thành là xương sống của tuyến Vành đai 1 của thành phố Hà Nội. Hiện nay vẫn còn vết tích của đê, trong đó mặt ngõ cao hơn mặt đường.",TRUE
Phố Trần Nhân Tông - Hai Bà Trưng,Trần Nhân Tông,Hai Bà Trưng,,
Phố Trần Thánh Tông - Hai Bà Trưng,Trần Thánh Tông,Hai Bà Trưng,,
Ngõ Trần Xuân Soạn - Hai Bà Trưng,Trần Xuân Soạn,Hai Bà Trưng,,
Phố Trần Xuân Soạn - Hai Bà Trưng,Trần Xuân Soạn,Hai Bà Trưng,,
Ngõ Tràng An - Hai Bà Trưng,Tràng An,Hai Bà Trưng,,
Ngõ 25 Phố Triệu Việt Vương - Hai Bà Trưng,Triệu Việt Vương,Hai Bà Trưng,,
Phố Triệu Việt Vương - Hai Bà Trưng,Triệu Việt Vương,Hai Bà Trưng,,
Phố Tuệ Tĩnh - Hai Bà Trưng,Tuệ Tĩnh,Hai Bà Trưng,,
Phố Vân Đồn - Hai Bà Trưng,Vân Đồn,Hai Bà Trưng,,
Ngõ 3 Vân Hồ 3 - Hai Bà Trưng,Vân Hồ,Hai Bà Trưng,,
Ngõ 55 Vân Hồ 2 - Hai Bà Trưng,Vân Hồ,Hai Bà Trưng,,
Phố Vân Hồ 3 - Hai Bà Trưng,Vân Hồ,Hai Bà Trưng,,
Vân Hồ 3 - Hai Bà Trưng,Vân Hồ,Hai Bà Trưng,,
Phố Yec Xanh - Hai Bà Trưng,Yec Xanh,Hai Bà Trưng,,
Ngõ 31 Phố Yên Bái 2 - Hai Bà Trưng,Yên Bái,Hai Bà Trưng,,
Phố Yên Bái 1 - Hai Bà Trưng,Yên Bái,Hai Bà Trưng,,
Phố Yên Bái 2 - Hai Bà Trưng,Yên Bái,Hai Bà Trưng,,
"Đường Nguyễn Khoái - Hai Bà Trưng, Hồng Hà",Nguyễn Khoái,"Hai Bà Trưng, Hồng Hà",,
"Đường Trần Khát Chân - Hai Bà Trưng, Hồng Hà",Trần Khát Chân,"Hai Bà Trưng, Hồng Hà","Đường Trần Khát Chân là một phần của đường Vành đai 1, vốn nằm trên đoạn phía Nam của đê La Thành thuộc thành Đại La xưa. Trước đây, tuyến phố này là một con đê đất cao, chạy song song với sông Kim Ngưu ở phía Nam, vốn đã bị lấp và cống hóa trong khoảng thập niên 1980–1990. Đê La Thành từng uốn lượn từ khoảng số nhà 424, chếch lên Đông, đi theo ngõ 272 rồi vòng xuống Ô Đống Mác tại số 260, đến khoảng năm 1985 thì đoạn Trần Khát Chân được nắn thẳng như ngày nay. Hiện vẫn còn một đoạn ngõ cốt cao độ cao hơn so với mặt đường. Đoạn từ Ô Đống Mác đến đê Nguyễn Khoái được mở rộng và hoàn thiện vào năm 2016.",TRUE
"Phố Vân Đồn - Hai Bà Trưng, Hồng Hà",Vân Đồn,"Hai Bà Trưng, Hồng Hà",,
"Phố Đỗ Hành - Hai Bà Trưng, Văn Miếu - Quốc Tử Giám",Đỗ Hành,"Hai Bà Trưng, Văn Miếu - Quốc Tử Giám",,
"Ngõ Hoàng An - Hai Bà Trưng, Văn Miếu - Quốc Tử Giám",Hoàng An,"Hai Bà Trưng, Văn Miếu - Quốc Tử Giám",,
"Đường Lê Duẩn - Hai Bà Trưng, Văn Miếu - Quốc Tử Giám",Lê Duẩn,"Hai Bà Trưng, Văn Miếu - Quốc Tử Giám",,
"Ngõ 226 Đường Lê Duẩn - Hai Bà Trưng, Văn Miếu - Quốc Tử Giám",Lê Duẩn,"Hai Bà Trưng, Văn Miếu - Quốc Tử Giám",,
"Phố Nguyễn Quyền - Hai Bà Trưng, Văn Miếu - Quốc Tử Giám",Nguyễn Quyền,"Hai Bà Trưng, Văn Miếu - Quốc Tử Giám",,
"Phố Nguyễn Thượng Hiền - Hai Bà Trưng, Văn Miếu - Quốc Tử Giám",Nguyễn Thượng Hiền,"Hai Bà Trưng, Văn Miếu - Quốc Tử Giám",,
"Phố Vũ Hữu Lợi - Hai Bà Trưng, Văn Miếu - Quốc Tử Giám",Vũ Hữu Lợi,"Hai Bà Trưng, Văn Miếu - Quốc Tử Giám",,
"Đường Nguyễn Khoái - Hai Bà Trưng, Vĩnh Tuy",Nguyễn Khoái,"Hai Bà Trưng, Vĩnh Tuy",,
Phố Ấu Triệu - Hoàn Kiếm,Ấu Triệu,Hoàn Kiếm,,
Ngõ Báo Khánh - Hoàn Kiếm,Báo Khánh,Hoàn Kiếm,,
Phố Báo Khánh - Hoàn Kiếm,Báo Khánh,Hoàn Kiếm,,
Phố Bát Đàn - Hoàn Kiếm,Bát Đàn,Hoàn Kiếm,,
Phố Bát Sứ - Hoàn Kiếm,Bát Sứ,Hoàn Kiếm,,
Quảng Trường Cách Mạng Tháng Tám - Hoàn Kiếm,Cách Mạng Tháng Tám,Hoàn Kiếm,,
Ngõ Cấm Chỉ - Hoàn Kiếm,Cấm Chỉ,Hoàn Kiếm,Ngõ Cấm Chỉ được hình thành dựa trên một con đường nối phố Hàng Bông với Dương mã thành phía Đông Nam của thành Hà Nội.,
Phố Cao Thắng - Hoàn Kiếm,Cao Thắng,Hoàn Kiếm,,
Phố Cầu Đông - Hoàn Kiếm,Cầu Đông,Hoàn Kiếm,,
Ngõ Cầu Gỗ - Hoàn Kiếm,Cầu Gỗ,Hoàn Kiếm,,
Phố Cầu Gỗ - Hoàn Kiếm,Cầu Gỗ,Hoàn Kiếm,,
Phố Chả Cá - Hoàn Kiếm,Chả Cá,Hoàn Kiếm,,
Phố Chân Cầm - Hoàn Kiếm,Chân Cầm,Hoàn Kiếm,,
Phố Chợ Gạo - Hoàn Kiếm,Chợ Gạo,Hoàn Kiếm,"Phố được hình thành dựa trên lòng sông Tô Lịch cũ. Sông Tô Lịch gốc rẽ nhánh khỏi sông Hồng tại ngã ba Chợ Gạo - Trần Nhật Duật, chảy qua Nguyễn Siêu, ngõ Gạch, chảy chéo lên phố Hàng Lược, Hàng Cót, nhập vào hệ thống hào nước bao quanh Hoàng thành Thăng Long, rồi rẽ chảy qua phía Tây, đi qua Phan Đình Phùng, đi dưới trường THCS Chu Văn An, ngõ 2 dốc La Pho, một phần ngõ 10 đường Hoàng Hoa Thám, ngõ 79 đường Thuỵ Khuê, ngõ 11 dốc Tam Đa, ngõ 6 dốc Tam Đa, phố Đồng Cổ, chảy dưới chợ Bưởi, đi tiếp qua ngõ 24 Võ Chí Công, ngõ 2 đường Hoàng Quốc Việt rồi chảy lộ thiên.",
Phố Cổ Tân - Hoàn Kiếm,Cổ Tân,Hoàn Kiếm,,
Phố Cổng Đục - Hoàn Kiếm,Cổng Đục,Hoàn Kiếm,,
Phố Cửa Đông - Hoàn Kiếm,Cửa Đông,Hoàn Kiếm,Phố Cửa Đông được hình thành dựa trên trục chính của Dương mã thành phía Đông của thành Hà Nội. Hiện nay vẫn thấy được dấu vết Dương mã thành trong bố trí dân cư hiện trạng.,
Ngõ Đào Duy Từ - Hoàn Kiếm,Đào Duy Từ,Hoàn Kiếm,,
Phố Đào Duy Từ - Hoàn Kiếm,Đào Duy Từ,Hoàn Kiếm,,
Phố Đinh Lễ - Hoàn Kiếm,Đinh Lễ,Hoàn Kiếm,,
Phố Đinh Liệt - Hoàn Kiếm,Đinh Liệt,Hoàn Kiếm,,
Phố Đinh Tiên Hoàng - Hoàn Kiếm,Đinh Tiên Hoàng,Hoàn Kiếm,,
Phố Đông Thái - Hoàn Kiếm,Đông Thái,Hoàn Kiếm,,
Ngõ Đồng Xuân - Hoàn Kiếm,Đồng Xuân,Hoàn Kiếm,,
Phố Đồng Xuân - Hoàn Kiếm,Đồng Xuân,Hoàn Kiếm,,
Phố Đường Thành - Hoàn Kiếm,Đường Thành,Hoàn Kiếm,,
Ngõ Gạch - Hoàn Kiếm,Gạch,Hoàn Kiếm,"Ngõ được hình thành dựa trên lòng sông Tô Lịch cũ. Sông Tô Lịch gốc rẽ nhánh khỏi sông Hồng tại ngã ba Chợ Gạo - Trần Nhật Duật, chảy qua Nguyễn Siêu, ngõ Gạch, chảy chéo lên phố Hàng Lược, Hàng Cót, nhập vào hệ thống hào nước bao quanh Hoàng thành Thăng Long, rồi rẽ chảy qua phía Tây, đi qua Phan Đình Phùng, đi dưới trường THCS Chu Văn An, ngõ 2 dốc La Pho, một phần ngõ 10 đường Hoàng Hoa Thám, ngõ 79 đường Thuỵ Khuê, ngõ 11 dốc Tam Đa, ngõ 6 dốc Tam Đa, phố Đồng Cổ, chảy dưới chợ Bưởi, đi tiếp qua ngõ 24 Võ Chí Công, ngõ 2 đường Hoàng Quốc Việt rồi chảy lộ thiên.",
Ngõ 1 Phố Gầm Cầu - Hoàn Kiếm,Gầm Cầu,Hoàn Kiếm,,
Phố Gầm Cầu - Hoàn Kiếm,Gầm Cầu,Hoàn Kiếm,,
Phố Gia Ngư - Hoàn Kiếm,Gia Ngư,Hoàn Kiếm,,
Ngõ Hà Trung - Hoàn Kiếm,Hà Trung,Hoàn Kiếm,,
Phố Hà Trung - Hoàn Kiếm,Hà Trung,Hoàn Kiếm,,
Ngõ Hài Tượng - Hoàn Kiếm,Hài Tượng,Hoàn Kiếm,,
Phố Hàng Bạc - Hoàn Kiếm,Hàng Bạc,Hoàn Kiếm,,
Phố Hàng Bè - Hoàn Kiếm,Hàng Bè,Hoàn Kiếm,,
Phố Hàng Bồ - Hoàn Kiếm,Hàng Bồ,Hoàn Kiếm,,
Phố Hàng Bông - Hoàn Kiếm,Hàng Bông,Hoàn Kiếm,,
Phố Hàng Buồm - Hoàn Kiếm,Hàng Buồm,Hoàn Kiếm,,
Phố Hàng Bút - Hoàn Kiếm,Hàng Bút,Hoàn Kiếm,,
Phố Hàng Cá - Hoàn Kiếm,Hàng Cá,Hoàn Kiếm,,
Phố Hàng Cân - Hoàn Kiếm,Hàng Cân,Hoàn Kiếm,,
Ngõ 8 Phố Hàng Chai - Hoàn Kiếm,Hàng Chai,Hoàn Kiếm,,
Phố Hàng Chai - Hoàn Kiếm,Hàng Chai,Hoàn Kiếm,,
Ngõ Hàng Chỉ - Hoàn Kiếm,Hàng Chỉ,Hoàn Kiếm,,
Phố Hàng Chiếu - Hoàn Kiếm,Hàng Chiếu,Hoàn Kiếm,,
Phố Hàng Chĩnh - Hoàn Kiếm,Hàng Chĩnh,Hoàn Kiếm,,
Phố Hàng Cót - Hoàn Kiếm,Hàng Cót,Hoàn Kiếm,,
Phố Hàng Da - Hoàn Kiếm,Hàng Da,Hoàn Kiếm,,
Phố Hàng Đào - Hoàn Kiếm,Hàng Đào,Hoàn Kiếm,,
Phố Hàng Dầu - Hoàn Kiếm,Hàng Dầu,Hoàn Kiếm,,
Phố Hàng Điếu - Hoàn Kiếm,Hàng Điếu,Hoàn Kiếm,,
Phố Hàng Đồng - Hoàn Kiếm,Hàng Đồng,Hoàn Kiếm,,
Phố Hàng Đường - Hoàn Kiếm,Hàng Đường,Hoàn Kiếm,,
Phố Hàng Gà - Hoàn Kiếm,Hàng Gà,Hoàn Kiếm,,
Phố Hàng Gai - Hoàn Kiếm,Hàng Gai,Hoàn Kiếm,,
Phố Hàng Giầy - Hoàn Kiếm,Hàng Giầy,Hoàn Kiếm,,
Ngõ Hàng Hành - Hoàn Kiếm,Hàng Hành,Hoàn Kiếm,,
Phố Hàng Hòm - Hoàn Kiếm,Hàng Hòm,Hoàn Kiếm,,
Ngõ Hàng Hương - Hoàn Kiếm,Hàng Hương,Hoàn Kiếm,,
Phố Hàng Khay - Hoàn Kiếm,Hàng Khay,Hoàn Kiếm,"Phố Hàng Khay và Tràng Tiền là hai trong những phố được người Pháp cho xây dựng phát triển đầu tiên của thành phố Hà Nội, hoàn thành năm 1885. Nhà cửa thẳng hàng, đường rải đá, có cống thoát nước thải, vỉa hè trồng cây phượng.",
Ngõ Hàng Khoai 1 - Hoàn Kiếm,Hàng Khoai,Hoàn Kiếm,,
Ngõ Hàng Khoai 2 - Hoàn Kiếm,Hàng Khoai,Hoàn Kiếm,,
Phố Hàng Khoai - Hoàn Kiếm,Hàng Khoai,Hoàn Kiếm,,
Phố Hàng Lược - Hoàn Kiếm,Hàng Lược,Hoàn Kiếm,"Phố được hình thành dựa trên lòng sông Tô Lịch cũ. Sông Tô Lịch gốc rẽ nhánh khỏi sông Hồng tại ngã ba Chợ Gạo - Trần Nhật Duật, chảy qua Nguyễn Siêu, ngõ Gạch, chảy chéo lên phố Hàng Lược, Hàng Cót, nhập vào hệ thống hào nước bao quanh Hoàng thành Thăng Long, rồi rẽ chảy qua phía Tây, đi qua Phan Đình Phùng, đi dưới trường THCS Chu Văn An, ngõ 2 dốc La Pho, một phần ngõ 10 đường Hoàng Hoa Thám, ngõ 79 đường Thuỵ Khuê, ngõ 11 dốc Tam Đa, ngõ 6 dốc Tam Đa, phố Đồng Cổ, chảy dưới chợ Bưởi, đi tiếp qua ngõ 24 Võ Chí Công, ngõ 2 đường Hoàng Quốc Việt rồi chảy lộ thiên.",
Phố Hàng Mã - Hoàn Kiếm,Hàng Mã,Hoàn Kiếm,,
Phố Hàng Mắm - Hoàn Kiếm,Hàng Mắm,Hoàn Kiếm,,
Phố Hàng Mành - Hoàn Kiếm,Hàng Mành,Hoàn Kiếm,,
Phố Hàng Muối - Hoàn Kiếm,Hàng Muối,Hoàn Kiếm,,
Phố Hàng Ngang - Hoàn Kiếm,Hàng Ngang,Hoàn Kiếm,,
Phố Hàng Nón - Hoàn Kiếm,Hàng Nón,Hoàn Kiếm,,
Ngõ 14B Phố Hàng Phèn - Hoàn Kiếm,Hàng Phèn,Hoàn Kiếm,,
Phố Hàng Phèn - Hoàn Kiếm,Hàng Phèn,Hoàn Kiếm,,
Phố Hàng Quạt - Hoàn Kiếm,Hàng Quạt,Hoàn Kiếm,,
Phố Hàng Rươi - Hoàn Kiếm,Hàng Rươi,Hoàn Kiếm,,
Phố Hàng Thiếc - Hoàn Kiếm,Hàng Thiếc,Hoàn Kiếm,,
Phố Hàng Thùng - Hoàn Kiếm,Hàng Thùng,Hoàn Kiếm,,
Phố Hàng Tre - Hoàn Kiếm,Hàng Tre,Hoàn Kiếm,"Khi người Pháp mới đến Việt Nam, họ cho mở toà án tại phố Hàng Tre. Năm 1906, họ dời toà án đến Đại lộ Carreau (Ca-rô), là vị trí của Toà án Nhân dân Tối cao hiện nay. Toà nhà trên phố Hàng Tre trở thành Trụ sở Nha Công chính Đông Dương, nay là toà nhà Trụ sở Ban Quản lí trung ương các dự án thuỷ lợi và Ủy ban sông Mê Công Việt Nam (số 23 Hàng Tre).",
Phố Hàng Trống - Hoàn Kiếm,Hàng Trống,Hoàn Kiếm,,
Phố Hàng Vải - Hoàn Kiếm,Hàng Vải,Hoàn Kiếm,,
Ngõ 20 Phố Hàng Vôi - Hoàn Kiếm,Hàng Vôi,Hoàn Kiếm,,
Ngõ 22 Phố Hàng Vôi - Hoàn Kiếm,Hàng Vôi,Hoàn Kiếm,,
Phố Hàng Vôi - Hoàn Kiếm,Hàng Vôi,Hoàn Kiếm,,
Phố Hồ Hoàn Kiếm - Hoàn Kiếm,Hồ Hoàn Kiếm,Hoàn Kiếm,"Phố thuộc thôn Hương Mính (tiếng Hán Việt nghĩa là trà thơm). Trước đây phố bán chè, nên còn có tên cũ là phố Hàng Chè.",
Ngõ Hội Vũ - Hoàn Kiếm,Hội Vũ,Hoàn Kiếm,,
Ngõ Huyện - Hoàn Kiếm,Huyện,Hoàn Kiếm,,
Ngõ Khúc Hạo - Hoàn Kiếm,Khúc Hạo,Hoàn Kiếm,,
Phố Lãn Ông - Hoàn Kiếm,Lê Hữu Trác,Hoàn Kiếm,,
Phố Lê Lai - Hoàn Kiếm,Lê Lai,Hoàn Kiếm,,
Phố Lê Thái Tổ - Hoàn Kiếm,Lê Lợi,Hoàn Kiếm,,
Ngõ 14 Phố Lê Phụng Hiểu - Hoàn Kiếm,Lê Phụng Hiểu,Hoàn Kiếm,,
Phố Lê Phụng Hiểu - Hoàn Kiếm,Lê Phụng Hiểu,Hoàn Kiếm,,
Phố Lê Thạch - Hoàn Kiếm,Lê Thạch,Hoàn Kiếm,,
Phố Lê Văn Linh - Hoàn Kiếm,Lê Văn Linh,Hoàn Kiếm,,
Phố Lò Rèn - Hoàn Kiếm,Lò Rèn,Hoàn Kiếm,,
Phố Lò Sũ - Hoàn Kiếm,Lò Sũ,Hoàn Kiếm,,
Cầu Long Biên - Hoàn Kiếm,Long Biên,Hoàn Kiếm,"Cầu Long Biên là cây cầu thép đầu tiên bắc qua sông Hồng, đồng thời là công trình cầu thép lớn nhất Đông Dương lúc bấy giờ. Cầu có tên cũ là cầu Paul Doumer, đặt theo tên của Toàn quyền Đông Dương lúc bấy giờ. Năm 1945 cầu được bác sỹ Trần Văn Lai đổi tên thành Long Biên. Trái với lầm tưởng của nhiều người, cầu không được Gustave Eiffel thiết kế, mà được thiết kế và xây dựng bởi Daydé & Pillé. Cầu được xây dựng từ năm 1898, hoàn thành năm 1902, được sử dụng năm 1903. Cầu dài 2290m, gồm 896m cầu dẫn, 19 nhịp dầm thép đặt trên 20 trụ cao hơn 40m (kể cả móng) và đường dẫn xây bằng đá. Cầu ban đầu chỉ bao gồm 1 đường sắt đơn chạy ở giữa, tuy nhiên do nhu cầu vận tải gia tăng nên thi công thêm đường dành cho xe cơ giới và đi bộ ở hai bên. Trong Kháng chiến chống Mỹ, cầu bị ném bom nhiều lần và bị hư hại nặng 8 nhịp, sau này các nhịp này được thay thế bằng hệ dầm quân dụng. Cầu Long Biên và cầu Việt Trì là hai cầu duy nhất ở Việt Nam lưu thông ngược chiều, không phải vì lý do hàng hoá lưu thông một chiều nên cầu bị nghiêng, mà do xung đột giao thông tại nút giao lối lên cầu (Hàng Đậu giao với Trần Nhật Duật) nên tới năm 1953, chính quyền ban hành quy định đảo ngược chiều di chuyển.",
Ngõ 22 Phố Lương Ngọc Quyến - Hoàn Kiếm,Lương Ngọc Quyến,Hoàn Kiếm,,
Phố Lương Ngọc Quyến - Hoàn Kiếm,Lương Ngọc Quyến,Hoàn Kiếm,,
Phố Lương Văn Can - Hoàn Kiếm,Lương Văn Can,Hoàn Kiếm,"Tên của Lương Văn Can được đặt cho một con phố mới có từ khoảng những năm 1930, dẫn ra quảng trường Đông Kinh Nghĩa Thục, nơi từng có trường học do ông lập ra.",TRUE
Phố Lý Đạo Thành - Hoàn Kiếm,Lý Đạo Thành,Hoàn Kiếm,,
Ngõ 12A Phố Lý Nam Đế - Hoàn Kiếm,Lý Nam Đế,Hoàn Kiếm,,
Ngõ 14B Phố Lý Nam Đế - Hoàn Kiếm,Lý Nam Đế,Hoàn Kiếm,,
Ngõ 16A Phố Lý Nam Đế - Hoàn Kiếm,Lý Nam Đế,Hoàn Kiếm,,
Ngõ 32 Phố Lý Nam Đế - Hoàn Kiếm,Lý Nam Đế,Hoàn Kiếm,,
Ngõ 34A Phố Lý Nam Đế - Hoàn Kiếm,Lý Nam Đế,Hoàn Kiếm,,
Ngõ 36 Phố Lý Nam Đế - Hoàn Kiếm,Lý Nam Đế,Hoàn Kiếm,,
Ngõ 38A Phố Lý Nam Đế - Hoàn Kiếm,Lý Nam Đế,Hoàn Kiếm,,
Ngõ 8 Phố Lý Nam Đế - Hoàn Kiếm,Lý Nam Đế,Hoàn Kiếm,,
Ngõ 89A Phố Lý Nam Đế - Hoàn Kiếm,Lý Nam Đế,Hoàn Kiếm,,
Ngõ 89C Phố Lý Nam Đế - Hoàn Kiếm,Lý Nam Đế,Hoàn Kiếm,,
Ngõ 91A Phố Lý Nam Đế - Hoàn Kiếm,Lý Nam Đế,Hoàn Kiếm,,
Ngõ 91C Phố Lý Nam Đế - Hoàn Kiếm,Lý Nam Đế,Hoàn Kiếm,,
Ngõ 93 Phố Lý Nam Đế - Hoàn Kiếm,Lý Nam Đế,Hoàn Kiếm,,
Phố Lý Quốc Sư - Hoàn Kiếm,Lý Quốc Sư,Hoàn Kiếm,,
Phố Lý Thái Tổ - Hoàn Kiếm,Lý Thái Tổ,Hoàn Kiếm,,
Phố Mã Mây - Hoàn Kiếm,Mã Mây,Hoàn Kiếm,,
Phố Ngô Quyền - Hoàn Kiếm,Ngô Quyền,Hoàn Kiếm,,
Ngõ Nguyễn Hữu Huân - Hoàn Kiếm,Nguyễn Hữu Huân,Hoàn Kiếm,,
Phố Nguyễn Hữu Huân - Hoàn Kiếm,Nguyễn Hữu Huân,Hoàn Kiếm,,
Phố Nguyễn Quang Bích - Hoàn Kiếm,Nguyễn Quang Bích,Hoàn Kiếm,,
Phố Nguyễn Siêu - Hoàn Kiếm,Nguyễn Siêu,Hoàn Kiếm,"Phố được hình thành dựa trên lòng sông Tô Lịch cũ. Sông Tô Lịch gốc rẽ nhánh khỏi sông Hồng tại ngã ba Chợ Gạo - Trần Nhật Duật, chảy qua Nguyễn Siêu, ngõ Gạch, chảy chéo lên phố Hàng Lược, Hàng Cót, nhập vào hệ thống hào nước bao quanh Hoàng thành Thăng Long, rồi rẽ chảy qua phía Tây, đi qua Phan Đình Phùng, đi dưới trường THCS Chu Văn An, ngõ 2 dốc La Pho, một phần ngõ 10 đường Hoàng Hoa Thám, ngõ 79 đường Thuỵ Khuê, ngõ 11 dốc Tam Đa, ngõ 6 dốc Tam Đa, phố Đồng Cổ, chảy dưới chợ Bưởi, đi tiếp qua ngõ 24 Võ Chí Công, ngõ 2 đường Hoàng Quốc Việt rồi chảy lộ thiên.
Phố được đặt tên là Nguyễn Siêu vì trước đây nhà của ông ở khu làng ven bờ sông. Ông sống ở đó từ nhỏ, sau thành tài, mở trường dạy học ngay bên cạnh bờ sông.",TRUE
Phố Nguyễn Thiện Thuật - Hoàn Kiếm,Nguyễn Thiện Thuật,Hoàn Kiếm,,
Phố Nguyễn Thiếp - Hoàn Kiếm,Nguyễn Thiếp,Hoàn Kiếm,,
Phố Nguyễn Văn Tố - Hoàn Kiếm,Nguyễn Văn Tố,Hoàn Kiếm,,
Phố Nguyễn Xí - Hoàn Kiếm,Nguyễn Xí,Hoàn Kiếm,,
Ngõ Nhà Chung - Hoàn Kiếm,Nhà Chung,Hoàn Kiếm,,
Phố Nhà Chung - Hoàn Kiếm,Nhà Chung,Hoàn Kiếm,,
Phố Nhà Hoả - Hoàn Kiếm,Nhà Hoả,Hoàn Kiếm,Phố Nhà Hoả được hình thành dựa trên hào nước của Dương mã thành phía Đông của thành Hà Nội.,
Phố Nhà Thờ - Hoàn Kiếm,Nhà Thờ,Hoàn Kiếm,,
Ngõ Nội Miếu - Hoàn Kiếm,Nội Miếu,Hoàn Kiếm,,
Phố Ô Quan Chưởng - Hoàn Kiếm,Ô Quan Chưởng,Hoàn Kiếm,,
Ngõ Phất Lộc - Hoàn Kiếm,Phất Lộc,Hoàn Kiếm,,
Ngõ Phủ Doãn - Hoàn Kiếm,Phủ Doãn,Hoàn Kiếm,,
Phố Phủ Doãn - Hoàn Kiếm,Phủ Doãn,Hoàn Kiếm,,
Ngõ 107 Phố Phùng Hưng - Hoàn Kiếm,Phùng Hưng,Hoàn Kiếm,,
Phố Phùng Hưng - Hoàn Kiếm,Phùng Hưng,Hoàn Kiếm,"Phố được hình thành dựa trên lòng sông Tô Lịch cũ. Sông Tô Lịch gốc rẽ nhánh khỏi sông Hồng tại ngã ba Chợ Gạo - Trần Nhật Duật, chảy qua Nguyễn Siêu, ngõ Gạch, chảy chéo lên phố Hàng Lược, Hàng Cót, nhập vào hệ thống hào nước bao quanh Hoàng thành Thăng Long, rồi rẽ chảy qua phía Tây, đi qua Phan Đình Phùng, đi dưới trường THCS Chu Văn An, ngõ 2 dốc La Pho, một phần ngõ 10 đường Hoàng Hoa Thám, ngõ 79 đường Thuỵ Khuê, ngõ 11 dốc Tam Đa, ngõ 6 dốc Tam Đa, phố Đồng Cổ, chảy dưới chợ Bưởi, đi tiếp qua ngõ 24 Võ Chí Công, ngõ 2 đường Hoàng Quốc Việt rồi chảy lộ thiên.",
Phố Quán Sứ - Hoàn Kiếm,Quán Sứ,Hoàn Kiếm,,
Phố Quang Trung - Hoàn Kiếm,Quang Trung,Hoàn Kiếm,,
Phố Tạ Hiện - Hoàn Kiếm,Tạ Hiện,Hoàn Kiếm,,
Ngõ Tạm Thương - Hoàn Kiếm,Tạm Thương,Hoàn Kiếm,,
Phố Thanh Hà - Hoàn Kiếm,Thanh Hà,Hoàn Kiếm,,
Cầu Thê Húc - Hoàn Kiếm,Thê Húc,Hoàn Kiếm,,
Ngõ Thọ Xương - Hoàn Kiếm,Thọ Xương,Hoàn Kiếm,,
Phố Thuốc Bắc - Hoàn Kiếm,Thuốc Bắc,Hoàn Kiếm,"Phố Thuốc Bắc hiện nay là do nhiều đoạn phố gộp lại. Đầu tiên là phố Hàng Khoá ở phần giáp với Hàng Mã, sau đó đổi tên thành phố Hàng Sắt. Tiếp theo là phố Hàng Áo Cũ, phố Hàng Thuốc Bắc (bán các thành phần của thuốc Bắc - còn phố Phúc Kiến - Lãn Ông bán thuốc bào chế), phố Hàng Vải Thâm, phố Hàng Bút.",
Phố Tố Tịch - Hoàn Kiếm,Tố Tịch,Hoàn Kiếm,,
Ngõ 35 Phố Tôn Thất Thiệp - Hoàn Kiếm,Tôn Thất Thiệp,Hoàn Kiếm,,
Ngõ 53 Phố Tôn Thất Thiệp - Hoàn Kiếm,Tôn Thất Thiệp,Hoàn Kiếm,,
Ngõ 57 Phố Tôn Thất Thiệp - Hoàn Kiếm,Tôn Thất Thiệp,Hoàn Kiếm,,
Phố Tông Đản - Hoàn Kiếm,Tông Đản,Hoàn Kiếm,,
Phố Tống Duy Tân - Hoàn Kiếm,Tống Duy Tân,Hoàn Kiếm,Phố Tống Duy Tân được hình thành dựa trên hào nước xung quanh thành Hà Nội.,
Ngõ Trạm - Hoàn Kiếm,Trạm (Hoàn Kiếm),Hoàn Kiếm,,
Phố Trần Nguyên Hãn - Hoàn Kiếm,Trần Nguyên Hãn,Hoàn Kiếm,,
Đường Trần Nhật Duật - Hoàn Kiếm,Trần Nhật Duật,Hoàn Kiếm,,
Phố Trần Phú - Hoàn Kiếm,Trần Phú,Hoàn Kiếm,"Phố Trần Phú được hình thành dựa trên cạnh phía Nam của Hoàng thành Thăng Long cũ. Các cạnh của Hoàng thành Thăng Long bao gồm phố Lý Nam Đế, phố Phan Đình Phùng, đường Hùng Vương và phố Trần Phú",
Đường Trần Quang Khải - Hoàn Kiếm,Trần Quang Khải,Hoàn Kiếm,,
Phố Tràng Thi - Hoàn Kiếm,Tràng Thi,Hoàn Kiếm,,
Phố Tràng Tiền - Hoàn Kiếm,Tràng Tiền,Hoàn Kiếm,"Phố Tràng Tiền và Hàng Khay là hai trong những phố được người Pháp cho xây dựng phát triển đầu tiên của thành phố Hà Nội, hoàn thành năm 1885. Nhà cửa thẳng hàng, đường rải đá, có cống thoát nước thải, vỉa hè trồng cây phượng.",
Ngõ Trung Yên - Hoàn Kiếm,Trung Yên (Hoàn Kiếm),Hoàn Kiếm,,
Ngõ Yên Thái - Hoàn Kiếm,Yên Thái,Hoàn Kiếm,,
"Phố Hàng Muối - Hoàn Kiếm, Hồng Hà",Hàng Muối,"Hoàn Kiếm, Hồng Hà",,
"Phố Nguyễn Hữu Huân - Hoàn Kiếm, Hồng Hà",Nguyễn Hữu Huân,"Hoàn Kiếm, Hồng Hà",,
Hẻm 2/113/24 Phố Bằng B - Hoàng Liệt,Bằng B,Hoàng Liệt,,
Hẻm 44/1/24 Phố Bằng B - Hoàng Liệt,Bằng B,Hoàng Liệt,,
Hẻm 44/1/46 Phố Bằng B - Hoàng Liệt,Bằng B,Hoàng Liệt,,
Ngách 113/2 Phố Bằng B - Hoàng Liệt,Bằng B,Hoàng Liệt,,
Ngách 2/113 Phố Bằng B - Hoàng Liệt,Bằng B,Hoàng Liệt,,
Ngách 2/131 Phố Bằng B - Hoàng Liệt,Bằng B,Hoàng Liệt,,
Ngách 2/73 Phố Bằng B - Hoàng Liệt,Bằng B,Hoàng Liệt,,
Ngách 2/8 Phố Bằng B - Hoàng Liệt,Bằng B,Hoàng Liệt,,
Ngách 2A/24 Phố Bằng B - Hoàng Liệt,Bằng B,Hoàng Liệt,,
Ngách 2A/32 Phố Bằng B - Hoàng Liệt,Bằng B,Hoàng Liệt,,
Ngách 44/1 Phố Bằng B - Hoàng Liệt,Bằng B,Hoàng Liệt,,
Ngõ 157 Phố Bằng B - Hoàng Liệt,Bằng B,Hoàng Liệt,,
Ngõ 2 Phố Bằng B - Hoàng Liệt,Bằng B,Hoàng Liệt,,
Ngõ 2A Phố Bằng B - Hoàng Liệt,Bằng B,Hoàng Liệt,,
Ngõ 44 Phố Bằng B - Hoàng Liệt,Bằng B,Hoàng Liệt,,
Ngõ 46 Phố Bằng B - Hoàng Liệt,Bằng B,Hoàng Liệt,,
Ngõ 46A Phố Bằng B - Hoàng Liệt,Bằng B,Hoàng Liệt,,
Ngõ 48 Phố Bằng B - Hoàng Liệt,Bằng B,Hoàng Liệt,,
Ngõ 64 Phố Bằng B - Hoàng Liệt,Bằng B,Hoàng Liệt,,
Ngõ 68 Phố Bằng B - Hoàng Liệt,Bằng B,Hoàng Liệt,,
Phố Bằng B - Hoàng Liệt,Bằng B,Hoàng Liệt,,
Bằng Liệt - Hoàng Liệt,Bằng Liệt,Hoàng Liệt,,
Hẻm 61/72/5 Phố Bằng Liệt - Hoàng Liệt,Bằng Liệt,Hoàng Liệt,,
Hẻm 61/72/7 Phố Bằng Liệt - Hoàng Liệt,Bằng Liệt,Hoàng Liệt,,
Hẻm 89/19/47 Phố Bằng Liệt - Hoàng Liệt,Bằng Liệt,Hoàng Liệt,,
Hẻm 89/19/65 Phố Bằng Liệt - Hoàng Liệt,Bằng Liệt,Hoàng Liệt,,
Ngách 123/6 Phố Bằng Liệt - Hoàng Liệt,Bằng Liệt,Hoàng Liệt,,
Ngách 123/62 Phố Bằng Liệt - Hoàng Liệt,Bằng Liệt,Hoàng Liệt,,
Ngách 123/81 Phố Bằng Liệt - Hoàng Liệt,Bằng Liệt,Hoàng Liệt,,
Ngách 25/51 Phố Bằng Liệt - Hoàng Liệt,Bằng Liệt,Hoàng Liệt,,
Ngách 37/20 Phố Bằng Liệt - Hoàng Liệt,Bằng Liệt,Hoàng Liệt,,
Ngách 37/6 Phố Bằng Liệt - Hoàng Liệt,Bằng Liệt,Hoàng Liệt,,
Ngách 61/20 Phố Bằng Liệt - Hoàng Liệt,Bằng Liệt,Hoàng Liệt,,
Ngách 61/40 Phố Bằng Liệt - Hoàng Liệt,Bằng Liệt,Hoàng Liệt,,
Ngách 61/45 Phố Bằng Liệt - Hoàng Liệt,Bằng Liệt,Hoàng Liệt,,
Ngách 61/72 Phố Bằng Liệt - Hoàng Liệt,Bằng Liệt,Hoàng Liệt,,
Ngách 61/83 Phố Bằng Liệt - Hoàng Liệt,Bằng Liệt,Hoàng Liệt,,
Ngách 89/19 Phố Bằng Liệt - Hoàng Liệt,Bằng Liệt,Hoàng Liệt,,
Ngõ 109 Phố Bằng Liệt - Hoàng Liệt,Bằng Liệt,Hoàng Liệt,,
Ngõ 123 Phố Bằng Liệt - Hoàng Liệt,Bằng Liệt,Hoàng Liệt,,
Ngõ 139 Phố Bằng Liệt - Hoàng Liệt,Bằng Liệt,Hoàng Liệt,,
Ngõ 15 Phố Bằng Liệt - Hoàng Liệt,Bằng Liệt,Hoàng Liệt,,
Ngõ 25 Phố Bằng Liệt - Hoàng Liệt,Bằng Liệt,Hoàng Liệt,,
Ngõ 37 Phố Bằng Liệt - Hoàng Liệt,Bằng Liệt,Hoàng Liệt,,
Ngõ 4 Phố Bằng Liệt - Hoàng Liệt,Bằng Liệt,Hoàng Liệt,,
Ngõ 6 Phố Bằng Liệt - Hoàng Liệt,Bằng Liệt,Hoàng Liệt,,
Ngõ 61 Phố Bằng Liệt - Hoàng Liệt,Bằng Liệt,Hoàng Liệt,,
Ngõ 63 Phố Bằng Liệt - Hoàng Liệt,Bằng Liệt,Hoàng Liệt,,
Ngõ 65 Phố Bằng Liệt - Hoàng Liệt,Bằng Liệt,Hoàng Liệt,,
Ngõ 77 Phố Bằng Liệt - Hoàng Liệt,Bằng Liệt,Hoàng Liệt,,
Ngõ 89 Phố Bằng Liệt - Hoàng Liệt,Bằng Liệt,Hoàng Liệt,,
Phố Bằng Liệt - Hoàng Liệt,Bằng Liệt,Hoàng Liệt,,
Phố Bùi Quốc Khái - Hoàng Liệt,Bùi Quốc Khái,Hoàng Liệt,,
Phố Đạm Phương - Hoàng Liệt,Đạm Phương,Hoàng Liệt,,
Đường Giải Phóng - Hoàng Liệt,Giải Phóng,Hoàng Liệt,,
Hẻm 2/16/18 Phố Hoàng Liệt - Hoàng Liệt,Hoàng Liệt,Hoàng Liệt,,
Hẻm 2/16/3 Phố Hoàng Liệt - Hoàng Liệt,Hoàng Liệt,Hoàng Liệt,,
Hẻm 2/2/1 phố Hoàng Liệt - Hoàng Liệt,Hoàng Liệt,Hoàng Liệt,,
Hẻm 2/43/5 Phố Hoàng Liệt - Hoàng Liệt,Hoàng Liệt,Hoàng Liệt,,
Hẻm 2/6/2A Phố Hoàng Liệt - Hoàng Liệt,Hoàng Liệt,Hoàng Liệt,,
Ngách 2/1 Phố Hoàng Liệt - Hoàng Liệt,Hoàng Liệt,Hoàng Liệt,,
Ngách 2/14 Phố Hoàng Liệt - Hoàng Liệt,Hoàng Liệt,Hoàng Liệt,,
Ngách 2/16 Phố Hoàng Liệt - Hoàng Liệt,Hoàng Liệt,Hoàng Liệt,,
Ngách 2/2 Phố Hoàng Liệt - Hoàng Liệt,Hoàng Liệt,Hoàng Liệt,,
Ngách 2/20 Phố Hoàng Liệt - Hoàng Liệt,Hoàng Liệt,Hoàng Liệt,,
Ngách 2/25 Phố Hoàng Liệt - Hoàng Liệt,Hoàng Liệt,Hoàng Liệt,,
Ngách 2/35 Phố Hoàng Liệt - Hoàng Liệt,Hoàng Liệt,Hoàng Liệt,,
Ngách 2/43 Phố Hoàng Liệt - Hoàng Liệt,Hoàng Liệt,Hoàng Liệt,,
Ngách 2/6 Phố Hoàng Liệt - Hoàng Liệt,Hoàng Liệt,Hoàng Liệt,,
Ngách 2/69 Phố Hoàng Liệt - Hoàng Liệt,Hoàng Liệt,Hoàng Liệt,,
Ngách 3/4 Phố Hoàng Liệt - Hoàng Liệt,Hoàng Liệt,Hoàng Liệt,,
Ngõ 2 Phố Hoàng Liệt - Hoàng Liệt,Hoàng Liệt,Hoàng Liệt,,
Phố Hoàng Liệt - Hoàng Liệt,Hoàng Liệt,Hoàng Liệt,,
Bán Đảo Linh Đàm - Hoàng Liệt,Linh Đàm,Hoàng Liệt,,
Cầu Bắc Linh Đàm - Hoàng Liệt,Linh Đàm,Hoàng Liệt,,
Cầu Linh Đàm - Hoàng Liệt,Linh Đàm,Hoàng Liệt,,
Ngõ 47 Phố Linh Đường - Hoàng Liệt,Linh Đường,Hoàng Liệt,,
Ngõ 56 Phố Linh Đường - Hoàng Liệt,Linh Đường,Hoàng Liệt,,
Phố Linh Đường - Hoàng Liệt,Linh Đường,Hoàng Liệt,,
Ngõ 10 Phố Nam Sơn - Hoàng Liệt,Nam Sơn,Hoàng Liệt,,
Ngõ 6 Phố Nam Sơn - Hoàng Liệt,Nam Sơn,Hoàng Liệt,,
Phố Nam Sơn - Hoàng Liệt,Nam Sơn,Hoàng Liệt,,
Đường Ngọc Hồi - Hoàng Liệt,Ngọc Hồi,Hoàng Liệt,,
Hẻm 46/55/30 Đường Ngọc Hồi - Hoàng Liệt,Ngọc Hồi,Hoàng Liệt,,
Hẻm 54/53/1 Đường Ngọc Hồi - Hoàng Liệt,Ngọc Hồi,Hoàng Liệt,,
Ngách 46/18 Đường Ngọc Hồi - Hoàng Liệt,Ngọc Hồi,Hoàng Liệt,,
Ngách 46/55 Đường Ngọc Hồi - Hoàng Liệt,Ngọc Hồi,Hoàng Liệt,,
Ngách 46/60 Đường Ngọc Hồi - Hoàng Liệt,Ngọc Hồi,Hoàng Liệt,,
Ngách 48/1 Đường Ngọc Hồi - Hoàng Liệt,Ngọc Hồi,Hoàng Liệt,,
Ngách 48/14 Đường Ngọc Hồi - Hoàng Liệt,Ngọc Hồi,Hoàng Liệt,,
Ngách 48/16 Đường Ngọc Hồi - Hoàng Liệt,Ngọc Hồi,Hoàng Liệt,,
Ngách 48/3 Đường Ngọc Hồi - Hoàng Liệt,Ngọc Hồi,Hoàng Liệt,,
Ngách 54/2 Đường Ngọc Hồi - Hoàng Liệt,Ngọc Hồi,Hoàng Liệt,,
Ngách 54/53 Đường Ngọc Hồi - Hoàng Liệt,Ngọc Hồi,Hoàng Liệt,,
Ngõ 148 Đường Ngọc Hồi - Hoàng Liệt,Ngọc Hồi,Hoàng Liệt,,
Ngõ 172 Đường Ngọc Hồi - Hoàng Liệt,Ngọc Hồi,Hoàng Liệt,,
Ngõ 210 Đường Ngọc Hồi - Hoàng Liệt,Ngọc Hồi,Hoàng Liệt,,
Ngõ 238 Đường Ngọc Hồi - Hoàng Liệt,Ngọc Hồi,Hoàng Liệt,,
Ngõ 26 Đường Ngọc Hồi - Hoàng Liệt,Ngọc Hồi,Hoàng Liệt,,
Ngõ 266 Đường Ngọc Hồi - Hoàng Liệt,Ngọc Hồi,Hoàng Liệt,,
Ngõ 268 Đường Ngọc Hồi - Hoàng Liệt,Ngọc Hồi,Hoàng Liệt,,
Ngõ 272 Đường Ngọc Hồi - Hoàng Liệt,Ngọc Hồi,Hoàng Liệt,,
Ngõ 46 Đường Ngọc Hồi - Hoàng Liệt,Ngọc Hồi,Hoàng Liệt,,
Ngõ 48 Đường Ngọc Hồi - Hoàng Liệt,Ngọc Hồi,Hoàng Liệt,,
Ngõ 54 Đường Ngọc Hồi - Hoàng Liệt,Ngọc Hồi,Hoàng Liệt,,
Ngõ 8 Đường Ngọc Hồi - Hoàng Liệt,Ngọc Hồi,Hoàng Liệt,,
Ngọc Hồi - Hoàng Liệt,Ngọc Hồi,Hoàng Liệt,,
Phố Nguyễn Duy Trinh - Hoàng Liệt,Nguyễn Duy Trinh,Hoàng Liệt,,
Phố Nguyễn Hữu Thọ - Hoàng Liệt,Nguyễn Hữu Thọ,Hoàng Liệt,,
Phố Nguyễn Phan Chánh - Hoàng Liệt,Nguyễn Phan Chánh,Hoàng Liệt,,
Hẻm 250/80A/11 Đường Phan Trọng Tuệ - Hoàng Liệt,Phan Trọng Tuệ,Hoàng Liệt,,
Hẻm 250/80A/9 Đường Phan Trọng Tuệ - Hoàng Liệt,Phan Trọng Tuệ,Hoàng Liệt,,
Ngách 250/108 Đường Phan Trọng Tuệ - Hoàng Liệt,Phan Trọng Tuệ,Hoàng Liệt,,
Ngách 250/80A Đường Phan Trọng Tuệ - Hoàng Liệt,Phan Trọng Tuệ,Hoàng Liệt,,
Ngách 250/82 Đường Phan Trọng Tuệ - Hoàng Liệt,Phan Trọng Tuệ,Hoàng Liệt,,
Ngõ 250 Đường Phan Trọng Tuệ - Hoàng Liệt,Phan Trọng Tuệ,Hoàng Liệt,,
Đường Tựu Liệt - Hoàng Liệt,Tựu Liệt,Hoàng Liệt,,
Ngách 280/11 Đường Tựu Liệt - Hoàng Liệt,Tựu Liệt,Hoàng Liệt,,
Ngách 280/15 Đường Tựu Liệt - Hoàng Liệt,Tựu Liệt,Hoàng Liệt,,
Ngách 3/1 Đường Tựu Liệt - Hoàng Liệt,Tựu Liệt,Hoàng Liệt,,
Ngách 3/35 Đường Tựu Liệt - Hoàng Liệt,Tựu Liệt,Hoàng Liệt,,
Ngách 304/27 Đường Tựu Liệt - Hoàng Liệt,Tựu Liệt,Hoàng Liệt,,
Ngách 304/29 Đường Tựu Liệt - Hoàng Liệt,Tựu Liệt,Hoàng Liệt,,
Ngách 304/31 Đường Tựu Liệt - Hoàng Liệt,Tựu Liệt,Hoàng Liệt,,
Ngõ 119 Đường Tựu Liệt - Hoàng Liệt,Tựu Liệt,Hoàng Liệt,,
Ngõ 125 Đường Tựu Liệt - Hoàng Liệt,Tựu Liệt,Hoàng Liệt,,
Ngõ 127 Đường Tựu Liệt - Hoàng Liệt,Tựu Liệt,Hoàng Liệt,,
Ngõ 129 Đường Tựu Liệt - Hoàng Liệt,Tựu Liệt,Hoàng Liệt,,
Ngõ 130 Đường Tựu Liệt - Hoàng Liệt,Tựu Liệt,Hoàng Liệt,,
Ngõ 167 Đường Tựu Liệt - Hoàng Liệt,Tựu Liệt,Hoàng Liệt,,
Ngõ 178 Đường Tựu Liệt - Hoàng Liệt,Tựu Liệt,Hoàng Liệt,,
Ngõ 187 Đường Tựu Liệt - Hoàng Liệt,Tựu Liệt,Hoàng Liệt,,
Ngõ 190 Đường Tựu Liệt - Hoàng Liệt,Tựu Liệt,Hoàng Liệt,,
Ngõ 192 Đường Tựu Liệt - Hoàng Liệt,Tựu Liệt,Hoàng Liệt,,
Ngõ 201 Đường Tựu Liệt - Hoàng Liệt,Tựu Liệt,Hoàng Liệt,,
Ngõ 21 Đường Tựu Liệt - Hoàng Liệt,Tựu Liệt,Hoàng Liệt,,
Ngõ 222 Đường Tựu Liệt - Hoàng Liệt,Tựu Liệt,Hoàng Liệt,,
Ngõ 231 Đường Tựu Liệt - Hoàng Liệt,Tựu Liệt,Hoàng Liệt,,
Ngõ 246 Đường Tựu Liệt - Hoàng Liệt,Tựu Liệt,Hoàng Liệt,,
Ngõ 258 Đường Tựu Liệt - Hoàng Liệt,Tựu Liệt,Hoàng Liệt,,
Ngõ 268 Đường Tựu Liệt - Hoàng Liệt,Tựu Liệt,Hoàng Liệt,,
Ngõ 280 Đường Tựu Liệt - Hoàng Liệt,Tựu Liệt,Hoàng Liệt,,
Ngõ 290 Đường Tựu Liệt - Hoàng Liệt,Tựu Liệt,Hoàng Liệt,,
Ngõ 3 Đường Tựu Liệt - Hoàng Liệt,Tựu Liệt,Hoàng Liệt,,
Ngõ 30 Đường Tựu Liệt - Hoàng Liệt,Tựu Liệt,Hoàng Liệt,,
Ngõ 304 Đường Tựu Liệt - Hoàng Liệt,Tựu Liệt,Hoàng Liệt,,
Ngõ 72 Đường Tựu Liệt - Hoàng Liệt,Tựu Liệt,Hoàng Liệt,,
Cầu Văn Điển - Hoàng Liệt,Văn Điển,Hoàng Liệt,,
Phố Văn Tân - Hoàng Liệt,Văn Tân,Hoàng Liệt,,
Phố Vũ Tuyên Hoàng - Hoàng Liệt,Vũ Tuyên Hoàng,Hoàng Liệt,,
"Phố Bằng Liệt - Hoàng Liệt, Định Công",Bằng Liệt,"Hoàng Liệt, Định Công",,
"Đường Giải Phóng - Hoàng Liệt, Định Công",Giải Phóng,"Hoàng Liệt, Định Công",,
"Đường Ven Hồ Linh Đàm - Hoàng Liệt, Định Công",Linh Đàm,"Hoàng Liệt, Định Công",,
"Đường Nghiêm Xuân Yêm - Hoàng Liệt, Định Công",Nghiêm Xuân Yêm,"Hoàng Liệt, Định Công",,
"Phố Nguyễn Hữu Thọ - Hoàng Liệt, Định Công",Nguyễn Hữu Thọ,"Hoàng Liệt, Định Công",,
"Đường Đỗ Mười - Hoàng Liệt, Hoàng Mai",Đỗ Mười,"Hoàng Liệt, Hoàng Mai",,
"Cầu Bắc Linh Đàm - Hoàng Liệt, Thanh Liệt",Linh Đàm,"Hoàng Liệt, Thanh Liệt",,
"Đường Đỗ Mười - Hoàng Liệt, Yên Sở",Đỗ Mười,"Hoàng Liệt, Yên Sở",,
Đường Ao Sào - Hoàng Mai,Ao Sào,Hoàng Mai,,
Ngách 69/22 Phố Bùi Huy Bích - Hoàng Mai,Bùi Huy Bích,Hoàng Mai,,TRUE
Ngách 89/40 Phố Bùi Huy Bích - Hoàng Mai,Bùi Huy Bích,Hoàng Mai,,TRUE
Ngõ 1 Phố Bùi Huy Bích - Hoàng Mai,Bùi Huy Bích,Hoàng Mai,,TRUE
Ngõ 2 Phố Bùi Huy Bích - Hoàng Mai,Bùi Huy Bích,Hoàng Mai,,TRUE
Ngõ 25 Phố Bùi Huy Bích - Hoàng Mai,Bùi Huy Bích,Hoàng Mai,,TRUE
Ngõ 27 Phố Bùi Huy Bích - Hoàng Mai,Bùi Huy Bích,Hoàng Mai,,TRUE
Ngõ 39 Phố Bùi Huy Bích - Hoàng Mai,Bùi Huy Bích,Hoàng Mai,,TRUE
Ngõ 4 Phố Bùi Huy Bích - Hoàng Mai,Bùi Huy Bích,Hoàng Mai,,TRUE
Ngõ 45 Phố Bùi Huy Bích - Hoàng Mai,Bùi Huy Bích,Hoàng Mai,,TRUE
Ngõ 49 Phố Bùi Huy Bích - Hoàng Mai,Bùi Huy Bích,Hoàng Mai,,TRUE
Ngõ 6 Phố Bùi Huy Bích - Hoàng Mai,Bùi Huy Bích,Hoàng Mai,,TRUE
Ngõ 63 Phố Bùi Huy Bích - Hoàng Mai,Bùi Huy Bích,Hoàng Mai,,TRUE
Ngõ 69 Phố Bùi Huy Bích - Hoàng Mai,Bùi Huy Bích,Hoàng Mai,,TRUE
Ngõ 69/26 Phố Bùi Huy Bích - Hoàng Mai,Bùi Huy Bích,Hoàng Mai,,TRUE
Ngõ 89 Phố Bùi Huy Bích - Hoàng Mai,Bùi Huy Bích,Hoàng Mai,,TRUE
Phố Bùi Huy Bích - Hoàng Mai,Bùi Huy Bích,Hoàng Mai,,TRUE
Phố Cổ Mai - Hoàng Mai,Cổ Mai,Hoàng Mai,,
Đền Lừ 3 - Hoàng Mai,Đền Lừ,Hoàng Mai,,
Đường Đỗ Mười - Hoàng Mai,Đỗ Mười,Hoàng Mai,,
Đường Đồng Mơ - Hoàng Mai,Đồng Mơ,Hoàng Mai,,
Ngõ 2 Đường Đồng Mơ - Hoàng Mai,Đồng Mơ,Hoàng Mai,,
Ngõ 3 Đường Đồng Mơ - Hoàng Mai,Đồng Mơ,Hoàng Mai,,
Đường Giải Phóng - Hoàng Mai,Giải Phóng,Hoàng Mai,,
Hẻm 1277/134/17 Đường Giải Phóng - Hoàng Mai,Giải Phóng,Hoàng Mai,,
Ngách 1197/16 Đường Giải Phóng - Hoàng Mai,Giải Phóng,Hoàng Mai,,
Ngách 1197/22 Đường Giải Phóng - Hoàng Mai,Giải Phóng,Hoàng Mai,,
Ngách 1197/23 Đường Giải Phóng - Hoàng Mai,Giải Phóng,Hoàng Mai,,
Ngách 1197/8 Đường Giải Phóng - Hoàng Mai,Giải Phóng,Hoàng Mai,,
Ngách 1277/130 Đường Giải Phóng - Hoàng Mai,Giải Phóng,Hoàng Mai,,
Ngách 1277/134 Đường Giải Phóng - Hoàng Mai,Giải Phóng,Hoàng Mai,,
Ngách 1333/17 Đường Giải Phóng - Hoàng Mai,Giải Phóng,Hoàng Mai,,
Ngách 1333/21 Đường Giải Phóng - Hoàng Mai,Giải Phóng,Hoàng Mai,,
Ngách 1333/31 Đường Giải Phóng - Hoàng Mai,Giải Phóng,Hoàng Mai,,
Ngách 1333/39 Đường Giải Phóng - Hoàng Mai,Giải Phóng,Hoàng Mai,,
Ngách 1395/70 Đường Giải Phóng - Hoàng Mai,Giải Phóng,Hoàng Mai,,
Ngõ 1043 Đường Giải Phóng - Hoàng Mai,Giải Phóng,Hoàng Mai,,
Ngõ 1197 Đường Giải Phóng - Hoàng Mai,Giải Phóng,Hoàng Mai,,
Ngõ 1267 Đường Giải Phóng - Hoàng Mai,Giải Phóng,Hoàng Mai,,
Ngõ 1277 Đường Giải Phóng - Hoàng Mai,Giải Phóng,Hoàng Mai,,
Ngõ 1277/134 Đường Giải Phóng - Hoàng Mai,Giải Phóng,Hoàng Mai,,
Ngõ 1295 Đường Giải Phóng - Hoàng Mai,Giải Phóng,Hoàng Mai,,
Ngõ 1299 Đường Giải Phóng - Hoàng Mai,Giải Phóng,Hoàng Mai,,
Ngõ 1333 Đường Giải Phóng - Hoàng Mai,Giải Phóng,Hoàng Mai,,
Ngõ 1375 Đường Giải Phóng - Hoàng Mai,Giải Phóng,Hoàng Mai,,
Ngõ 1395 Đường Giải Phóng - Hoàng Mai,Giải Phóng,Hoàng Mai,,
Ngõ 815 Đường Giải Phóng - Hoàng Mai,Giải Phóng,Hoàng Mai,,
Ngõ 897 Đường Giải Phóng - Hoàng Mai,Giải Phóng,Hoàng Mai,,
Ngõ 943 Đường Giải Phóng - Hoàng Mai,Giải Phóng,Hoàng Mai,,
Ngõ 951 Đường Giải Phóng - Hoàng Mai,Giải Phóng,Hoàng Mai,,
Ngõ 957 Đường Giải Phóng - Hoàng Mai,Giải Phóng,Hoàng Mai,,
Đường Giáp Bát - Hoàng Mai,Giáp Bát,Hoàng Mai,,
Ngách 269/1 Phố Giáp Bát - Hoàng Mai,Giáp Bát,Hoàng Mai,,
Ngõ 228 Đường Giáp Bát - Hoàng Mai,Giáp Bát,Hoàng Mai,,
Ngõ 231 Đường Giáp Bát - Hoàng Mai,Giáp Bát,Hoàng Mai,,
Ngõ 234 Đường Giáp Bát - Hoàng Mai,Giáp Bát,Hoàng Mai,,
Ngõ 239 Đường Giáp Bát - Hoàng Mai,Giáp Bát,Hoàng Mai,,
Ngõ 243 Đường Giáp Bát - Hoàng Mai,Giáp Bát,Hoàng Mai,,
Ngõ 254 Đường Giáp Bát - Hoàng Mai,Giáp Bát,Hoàng Mai,,
Ngõ 269 Đường Giáp Bát - Hoàng Mai,Giáp Bát,Hoàng Mai,,
Ngõ 270 Đường Giáp Bát - Hoàng Mai,Giáp Bát,Hoàng Mai,,
Ngõ 286 Đường Giáp Bát - Hoàng Mai,Giáp Bát,Hoàng Mai,,
Ngõ 309 Đường Giáp Bát - Hoàng Mai,Giáp Bát,Hoàng Mai,,
Hẻm 141/150/23 Phố Giáp Nhị - Hoàng Mai,Giáp Nhị,Hoàng Mai,,
Hẻm 141/150/29 Phố Giáp Nhị - Hoàng Mai,Giáp Nhị,Hoàng Mai,,
Hẻm 141/150/31 Phố Giáp Nhị - Hoàng Mai,Giáp Nhị,Hoàng Mai,,
Hẻm 141/150/35 Phố Giáp Nhị - Hoàng Mai,Giáp Nhị,Hoàng Mai,,
Hẻm 141/150/38 Phố Giáp Nhị - Hoàng Mai,Giáp Nhị,Hoàng Mai,,
Hẻm 141/172/37 Phố Giáp Nhị - Hoàng Mai,Giáp Nhị,Hoàng Mai,,
Hẻm 141/92/8 Phố Giáp Nhị - Hoàng Mai,Giáp Nhị,Hoàng Mai,,
Hẻm 141/92/9 Phố Giáp Nhị - Hoàng Mai,Giáp Nhị,Hoàng Mai,,
Hẻm 88/1/36 Phố Giáp Nhị - Hoàng Mai,Giáp Nhị,Hoàng Mai,,
Hẻm 88/1/48 Phố Giáp Nhị - Hoàng Mai,Giáp Nhị,Hoàng Mai,,
Hẻm 88/1/52 Phố Giáp Nhị - Hoàng Mai,Giáp Nhị,Hoàng Mai,,
Hẻm 88/61/42 Phố Giáp Nhị - Hoàng Mai,Giáp Nhị,Hoàng Mai,,
Hẻm 88/61/67 Phố Giáp Nhị - Hoàng Mai,Giáp Nhị,Hoàng Mai,,
Ngách 141/1 Phố Giáp Nhị - Hoàng Mai,Giáp Nhị,Hoàng Mai,,
Ngách 141/108 Phố Giáp Nhị - Hoàng Mai,Giáp Nhị,Hoàng Mai,,
Ngách 141/11 Phố Giáp Nhị - Hoàng Mai,Giáp Nhị,Hoàng Mai,,
Ngách 141/116 Phố Giáp Nhị - Hoàng Mai,Giáp Nhị,Hoàng Mai,,
Ngách 141/136 Phố Giáp Nhị - Hoàng Mai,Giáp Nhị,Hoàng Mai,,
Ngách 141/150 Phố Giáp Nhị - Hoàng Mai,Giáp Nhị,Hoàng Mai,,
Ngách 141/152 Phố Giáp Nhị - Hoàng Mai,Giáp Nhị,Hoàng Mai,,
Ngách 141/172 Phố Giáp Nhị - Hoàng Mai,Giáp Nhị,Hoàng Mai,,
Ngách 141/184 Phố Giáp Nhị - Hoàng Mai,Giáp Nhị,Hoàng Mai,,
Ngách 141/198 Phố Giáp Nhị - Hoàng Mai,Giáp Nhị,Hoàng Mai,,
Ngách 141/23 Phố Giáp Nhị - Hoàng Mai,Giáp Nhị,Hoàng Mai,,
Ngách 141/256 Phố Giáp Nhị - Hoàng Mai,Giáp Nhị,Hoàng Mai,,
Ngách 141/31 Phố Giáp Nhị - Hoàng Mai,Giáp Nhị,Hoàng Mai,,
Ngách 141/49 Phố Giáp Nhị - Hoàng Mai,Giáp Nhị,Hoàng Mai,,
Ngách 141/53 Phố Giáp Nhị - Hoàng Mai,Giáp Nhị,Hoàng Mai,,
Ngách 141/55 Phố Giáp Nhị - Hoàng Mai,Giáp Nhị,Hoàng Mai,,
Ngách 141/67 Phố Giáp Nhị - Hoàng Mai,Giáp Nhị,Hoàng Mai,,
Ngách 141/7 Phố Giáp Nhị - Hoàng Mai,Giáp Nhị,Hoàng Mai,,
Ngách 141/75 Phố Giáp Nhị - Hoàng Mai,Giáp Nhị,Hoàng Mai,,
Ngách 141/92 Phố Giáp Nhị - Hoàng Mai,Giáp Nhị,Hoàng Mai,,
Ngách 42/109 Phố Giáp Nhị - Hoàng Mai,Giáp Nhị,Hoàng Mai,,
Ngách 88/1 Phố Giáp Nhị - Hoàng Mai,Giáp Nhị,Hoàng Mai,,
Ngách 88/38 Phố Giáp Nhị - Hoàng Mai,Giáp Nhị,Hoàng Mai,,
Ngách 88/40 Phố Giáp Nhị - Hoàng Mai,Giáp Nhị,Hoàng Mai,,
Ngách 88/61 Phố Giáp Nhị - Hoàng Mai,Giáp Nhị,Hoàng Mai,,
Ngách 93/12 Phố Giáp Nhị - Hoàng Mai,Giáp Nhị,Hoàng Mai,,
Ngách 93/5 Phố Giáp Nhị - Hoàng Mai,Giáp Nhị,Hoàng Mai,,
Ngõ 141 Phố Giáp Nhị - Hoàng Mai,Giáp Nhị,Hoàng Mai,,
Ngõ 141/236 Phố Giáp Nhị - Hoàng Mai,Giáp Nhị,Hoàng Mai,,
Ngõ 61 Phố Giáp Nhị - Hoàng Mai,Giáp Nhị,Hoàng Mai,,
Ngõ 88 Phố Giáp Nhị - Hoàng Mai,Giáp Nhị,Hoàng Mai,,
Ngõ 93 Phố Giáp Nhị - Hoàng Mai,Giáp Nhị,Hoàng Mai,,
Phố Giáp Nhị - Hoàng Mai,Giáp Nhị,Hoàng Mai,,
Cầu Giáp Tứ - Hoàng Mai,Giáp Tứ,Hoàng Mai,,
Ngõ Giấu Xứ - Hoàng Mai,Giấu Xứ,Hoàng Mai,,
Ngõ Hạnh Phúc - Hoàng Mai,Hạnh Phúc,Hoàng Mai,,
Ngõ Hoa Sữa - Hoàng Mai,Hoa Sữa,Hoàng Mai,,
Cầu Kim Đồng - Hoàng Mai,Kim Đồng,Hoàng Mai,,
Ngách 24/111 Phố Kim Đồng - Hoàng Mai,Kim Đồng,Hoàng Mai,,
Ngách 24/119 Phố Kim Đồng - Hoàng Mai,Kim Đồng,Hoàng Mai,,
Ngách 24/77 Phố Kim Đồng - Hoàng Mai,Kim Đồng,Hoàng Mai,,
Ngách 24/83 Phố Kim Đồng - Hoàng Mai,Kim Đồng,Hoàng Mai,,
Ngách 24/99 Phố Kim Đồng - Hoàng Mai,Kim Đồng,Hoàng Mai,,
Ngách 4/1 Phố Kim Đồng - Hoàng Mai,Kim Đồng,Hoàng Mai,,
Ngõ 24 Phố Kim Đồng - Hoàng Mai,Kim Đồng,Hoàng Mai,,
Ngõ 4 Phố Kim Đồng - Hoàng Mai,Kim Đồng,Hoàng Mai,,
Ngõ 6 Phố Kim Đồng - Hoàng Mai,Kim Đồng,Hoàng Mai,,
Phố Kim Đồng - Hoàng Mai,Kim Đồng,Hoàng Mai,,
Hẻm 292/294/49 Đường Lĩnh Nam - Hoàng Mai,Lĩnh Nam,Hoàng Mai,,
Ngách 196/4 Đường Lĩnh Nam - Hoàng Mai,Lĩnh Nam,Hoàng Mai,,
Ngách 218/35 Đường Lĩnh Nam - Hoàng Mai,Lĩnh Nam,Hoàng Mai,,
Ngách 269/11 Đường Lĩnh Nam - Hoàng Mai,Lĩnh Nam,Hoàng Mai,,
Ngách 294/27 Đường Lĩnh Nam - Hoàng Mai,Lĩnh Nam,Hoàng Mai,,
Ngách 294/39 Đường Lĩnh Nam - Hoàng Mai,Lĩnh Nam,Hoàng Mai,,
Ngách 294/49 Đường Lĩnh Nam - Hoàng Mai,Lĩnh Nam,Hoàng Mai,,
Ngách 296/46 Đường Lĩnh Nam - Hoàng Mai,Lĩnh Nam,Hoàng Mai,,
Ngách 296/61 Đường Lĩnh Nam - Hoàng Mai,Lĩnh Nam,Hoàng Mai,,
Ngách 296/85 Đường Lĩnh Nam - Hoàng Mai,Lĩnh Nam,Hoàng Mai,,
Ngách 296/87 Đường Lĩnh Nam - Hoàng Mai,Lĩnh Nam,Hoàng Mai,,
Ngách 296/89 Đường Lĩnh Nam - Hoàng Mai,Lĩnh Nam,Hoàng Mai,,
Ngách 562/28 Đường Lĩnh Nam - Hoàng Mai,Lĩnh Nam,Hoàng Mai,,
Ngõ 196 Đường Lĩnh Nam - Hoàng Mai,Lĩnh Nam,Hoàng Mai,,
Ngõ 218 Đường Lĩnh Nam - Hoàng Mai,Lĩnh Nam,Hoàng Mai,,
Ngõ 252 Đường Lĩnh Nam - Hoàng Mai,Lĩnh Nam,Hoàng Mai,,
Ngõ 254 Đường Lĩnh Nam - Hoàng Mai,Lĩnh Nam,Hoàng Mai,,
Ngõ 294 Đường Lĩnh Nam - Hoàng Mai,Lĩnh Nam,Hoàng Mai,,
Ngõ 296 Đường Lĩnh Nam - Hoàng Mai,Lĩnh Nam,Hoàng Mai,,
Ngõ 346 Đường Lĩnh Nam - Hoàng Mai,Lĩnh Nam,Hoàng Mai,,
Ngõ 378 Đường Lĩnh Nam - Hoàng Mai,Lĩnh Nam,Hoàng Mai,,
Ngõ 562 Đường Lĩnh Nam - Hoàng Mai,Lĩnh Nam,Hoàng Mai,,
Ngõ 582 Đường Lĩnh Nam - Hoàng Mai,Lĩnh Nam,Hoàng Mai,,
Ngách 274/25 Phố Nam Dư - Hoàng Mai,Nam Dư,Hoàng Mai,,
Ngách 346/2 Phố Nam Dư - Hoàng Mai,Nam Dư,Hoàng Mai,,
Ngách 346/21 Phố Nam Dư - Hoàng Mai,Nam Dư,Hoàng Mai,,
Ngách 349/6 Phố Nam Dư - Hoàng Mai,Nam Dư,Hoàng Mai,,
Ngõ 274 Phố Nam Dư - Hoàng Mai,Nam Dư,Hoàng Mai,,
Ngõ 300 Phố Nam Dư - Hoàng Mai,Nam Dư,Hoàng Mai,,
Ngõ 314 Phố Nam Dư - Hoàng Mai,Nam Dư,Hoàng Mai,,
Ngõ 324 Phố Nam Dư - Hoàng Mai,Nam Dư,Hoàng Mai,,
Ngõ 336 Phố Nam Dư - Hoàng Mai,Nam Dư,Hoàng Mai,,
Ngõ 346 Phố Nam Dư - Hoàng Mai,Nam Dư,Hoàng Mai,,
Ngõ 349 Phố Nam Dư - Hoàng Mai,Nam Dư,Hoàng Mai,,
Ngõ 350 Phố Nam Dư - Hoàng Mai,Nam Dư,Hoàng Mai,,
Ngõ 362 Phố Nam Dư - Hoàng Mai,Nam Dư,Hoàng Mai,,
Ngõ 362B Phố Nam Dư - Hoàng Mai,Nam Dư,Hoàng Mai,,
Ngõ 363 Phố Nam Dư - Hoàng Mai,Nam Dư,Hoàng Mai,,
Ngõ 371 Phố Nam Dư - Hoàng Mai,Nam Dư,Hoàng Mai,,
Ngõ 379 Phố Nam Dư - Hoàng Mai,Nam Dư,Hoàng Mai,,
Ngõ 395 Phố Nam Dư - Hoàng Mai,Nam Dư,Hoàng Mai,,
Ngõ 415 Phố Nam Dư - Hoàng Mai,Nam Dư,Hoàng Mai,,
Phố Nam Dư - Hoàng Mai,Nam Dư,Hoàng Mai,,
Đường Ngọc Hồi - Hoàng Mai,Ngọc Hồi,Hoàng Mai,,
Hẻm 142/202/1 Phố Nguyễn Chính - Hoàng Mai,Nguyễn Chính,Hoàng Mai,,
Hẻm 143/145/5 Phố Nguyễn Chính - Hoàng Mai,Nguyễn Chính,Hoàng Mai,,
Hẻm 143/145/6 Phố Nguyễn Chính - Hoàng Mai,Nguyễn Chính,Hoàng Mai,,
Hẻm 143/146/26 Phố Nguyễn Chính - Hoàng Mai,Nguyễn Chính,Hoàng Mai,,
Hẻm 143/146/8 Phố Nguyễn Chính - Hoàng Mai,Nguyễn Chính,Hoàng Mai,,
Hẻm 143/151/4 Phố Nguyễn Chính - Hoàng Mai,Nguyễn Chính,Hoàng Mai,,
Hẻm 143/22/16 Phố Nguyễn Chính - Hoàng Mai,Nguyễn Chính,Hoàng Mai,,
Hẻm 143/34/18 Phố Nguyễn Chính - Hoàng Mai,Nguyễn Chính,Hoàng Mai,,
Hẻm 143/34/48 Phố Nguyễn Chính - Hoàng Mai,Nguyễn Chính,Hoàng Mai,,
Hẻm 143/74/15 Phố Nguyễn Chính - Hoàng Mai,Nguyễn Chính,Hoàng Mai,,
Hẻm 143/74/21 Phố Nguyễn Chính - Hoàng Mai,Nguyễn Chính,Hoàng Mai,,
Hẻm 143/74/24 Phố Nguyễn Chính - Hoàng Mai,Nguyễn Chính,Hoàng Mai,,
Hẻm 143/74/27 Phố Nguyễn Chính - Hoàng Mai,Nguyễn Chính,Hoàng Mai,,
Hẻm 143/74/38 Phố Nguyễn Chính - Hoàng Mai,Nguyễn Chính,Hoàng Mai,,
Hẻm 143/74/57 Phố Nguyễn Chính - Hoàng Mai,Nguyễn Chính,Hoàng Mai,,
Hẻm 143/74/63 Phố Nguyễn Chính - Hoàng Mai,Nguyễn Chính,Hoàng Mai,,
Hẻm 143/79/22 Phố Nguyễn Chính - Hoàng Mai,Nguyễn Chính,Hoàng Mai,,
Ngách 110/1 Phố Nguyễn Chính - Hoàng Mai,Nguyễn Chính,Hoàng Mai,,
Ngách 113/17 Phố Nguyễn Chính - Hoàng Mai,Nguyễn Chính,Hoàng Mai,,
Ngách 113/24 Phố Nguyễn Chính - Hoàng Mai,Nguyễn Chính,Hoàng Mai,,
Ngách 113/27 Phố Nguyễn Chính - Hoàng Mai,Nguyễn Chính,Hoàng Mai,,
Ngách 113/37 Phố Nguyễn Chính - Hoàng Mai,Nguyễn Chính,Hoàng Mai,,
Ngách 113/5 Phố Nguyễn Chính - Hoàng Mai,Nguyễn Chính,Hoàng Mai,,
Ngách 143/100 Phố Nguyễn Chính - Hoàng Mai,Nguyễn Chính,Hoàng Mai,,
Ngách 143/102 Phố Nguyễn Chính - Hoàng Mai,Nguyễn Chính,Hoàng Mai,,
Ngách 143/120 Phố Nguyễn Chính - Hoàng Mai,Nguyễn Chính,Hoàng Mai,,
Ngách 143/126 Phố Nguyễn Chính - Hoàng Mai,Nguyễn Chính,Hoàng Mai,,
Ngách 143/145 Phố Nguyễn Chính - Hoàng Mai,Nguyễn Chính,Hoàng Mai,,
Ngách 143/146 Phố Nguyễn Chính - Hoàng Mai,Nguyễn Chính,Hoàng Mai,,
Ngách 143/151 Phố Nguyễn Chính - Hoàng Mai,Nguyễn Chính,Hoàng Mai,,
Ngách 143/165 Phố Nguyễn Chính - Hoàng Mai,Nguyễn Chính,Hoàng Mai,,
Ngách 143/181 Phố Nguyễn Chính - Hoàng Mai,Nguyễn Chính,Hoàng Mai,,
Ngách 143/195 Phố Nguyễn Chính - Hoàng Mai,Nguyễn Chính,Hoàng Mai,,
Ngách 143/202 Phố Nguyễn Chính - Hoàng Mai,Nguyễn Chính,Hoàng Mai,,
Ngách 143/215 Phố Nguyễn Chính - Hoàng Mai,Nguyễn Chính,Hoàng Mai,,
Ngách 143/22 Phố Nguyễn Chính - Hoàng Mai,Nguyễn Chính,Hoàng Mai,,
Ngách 143/223 Phố Nguyễn Chính - Hoàng Mai,Nguyễn Chính,Hoàng Mai,,
Ngách 143/227 Phố Nguyễn Chính - Hoàng Mai,Nguyễn Chính,Hoàng Mai,,
Ngách 143/257 Phố Nguyễn Chính - Hoàng Mai,Nguyễn Chính,Hoàng Mai,,
Ngách 143/269 Phố Nguyễn Chính - Hoàng Mai,Nguyễn Chính,Hoàng Mai,,
Ngách 143/276 Phố Nguyễn Chính - Hoàng Mai,Nguyễn Chính,Hoàng Mai,,
Ngách 143/285 Phố Nguyễn Chính - Hoàng Mai,Nguyễn Chính,Hoàng Mai,,
Ngách 143/290 Phố Nguyễn Chính - Hoàng Mai,Nguyễn Chính,Hoàng Mai,,
Ngách 143/300 Phố Nguyễn Chính - Hoàng Mai,Nguyễn Chính,Hoàng Mai,,
Ngách 143/34 Phố Nguyễn Chính - Hoàng Mai,Nguyễn Chính,Hoàng Mai,,
Ngách 143/44 Phố Nguyễn Chính - Hoàng Mai,Nguyễn Chính,Hoàng Mai,,
Ngách 143/68 Phố Nguyễn Chính - Hoàng Mai,Nguyễn Chính,Hoàng Mai,,
Ngách 143/74 Phố Nguyễn Chính - Hoàng Mai,Nguyễn Chính,Hoàng Mai,,
Ngách 143/79 Phố Nguyễn Chính - Hoàng Mai,Nguyễn Chính,Hoàng Mai,,
Ngõ 10 Phố Nguyễn Chính - Hoàng Mai,Nguyễn Chính,Hoàng Mai,,
Ngõ 110 Phố Nguyễn Chính - Hoàng Mai,Nguyễn Chính,Hoàng Mai,,
Ngõ 113 Phố Nguyễn Chính - Hoàng Mai,Nguyễn Chính,Hoàng Mai,,
Ngõ 131 Phố Nguyễn Chính - Hoàng Mai,Nguyễn Chính,Hoàng Mai,,
Ngõ 143 Phố Nguyễn Chính - Hoàng Mai,Nguyễn Chính,Hoàng Mai,,
Ngõ 20 Phố Nguyễn Chính - Hoàng Mai,Nguyễn Chính,Hoàng Mai,,
Ngõ 22 Phố Nguyễn Chính - Hoàng Mai,Nguyễn Chính,Hoàng Mai,,
Ngõ 24 Phố Nguyễn Chính - Hoàng Mai,Nguyễn Chính,Hoàng Mai,,
Ngõ 38 Phố Nguyễn Chính - Hoàng Mai,Nguyễn Chính,Hoàng Mai,,
Ngõ 5 Phố Nguyễn Chính - Hoàng Mai,Nguyễn Chính,Hoàng Mai,,
Ngõ 62 Phố Nguyễn Chính - Hoàng Mai,Nguyễn Chính,Hoàng Mai,,
Ngõ 74 Phố Nguyễn Chính - Hoàng Mai,Nguyễn Chính,Hoàng Mai,,
Ngõ 75 Phố Nguyễn Chính - Hoàng Mai,Nguyễn Chính,Hoàng Mai,,
Ngõ 79 Phố Nguyễn Chính - Hoàng Mai,Nguyễn Chính,Hoàng Mai,,
Ngõ 85 Phố Nguyễn Chính - Hoàng Mai,Nguyễn Chính,Hoàng Mai,,
Ngõ 88 Phố Nguyễn Chính - Hoàng Mai,Nguyễn Chính,Hoàng Mai,,
Phố Nguyễn Chính - Hoàng Mai,Nguyễn Chính,Hoàng Mai,,
Ngõ 211 Phố Sở Thượng - Hoàng Mai,Sở Thượng,Hoàng Mai,,
Ngõ 31 Phố Sở Thượng - Hoàng Mai,Sở Thượng,Hoàng Mai,,
Ngõ 39 Phố Sở Thượng - Hoàng Mai,Sở Thượng,Hoàng Mai,,
Ngõ 5 Phố Sở Thượng - Hoàng Mai,Sở Thượng,Hoàng Mai,,
Ngõ 59 Phố Sở Thượng - Hoàng Mai,Sở Thượng,Hoàng Mai,,
Phố Sở Thượng - Hoàng Mai,Sở Thượng,Hoàng Mai,,
Bờ Sông Kim Ngưu - Hoàng Mai,Sông Kim Ngưu,Hoàng Mai,,
Cầu Kim Ngưu S5 - Hoàng Mai,Sông Kim Ngưu,Hoàng Mai,,
Cầu Qua Sông Kim Ngưu - Hoàng Mai,Sông Kim Ngưu,Hoàng Mai,,
Cầu Sét - Hoàng Mai,Sông Sét,Hoàng Mai,,
Đường Bờ Sông Sét - Hoàng Mai,Sông Sét,Hoàng Mai,,
Đường Tam Trinh - Hoàng Mai,Tam Trinh,Hoàng Mai,,TRUE
Ngách 156/17 Đường Tam Trinh - Hoàng Mai,Tam Trinh,Hoàng Mai,,TRUE
Ngách 228/32 Đường Tam Trinh - Hoàng Mai,Tam Trinh,Hoàng Mai,,TRUE
Ngách 885/17 Đường Tam Trinh - Hoàng Mai,Tam Trinh,Hoàng Mai,,TRUE
Ngách 885/22 Đường Tam Trinh - Hoàng Mai,Tam Trinh,Hoàng Mai,,TRUE
Ngách 885/23 Đường Tam Trinh - Hoàng Mai,Tam Trinh,Hoàng Mai,,TRUE
Ngách 885/32 Đường Tam Trinh - Hoàng Mai,Tam Trinh,Hoàng Mai,,TRUE
Ngách 885/5 Đường Tam Trinh - Hoàng Mai,Tam Trinh,Hoàng Mai,,TRUE
Ngách 989/21 Đường Tam Trinh - Hoàng Mai,Tam Trinh,Hoàng Mai,,TRUE
Ngõ 1035 Đường Tam Trinh - Hoàng Mai,Tam Trinh,Hoàng Mai,,TRUE
Ngõ 109 Đường Tam Trinh - Hoàng Mai,Tam Trinh,Hoàng Mai,,TRUE
Ngõ 136 Đường Tam Trinh - Hoàng Mai,Tam Trinh,Hoàng Mai,,TRUE
Ngõ 138 Đường Tam Trinh - Hoàng Mai,Tam Trinh,Hoàng Mai,,TRUE
Ngõ 156 Đường Tam Trinh - Hoàng Mai,Tam Trinh,Hoàng Mai,,TRUE
Ngõ 166 Đường Tam Trinh - Hoàng Mai,Tam Trinh,Hoàng Mai,,TRUE
Ngõ 174 Đường Tam Trinh - Hoàng Mai,Tam Trinh,Hoàng Mai,,TRUE
Ngõ 192 Đường Tam Trinh - Hoàng Mai,Tam Trinh,Hoàng Mai,,TRUE
Ngõ 208 Đường Tam Trinh - Hoàng Mai,Tam Trinh,Hoàng Mai,,TRUE
Ngõ 228 Đường Tam Trinh - Hoàng Mai,Tam Trinh,Hoàng Mai,,TRUE
Ngõ 254 Đường Tam Trinh - Hoàng Mai,Tam Trinh,Hoàng Mai,,TRUE
Ngõ 477 Đường Tam Trinh - Hoàng Mai,Tam Trinh,Hoàng Mai,,TRUE
Ngõ 533 Đường Tam Trinh - Hoàng Mai,Tam Trinh,Hoàng Mai,,TRUE
Ngõ 587 Đường Tam Trinh - Hoàng Mai,Tam Trinh,Hoàng Mai,,TRUE
Ngõ 727 Đường Tam Trinh - Hoàng Mai,Tam Trinh,Hoàng Mai,,TRUE
Ngõ 885 Đường Tam Trinh - Hoàng Mai,Tam Trinh,Hoàng Mai,,TRUE
Ngõ 885 Tam Trinh - Hoàng Mai,Tam Trinh,Hoàng Mai,,TRUE
Ngõ 975 Đường Tam Trinh - Hoàng Mai,Tam Trinh,Hoàng Mai,,TRUE
Ngõ 989 Đường Tam Trinh - Hoàng Mai,Tam Trinh,Hoàng Mai,,TRUE
Hẻm 147/50/8 Phố Tân Mai - Hoàng Mai,Tân Mai,Hoàng Mai,,
Hẻm 147A/60/180 Phố Tân Mai - Hoàng Mai,Tân Mai,Hoàng Mai,,
Ngách 1/147A Phố Tân Mai - Hoàng Mai,Tân Mai,Hoàng Mai,,
Ngách 147/2 Phố Tân Mai - Hoàng Mai,Tân Mai,Hoàng Mai,,
Ngách 147/35 Phố Tân Mai - Hoàng Mai,Tân Mai,Hoàng Mai,,
Ngách 147/48 Phố Tân Mai - Hoàng Mai,Tân Mai,Hoàng Mai,,
Ngách 147/50 Phố Tân Mai - Hoàng Mai,Tân Mai,Hoàng Mai,,
Ngách 147/67 Phố Tân Mai - Hoàng Mai,Tân Mai,Hoàng Mai,,
Ngách 147A/2 Phố Tân Mai - Hoàng Mai,Tân Mai,Hoàng Mai,,
Ngách 147A/60 Phố Tân Mai - Hoàng Mai,Tân Mai,Hoàng Mai,,
Ngách 147B/35 Phố Tân Mai - Hoàng Mai,Tân Mai,Hoàng Mai,,
Ngách 147B/81 Phố Tân Mai - Hoàng Mai,Tân Mai,Hoàng Mai,,
Ngách 147B/89 Phố Tân Mai - Hoàng Mai,Tân Mai,Hoàng Mai,,
Ngách 238/4 Phố Tân Mai - Hoàng Mai,Tân Mai,Hoàng Mai,,
Ngách 250/41 Phố Tân Mai - Hoàng Mai,Tân Mai,Hoàng Mai,,
Ngách 260/3 Phố Tân Mai - Hoàng Mai,Tân Mai,Hoàng Mai,,
Ngách 260/30 Phố Tân Mai - Hoàng Mai,Tân Mai,Hoàng Mai,,
Ngách 260/4 Phố Tân Mai - Hoàng Mai,Tân Mai,Hoàng Mai,,
Ngách 260/44 Phố Tân Mai - Hoàng Mai,Tân Mai,Hoàng Mai,,
Ngách 273/6 Phố Tân Mai - Hoàng Mai,Tân Mai,Hoàng Mai,,
Ngách 44/260 Phố Tân Mai - Hoàng Mai,Tân Mai,Hoàng Mai,,
Ngách 64/260 Phố Tân Mai - Hoàng Mai,Tân Mai,Hoàng Mai,,
Ngách 66/11 Phố Tân Mai - Hoàng Mai,Tân Mai,Hoàng Mai,,
Ngách 66/14 Phố Tân Mai - Hoàng Mai,Tân Mai,Hoàng Mai,,
Ngách 66/17 Phố Tân Mai - Hoàng Mai,Tân Mai,Hoàng Mai,,
Ngách 66/23 Phố Tân Mai - Hoàng Mai,Tân Mai,Hoàng Mai,,
Ngách 66/27 Phố Tân Mai - Hoàng Mai,Tân Mai,Hoàng Mai,,
Ngách 66/31 Phố Tân Mai - Hoàng Mai,Tân Mai,Hoàng Mai,,
Ngách 66/33 Phố Tân Mai - Hoàng Mai,Tân Mai,Hoàng Mai,,
Ngách 66/39 Phố Tân Mai - Hoàng Mai,Tân Mai,Hoàng Mai,,
Ngách 66/41 Phố Tân Mai - Hoàng Mai,Tân Mai,Hoàng Mai,,
Ngách 66/45 Phố Tân Mai - Hoàng Mai,Tân Mai,Hoàng Mai,,
Ngách 66/49 Phố Tân Mai - Hoàng Mai,Tân Mai,Hoàng Mai,,
Ngách 66/51 Phố Tân Mai - Hoàng Mai,Tân Mai,Hoàng Mai,,
Ngách 66/55 Phố Tân Mai - Hoàng Mai,Tân Mai,Hoàng Mai,,
Ngách 66/57 Phố Tân Mai - Hoàng Mai,Tân Mai,Hoàng Mai,,
Ngách 66/63 Phố Tân Mai - Hoàng Mai,Tân Mai,Hoàng Mai,,
Ngách 66/67 Phố Tân Mai - Hoàng Mai,Tân Mai,Hoàng Mai,,
Ngách 66/7 Phố Tân Mai - Hoàng Mai,Tân Mai,Hoàng Mai,,
Ngách 66/73 Phố Tân Mai - Hoàng Mai,Tân Mai,Hoàng Mai,,
Ngách 7/238 Phố Tân Mai - Hoàng Mai,Tân Mai,Hoàng Mai,,
Ngách 94/29 Phố Tân Mai - Hoàng Mai,Tân Mai,Hoàng Mai,,
Ngách 94/45 Phố Tân Mai - Hoàng Mai,Tân Mai,Hoàng Mai,,
Ngách 94/51 Phố Tân Mai - Hoàng Mai,Tân Mai,Hoàng Mai,,
Ngách 94/82 Phố Tân Mai - Hoàng Mai,Tân Mai,Hoàng Mai,,
Ngõ 120 Phố Tân Mai - Hoàng Mai,Tân Mai,Hoàng Mai,,
Ngõ 147 Phố Tân Mai - Hoàng Mai,Tân Mai,Hoàng Mai,,
Ngõ 147/2 Tân Mai - Hoàng Mai,Tân Mai,Hoàng Mai,,
Ngõ 147A Phố Tân Mai - Hoàng Mai,Tân Mai,Hoàng Mai,,
Ngõ 147B Phố Tân Mai - Hoàng Mai,Tân Mai,Hoàng Mai,,
Ngõ 147C Phố Tân Mai - Hoàng Mai,Tân Mai,Hoàng Mai,,
Ngõ 149 Phố Tân Mai - Hoàng Mai,Tân Mai,Hoàng Mai,,
Ngõ 156 Phố Tân Mai - Hoàng Mai,Tân Mai,Hoàng Mai,,
Ngõ 158 Phố Tân Mai - Hoàng Mai,Tân Mai,Hoàng Mai,,
Ngõ 163 Phố Tân Mai - Hoàng Mai,Tân Mai,Hoàng Mai,,
Ngõ 164 Phố Tân Mai - Hoàng Mai,Tân Mai,Hoàng Mai,,
Ngõ 166 Phố Tân Mai - Hoàng Mai,Tân Mai,Hoàng Mai,,
Ngõ 167 Phố Tân Mai - Hoàng Mai,Tân Mai,Hoàng Mai,,
Ngõ 173 Phố Tân Mai - Hoàng Mai,Tân Mai,Hoàng Mai,,
Ngõ 176 Phố Tân Mai - Hoàng Mai,Tân Mai,Hoàng Mai,,
Ngõ 178 Phố Tân Mai - Hoàng Mai,Tân Mai,Hoàng Mai,,
Ngõ 182 Phố Tân Mai - Hoàng Mai,Tân Mai,Hoàng Mai,,
Ngõ 183 Phố Tân Mai - Hoàng Mai,Tân Mai,Hoàng Mai,,
Ngõ 188 Phố Tân Mai - Hoàng Mai,Tân Mai,Hoàng Mai,,
Ngõ 190 Phố Tân Mai - Hoàng Mai,Tân Mai,Hoàng Mai,,
Ngõ 191 Phố Tân Mai - Hoàng Mai,Tân Mai,Hoàng Mai,,
Ngõ 192 Phố Tân Mai - Hoàng Mai,Tân Mai,Hoàng Mai,,
Ngõ 209 Phố Tân Mai - Hoàng Mai,Tân Mai,Hoàng Mai,,
Ngõ 210 Phố Tân Mai - Hoàng Mai,Tân Mai,Hoàng Mai,,
Ngõ 212 Phố Tân Mai - Hoàng Mai,Tân Mai,Hoàng Mai,,
Ngõ 213 Phố Tân Mai - Hoàng Mai,Tân Mai,Hoàng Mai,,
Ngõ 218 Phố Tân Mai - Hoàng Mai,Tân Mai,Hoàng Mai,,
Ngõ 223 Phố Tân Mai - Hoàng Mai,Tân Mai,Hoàng Mai,,
Ngõ 226 Phố Tân Mai - Hoàng Mai,Tân Mai,Hoàng Mai,,
Ngõ 230 Phố Tân Mai - Hoàng Mai,Tân Mai,Hoàng Mai,,
Ngõ 231 Phố Tân Mai - Hoàng Mai,Tân Mai,Hoàng Mai,,
Ngõ 236 Phố Tân Mai - Hoàng Mai,Tân Mai,Hoàng Mai,,
Ngõ 238 Phố Tân Mai - Hoàng Mai,Tân Mai,Hoàng Mai,,
Ngõ 240 Phố Tân Mai - Hoàng Mai,Tân Mai,Hoàng Mai,,
Ngõ 250 Phố Tân Mai - Hoàng Mai,Tân Mai,Hoàng Mai,,
Ngõ 251 Phố Tân Mai - Hoàng Mai,Tân Mai,Hoàng Mai,,
Ngõ 258 Phố Tân Mai - Hoàng Mai,Tân Mai,Hoàng Mai,,
Ngõ 259 Phố Tân Mai - Hoàng Mai,Tân Mai,Hoàng Mai,,
Ngõ 260 Phố Tân Mai - Hoàng Mai,Tân Mai,Hoàng Mai,,
Ngõ 273 Phố Tân Mai - Hoàng Mai,Tân Mai,Hoàng Mai,,
Ngõ 293 Phố Tân Mai - Hoàng Mai,Tân Mai,Hoàng Mai,,
Ngõ 66 Phố Tân Mai - Hoàng Mai,Tân Mai,Hoàng Mai,,
Ngõ 94 Phố Tân Mai - Hoàng Mai,Tân Mai,Hoàng Mai,,
Phố Tân Mai - Hoàng Mai,Tân Mai,Hoàng Mai,,
Ngách 144/15 Phố Tây Trà - Hoàng Mai,Tây Trà,Hoàng Mai,,
Ngách 362/37 Phố Tây Trà - Hoàng Mai,Tây Trà,Hoàng Mai,,
Ngách 73/16 Phố Tây Trà - Hoàng Mai,Tây Trà,Hoàng Mai,,
Ngách 73/2 Phố Tây Trà - Hoàng Mai,Tây Trà,Hoàng Mai,,
Ngách 84/11 Phố Tây Trà - Hoàng Mai,Tây Trà,Hoàng Mai,,
Ngách 93/2 Phố Tây Trà - Hoàng Mai,Tây Trà,Hoàng Mai,,
Ngõ 114 Phố Tây Trà - Hoàng Mai,Tây Trà,Hoàng Mai,,
Ngõ 144 Phố Tây Trà - Hoàng Mai,Tây Trà,Hoàng Mai,,
Ngõ 19 Phố Tây Trà - Hoàng Mai,Tây Trà,Hoàng Mai,,
Ngõ 2 Phố Tây Trà - Hoàng Mai,Tây Trà,Hoàng Mai,,
Ngõ 32 Phố Tây Trà - Hoàng Mai,Tây Trà,Hoàng Mai,,
Ngõ 34 Phố Tây Trà - Hoàng Mai,Tây Trà,Hoàng Mai,,
Ngõ 4 Phố Tây Trà - Hoàng Mai,Tây Trà,Hoàng Mai,,
Ngõ 62 Phố Tây Trà - Hoàng Mai,Tây Trà,Hoàng Mai,,
Ngõ 64A Phố Tây Trà - Hoàng Mai,Tây Trà,Hoàng Mai,,
Ngõ 73 Phố Tây Trà - Hoàng Mai,Tây Trà,Hoàng Mai,,
Ngõ 84 Phố Tây Trà - Hoàng Mai,Tây Trà,Hoàng Mai,,
Ngõ 93 Phố Tây Trà - Hoàng Mai,Tây Trà,Hoàng Mai,,
Phố Tây Trà - Hoàng Mai,Tây Trà,Hoàng Mai,,
Hẻm 42/133/43 Phố Thịnh Liệt - Hoàng Mai,Thịnh Liệt,Hoàng Mai,,
Hẻm 42/133/75 Phố Thịnh Liệt - Hoàng Mai,Thịnh Liệt,Hoàng Mai,,
Hẻm 42/197/53 Phố Thịnh Liệt - Hoàng Mai,Thịnh Liệt,Hoàng Mai,,
Hẻm 42/58/36 Phố Thịnh Liệt - Hoàng Mai,Thịnh Liệt,Hoàng Mai,,
Hẻm 42/58/55 Phố Thịnh Liệt - Hoàng Mai,Thịnh Liệt,Hoàng Mai,,
Hẻm 42/94/8 Phố Thịnh Liệt - Hoàng Mai,Thịnh Liệt,Hoàng Mai,,
Ngách 142/109 Phố Thịnh Liệt - Hoàng Mai,Thịnh Liệt,Hoàng Mai,,
Ngách 42/11 Phố Thịnh Liệt - Hoàng Mai,Thịnh Liệt,Hoàng Mai,,
Ngách 42/119 Phố Thịnh Liệt - Hoàng Mai,Thịnh Liệt,Hoàng Mai,,
Ngách 42/133 Phố Thịnh Liệt - Hoàng Mai,Thịnh Liệt,Hoàng Mai,,
Ngách 42/155 Phố Thịnh Liệt - Hoàng Mai,Thịnh Liệt,Hoàng Mai,,
Ngách 42/177 Phố Thịnh Liệt - Hoàng Mai,Thịnh Liệt,Hoàng Mai,,
Ngách 42/185 Phố Thịnh Liệt - Hoàng Mai,Thịnh Liệt,Hoàng Mai,,
Ngách 42/197 Phố Thịnh Liệt - Hoàng Mai,Thịnh Liệt,Hoàng Mai,,
Ngách 42/263 Phố Thịnh Liệt - Hoàng Mai,Thịnh Liệt,Hoàng Mai,,
Ngách 42/45 Phố Thịnh Liệt - Hoàng Mai,Thịnh Liệt,Hoàng Mai,,
Ngách 42/58 Phố Thịnh Liệt - Hoàng Mai,Thịnh Liệt,Hoàng Mai,,
Ngách 42/60 Phố Thịnh Liệt - Hoàng Mai,Thịnh Liệt,Hoàng Mai,,
Ngách 42/67 Phố Thịnh Liệt - Hoàng Mai,Thịnh Liệt,Hoàng Mai,,
Ngách 42/87 Phố Thịnh Liệt - Hoàng Mai,Thịnh Liệt,Hoàng Mai,,
Ngách 42/91 Phố Thịnh Liệt - Hoàng Mai,Thịnh Liệt,Hoàng Mai,,
Ngách 42/94 Phố Thịnh Liệt - Hoàng Mai,Thịnh Liệt,Hoàng Mai,,
Ngách 42/95 Phố Thịnh Liệt - Hoàng Mai,Thịnh Liệt,Hoàng Mai,,
Ngõ 10 Phố Thịnh Liệt - Hoàng Mai,Thịnh Liệt,Hoàng Mai,,
Ngõ 38 Phố Thịnh Liệt - Hoàng Mai,Thịnh Liệt,Hoàng Mai,,
Ngõ 42 Phố Thịnh Liệt - Hoàng Mai,Thịnh Liệt,Hoàng Mai,,
Ngõ 55 Phố Thịnh Liệt - Hoàng Mai,Thịnh Liệt,Hoàng Mai,,
Phố Thịnh Liệt - Hoàng Mai,Thịnh Liệt,Hoàng Mai,,
Đường Trương Định - Hoàng Mai,Trương Công Định,Hoàng Mai,,
Hẻm 521/165/10 Đường Trương Định - Hoàng Mai,Trương Công Định,Hoàng Mai,,
Hẻm 521/167/7 Đường Trương Định - Hoàng Mai,Trương Công Định,Hoàng Mai,,
Ngách 521/101 Đường Trương Định - Hoàng Mai,Trương Công Định,Hoàng Mai,,
Ngách 521/167 Đường Trương Định - Hoàng Mai,Trương Công Định,Hoàng Mai,,
Ngách 521/183 Đường Trương Định - Hoàng Mai,Trương Công Định,Hoàng Mai,,
Ngách 521/190 Đường Trương Định - Hoàng Mai,Trương Công Định,Hoàng Mai,,
Ngách 521/23 Đường Trương Định - Hoàng Mai,Trương Công Định,Hoàng Mai,,
Ngách 521/31 Đường Trương Định - Hoàng Mai,Trương Công Định,Hoàng Mai,,
Ngách 521/33 Đường Trương Định - Hoàng Mai,Trương Công Định,Hoàng Mai,,
Ngách 521/46 Đường Trương Định - Hoàng Mai,Trương Công Định,Hoàng Mai,,
Ngách 521/51 Đường Trương Định - Hoàng Mai,Trương Công Định,Hoàng Mai,,
Ngách 521/59 Đường Trương Định - Hoàng Mai,Trương Công Định,Hoàng Mai,,
Ngách 521/61 Đường Trương Định - Hoàng Mai,Trương Công Định,Hoàng Mai,,
Ngách 521/67 Đường Trương Định - Hoàng Mai,Trương Công Định,Hoàng Mai,,
Ngách 521/69 Đường Trương Định - Hoàng Mai,Trương Công Định,Hoàng Mai,,
Ngách 521/9 Đường Trương Định - Hoàng Mai,Trương Công Định,Hoàng Mai,,
Ngách 637/1 Đường Trương Định - Hoàng Mai,Trương Công Định,Hoàng Mai,,
Ngách 637/15 Đường Trương Định - Hoàng Mai,Trương Công Định,Hoàng Mai,,
Ngách 637/62 Đường Trương Định - Hoàng Mai,Trương Công Định,Hoàng Mai,,
Ngách 637/68 Đường Trương Định - Hoàng Mai,Trương Công Định,Hoàng Mai,,
Ngách 663/112 Đường Trương Định - Hoàng Mai,Trương Công Định,Hoàng Mai,,
Ngách 663/62 Đường Trương Định - Hoàng Mai,Trương Công Định,Hoàng Mai,,
Ngõ 515 Đường Trương Định - Hoàng Mai,Trương Công Định,Hoàng Mai,,
Ngõ 521 Đường Trương Định - Hoàng Mai,Trương Công Định,Hoàng Mai,,
Ngõ 541 Đường Trương Định - Hoàng Mai,Trương Công Định,Hoàng Mai,,
Ngõ 613 Đường Trương Định - Hoàng Mai,Trương Công Định,Hoàng Mai,,
Ngõ 623 Đường Trương Định - Hoàng Mai,Trương Công Định,Hoàng Mai,,
Ngõ 633/141 Đường Trương Định - Hoàng Mai,Trương Công Định,Hoàng Mai,,
Ngõ 637 Đường Trương Định - Hoàng Mai,Trương Công Định,Hoàng Mai,,
Ngõ 658 Đường Trương Định - Hoàng Mai,Trương Công Định,Hoàng Mai,,
Ngõ 663 Đường Trương Định - Hoàng Mai,Trương Công Định,Hoàng Mai,,
Ngõ 663 Trương Định - Hoàng Mai,Trương Công Định,Hoàng Mai,,
Ngõ 664 Đường Trương Định - Hoàng Mai,Trương Công Định,Hoàng Mai,,
Ngõ 687 Đường Trương Định - Hoàng Mai,Trương Công Định,Hoàng Mai,,
Ngõ 699 Đường Trương Định - Hoàng Mai,Trương Công Định,Hoàng Mai,,
Ngõ 768 Đường Trương Định - Hoàng Mai,Trương Công Định,Hoàng Mai,,
Ngõ 779 Đường Trương Định - Hoàng Mai,Trương Công Định,Hoàng Mai,,
Ngõ 785 Đường Trương Định - Hoàng Mai,Trương Công Định,Hoàng Mai,,
Ngõ 790 Đường Trương Định - Hoàng Mai,Trương Công Định,Hoàng Mai,,
Ngõ 864 Đường Trương Định - Hoàng Mai,Trương Công Định,Hoàng Mai,,
Ngõ 914 Đường Trương Định - Hoàng Mai,Trương Công Định,Hoàng Mai,,
Phố Vĩnh Hoàng - Hoàng Mai,Vĩnh Hoàng,Hoàng Mai,,
Ngách 165/52 Phố Yên Duyên - Hoàng Mai,Yên Duyên,Hoàng Mai,,
Ngách 165/7 Phố Yên Duyên - Hoàng Mai,Yên Duyên,Hoàng Mai,,
Ngách 195/23 Phố Yên Duyên - Hoàng Mai,Yên Duyên,Hoàng Mai,,
Ngách 195/24 Phố Yên Duyên - Hoàng Mai,Yên Duyên,Hoàng Mai,,
Ngách 195/25 Phố Yên Duyên - Hoàng Mai,Yên Duyên,Hoàng Mai,,
Ngách 195/28 Phố Yên Duyên - Hoàng Mai,Yên Duyên,Hoàng Mai,,
Ngách 195/5 Phố Yên Duyên - Hoàng Mai,Yên Duyên,Hoàng Mai,,
Ngách 225/35 Phố Yên Duyên - Hoàng Mai,Yên Duyên,Hoàng Mai,,
Ngách 225/36 Phố Yên Duyên - Hoàng Mai,Yên Duyên,Hoàng Mai,,
Ngách 225/58 Phố Yên Duyên - Hoàng Mai,Yên Duyên,Hoàng Mai,,
Ngách 29/195 Phố Yên Duyên - Hoàng Mai,Yên Duyên,Hoàng Mai,,
Ngách 87/44 Phố Yên Duyên - Hoàng Mai,Yên Duyên,Hoàng Mai,,
Ngõ 100 Phố Yên Duyên - Hoàng Mai,Yên Duyên,Hoàng Mai,,
Ngõ 107 Phố Yên Duyên - Hoàng Mai,Yên Duyên,Hoàng Mai,,
Ngõ 130 Phố Yên Duyên - Hoàng Mai,Yên Duyên,Hoàng Mai,,
Ngõ 140 Phố Yên Duyên - Hoàng Mai,Yên Duyên,Hoàng Mai,,
Ngõ 165 Phố Yên Duyên - Hoàng Mai,Yên Duyên,Hoàng Mai,,
Ngõ 192 Phố Yên Duyên - Hoàng Mai,Yên Duyên,Hoàng Mai,,
Ngõ 195 Phố Yên Duyên - Hoàng Mai,Yên Duyên,Hoàng Mai,,
Ngõ 208 Phố Yên Duyên - Hoàng Mai,Yên Duyên,Hoàng Mai,,
Ngõ 219 Phố Yên Duyên - Hoàng Mai,Yên Duyên,Hoàng Mai,,
Ngõ 223 Phố Yên Duyên - Hoàng Mai,Yên Duyên,Hoàng Mai,,
Ngõ 225 Phố Yên Duyên - Hoàng Mai,Yên Duyên,Hoàng Mai,,
Ngõ 249 Phố Yên Duyên - Hoàng Mai,Yên Duyên,Hoàng Mai,,
Ngõ 261 Phố Yên Duyên - Hoàng Mai,Yên Duyên,Hoàng Mai,,
Ngõ 267 Phố Yên Duyên - Hoàng Mai,Yên Duyên,Hoàng Mai,,
Ngõ 275 Phố Yên Duyên - Hoàng Mai,Yên Duyên,Hoàng Mai,,
Ngõ 283 Phố Yên Duyên - Hoàng Mai,Yên Duyên,Hoàng Mai,,
Ngõ 289 Phố Yên Duyên - Hoàng Mai,Yên Duyên,Hoàng Mai,,
Ngõ 295 Phố Yên Duyên - Hoàng Mai,Yên Duyên,Hoàng Mai,,
Ngõ 73 Phố Yên Duyên - Hoàng Mai,Yên Duyên,Hoàng Mai,,
Ngõ 79 Phố Yên Duyên - Hoàng Mai,Yên Duyên,Hoàng Mai,,
Ngõ 83 Phố Yên Duyên - Hoàng Mai,Yên Duyên,Hoàng Mai,,
Ngõ 87 Phố Yên Duyên - Hoàng Mai,Yên Duyên,Hoàng Mai,,
Ngõ 92 Phố Yên Duyên - Hoàng Mai,Yên Duyên,Hoàng Mai,,
Ngõ 99 Phố Yên Duyên - Hoàng Mai,Yên Duyên,Hoàng Mai,,
Phố Yên Duyên - Hoàng Mai,Yên Duyên,Hoàng Mai,,
Phố Yên Sở - Hoàng Mai,Yên Sở,Hoàng Mai,,
"Phố Kim Đồng - Hoàng Mai, Định Công",Kim Đồng,"Hoàng Mai, Định Công",,
"Phố Nguyễn Hữu Thọ - Hoàng Mai, Định Công",Nguyễn Hữu Thọ,"Hoàng Mai, Định Công",,
"Đường Lĩnh Nam - Hoàng Mai, Lĩnh Nam",Lĩnh Nam,"Hoàng Mai, Lĩnh Nam",,
"Đền Lừ 2 - Hoàng Mai, Tương Mai",Đền Lừ,"Hoàng Mai, Tương Mai",,
"Hồ Đền Lừ - Hoàng Mai, Tương Mai",Đền Lừ,"Hoàng Mai, Tương Mai",,
"Đường Giải Phóng - Hoàng Mai, Tương Mai",Giải Phóng,"Hoàng Mai, Tương Mai",,
"Đường Hoàng Mai - Hoàng Mai, Tương Mai",Hoàng Mai,"Hoàng Mai, Tương Mai",,
"Đường Lĩnh Nam - Hoàng Mai, Tương Mai",Lĩnh Nam,"Hoàng Mai, Tương Mai",,
"Đường Tam Trinh - Hoàng Mai, Tương Mai",Tam Trinh,"Hoàng Mai, Tương Mai",,TRUE
"Đường Trương Định - Hoàng Mai, Tương Mai",Trương Công Định,"Hoàng Mai, Tương Mai",,
"Phố Vĩnh Hoàng - Hoàng Mai, Tương Mai",Vĩnh Hoàng,"Hoàng Mai, Tương Mai",,
"Đường Đỗ Mười - Hoàng Mai, Vĩnh Hưng",Đỗ Mười,"Hoàng Mai, Vĩnh Hưng",,
"Cầu Lĩnh Nam - Hoàng Mai, Vĩnh Hưng",Lĩnh Nam,"Hoàng Mai, Vĩnh Hưng",,
"Đường Lĩnh Nam - Hoàng Mai, Vĩnh Hưng",Lĩnh Nam,"Hoàng Mai, Vĩnh Hưng",,
"Ngõ 218 Đường Lĩnh Nam - Hoàng Mai, Vĩnh Hưng",Lĩnh Nam,"Hoàng Mai, Vĩnh Hưng",,
"Ngõ 228 Đường Lĩnh Nam - Hoàng Mai, Vĩnh Hưng",Lĩnh Nam,"Hoàng Mai, Vĩnh Hưng",,
"Ngõ 296 Đường Lĩnh Nam - Hoàng Mai, Vĩnh Hưng",Lĩnh Nam,"Hoàng Mai, Vĩnh Hưng",,
"Ngõ 332 Đường Lĩnh Nam - Hoàng Mai, Vĩnh Hưng",Lĩnh Nam,"Hoàng Mai, Vĩnh Hưng",,
"Ngõ 378 Đường Lĩnh Nam - Hoàng Mai, Vĩnh Hưng",Lĩnh Nam,"Hoàng Mai, Vĩnh Hưng",,
"Ngõ 419 Đường Lĩnh Nam - Hoàng Mai, Vĩnh Hưng",Lĩnh Nam,"Hoàng Mai, Vĩnh Hưng",,
"Ngõ 467 Đường Lĩnh Nam - Hoàng Mai, Vĩnh Hưng",Lĩnh Nam,"Hoàng Mai, Vĩnh Hưng",,
"Ngõ 471 Đường Lĩnh Nam - Hoàng Mai, Vĩnh Hưng",Lĩnh Nam,"Hoàng Mai, Vĩnh Hưng",,
"Ngõ 527 Đường Lĩnh Nam - Hoàng Mai, Vĩnh Hưng",Lĩnh Nam,"Hoàng Mai, Vĩnh Hưng",,
"Ngõ 579 Đường Lĩnh Nam - Hoàng Mai, Vĩnh Hưng",Lĩnh Nam,"Hoàng Mai, Vĩnh Hưng",,
"Phố Nam Dư - Hoàng Mai, Vĩnh Hưng",Nam Dư,"Hoàng Mai, Vĩnh Hưng",,
"Đường Tam Trinh - Hoàng Mai, Vĩnh Tuy",Tam Trinh,"Hoàng Mai, Vĩnh Tuy",,TRUE
"Đường Ngọc Hồi - Hoàng Mai, Yên Sở",Ngọc Hồi,"Hoàng Mai, Yên Sở",,
"Đường Tam Trinh - Hoàng Mai, Yên Sở",Tam Trinh,"Hoàng Mai, Yên Sở",,TRUE
"Phố Yên Duyên - Hoàng Mai, Yên Sở",Yên Duyên,"Hoàng Mai, Yên Sở",,
Hẻm 121 Phố An Dương - Hồng Hà,An Dương,Hồng Hà,,
Hẻm 2/1 Phố An Dương - Hồng Hà,An Dương,Hồng Hà,,
Hẻm 32/15/17 Phố An Dương - Hồng Hà,An Dương,Hồng Hà,,
Hẻm 32/15/21 Phố An Dương - Hồng Hà,An Dương,Hồng Hà,,
Hẻm 32/15/23 Phố An Dương - Hồng Hà,An Dương,Hồng Hà,,
Hẻm 38/1 Phố An Dương - Hồng Hà,An Dương,Hồng Hà,,
Hẻm 76/35/63 Phố An Dương - Hồng Hà,An Dương,Hồng Hà,,
Hẻm 76/35/69 Phố An Dương - Hồng Hà,An Dương,Hồng Hà,,
Ngách 130/11 Phố An Dương - Hồng Hà,An Dương,Hồng Hà,,
Ngách 130/14 Phố An Dương - Hồng Hà,An Dương,Hồng Hà,,
Ngách 32/15 Phố An Dương - Hồng Hà,An Dương,Hồng Hà,,
Ngách 32/20 Phố An Dương - Hồng Hà,An Dương,Hồng Hà,,
Ngách 32/23 Phố An Dương - Hồng Hà,An Dương,Hồng Hà,,
Ngách 32/26 Phố An Dương - Hồng Hà,An Dương,Hồng Hà,,
Ngách 32/27 Phố An Dương - Hồng Hà,An Dương,Hồng Hà,,
Ngách 32/33 Phố An Dương - Hồng Hà,An Dương,Hồng Hà,,
Ngách 32/36 Phố An Dương - Hồng Hà,An Dương,Hồng Hà,,
Ngách 32/42 Phố An Dương - Hồng Hà,An Dương,Hồng Hà,,
Ngách 32/46 Phố An Dương - Hồng Hà,An Dương,Hồng Hà,,
Ngách 32/48 Phố An Dương - Hồng Hà,An Dương,Hồng Hà,,
Ngách 32/53 Phố An Dương - Hồng Hà,An Dương,Hồng Hà,,
Ngách 32/57 Phố An Dương - Hồng Hà,An Dương,Hồng Hà,,
Ngách 32/65 Phố An Dương - Hồng Hà,An Dương,Hồng Hà,,
Ngách 76/29 Phố An Dương - Hồng Hà,An Dương,Hồng Hà,,
Ngách 76/32 Phố An Dương - Hồng Hà,An Dương,Hồng Hà,,
Ngách 76/33 Phố An Dương - Hồng Hà,An Dương,Hồng Hà,,
Ngách 76/35 Phố An Dương - Hồng Hà,An Dương,Hồng Hà,,
Ngách 76/39 Phố An Dương - Hồng Hà,An Dương,Hồng Hà,,
Ngách 76/54 Phố An Dương - Hồng Hà,An Dương,Hồng Hà,,
Ngách 76/59 Phố An Dương - Hồng Hà,An Dương,Hồng Hà,,
Ngách 76/68 Phố An Dương - Hồng Hà,An Dương,Hồng Hà,,
Ngách 76/7 Phố An Dương - Hồng Hà,An Dương,Hồng Hà,,
Ngõ 115 Phố An Dương - Hồng Hà,An Dương,Hồng Hà,,
Ngõ 130 Phố An Dương - Hồng Hà,An Dương,Hồng Hà,,
Ngõ 17 Phố An Dương - Hồng Hà,An Dương,Hồng Hà,,
Ngõ 182 Phố An Dương - Hồng Hà,An Dương,Hồng Hà,,
Ngõ 189 Phố An Dương - Hồng Hà,An Dương,Hồng Hà,,
Ngõ 277 Phố An Dương - Hồng Hà,An Dương,Hồng Hà,,
Ngõ 32 Phố An Dương - Hồng Hà,An Dương,Hồng Hà,,
Ngõ 35 Phố An Dương - Hồng Hà,An Dương,Hồng Hà,,
Ngõ 38 Phố An Dương - Hồng Hà,An Dương,Hồng Hà,,
Ngõ 43 Phố An Dương - Hồng Hà,An Dương,Hồng Hà,,
Ngõ 54 Phố An Dương - Hồng Hà,An Dương,Hồng Hà,,
Ngõ 57 Phố An Dương - Hồng Hà,An Dương,Hồng Hà,,
Ngõ 60 Phố An Dương - Hồng Hà,An Dương,Hồng Hà,,
Ngõ 72 Phố An Dương - Hồng Hà,An Dương,Hồng Hà,,
Ngõ 76 Phố An Dương - Hồng Hà,An Dương,Hồng Hà,,
Phố An Dương - Hồng Hà,An Dương,Hồng Hà,,
Đường An Dương Vương - Hồng Hà,An Dương Vương,Hồng Hà,,
Ngách 2/35 Đường An Dương Vương - Hồng Hà,An Dương Vương,Hồng Hà,,
Ngõ 14 Đường An Dương Vương - Hồng Hà,An Dương Vương,Hồng Hà,,
Ngõ 16 Đường An Dương Vương - Hồng Hà,An Dương Vương,Hồng Hà,,
Ngõ 2 Đường An Dương Vương - Hồng Hà,An Dương Vương,Hồng Hà,,
Ngõ 4 Đường An Dương Vương - Hồng Hà,An Dương Vương,Hồng Hà,,
Ngõ 6 Đường An Dương Vương - Hồng Hà,An Dương Vương,Hồng Hà,,
Ngõ 100 Phố An Xá - Hồng Hà,An Xá,Hồng Hà,,
Ngõ 109 Phố An Xá - Hồng Hà,An Xá,Hồng Hà,,
Ngõ 113 Phố An Xá - Hồng Hà,An Xá,Hồng Hà,,
Ngõ 114 Phố An Xá - Hồng Hà,An Xá,Hồng Hà,,
Ngõ 117 Phố An Xá - Hồng Hà,An Xá,Hồng Hà,,
Ngõ 125 Phố An Xá - Hồng Hà,An Xá,Hồng Hà,,
Ngõ 133 Phố An Xá - Hồng Hà,An Xá,Hồng Hà,,
Ngõ 145 Phố An Xá - Hồng Hà,An Xá,Hồng Hà,,
Ngõ 155 Phố An Xá - Hồng Hà,An Xá,Hồng Hà,,
Ngõ 161 Phố An Xá - Hồng Hà,An Xá,Hồng Hà,,
Ngõ 62 Phố An Xá - Hồng Hà,An Xá,Hồng Hà,,
Ngõ 84 Phố An Xá - Hồng Hà,An Xá,Hồng Hà,,
Ngõ 88 Phố An Xá - Hồng Hà,An Xá,Hồng Hà,,
Ngõ 92 Phố An Xá - Hồng Hà,An Xá,Hồng Hà,,
Phố An Xá - Hồng Hà,An Xá,Hồng Hà,,
Cụm 4 Đường Âu Cơ - Hồng Hà,Âu Cơ,Hồng Hà,,
Đường Âu Cơ - Hồng Hà,Âu Cơ,Hồng Hà,,
Hẻm 124/22/101A Đường Âu Cơ - Hồng Hà,Âu Cơ,Hồng Hà,,
Hẻm 124/22/104 Đường Âu Cơ - Hồng Hà,Âu Cơ,Hồng Hà,,
Hẻm 464/35/3 Đường Âu Cơ - Hồng Hà,Âu Cơ,Hồng Hà,,
Ngách 172/114 Đường Âu Cơ - Hồng Hà,Âu Cơ,Hồng Hà,,
Ngách 172/128 Đường Âu Cơ - Hồng Hà,Âu Cơ,Hồng Hà,,
Ngách 172/143 Đường Âu Cơ - Hồng Hà,Âu Cơ,Hồng Hà,,
Ngách 172/151 Đường Âu Cơ - Hồng Hà,Âu Cơ,Hồng Hà,,
Ngách 172/154 Đường Âu Cơ - Hồng Hà,Âu Cơ,Hồng Hà,,
Ngách 172/159 Đường Âu Cơ - Hồng Hà,Âu Cơ,Hồng Hà,,
Ngách 172/160 Đường Âu Cơ - Hồng Hà,Âu Cơ,Hồng Hà,,
Ngách 172/168 Đường Âu Cơ - Hồng Hà,Âu Cơ,Hồng Hà,,
Ngách 172/172 Đường Âu Cơ - Hồng Hà,Âu Cơ,Hồng Hà,,
Ngách 172/55 Đường Âu Cơ - Hồng Hà,Âu Cơ,Hồng Hà,,
Ngách 200/45 Đường Âu Cơ - Hồng Hà,Âu Cơ,Hồng Hà,,
Ngách 238/105 Đường Âu Cơ - Hồng Hà,Âu Cơ,Hồng Hà,,
Ngách 238/57 Đường Âu Cơ - Hồng Hà,Âu Cơ,Hồng Hà,,
Ngách 238/62 Đường Âu Cơ - Hồng Hà,Âu Cơ,Hồng Hà,,
Ngách 238/69 Đường Âu Cơ - Hồng Hà,Âu Cơ,Hồng Hà,,
Ngách 238/81 Đường Âu Cơ - Hồng Hà,Âu Cơ,Hồng Hà,,
Ngách 238/82 Đường Âu Cơ - Hồng Hà,Âu Cơ,Hồng Hà,,
Ngách 238/85 Đường Âu Cơ - Hồng Hà,Âu Cơ,Hồng Hà,,
Ngách 238/89 Đường Âu Cơ - Hồng Hà,Âu Cơ,Hồng Hà,,
Ngách 238/93 Đường Âu Cơ - Hồng Hà,Âu Cơ,Hồng Hà,,
Ngách 238/99 Đường Âu Cơ - Hồng Hà,Âu Cơ,Hồng Hà,,
Ngách 264/15 Đường Âu Cơ - Hồng Hà,Âu Cơ,Hồng Hà,,
Ngách 264/17 Đường Âu Cơ - Hồng Hà,Âu Cơ,Hồng Hà,,
Ngách 264/21 Đường Âu Cơ - Hồng Hà,Âu Cơ,Hồng Hà,,
Ngách 374/18 Đường Âu Cơ - Hồng Hà,Âu Cơ,Hồng Hà,,
Ngách 374/19 Đường Âu Cơ - Hồng Hà,Âu Cơ,Hồng Hà,,
Ngách 374/20 Đường Âu Cơ - Hồng Hà,Âu Cơ,Hồng Hà,,
Ngách 374/25 Đường Âu Cơ - Hồng Hà,Âu Cơ,Hồng Hà,,
Ngách 374/5 Đường Âu Cơ - Hồng Hà,Âu Cơ,Hồng Hà,,
Ngách 374/7 Đường Âu Cơ - Hồng Hà,Âu Cơ,Hồng Hà,,
Ngách 406/12 Đường Âu Cơ - Hồng Hà,Âu Cơ,Hồng Hà,,
Ngách 406/18 Đường Âu Cơ - Hồng Hà,Âu Cơ,Hồng Hà,,
Ngách 406/2 Đường Âu Cơ - Hồng Hà,Âu Cơ,Hồng Hà,,
Ngách 41/374 Đường Âu Cơ - Hồng Hà,Âu Cơ,Hồng Hà,,
Ngách 464/17 Đường Âu Cơ - Hồng Hà,Âu Cơ,Hồng Hà,,
Ngách 464/18 Đường Âu Cơ - Hồng Hà,Âu Cơ,Hồng Hà,,
Ngõ 116 Đường Âu Cơ - Hồng Hà,Âu Cơ,Hồng Hà,,
Ngõ 132 Đường Âu Cơ - Hồng Hà,Âu Cơ,Hồng Hà,,
Ngõ 136 Đường Âu Cơ - Hồng Hà,Âu Cơ,Hồng Hà,,
Ngõ 136A Đường Âu Cơ - Hồng Hà,Âu Cơ,Hồng Hà,,
Ngõ 142 Đường Âu Cơ - Hồng Hà,Âu Cơ,Hồng Hà,,
Ngõ 172 Đường Âu Cơ - Hồng Hà,Âu Cơ,Hồng Hà,,
Ngõ 176B Đường Âu Cơ - Hồng Hà,Âu Cơ,Hồng Hà,,
Ngõ 184 Đường Âu Cơ - Hồng Hà,Âu Cơ,Hồng Hà,,
Ngõ 200 Đường Âu Cơ - Hồng Hà,Âu Cơ,Hồng Hà,,
Ngõ 228 Đường Âu Cơ - Hồng Hà,Âu Cơ,Hồng Hà,,
Ngõ 236 Đường Âu Cơ - Hồng Hà,Âu Cơ,Hồng Hà,,
Ngõ 238 Đường Âu Cơ - Hồng Hà,Âu Cơ,Hồng Hà,,
Ngõ 238/2 Đường Âu Cơ - Hồng Hà,Âu Cơ,Hồng Hà,,
Ngõ 238/9A Đường Âu Cơ - Hồng Hà,Âu Cơ,Hồng Hà,,
Ngõ 240 Đường Âu Cơ - Hồng Hà,Âu Cơ,Hồng Hà,,
Ngõ 240A Đường Âu Cơ - Hồng Hà,Âu Cơ,Hồng Hà,,
Ngõ 242 Đường Âu Cơ - Hồng Hà,Âu Cơ,Hồng Hà,,
Ngõ 244 Đường Âu Cơ - Hồng Hà,Âu Cơ,Hồng Hà,,
Ngõ 264 Đường Âu Cơ - Hồng Hà,Âu Cơ,Hồng Hà,,
Ngõ 264 Phố Đường Âu Cơ - Hồng Hà,Âu Cơ,Hồng Hà,,
Ngõ 34 Đường Âu Cơ - Hồng Hà,Âu Cơ,Hồng Hà,,
Ngõ 374 Đường Âu Cơ - Hồng Hà,Âu Cơ,Hồng Hà,,
Ngõ 406 Đường Âu Cơ - Hồng Hà,Âu Cơ,Hồng Hà,,
Ngõ 442 Đường Âu Cơ - Hồng Hà,Âu Cơ,Hồng Hà,,
Ngõ 460 Đường Âu Cơ - Hồng Hà,Âu Cơ,Hồng Hà,,
Ngõ 464 Đường Âu Cơ - Hồng Hà,Âu Cơ,Hồng Hà,,
Ngõ 54 Đường Âu Cơ - Hồng Hà,Âu Cơ,Hồng Hà,,
Ngõ 66 Đường Âu Cơ - Hồng Hà,Âu Cơ,Hồng Hà,,
Ngõ 86 Đường Âu Cơ - Hồng Hà,Âu Cơ,Hồng Hà,,
Ngõ 92 Đường Âu Cơ - Hồng Hà,Âu Cơ,Hồng Hà,,
Ngõ 94 Đường Âu Cơ - Hồng Hà,Âu Cơ,Hồng Hà,,
Đường Bạch Đằng - Hồng Hà,Bạch Đằng,Hồng Hà,,
Ngõ 175 Đường Bạch Đằng - Hồng Hà,Bạch Đằng,Hồng Hà,,
Ngõ 196 Đường Bạch Đằng - Hồng Hà,Bạch Đằng,Hồng Hà,,
Ngõ 200 Đường Bạch Đằng - Hồng Hà,Bạch Đằng,Hồng Hà,,
Ngõ 211 Đường Bạch Đằng - Hồng Hà,Bạch Đằng,Hồng Hà,,
Ngõ 290 Đường Bạch Đằng - Hồng Hà,Bạch Đằng,Hồng Hà,,
Ngõ 300 Đường Bạch Đằng - Hồng Hà,Bạch Đằng,Hồng Hà,,
Ngõ 312 Đường Bạch Đằng - Hồng Hà,Bạch Đằng,Hồng Hà,,
Ngõ 328 Đường Bạch Đằng - Hồng Hà,Bạch Đằng,Hồng Hà,,
Ngõ 331 Đường Bạch Đằng - Hồng Hà,Bạch Đằng,Hồng Hà,,
Ngõ 338 Đường Bạch Đằng - Hồng Hà,Bạch Đằng,Hồng Hà,,
Ngõ 353 Đường Bạch Đằng - Hồng Hà,Bạch Đằng,Hồng Hà,,
Ngõ 360 Đường Bạch Đằng - Hồng Hà,Bạch Đằng,Hồng Hà,,
Ngõ 364 Đường Bạch Đằng - Hồng Hà,Bạch Đằng,Hồng Hà,,
Ngõ 372 Đường Bạch Đằng - Hồng Hà,Bạch Đằng,Hồng Hà,,
Ngõ 407 Đường Bạch Đằng - Hồng Hà,Bạch Đằng,Hồng Hà,,
Ngõ 410 Đường Bạch Đằng - Hồng Hà,Bạch Đằng,Hồng Hà,,
Ngõ 430 Đường Bạch Đằng - Hồng Hà,Bạch Đằng,Hồng Hà,,
Ngõ 436 Đường Bạch Đằng - Hồng Hà,Bạch Đằng,Hồng Hà,,
Ngõ 442 Đường Bạch Đằng - Hồng Hà,Bạch Đằng,Hồng Hà,,
Ngõ 450 Đường Bạch Đằng - Hồng Hà,Bạch Đằng,Hồng Hà,,
Ngõ 462 Đường Bạch Đằng - Hồng Hà,Bạch Đằng,Hồng Hà,,
Ngõ 482 Đường Bạch Đằng - Hồng Hà,Bạch Đằng,Hồng Hà,,
Ngõ 488 Đường Bạch Đằng - Hồng Hà,Bạch Đằng,Hồng Hà,,
Ngõ 495 Đường Bạch Đằng - Hồng Hà,Bạch Đằng,Hồng Hà,,
Ngõ 524 Đường Bạch Đằng - Hồng Hà,Bạch Đằng,Hồng Hà,,
Ngõ 527 Đường Bạch Đằng - Hồng Hà,Bạch Đằng,Hồng Hà,,
Ngõ 528 Đường Bạch Đằng - Hồng Hà,Bạch Đằng,Hồng Hà,,
Ngõ 532 Đường Bạch Đằng - Hồng Hà,Bạch Đằng,Hồng Hà,,
Ngõ 533 Đường Bạch Đằng - Hồng Hà,Bạch Đằng,Hồng Hà,,
Ngõ 550 Đường Bạch Đằng - Hồng Hà,Bạch Đằng,Hồng Hà,,
Ngõ 570 Đường Bạch Đằng - Hồng Hà,Bạch Đằng,Hồng Hà,,
Ngõ 581 Đường Bạch Đằng - Hồng Hà,Bạch Đằng,Hồng Hà,,
Ngõ 589 Đường Bạch Đằng - Hồng Hà,Bạch Đằng,Hồng Hà,,
Ngõ 603 Đường Bạch Đằng - Hồng Hà,Bạch Đằng,Hồng Hà,,
Ngõ 609 Đường Bạch Đằng - Hồng Hà,Bạch Đằng,Hồng Hà,,
Ngõ 639 Đường Bạch Đằng - Hồng Hà,Bạch Đằng,Hồng Hà,,
Ngõ 661 Đường Bạch Đằng - Hồng Hà,Bạch Đằng,Hồng Hà,,
Ngõ 666 Đường Bạch Đằng - Hồng Hà,Bạch Đằng,Hồng Hà,,
Ngõ 678 Đường Bạch Đằng - Hồng Hà,Bạch Đằng,Hồng Hà,,
Ngõ 686 Đường Bạch Đằng - Hồng Hà,Bạch Đằng,Hồng Hà,,
Ngõ 686 Phố Đường Bạch Đằng - Hồng Hà,Bạch Đằng,Hồng Hà,,
Ngõ 690 Phố Đường Bạch Đằng - Hồng Hà,Bạch Đằng,Hồng Hà,,
Ngõ 695 Phố Đường Bạch Đằng - Hồng Hà,Bạch Đằng,Hồng Hà,,
Ngõ 732 Đường Bạch Đằng - Hồng Hà,Bạch Đằng,Hồng Hà,,
Ngõ 762 Đường Bạch Đằng - Hồng Hà,Bạch Đằng,Hồng Hà,,
Ngõ 784 Đường Bạch Đằng - Hồng Hà,Bạch Đằng,Hồng Hà,,
Ngõ 804 Đường Bạch Đằng - Hồng Hà,Bạch Đằng,Hồng Hà,,
Ngõ 830 Đường Bạch Đằng - Hồng Hà,Bạch Đằng,Hồng Hà,,
Ngõ 840 Đường Bạch Đằng - Hồng Hà,Bạch Đằng,Hồng Hà,,
Ngõ 848 Đường Bạch Đằng - Hồng Hà,Bạch Đằng,Hồng Hà,,
Ngõ 860 Đường Bạch Đằng - Hồng Hà,Bạch Đằng,Hồng Hà,,
Ngõ 866 Đường Bạch Đằng - Hồng Hà,Bạch Đằng,Hồng Hà,,
Ngõ 920 Đường Bạch Đằng - Hồng Hà,Bạch Đằng,Hồng Hà,,
Ngõ 934 Đường Bạch Đằng - Hồng Hà,Bạch Đằng,Hồng Hà,,
Ngõ 942 Đường Bạch Đằng - Hồng Hà,Bạch Đằng,Hồng Hà,,
Ngõ 95 Đường Bạch Đằng - Hồng Hà,Bạch Đằng,Hồng Hà,,
Ngõ 12 Phố Bảo Linh - Hồng Hà,Bảo Linh,Hồng Hà,,
Ngõ 62 Phố Bảo Linh - Hồng Hà,Bảo Linh,Hồng Hà,,
Ngõ 74 Phố Bảo Linh - Hồng Hà,Bảo Linh,Hồng Hà,,
Ngõ 83 Phố Bảo Linh - Hồng Hà,Bảo Linh,Hồng Hà,,
Phố Bảo Linh - Hồng Hà,Bảo Linh,Hồng Hà,,
Cầu Đất - Hồng Hà,Cầu Đất,Hồng Hà,,
Ngõ 2 Phố Cầu Đất - Hồng Hà,Cầu Đất,Hồng Hà,,
Phố Cầu Đất - Hồng Hà,Cầu Đất,Hồng Hà,,
Cầu Chương Dương - Hồng Hà,Chương Dương,Hồng Hà,"Cầu Chương Dương là cây cầu lớn đầu tiên do phía Việt Nam hoàn toàn tự thiết kế và thi công mà không có trợ giúp kỹ thuật từ các kỹ sư nước ngoài. Cầu được thiết kế bởi Viện thiết kế giao thông (nay là Tổng công ty Tư vấn thiết kế giao thông vận tải TEDI), được xây dựng từ 10/10/1983, thông xe ngày 30/6/1985 bởi Liên hiệp các xí nghiệp giao thông khu vực 1 và xí nghiệp liên hợp xây dựng cầu Thăng Long. Vào thời điểm này, cầu Long Biên là cầu duy nhất qua sông Hồng nên ách tắc xảy ra thường xuyên. Cùng thời điểm này cầu Thăng Long được xây dựng, nhưng vị trí ở quá xa trung tâm nên nhu cầu xây dựng cầu bắc sông Hồng cấp thiết hơn. Để xây dựng cầu, Thứ trưởng Bộ Giao thông vận tải Bùi Danh Lưu thuyết phục Chính phủ làm cầu sắt vĩnh cửu, tận dụng vật liệu thừa từ công trường cầu Thăng Long và dầm cầu đường sắt, ""chế sửa"" lại để phù hợp cho cầu Chương Dương. Cầu gồm 21 nhịp, 11 nhịp thép, 10 nhịp bê tông, gồm 2 làn ô tô ở giữa và 2 làn hỗn hợp hai bên.",
Phố Chương Dương Độ - Hồng Hà,Chương Dương,Hồng Hà,,
Đầm Trấu - Hồng Hà,Đầm Trấu,Hồng Hà,,
Dãy A1 Đầm Trấu - Hồng Hà,Đầm Trấu,Hồng Hà,,
Dãy A10 Đầm Trấu - Hồng Hà,Đầm Trấu,Hồng Hà,,
Dãy A11 Đầm Trấu - Hồng Hà,Đầm Trấu,Hồng Hà,,
Dãy A14 Đầm Trấu - Hồng Hà,Đầm Trấu,Hồng Hà,,
Dãy A15 Đầm Trấu - Hồng Hà,Đầm Trấu,Hồng Hà,,
Dãy A2 Đầm Trấu - Hồng Hà,Đầm Trấu,Hồng Hà,,
Dãy A3 Đầm Trấu - Hồng Hà,Đầm Trấu,Hồng Hà,,
Dãy A4 Đầm Trấu - Hồng Hà,Đầm Trấu,Hồng Hà,,
Dãy A5 Đầm Trấu - Hồng Hà,Đầm Trấu,Hồng Hà,,
Dãy A6 Đầm Trấu - Hồng Hà,Đầm Trấu,Hồng Hà,,
Dãy A7 Đầm Trấu - Hồng Hà,Đầm Trấu,Hồng Hà,,
Dãy A8 Đầm Trấu - Hồng Hà,Đầm Trấu,Hồng Hà,,
Dãy A9 Đầm Trấu - Hồng Hà,Đầm Trấu,Hồng Hà,,
Dãy B1 Đầm Trấu - Hồng Hà,Đầm Trấu,Hồng Hà,,
Dãy B10 Đầm Trấu - Hồng Hà,Đầm Trấu,Hồng Hà,,
Dãy B11 Đầm Trấu - Hồng Hà,Đầm Trấu,Hồng Hà,,
Dãy B12 Đầm Trấu - Hồng Hà,Đầm Trấu,Hồng Hà,,
Dãy B2 Đầm Trấu - Hồng Hà,Đầm Trấu,Hồng Hà,,
Dãy B2-3 Đầm Trấu - Hồng Hà,Đầm Trấu,Hồng Hà,,
Dãy B4 Đầm Trấu - Hồng Hà,Đầm Trấu,Hồng Hà,,
Dãy B4C Đầm Trấu - Hồng Hà,Đầm Trấu,Hồng Hà,,
Dãy B5 Đầm Trấu - Hồng Hà,Đầm Trấu,Hồng Hà,,
Dãy B7 Đầm Trấu - Hồng Hà,Đầm Trấu,Hồng Hà,,
Dãy B8 Đầm Trấu - Hồng Hà,Đầm Trấu,Hồng Hà,,
Dãy B9 Đầm Trấu - Hồng Hà,Đầm Trấu,Hồng Hà,,
Ngõ 41 Phố Đường Hoa - Hồng Hà,Đường Hoa,Hồng Hà,,
Ngõ 6 Phố Đường Hoa - Hồng Hà,Đường Hoa,Hồng Hà,,
Ngõ 6A Phố Đường Hoa - Hồng Hà,Đường Hoa,Hồng Hà,,
Phố Đường Hoa - Hồng Hà,Đường Hoa,Hồng Hà,,
Ngách 44/3 Phố Hàm Tử Quan - Hồng Hà,Hàm Tử Quan,Hồng Hà,,
Ngõ 109 Phố Hàm Tử Quan - Hồng Hà,Hàm Tử Quan,Hồng Hà,,
Ngõ 114 Phố Hàm Tử Quan - Hồng Hà,Hàm Tử Quan,Hồng Hà,,
Ngõ 39 Phố Hàm Tử Quan - Hồng Hà,Hàm Tử Quan,Hồng Hà,,
Ngõ 44 Phố Hàm Tử Quan - Hồng Hà,Hàm Tử Quan,Hồng Hà,,
Ngõ 51 Phố Hàm Tử Quan - Hồng Hà,Hàm Tử Quan,Hồng Hà,,
Ngõ 75 Phố Hàm Tử Quan - Hồng Hà,Hàm Tử Quan,Hồng Hà,,
Phố Hàm Tử Quan - Hồng Hà,Hàm Tử Quan,Hồng Hà,,
Đường Hoà Bình - Hồng Hà,Hoà Bình (Hồng Hà),Hồng Hà,,
Đường Hồng Hà - Hồng Hà,Hồng Hà,Hồng Hà,,
Ngách 433/41 Đường Hồng Hà - Hồng Hà,Hồng Hà,Hồng Hà,,
Ngõ 1009 Đường Hồng Hà - Hồng Hà,Hồng Hà,Hồng Hà,,
Ngõ 1035 Đường Hồng Hà - Hồng Hà,Hồng Hà,Hồng Hà,,
Ngõ 105 Đường Hồng Hà - Hồng Hà,Hồng Hà,Hồng Hà,,
Ngõ 1081 Đường Hồng Hà - Hồng Hà,Hồng Hà,Hồng Hà,,
Ngõ 115 Đường Hồng Hà - Hồng Hà,Hồng Hà,Hồng Hà,,
Ngõ 131 Đường Hồng Hà - Hồng Hà,Hồng Hà,Hồng Hà,,
Ngõ 15 Đường Hồng Hà - Hồng Hà,Hồng Hà,Hồng Hà,,
Ngõ 151 Đường Hồng Hà - Hồng Hà,Hồng Hà,Hồng Hà,,
Ngõ 163 Đường Hồng Hà - Hồng Hà,Hồng Hà,Hồng Hà,,
Ngõ 17 Đường Hồng Hà - Hồng Hà,Hồng Hà,Hồng Hà,,
Ngõ 175 Đường Hồng Hà - Hồng Hà,Hồng Hà,Hồng Hà,,
Ngõ 175 Phố Hồng Hà - Hồng Hà,Hồng Hà,Hồng Hà,,
Ngõ 187 Đường Hồng Hà - Hồng Hà,Hồng Hà,Hồng Hà,,
Ngõ 195 Đường Hồng Hà - Hồng Hà,Hồng Hà,Hồng Hà,,
Ngõ 203 Đường Hồng Hà - Hồng Hà,Hồng Hà,Hồng Hà,,
Ngõ 301 Đường Hồng Hà - Hồng Hà,Hồng Hà,Hồng Hà,,
Ngõ 353 Đường Hồng Hà - Hồng Hà,Hồng Hà,Hồng Hà,,
Ngõ 41 Đường Hồng Hà - Hồng Hà,Hồng Hà,Hồng Hà,,
Ngõ 435 Đường Hồng Hà - Hồng Hà,Hồng Hà,Hồng Hà,,
Ngõ 463 Phố Hồng Hà - Hồng Hà,Hồng Hà,Hồng Hà,,
Ngõ 515 Đường Hồng Hà - Hồng Hà,Hồng Hà,Hồng Hà,,
Ngõ 557 Đường Hồng Hà - Hồng Hà,Hồng Hà,Hồng Hà,,
Ngõ 565 Đường Hồng Hà - Hồng Hà,Hồng Hà,Hồng Hà,,
Ngõ 573 Đường Hồng Hà - Hồng Hà,Hồng Hà,Hồng Hà,,
Ngõ 597 Phố Hồng Hà - Hồng Hà,Hồng Hà,Hồng Hà,,
Ngõ 613 Đường Hồng Hà - Hồng Hà,Hồng Hà,Hồng Hà,,
Ngõ 633 Đường Hồng Hà - Hồng Hà,Hồng Hà,Hồng Hà,,
Ngõ 659 Đường Hồng Hà - Hồng Hà,Hồng Hà,Hồng Hà,,
Ngõ 715 Đường Hồng Hà - Hồng Hà,Hồng Hà,Hồng Hà,,
Ngõ 75 Đường Hồng Hà - Hồng Hà,Hồng Hà,Hồng Hà,,
Ngõ 781 Đường Hồng Hà - Hồng Hà,Hồng Hà,Hồng Hà,,
Ngõ 819 Đường Hồng Hà - Hồng Hà,Hồng Hà,Hồng Hà,,
Ngõ 823 Đường Hồng Hà - Hồng Hà,Hồng Hà,Hồng Hà,,
Ngõ 869 Đường Hồng Hà - Hồng Hà,Hồng Hà,Hồng Hà,,
Ngõ 875 Đường Hồng Hà - Hồng Hà,Hồng Hà,Hồng Hà,,
Ngõ 91 Đường Hồng Hà - Hồng Hà,Hồng Hà,Hồng Hà,,
Ngõ 91 Phố Hồng Hà - Hồng Hà,Hồng Hà,Hồng Hà,,
Ngõ 933 Đường Hồng Hà - Hồng Hà,Hồng Hà,Hồng Hà,,
Ngõ 955 Đường Hồng Hà - Hồng Hà,Hồng Hà,Hồng Hà,,
Ngõ 971 Đường Hồng Hà - Hồng Hà,Hồng Hà,Hồng Hà,,
Ngách 51/2 Phố Lãng Yên - Hồng Hà,Lãng Yên,Hồng Hà,,
Ngách 51/5 Phố Lãng Yên - Hồng Hà,Lãng Yên,Hồng Hà,,
Ngách 51/57 Phố Lãng Yên - Hồng Hà,Lãng Yên,Hồng Hà,,
Ngách 51/65 Phố Lãng Yên - Hồng Hà,Lãng Yên,Hồng Hà,,
Ngách 51/75 Phố Lãng Yên - Hồng Hà,Lãng Yên,Hồng Hà,,
Ngõ 2 Phố Lãng Yên - Hồng Hà,Lãng Yên,Hồng Hà,,
Ngõ 51 Phố Lãng Yên - Hồng Hà,Lãng Yên,Hồng Hà,,
Phố Lãng Yên - Hồng Hà,Lãng Yên,Hồng Hà,,
Đường Long Biên - Hồng Hà,Long Biên,Hồng Hà,,
Đường Nghi Tàm - Hồng Hà,Nghi Tàm,Hồng Hà,,
Hẻm 310/50/71 Đường Nghi Tàm - Hồng Hà,Nghi Tàm,Hồng Hà,,
Ngách 276/4 Đường Nghi Tàm - Hồng Hà,Nghi Tàm,Hồng Hà,,
Ngách 310/15 Đường Nghi Tàm - Hồng Hà,Nghi Tàm,Hồng Hà,,
Ngách 310/21 Đường Nghi Tàm - Hồng Hà,Nghi Tàm,Hồng Hà,,
Ngách 310/22 Đường Nghi Tàm - Hồng Hà,Nghi Tàm,Hồng Hà,,
Ngách 310/43 Đường Nghi Tàm - Hồng Hà,Nghi Tàm,Hồng Hà,,
Ngách 310/50 Đường Nghi Tàm - Hồng Hà,Nghi Tàm,Hồng Hà,,
Ngách 310/74 Đường Nghi Tàm - Hồng Hà,Nghi Tàm,Hồng Hà,,
Ngách 310/80 Đường Nghi Tàm - Hồng Hà,Nghi Tàm,Hồng Hà,,
Ngõ 108 Đường Nghi Tàm - Hồng Hà,Nghi Tàm,Hồng Hà,,
Ngõ 210 Đường Nghi Tàm - Hồng Hà,Nghi Tàm,Hồng Hà,,
Ngõ 242 Đường Nghi Tàm - Hồng Hà,Nghi Tàm,Hồng Hà,,
Ngõ 276 Đường Nghi Tàm - Hồng Hà,Nghi Tàm,Hồng Hà,,
Ngõ 278 Đường Nghi Tàm - Hồng Hà,Nghi Tàm,Hồng Hà,,
Ngõ 292 Đường Nghi Tàm - Hồng Hà,Nghi Tàm,Hồng Hà,,
Ngõ 310 Đường Nghi Tàm - Hồng Hà,Nghi Tàm,Hồng Hà,,
Ngõ 318 Đường Nghi Tàm - Hồng Hà,Nghi Tàm,Hồng Hà,,
Ngõ 326 Đường Nghi Tàm - Hồng Hà,Nghi Tàm,Hồng Hà,,
Ngõ 334 Đường Nghi Tàm - Hồng Hà,Nghi Tàm,Hồng Hà,,
Ngách 12/36 Phố Nghĩa Dũng - Hồng Hà,Nghĩa Dũng,Hồng Hà,,
Ngõ 105 Phố Nghĩa Dũng - Hồng Hà,Nghĩa Dũng,Hồng Hà,,
Ngõ 107 Phố Nghĩa Dũng - Hồng Hà,Nghĩa Dũng,Hồng Hà,,
Ngõ 109 Phố Nghĩa Dũng - Hồng Hà,Nghĩa Dũng,Hồng Hà,,
Ngõ 111 Phố Nghĩa Dũng - Hồng Hà,Nghĩa Dũng,Hồng Hà,,
Ngõ 12 Phố Nghĩa Dũng - Hồng Hà,Nghĩa Dũng,Hồng Hà,,
Ngõ 121 Phố Nghĩa Dũng - Hồng Hà,Nghĩa Dũng,Hồng Hà,,
Ngõ 140 Phố Nghĩa Dũng - Hồng Hà,Nghĩa Dũng,Hồng Hà,,
Ngõ 15 Phố Nghĩa Dũng - Hồng Hà,Nghĩa Dũng,Hồng Hà,,
Ngõ 51 Phố Nghĩa Dũng - Hồng Hà,Nghĩa Dũng,Hồng Hà,,
Ngõ 54 Phố Nghĩa Dũng - Hồng Hà,Nghĩa Dũng,Hồng Hà,,
Ngõ 93 Phố Nghĩa Dũng - Hồng Hà,Nghĩa Dũng,Hồng Hà,,
Phố Nghĩa Dũng - Hồng Hà,Nghĩa Dũng,Hồng Hà,,
Ngõ 44 Phố Nguyên Khiết - Hồng Hà,Nguyên Khiết,Hồng Hà,,
Phố Nguyên Khiết - Hồng Hà,Nguyên Khiết,Hồng Hà,,
Đường Nguyễn Khoái - Hồng Hà,Nguyễn Khoái,Hồng Hà,,
Ngõ 273 Đường Nguyễn Khoái - Hồng Hà,Nguyễn Khoái,Hồng Hà,,
Ngõ 49 Đường Nguyễn Khoái - Hồng Hà,Nguyễn Khoái,Hồng Hà,,
Ngõ 51 Đường Nguyễn Khoái - Hồng Hà,Nguyễn Khoái,Hồng Hà,,
Ngõ 53 Đường Nguyễn Khoái - Hồng Hà,Nguyễn Khoái,Hồng Hà,,
Phố Nguyễn Tư Giản - Hồng Hà,Nguyễn Tư Giản,Hồng Hà,,
Ngách 3/20 Phố Phúc Tân - Hồng Hà,Phúc Tân,Hồng Hà,,
Ngõ 143 Phố Phúc Tân - Hồng Hà,Phúc Tân,Hồng Hà,,
Ngõ 151 Phố Phúc Tân - Hồng Hà,Phúc Tân,Hồng Hà,,
Ngõ 153 Phố Phúc Tân - Hồng Hà,Phúc Tân,Hồng Hà,,
Ngõ 175 Phố Phúc Tân - Hồng Hà,Phúc Tân,Hồng Hà,,
Ngõ 183 Phố Phúc Tân - Hồng Hà,Phúc Tân,Hồng Hà,,
Ngõ 193 Phố Phúc Tân - Hồng Hà,Phúc Tân,Hồng Hà,,
Ngõ 195 Phố Phúc Tân - Hồng Hà,Phúc Tân,Hồng Hà,,
Ngõ 29 Phố Phúc Tân - Hồng Hà,Phúc Tân,Hồng Hà,,
Ngõ 3 Phố Phúc Tân - Hồng Hà,Phúc Tân,Hồng Hà,,
Ngõ 367 Phố Phúc Tân - Hồng Hà,Phúc Tân,Hồng Hà,,
Ngõ 377 Phố Phúc Tân - Hồng Hà,Phúc Tân,Hồng Hà,,
Ngõ 383 Phố Phúc Tân - Hồng Hà,Phúc Tân,Hồng Hà,,
Ngõ 57 Phố Phúc Tân - Hồng Hà,Phúc Tân,Hồng Hà,,
Phố Phúc Tân - Hồng Hà,Phúc Tân,Hồng Hà,,
Ngách 117/32 Phố Phúc Xá - Hồng Hà,Phúc Xá,Hồng Hà,,
Ngách 127/7 Phố Phúc Xá - Hồng Hà,Phúc Xá,Hồng Hà,,
Ngõ 101 Phố Phúc Xá - Hồng Hà,Phúc Xá,Hồng Hà,,
Ngõ 117 Phố Phúc Xá - Hồng Hà,Phúc Xá,Hồng Hà,,
Ngõ 127 Phố Phúc Xá - Hồng Hà,Phúc Xá,Hồng Hà,,
Ngõ 14 Phố Phúc Xá - Hồng Hà,Phúc Xá,Hồng Hà,,
Ngõ 2 Phố Phúc Xá - Hồng Hà,Phúc Xá,Hồng Hà,,
Ngõ 22 Phố Phúc Xá - Hồng Hà,Phúc Xá,Hồng Hà,,
Ngõ 32 Phố Phúc Xá - Hồng Hà,Phúc Xá,Hồng Hà,,
Ngõ 34 Phố Phúc Xá - Hồng Hà,Phúc Xá,Hồng Hà,,
Ngõ 41 Phố Phúc Xá - Hồng Hà,Phúc Xá,Hồng Hà,,
Ngõ 42 Phố Phúc Xá - Hồng Hà,Phúc Xá,Hồng Hà,,
Ngõ 44 Phố Phúc Xá - Hồng Hà,Phúc Xá,Hồng Hà,,
Ngõ 49 Phố Phúc Xá - Hồng Hà,Phúc Xá,Hồng Hà,,
Ngõ 65 Phố Phúc Xá - Hồng Hà,Phúc Xá,Hồng Hà,,
Ngõ 72 Phố Phúc Xá - Hồng Hà,Phúc Xá,Hồng Hà,,
Phố Phúc Xá - Hồng Hà,Phúc Xá,Hồng Hà,,
Ngõ 2 Phố Quảng An - Hồng Hà,Quảng An,Hồng Hà,,
Ngõ 3 Phố Quảng An - Hồng Hà,Quảng An,Hồng Hà,,
Ngõ 4 Phố Quảng An - Hồng Hà,Quảng An,Hồng Hà,,
Ngõ 5 Phố Quảng An - Hồng Hà,Quảng An,Hồng Hà,,
Phố Quảng An - Hồng Hà,Quảng An,Hồng Hà,,
Quảng An - Hồng Hà,Quảng An,Hồng Hà,,
Ngách 133/13 Phố Tân Ấp - Hồng Hà,Tân Ấp,Hồng Hà,,
Ngõ 133 Phố Tân Ấp - Hồng Hà,Tân Ấp,Hồng Hà,,
Ngõ 138 Phố Tân Ấp - Hồng Hà,Tân Ấp,Hồng Hà,,
Ngõ 22 Tân Ấp - Hồng Hà,Tân Ấp,Hồng Hà,,
Ngõ 33 Phố Tân Ấp - Hồng Hà,Tân Ấp,Hồng Hà,,
Ngõ 44 Phố Tân Ấp - Hồng Hà,Tân Ấp,Hồng Hà,,
Ngõ 5 Tân Ấp - Hồng Hà,Tân Ấp,Hồng Hà,,
Ngõ 53 Phố Tân Ấp - Hồng Hà,Tân Ấp,Hồng Hà,,
Ngõ 69 Tân Ấp - Hồng Hà,Tân Ấp,Hồng Hà,,
Ngõ 70 Phố Tân Ấp - Hồng Hà,Tân Ấp,Hồng Hà,,
Ngõ 71 Phố Tân Ấp - Hồng Hà,Tân Ấp,Hồng Hà,,
Ngõ 75 Phố Tân Ấp - Hồng Hà,Tân Ấp,Hồng Hà,,
Ngõ 79 Phố Tân Ấp - Hồng Hà,Tân Ấp,Hồng Hà,,
Ngõ 81 Phố Tân Ấp - Hồng Hà,Tân Ấp,Hồng Hà,,
Ngõ 87 Phố Tân Ấp - Hồng Hà,Tân Ấp,Hồng Hà,,
Ngõ 91 Phố Tân Ấp - Hồng Hà,Tân Ấp,Hồng Hà,,
Phố Tân Ấp - Hồng Hà,Tân Ấp,Hồng Hà,,
Ngõ 1 Phố Tây Kết - Hồng Hà,Tây Kết,Hồng Hà,,
Phố Tây Kết - Hồng Hà,Tây Kết,Hồng Hà,,
Ngõ 36 Phố Thanh Yên - Hồng Hà,Thanh Yên,Hồng Hà,,
Phố Thanh Yên - Hồng Hà,Thanh Yên,Hồng Hà,,
Cầu Trần Hưng Đạo - Hồng Hà,Trần Hưng Đạo,Hồng Hà,,
Đường Trần Khánh Dư - Hồng Hà,Trần Khánh Dư,Hồng Hà,,
Đường Trần Nhật Duật - Hồng Hà,Trần Nhật Duật,Hồng Hà,,
Đường Trần Quang Khải - Hồng Hà,Trần Quang Khải,Hồng Hà,,
Đường Dẫn Cầu Tứ Liên - Hồng Hà,Tứ Liên,Hồng Hà,,
Ngách 28/11 Phố Tứ Liên - Hồng Hà,Tứ Liên,Hồng Hà,,
Ngách 28/16 Phố Tứ Liên - Hồng Hà,Tứ Liên,Hồng Hà,,
Ngách 28/17 Phố Tứ Liên - Hồng Hà,Tứ Liên,Hồng Hà,,
Ngách 28/21 Phố Tứ Liên - Hồng Hà,Tứ Liên,Hồng Hà,,
Ngách 28/27 Phố Tứ Liên - Hồng Hà,Tứ Liên,Hồng Hà,,
Ngách 28/28 Phố Tứ Liên - Hồng Hà,Tứ Liên,Hồng Hà,,
Ngách 28/3 Phố Tứ Liên - Hồng Hà,Tứ Liên,Hồng Hà,,
Ngách 28/31 Phố Tứ Liên - Hồng Hà,Tứ Liên,Hồng Hà,,
Ngách 28/32 Phố Tứ Liên - Hồng Hà,Tứ Liên,Hồng Hà,,
Ngách 28/37 Phố Tứ Liên - Hồng Hà,Tứ Liên,Hồng Hà,,
Ngách 28/40 Phố Tứ Liên - Hồng Hà,Tứ Liên,Hồng Hà,,
Ngách 28/41 Phố Tứ Liên - Hồng Hà,Tứ Liên,Hồng Hà,,
Ngách 28/42 Phố Tứ Liên - Hồng Hà,Tứ Liên,Hồng Hà,,
Ngách 28/44 Phố Tứ Liên - Hồng Hà,Tứ Liên,Hồng Hà,,
Ngách 28/47 Phố Tứ Liên - Hồng Hà,Tứ Liên,Hồng Hà,,
Ngách 28/48 Phố Tứ Liên - Hồng Hà,Tứ Liên,Hồng Hà,,
Ngách 28/49 Phố Tứ Liên - Hồng Hà,Tứ Liên,Hồng Hà,,
Ngách 28/50 Phố Tứ Liên - Hồng Hà,Tứ Liên,Hồng Hà,,
Ngách 28/53 Phố Tứ Liên - Hồng Hà,Tứ Liên,Hồng Hà,,
Ngách 28/66 Phố Tứ Liên - Hồng Hà,Tứ Liên,Hồng Hà,,
Ngách 28/69 Phố Tứ Liên - Hồng Hà,Tứ Liên,Hồng Hà,,
Ngách 28/75 Phố Tứ Liên - Hồng Hà,Tứ Liên,Hồng Hà,,
Ngách 28/78 Phố Tứ Liên - Hồng Hà,Tứ Liên,Hồng Hà,,
Ngách 28/85 Phố Tứ Liên - Hồng Hà,Tứ Liên,Hồng Hà,,
Ngách 28/88 Phố Tứ Liên - Hồng Hà,Tứ Liên,Hồng Hà,,
Ngách 28/9 Phố Tứ Liên - Hồng Hà,Tứ Liên,Hồng Hà,,
Ngách 28/91 Phố Tứ Liên - Hồng Hà,Tứ Liên,Hồng Hà,,
Ngách 56/115 Phố Tứ Liên - Hồng Hà,Tứ Liên,Hồng Hà,,
Ngách 56/55 Phố Tứ Liên - Hồng Hà,Tứ Liên,Hồng Hà,,
Ngõ 28 Phố Tứ Liên - Hồng Hà,Tứ Liên,Hồng Hà,,
Ngõ 32 Phố Tứ Liên - Hồng Hà,Tứ Liên,Hồng Hà,,
Ngõ 39 Phố Tứ Liên - Hồng Hà,Tứ Liên,Hồng Hà,,
Ngõ 39 Tứ Liên - Hồng Hà,Tứ Liên,Hồng Hà,,
Ngõ 55 Phố Tứ Liên - Hồng Hà,Tứ Liên,Hồng Hà,,
Ngõ 56 Phố Tứ Liên - Hồng Hà,Tứ Liên,Hồng Hà,,
Ngõ 60 Phố Tứ Liên - Hồng Hà,Tứ Liên,Hồng Hà,,
Ngõ 64 Phố Tứ Liên - Hồng Hà,Tứ Liên,Hồng Hà,,
Ngõ 67 Phố Tứ Liên - Hồng Hà,Tứ Liên,Hồng Hà,,
Ngõ 69 Phố Tứ Liên - Hồng Hà,Tứ Liên,Hồng Hà,,
Ngõ 73 Phố Tứ Liên - Hồng Hà,Tứ Liên,Hồng Hà,,
Ngõ 75 Phố Tứ Liên - Hồng Hà,Tứ Liên,Hồng Hà,,
Ngõ 76 Phố Tứ Liên - Hồng Hà,Tứ Liên,Hồng Hà,,
Ngõ 84 Phố Tứ Liên - Hồng Hà,Tứ Liên,Hồng Hà,,
Ngõ 89 Phố Tứ Liên - Hồng Hà,Tứ Liên,Hồng Hà,,
Ngõ 90 Phố Tứ Liên - Hồng Hà,Tứ Liên,Hồng Hà,,
Phố Tứ Liên - Hồng Hà,Tứ Liên,Hồng Hà,,
Ngõ 11 Phố Vân Đồn - Hồng Hà,Vân Đồn,Hồng Hà,,
Ngõ 31 Phố Vân Đồn - Hồng Hà,Vân Đồn,Hồng Hà,,
Ngõ 49 Phố Vân Đồn - Hồng Hà,Vân Đồn,Hồng Hà,,
Phố Vân Đồn - Hồng Hà,Vân Đồn,Hồng Hà,,
Ngách 14/19 Phố Vạn Kiếp - Hồng Hà,Vạn Kiếp,Hồng Hà,,
Ngách 14/31 Phố Vạn Kiếp - Hồng Hà,Vạn Kiếp,Hồng Hà,,
Ngách 14/35 Phố Vạn Kiếp - Hồng Hà,Vạn Kiếp,Hồng Hà,,
Ngách 14/5 Phố Vạn Kiếp - Hồng Hà,Vạn Kiếp,Hồng Hà,,
Ngõ 14 Phố Vạn Kiếp - Hồng Hà,Vạn Kiếp,Hồng Hà,,
Ngõ 32 Phố Vạn Kiếp - Hồng Hà,Vạn Kiếp,Hồng Hà,,
Ngõ 42 Phố Vạn Kiếp - Hồng Hà,Vạn Kiếp,Hồng Hà,,
Ngõ 43 Phố Vạn Kiếp - Hồng Hà,Vạn Kiếp,Hồng Hà,,
Phố Vạn Kiếp - Hồng Hà,Vạn Kiếp,Hồng Hà,,
Ngách 15/1 Phố Vọng Hà - Hồng Hà,Vọng Hà,Hồng Hà,,
Ngõ 1 Phố Vọng Hà - Hồng Hà,Vọng Hà,Hồng Hà,,
Ngõ 105 Phố Vọng Hà - Hồng Hà,Vọng Hà,Hồng Hà,,
Ngõ 15 Phố Vọng Hà - Hồng Hà,Vọng Hà,Hồng Hà,,
Ngõ 43 Phố Vọng Hà - Hồng Hà,Vọng Hà,Hồng Hà,,
Ngõ 69 Phố Vọng Hà - Hồng Hà,Vọng Hà,Hồng Hà,,
Ngõ 97 Phố Vọng Hà - Hồng Hà,Vọng Hà,Hồng Hà,,
Ngõ 99 Phố Vọng Hà - Hồng Hà,Vọng Hà,Hồng Hà,,
Phố Vọng Hà - Hồng Hà,Vọng Hà,Hồng Hà,,
Đường Yên Phụ - Hồng Hà,Yên Phụ,Hồng Hà,,
"Đường Bạch Đằng - Hồng Hà, Lĩnh Nam",Bạch Đằng,"Hồng Hà, Lĩnh Nam",,
"Đường Nguyễn Khoái - Hồng Hà, Lĩnh Nam",Nguyễn Khoái,"Hồng Hà, Lĩnh Nam",,
"Cầu Trần Hưng Đạo - Hồng Hà, Long Biên",Trần Hưng Đạo,"Hồng Hà, Long Biên",,
"Cầu Vĩnh Tuy - Hồng Hà, Long Biên",Vĩnh Tuy,"Hồng Hà, Long Biên",,
"Đường An Dương Vương - Hồng Hà, Phú Thượng",An Dương Vương,"Hồng Hà, Phú Thượng",,
"Ngõ 42 Đường An Dương Vương - Hồng Hà, Phú Thượng",An Dương Vương,"Hồng Hà, Phú Thượng",,
"Đường An Dương Vương - Hồng Hà, Tây Hồ",An Dương Vương,"Hồng Hà, Tây Hồ",,
"Đường Lạc Long Quân - Hồng Hà, Tây Hồ",Lạc Long Quân,"Hồng Hà, Tây Hồ",,
"Cầu Nhật Tân - Hồng Hà, Tây Hồ",Nhật Tân,"Hồng Hà, Tây Hồ",,
"Đường Thanh Niên - Hồng Hà, Tây Hồ",Thanh Niên,"Hồng Hà, Tây Hồ",,
"Phố Tứ Liên - Hồng Hà, Tây Hồ",Tứ Liên,"Hồng Hà, Tây Hồ",,
"Minh Khai - Hồng Hà, Vĩnh Tuy",Minh Khai,"Hồng Hà, Vĩnh Tuy",,
"Phố Minh Khai - Hồng Hà, Vĩnh Tuy",Minh Khai,"Hồng Hà, Vĩnh Tuy",,
"Đường Nguyễn Khoái - Hồng Hà, Vĩnh Tuy",Nguyễn Khoái,"Hồng Hà, Vĩnh Tuy",,
"Đường Trần Khát Chân - Hồng Hà, Vĩnh Tuy",Trần Khát Chân,"Hồng Hà, Vĩnh Tuy","Đường Trần Khát Chân là một phần của đường Vành đai 1, vốn nằm trên đoạn phía Nam của đê La Thành thuộc thành Đại La xưa. Trước đây, tuyến phố này là một con đê đất cao, chạy song song với sông Kim Ngưu ở phía Nam, vốn đã bị lấp và cống hóa trong khoảng thập niên 1980–1990. Đê La Thành từng uốn lượn từ khoảng số nhà 424, chếch lên Đông, đi theo ngõ 272 rồi vòng xuống Ô Đống Mác tại số 260, đến khoảng năm 1985 thì đoạn Trần Khát Chân được nắn thẳng như ngày nay. Hiện vẫn còn một đoạn ngõ cốt cao độ cao hơn so với mặt đường. Đoạn từ Ô Đống Mác đến đê Nguyễn Khoái được mở rộng và hoàn thiện vào năm 2016.",TRUE
"Cầu Vĩnh Tuy - Hồng Hà, Vĩnh Tuy",Vĩnh Tuy,"Hồng Hà, Vĩnh Tuy",,
Hẻm 1/62/23 Phố Bùi Xương Trạch - Khương Đình,Bùi Xương Trạch,Khương Đình,,TRUE
Hẻm 1/62/24 Phố Bùi Xương Trạch - Khương Đình,Bùi Xương Trạch,Khương Đình,,TRUE
Hẻm 1/62/26 Phố Bùi Xương Trạch - Khương Đình,Bùi Xương Trạch,Khương Đình,,TRUE
Hẻm 1/62/46 Phố Bùi Xương Trạch - Khương Đình,Bùi Xương Trạch,Khương Đình,,TRUE
Hẻm 207/77/45 Phố Bùi Xương Trạch - Khương Đình,Bùi Xương Trạch,Khương Đình,,TRUE
Hẻm 271/3/15 Phố Bùi Xương Trạch - Khương Đình,Bùi Xương Trạch,Khương Đình,,TRUE
Hẻm 358/25/58 Phố Bùi Xương Trạch - Khương Đình,Bùi Xương Trạch,Khương Đình,,TRUE
Hẻm 358/25/60 Phố Bùi Xương Trạch - Khương Đình,Bùi Xương Trạch,Khương Đình,,TRUE
Hẻm 358/25/86 Phố Bùi Xương Trạch - Khương Đình,Bùi Xương Trạch,Khương Đình,,TRUE
Hẻm 358/40/101 Phố Bùi Xương Trạch - Khương Đình,Bùi Xương Trạch,Khương Đình,,TRUE
Hẻm 358/40/78 Phố Bùi Xương Trạch - Khương Đình,Bùi Xương Trạch,Khương Đình,,TRUE
Hẻm 358/55/20 Phố Bùi Xương Trạch - Khương Đình,Bùi Xương Trạch,Khương Đình,,TRUE
Hẻm 77/10/2 Phố Bùi Xương Trạch - Khương Đình,Bùi Xương Trạch,Khương Đình,,TRUE
Hẻm 77/9 Phố Bùi Xương Trạch - Khương Đình,Bùi Xương Trạch,Khương Đình,,TRUE
Ngách 1/22 Phố Bùi Xương Trạch - Khương Đình,Bùi Xương Trạch,Khương Đình,,TRUE
Ngách 1/62 Phố Bùi Xương Trạch - Khương Đình,Bùi Xương Trạch,Khương Đình,,TRUE
Ngách 108/1 Phố Bùi Xương Trạch - Khương Đình,Bùi Xương Trạch,Khương Đình,,TRUE
Ngách 108/12 Phố Bùi Xương Trạch - Khương Đình,Bùi Xương Trạch,Khương Đình,,TRUE
Ngách 108/2 Phố Bùi Xương Trạch - Khương Đình,Bùi Xương Trạch,Khương Đình,,TRUE
Ngách 108/22 Phố Bùi Xương Trạch - Khương Đình,Bùi Xương Trạch,Khương Đình,,TRUE
Ngách 125/41 Phố Bùi Xương Trạch - Khương Đình,Bùi Xương Trạch,Khương Đình,,TRUE
Ngách 125/56 Phố Bùi Xương Trạch - Khương Đình,Bùi Xương Trạch,Khương Đình,,TRUE
Ngách 125/76 Phố Bùi Xương Trạch - Khương Đình,Bùi Xương Trạch,Khương Đình,,TRUE
Ngách 207/7 Phố Bùi Xương Trạch - Khương Đình,Bùi Xương Trạch,Khương Đình,,TRUE
Ngách 207/77 Phố Bùi Xương Trạch - Khương Đình,Bùi Xương Trạch,Khương Đình,,TRUE
Ngách 271/3 Phố Bùi Xương Trạch - Khương Đình,Bùi Xương Trạch,Khương Đình,,TRUE
Ngách 358/109 Phố Bùi Xương Trạch - Khương Đình,Bùi Xương Trạch,Khương Đình,,TRUE
Ngách 358/40 Phố Bùi Xương Trạch - Khương Đình,Bùi Xương Trạch,Khương Đình,,TRUE
Ngách 358/40A Phố Bùi Xương Trạch - Khương Đình,Bùi Xương Trạch,Khương Đình,,TRUE
Ngách 358/55 Phố Bùi Xương Trạch - Khương Đình,Bùi Xương Trạch,Khương Đình,,TRUE
Ngách 358/62 Phố Bùi Xương Trạch - Khương Đình,Bùi Xương Trạch,Khương Đình,,TRUE
Ngách 54/1 Phố Bùi Xương Trạch - Khương Đình,Bùi Xương Trạch,Khương Đình,,TRUE
Ngách 54/6 Phố Bùi Xương Trạch - Khương Đình,Bùi Xương Trạch,Khương Đình,,TRUE
Ngách 54/7 Phố Bùi Xương Trạch - Khương Đình,Bùi Xương Trạch,Khương Đình,,TRUE
Ngách 77/10 Phố Bùi Xương Trạch - Khương Đình,Bùi Xương Trạch,Khương Đình,,TRUE
Ngách 77/50 Phố Bùi Xương Trạch - Khương Đình,Bùi Xương Trạch,Khương Đình,,TRUE
Ngách 93/2 Phố Bùi Xương Trạch - Khương Đình,Bùi Xương Trạch,Khương Đình,,TRUE
Ngõ 1 Phố Bùi Xương Trạch - Khương Đình,Bùi Xương Trạch,Khương Đình,,TRUE
Ngõ 108 Phố Bùi Xương Trạch - Khương Đình,Bùi Xương Trạch,Khương Đình,,TRUE
Ngõ 125 Phố Bùi Xương Trạch - Khương Đình,Bùi Xương Trạch,Khương Đình,,TRUE
Ngõ 133 Phố Bùi Xương Trạch - Khương Đình,Bùi Xương Trạch,Khương Đình,,TRUE
Ngõ 20 Phố Bùi Xương Trạch - Khương Đình,Bùi Xương Trạch,Khương Đình,,TRUE
Ngõ 207 Phố Bùi Xương Trạch - Khương Đình,Bùi Xương Trạch,Khương Đình,,TRUE
Ngõ 239 Phố Bùi Xương Trạch - Khương Đình,Bùi Xương Trạch,Khương Đình,,TRUE
Ngõ 271 Phố Bùi Xương Trạch - Khương Đình,Bùi Xương Trạch,Khương Đình,,TRUE
Ngõ 318 Phố Bùi Xương Trạch - Khương Đình,Bùi Xương Trạch,Khương Đình,,TRUE
Ngõ 358 Phố Bùi Xương Trạch - Khương Đình,Bùi Xương Trạch,Khương Đình,,TRUE
Ngõ 41 Phố Bùi Xương Trạch - Khương Đình,Bùi Xương Trạch,Khương Đình,,TRUE
Ngõ 54 Phố Bùi Xương Trạch - Khương Đình,Bùi Xương Trạch,Khương Đình,,TRUE
Ngõ 77 Phố Bùi Xương Trạch - Khương Đình,Bùi Xương Trạch,Khương Đình,,TRUE
Ngõ 93 Phố Bùi Xương Trạch - Khương Đình,Bùi Xương Trạch,Khương Đình,,TRUE
Ngách 138/8 Phố Hạ Đình - Khương Đình,Hạ Đình,Khương Đình,,
Ngách 190/32 Phố Hạ Đình - Khương Đình,Hạ Đình,Khương Đình,,
Ngách 192/3 Phố Hạ Đình - Khương Đình,Hạ Đình,Khương Đình,,
Ngõ 138 Phố Hạ Đình - Khương Đình,Hạ Đình,Khương Đình,,
Ngõ 190 Phố Hạ Đình - Khương Đình,Hạ Đình,Khương Đình,,
Ngõ 192 Phố Hạ Đình - Khương Đình,Hạ Đình,Khương Đình,,
Ngõ 28A Phố Hạ Đình - Khương Đình,Hạ Đình,Khương Đình,,
Ngõ 28B Phố Hạ Đình - Khương Đình,Hạ Đình,Khương Đình,,
Ngõ 85 Phố Hạ Đình - Khương Đình,Hạ Đình,Khương Đình,,
Phố Hạ Đình - Khương Đình,Hạ Đình,Khương Đình,,
Hẻm 76 Phố Hoàng Đạo Thành - Khương Đình,Hoàng Đạo Thành,Khương Đình,,TRUE
Ngách 102/32 Phố Hoàng Đạo Thành - Khương Đình,Hoàng Đạo Thành,Khương Đình,,TRUE
Ngách 102/51 Phố Hoàng Đạo Thành - Khương Đình,Hoàng Đạo Thành,Khương Đình,,TRUE
Ngách 102/67 Phố Hoàng Đạo Thành - Khương Đình,Hoàng Đạo Thành,Khương Đình,,TRUE
Ngách 102/71 Phố Hoàng Đạo Thành - Khương Đình,Hoàng Đạo Thành,Khương Đình,,TRUE
Ngách 3/18 Phố Hoàng Đạo Thành - Khương Đình,Hoàng Đạo Thành,Khương Đình,,TRUE
Ngách 3/4 Phố Hoàng Đạo Thành - Khương Đình,Hoàng Đạo Thành,Khương Đình,,TRUE
Ngách 58/4 Phố Hoàng Đạo Thành - Khương Đình,Hoàng Đạo Thành,Khương Đình,,TRUE
Ngách 58/5 Phố Hoàng Đạo Thành - Khương Đình,Hoàng Đạo Thành,Khương Đình,,TRUE
Ngách 58/7 Phố Hoàng Đạo Thành - Khương Đình,Hoàng Đạo Thành,Khương Đình,,TRUE
Ngách 80/48 Phố Hoàng Đạo Thành - Khương Đình,Hoàng Đạo Thành,Khương Đình,,TRUE
Ngõ 1 Phố Hoàng Đạo Thành - Khương Đình,Hoàng Đạo Thành,Khương Đình,,TRUE
Ngõ 102 Phố Hoàng Đạo Thành - Khương Đình,Hoàng Đạo Thành,Khương Đình,,TRUE
Ngõ 3 Phố Hoàng Đạo Thành - Khương Đình,Hoàng Đạo Thành,Khương Đình,,TRUE
Ngõ 32 Phố Hoàng Đạo Thành - Khương Đình,Hoàng Đạo Thành,Khương Đình,,TRUE
Ngõ 58 Phố Hoàng Đạo Thành - Khương Đình,Hoàng Đạo Thành,Khương Đình,,TRUE
Ngõ 58A Phố Hoàng Đạo Thành - Khương Đình,Hoàng Đạo Thành,Khương Đình,,TRUE
Ngõ 7 Phố Hoàng Đạo Thành - Khương Đình,Hoàng Đạo Thành,Khương Đình,,TRUE
Ngõ 80 Phố Hoàng Đạo Thành - Khương Đình,Hoàng Đạo Thành,Khương Đình,,TRUE
Ngõ 82 Phố Hoàng Đạo Thành - Khương Đình,Hoàng Đạo Thành,Khương Đình,,TRUE
Ngõ 84 Phố Hoàng Đạo Thành - Khương Đình,Hoàng Đạo Thành,Khương Đình,,TRUE
Ngõ 9 Phố Hoàng Đạo Thành - Khương Đình,Hoàng Đạo Thành,Khương Đình,,TRUE
Phố Hoàng Đạo Thành - Khương Đình,Hoàng Đạo Thành,Khương Đình,,TRUE
Cầu Khương Đình - Khương Đình,Khương Đình,Khương Đình,,
Đường Khương Đình - Khương Đình,Khương Đình,Khương Đình,,
Hẻm 101/2/460 Đường Khương Đình - Khương Đình,Khương Đình,Khương Đình,,
Hẻm 342/41/32 Đường Khương Đình - Khương Đình,Khương Đình,Khương Đình,,
Hẻm 420/24/20 Phố Khương Đình - Khương Đình,Khương Đình,Khương Đình,,
Hẻm 460/101/2 Đường Khương Đình - Khương Đình,Khương Đình,Khương Đình,,
Ngách 162/1 Đường Khương Đình - Khương Đình,Khương Đình,Khương Đình,,
Ngách 162/24 Phố Khương Đình - Khương Đình,Khương Đình,Khương Đình,,
Ngách 262/7 Đường Khương Đình - Khương Đình,Khương Đình,Khương Đình,,
Ngách 342/61 Đường Khương Đình - Khương Đình,Khương Đình,Khương Đình,,
Ngách 376/14 Đường Khương Đình - Khương Đình,Khương Đình,Khương Đình,,
Ngách 420/10 Đường Khương Đình - Khương Đình,Khương Đình,Khương Đình,,
Ngách 420/24 Đường Khương Đình - Khương Đình,Khương Đình,Khương Đình,,
Ngách 460/101 Đường Khương Đình - Khương Đình,Khương Đình,Khương Đình,,
Ngách 460/37 Phố Khương Đình - Khương Đình,Khương Đình,Khương Đình,,
Ngách 460/83 Đường Khương Đình - Khương Đình,Khương Đình,Khương Đình,,
Ngõ 122 Đường Khương Đình - Khương Đình,Khương Đình,Khương Đình,,
Ngõ 162 Đường Khương Đình - Khương Đình,Khương Đình,Khương Đình,,
Ngõ 188 Đường Khương Đình - Khương Đình,Khương Đình,Khương Đình,,
Ngõ 196 Đường Khương Đình - Khương Đình,Khương Đình,Khương Đình,,
Ngõ 212 Đường Khương Đình - Khương Đình,Khương Đình,Khương Đình,,
Ngõ 236 Đường Khương Đình - Khương Đình,Khương Đình,Khương Đình,,
Ngõ 262 Đường Khương Đình - Khương Đình,Khương Đình,Khương Đình,,
Ngõ 282 Đường Khương Đình - Khương Đình,Khương Đình,Khương Đình,,
Ngõ 310 Phố Khương Đình - Khương Đình,Khương Đình,Khương Đình,,
Ngõ 320 Đường Khương Đình - Khương Đình,Khương Đình,Khương Đình,,
Ngõ 342 Đường Khương Đình - Khương Đình,Khương Đình,Khương Đình,,
Ngõ 342 Phố Khương Đình - Khương Đình,Khương Đình,Khương Đình,,
Ngõ 376 Đường Khương Đình - Khương Đình,Khương Đình,Khương Đình,,
Ngõ 41 Đường Khương Đình - Khương Đình,Khương Đình,Khương Đình,,
Ngõ 420 Đường Khương Đình - Khương Đình,Khương Đình,Khương Đình,,
Ngõ 460 Đường Khương Đình - Khương Đình,Khương Đình,Khương Đình,,
Ngõ 65 Phố Khương Đình - Khương Đình,Khương Đình,Khương Đình,,
Hẻm 29/39/14 Phố Khương Hạ - Khương Đình,Khương Hạ,Khương Đình,,
Hẻm 29/39/17 Phố Khương Hạ - Khương Đình,Khương Hạ,Khương Đình,,
Hẻm 29/39/2 Phố Khương Hạ - Khương Đình,Khương Hạ,Khương Đình,,
Hẻm 29/70/16 Phố Khương Hạ - Khương Đình,Khương Hạ,Khương Đình,,
Hẻm 29/78/72 Phố Khương Hạ - Khương Đình,Khương Hạ,Khương Đình,,
Hẻm 29/78/78 Phố Khương Hạ - Khương Đình,Khương Hạ,Khương Đình,,
Ngách 29/12 Phố Khương Hạ - Khương Đình,Khương Hạ,Khương Đình,,
Ngách 29/39 Phố Khương Hạ - Khương Đình,Khương Hạ,Khương Đình,,
Ngách 29/42 Phố Khương Hạ - Khương Đình,Khương Hạ,Khương Đình,,
Ngách 29/6 Phố Khương Hạ - Khương Đình,Khương Hạ,Khương Đình,,
Ngách 29/62 Phố Khương Hạ - Khương Đình,Khương Hạ,Khương Đình,,
Ngách 29/70 Phố Khương Hạ - Khương Đình,Khương Hạ,Khương Đình,,
Ngách 29/72 Phố Khương Hạ - Khương Đình,Khương Hạ,Khương Đình,,
Ngách 29/78 Phố Khương Hạ - Khương Đình,Khương Hạ,Khương Đình,,
Ngõ 17 Phố Khương Hạ - Khương Đình,Khương Hạ,Khương Đình,,
Ngõ 18 Phố Khương Hạ - Khương Đình,Khương Hạ,Khương Đình,,
Ngõ 21 Phố Khương Hạ - Khương Đình,Khương Hạ,Khương Đình,,
Ngõ 29 Phố Khương Hạ - Khương Đình,Khương Hạ,Khương Đình,,
Ngõ 29/62/23 Phố Khương Hạ - Khương Đình,Khương Hạ,Khương Đình,,
Ngõ 29/70 Phố Khương Hạ - Khương Đình,Khương Hạ,Khương Đình,,
Phố Khương Hạ - Khương Đình,Khương Hạ,Khương Đình,,
Hẻm 162/130/11 Phố Khương Trung - Khương Đình,Khương Trung,Khương Đình,,
Hẻm 162/130/18 Phố Khương Trung - Khương Đình,Khương Trung,Khương Đình,,
Hẻm 162/130/19 Phố Khương Trung - Khương Đình,Khương Trung,Khương Đình,,
Hẻm 162/130/24 Phố Khương Trung - Khương Đình,Khương Trung,Khương Đình,,
Hẻm 162/130/28 Phố Khương Trung - Khương Đình,Khương Trung,Khương Đình,,
Hẻm 345/69/12 Phố Khương Trung - Khương Đình,Khương Trung,Khương Đình,,
Hẻm 345/91/27 Phố Khương Trung - Khương Đình,Khương Trung,Khương Đình,,
Ngách 124/24 Phố Khương Trung - Khương Đình,Khương Trung,Khương Đình,,
Ngách 132/58 Phố Khương Trung - Khương Đình,Khương Trung,Khương Đình,,
Ngách 132/64 Phố Khương Trung - Khương Đình,Khương Trung,Khương Đình,,
Ngách 132/68 Phố Khương Trung - Khương Đình,Khương Trung,Khương Đình,,
Ngách 162/130 Phố Khương Trung - Khương Đình,Khương Trung,Khương Đình,,
Ngách 162/27 Phố Khương Trung - Khương Đình,Khương Trung,Khương Đình,,
Ngách 211/149 Phố Khương Trung - Khương Đình,Khương Trung,Khương Đình,,
Ngách 211/171 Phố Khương Trung - Khương Đình,Khương Trung,Khương Đình,,
Ngách 211/203 Phố Khương Trung - Khương Đình,Khương Trung,Khương Đình,,
Ngách 211/229 Phố Khương Trung - Khương Đình,Khương Trung,Khương Đình,,
Ngách 211/237 Phố Khương Trung - Khương Đình,Khương Trung,Khương Đình,,
Ngách 211/247 Phố Khương Trung - Khương Đình,Khương Trung,Khương Đình,,
Ngách 211/60 Phố Khương Trung - Khương Đình,Khương Trung,Khương Đình,,
Ngách 211/71 Phố Khương Trung - Khương Đình,Khương Trung,Khương Đình,,
Ngách 211/82 Phố Khương Trung - Khương Đình,Khương Trung,Khương Đình,,
Ngách 211/85 Phố Khương Trung - Khương Đình,Khương Trung,Khương Đình,,
Ngách 250/12 Phố Khương Trung - Khương Đình,Khương Trung,Khương Đình,,
Ngách 250/20 Phố Khương Trung - Khương Đình,Khương Trung,Khương Đình,,
Ngách 345/2 Phố Khương Trung - Khương Đình,Khương Trung,Khương Đình,,
Ngách 345/40 Phố Khương Trung - Khương Đình,Khương Trung,Khương Đình,,
Ngách 345/60 Phố Khương Trung - Khương Đình,Khương Trung,Khương Đình,,
Ngách 345/81 Phố Khương Trung - Khương Đình,Khương Trung,Khương Đình,,
Ngách 345/91 Phố Khương Trung - Khương Đình,Khương Trung,Khương Đình,,
Ngách 47/41 Phố Khương Trung - Khương Đình,Khương Trung,Khương Đình,,
Ngách 97/1 Phố Khương Trung - Khương Đình,Khương Trung,Khương Đình,,
Ngõ 102 Phố Khương Trung - Khương Đình,Khương Trung,Khương Đình,,
Ngõ 124 Phố Khương Trung - Khương Đình,Khương Trung,Khương Đình,,
Ngõ 126 Phố Khương Trung - Khương Đình,Khương Trung,Khương Đình,,
Ngõ 132 Phố Khương Trung - Khương Đình,Khương Trung,Khương Đình,,
Ngõ 162 Phố Khương Trung - Khương Đình,Khương Trung,Khương Đình,,
Ngõ 172 Phố Khương Trung - Khương Đình,Khương Trung,Khương Đình,,
Ngõ 179 Phố Khương Trung - Khương Đình,Khương Trung,Khương Đình,,
Ngõ 211 Phố Khương Trung - Khương Đình,Khương Trung,Khương Đình,,
Ngõ 211/1 Phố Khương Trung - Khương Đình,Khương Trung,Khương Đình,,
Ngõ 237 Phố Khương Trung - Khương Đình,Khương Trung,Khương Đình,,
Ngõ 250 Phố Khương Trung - Khương Đình,Khương Trung,Khương Đình,,
Ngõ 259 Phố Khương Trung - Khương Đình,Khương Trung,Khương Đình,,
Ngõ 267 Phố Khương Trung - Khương Đình,Khương Trung,Khương Đình,,
Ngõ 291 Phố Khương Trung - Khương Đình,Khương Trung,Khương Đình,,
Ngõ 315 Phố Khương Trung - Khương Đình,Khương Trung,Khương Đình,,
Ngõ 32 Phố Khương Trung - Khương Đình,Khương Trung,Khương Đình,,
Ngõ 345 Phố Khương Trung - Khương Đình,Khương Trung,Khương Đình,,
Ngõ 47 Phố Khương Trung - Khương Đình,Khương Trung,Khương Đình,,
Ngõ 54 Phố Khương Trung - Khương Đình,Khương Trung,Khương Đình,,
Ngõ 61 Phố Khương Trung - Khương Đình,Khương Trung,Khương Đình,,
Ngõ 63 Phố Khương Trung - Khương Đình,Khương Trung,Khương Đình,,
Ngõ 67 Phố Khương Trung - Khương Đình,Khương Trung,Khương Đình,,
Ngõ 72 Phố Khương Trung - Khương Đình,Khương Trung,Khương Đình,,
Ngõ 79 Phố Khương Trung - Khương Đình,Khương Trung,Khương Đình,,
Ngõ 97 Phố Khương Trung - Khương Đình,Khương Trung,Khương Đình,,
Phố Khương Trung - Khương Đình,Khương Trung,Khương Đình,,
Cầu Kim Giang - Khương Đình,Kim Giang,Khương Đình,,
Ngách 20/28 Đường Kim Giang - Khương Đình,Kim Giang,Khương Đình,,
Ngách 64/33 Đường Kim Giang - Khương Đình,Kim Giang,Khương Đình,,
Ngõ 12 Đường Kim Giang - Khương Đình,Kim Giang,Khương Đình,,
Ngõ 14 Đường Kim Giang - Khương Đình,Kim Giang,Khương Đình,,
Ngõ 20 Đường Kim Giang - Khương Đình,Kim Giang,Khương Đình,,
Ngõ 22 Đường Kim Giang - Khương Đình,Kim Giang,Khương Đình,,
Ngõ 30 Đường Kim Giang - Khương Đình,Kim Giang,Khương Đình,,
Ngõ 34 Đường Kim Giang - Khương Đình,Kim Giang,Khương Đình,,
Ngõ 4 Đường Kim Giang - Khương Đình,Kim Giang,Khương Đình,,
Ngõ 40 Đường Kim Giang - Khương Đình,Kim Giang,Khương Đình,,
Ngõ 42 Đường Kim Giang - Khương Đình,Kim Giang,Khương Đình,,
Ngõ 50 Đường Kim Giang - Khương Đình,Kim Giang,Khương Đình,,
Ngõ 52 Đường Kim Giang - Khương Đình,Kim Giang,Khương Đình,,
Ngõ 64 Đường Kim Giang - Khương Đình,Kim Giang,Khương Đình,,
Ngõ 8 Đường Kim Giang - Khương Đình,Kim Giang,Khương Đình,,
Cầu Vượt Ngã Tư Sở - Khương Đình,Ngã Tư Sở,Khương Đình,,
Đường Nguyễn Trãi - Khương Đình,Nguyễn Trãi,Khương Đình,,
Hẻm 129/2/29 Đường Nguyễn Trãi - Khương Đình,Nguyễn Trãi,Khương Đình,,
Hẻm 73/26B/3 Đường Nguyễn Trãi - Khương Đình,Nguyễn Trãi,Khương Đình,,
Hẻm 73/26B/32 Đường Nguyễn Trãi - Khương Đình,Nguyễn Trãi,Khương Đình,,
Ngách 129/2 Đường Nguyễn Trãi - Khương Đình,Nguyễn Trãi,Khương Đình,,
Ngách 133/20 Đường Nguyễn Trãi - Khương Đình,Nguyễn Trãi,Khương Đình,,
Ngách 263/18 Đường Nguyễn Trãi - Khương Đình,Nguyễn Trãi,Khương Đình,,
Ngách 73/26A Đường Nguyễn Trãi - Khương Đình,Nguyễn Trãi,Khương Đình,,
Ngách 73/26B Đường Nguyễn Trãi - Khương Đình,Nguyễn Trãi,Khương Đình,,
Ngõ 105 Đường Nguyễn Trãi - Khương Đình,Nguyễn Trãi,Khương Đình,,
Ngõ 127 Đường Nguyễn Trãi - Khương Đình,Nguyễn Trãi,Khương Đình,,
Ngõ 129 Đường Nguyễn Trãi - Khương Đình,Nguyễn Trãi,Khương Đình,,
Ngõ 133 Đường Nguyễn Trãi - Khương Đình,Nguyễn Trãi,Khương Đình,,
Ngõ 181 Đường Nguyễn Trãi - Khương Đình,Nguyễn Trãi,Khương Đình,,
Ngõ 19 Đường Nguyễn Trãi - Khương Đình,Nguyễn Trãi,Khương Đình,,
Ngõ 235 Đường Nguyễn Trãi - Khương Đình,Nguyễn Trãi,Khương Đình,,
Ngõ 263 Đường Nguyễn Trãi - Khương Đình,Nguyễn Trãi,Khương Đình,,
Ngõ 301 Đường Nguyễn Trãi - Khương Đình,Nguyễn Trãi,Khương Đình,,
Ngõ 335 Đường Nguyễn Trãi - Khương Đình,Nguyễn Trãi,Khương Đình,,
Ngõ 61 Đường Nguyễn Trãi - Khương Đình,Nguyễn Trãi,Khương Đình,,
Ngõ 73 Đường Nguyễn Trãi - Khương Đình,Nguyễn Trãi,Khương Đình,,
Ngõ 75 Đường Nguyễn Trãi - Khương Đình,Nguyễn Trãi,Khương Đình,,
Ngõ 97 Đường Nguyễn Trãi - Khương Đình,Nguyễn Trãi,Khương Đình,,
Đường Nguyễn Xiển - Khương Đình,Nguyễn Xiển,Khương Đình,,
Ngõ 111 Đường Nguyễn Xiển - Khương Đình,Nguyễn Xiển,Khương Đình,,
Ngõ 129 Đường Nguyễn Xiển - Khương Đình,Nguyễn Xiển,Khương Đình,,
Ngõ 161 Đường Nguyễn Xiển - Khương Đình,Nguyễn Xiển,Khương Đình,,
Ngõ 171 Đường Nguyễn Xiển - Khương Đình,Nguyễn Xiển,Khương Đình,,
Ngõ 307 Đường Nguyễn Xiển - Khương Đình,Nguyễn Xiển,Khương Đình,,
Ngõ 69 Đường Nguyễn Xiển - Khương Đình,Nguyễn Xiển,Khương Đình,,
Ngõ 75 Đường Nguyễn Xiển - Khương Đình,Nguyễn Xiển,Khương Đình,,
Cầu Thượng Đình - Khương Đình,Thượng Đình,Khương Đình,,
Ngõ 126 Phố Thượng Đình - Khương Đình,Thượng Đình,Khương Đình,,
Ngõ 144 Thượng Đình - Khương Đình,Thượng Đình,Khương Đình,,
Ngõ 17 Phố Thượng Đình - Khương Đình,Thượng Đình,Khương Đình,,
Ngõ 244 Phố Thượng Đình - Khương Đình,Thượng Đình,Khương Đình,,
Ngõ 244 Thượng Đình - Khương Đình,Thượng Đình,Khương Đình,,
Ngõ 44 Phố Thượng Đình - Khương Đình,Thượng Đình,Khương Đình,,
Phố Thượng Đình - Khương Đình,Thượng Đình,Khương Đình,,
Hẻm 86/16/17 Phố Tô Vĩnh Diện - Khương Đình,Tô Vĩnh Diện,Khương Đình,,
Hẻm 86/16/2 Phố Tô Vĩnh Diện - Khương Đình,Tô Vĩnh Diện,Khương Đình,,
Hẻm 86/16/23 Phố Tô Vĩnh Diện - Khương Đình,Tô Vĩnh Diện,Khương Đình,,
Hẻm 86/16/4 Phố Tô Vĩnh Diện - Khương Đình,Tô Vĩnh Diện,Khương Đình,,
Hẻm 86/16/8 Phố Tô Vĩnh Diện - Khương Đình,Tô Vĩnh Diện,Khương Đình,,
Ngách 40/28 Phố Tô Vĩnh Diện - Khương Đình,Tô Vĩnh Diện,Khương Đình,,
Ngách 40/30 Phố Tô Vĩnh Diện - Khương Đình,Tô Vĩnh Diện,Khương Đình,,
Ngách 40/31 Phố Tô Vĩnh Diện - Khương Đình,Tô Vĩnh Diện,Khương Đình,,
Ngách 40/41 Phố Tô Vĩnh Diện - Khương Đình,Tô Vĩnh Diện,Khương Đình,,
Ngách 86/16 Phố Tô Vĩnh Diện - Khương Đình,Tô Vĩnh Diện,Khương Đình,,
Ngõ 102 Phố Tô Vĩnh Diện - Khương Đình,Tô Vĩnh Diện,Khương Đình,,
Ngõ 34 Phố Tô Vĩnh Diện - Khương Đình,Tô Vĩnh Diện,Khương Đình,,
Ngõ 40 Phố Tô Vĩnh Diện - Khương Đình,Tô Vĩnh Diện,Khương Đình,,
Ngõ 43 Phố Tô Vĩnh Diện - Khương Đình,Tô Vĩnh Diện,Khương Đình,,
Ngõ 48 Phố Tô Vĩnh Diện - Khương Đình,Tô Vĩnh Diện,Khương Đình,,
Ngõ 86 Phố Tô Vĩnh Diện - Khương Đình,Tô Vĩnh Diện,Khương Đình,,
Ngõ 88 Phố Tô Vĩnh Diện - Khương Đình,Tô Vĩnh Diện,Khương Đình,,
Ngõ 92 Đường Tô Vĩnh Diện - Khương Đình,Tô Vĩnh Diện,Khương Đình,,
Ngõ 93 Phố Tô Vĩnh Diện - Khương Đình,Tô Vĩnh Diện,Khương Đình,,
Phố Tô Vĩnh Diện - Khương Đình,Tô Vĩnh Diện,Khương Đình,,
Đường Trường Chinh - Khương Đình,Trường Chinh,Khương Đình,"Đường Trường Chinh là một phần thuộc đường Vành đai 2, kết nối từ cầu Vĩnh Tuy tới cầu Nhật Tân. Trước đây phố là một phần ranh giới giữa huyện Thọ Xương và huyện Thanh Trì.",
Ngõ 361 Trường Chinh - Khương Đình,Trường Chinh,Khương Đình,,
Ngõ 369 Đường Trường Chinh - Khương Đình,Trường Chinh,Khương Đình,,
Hẻm 387/91/15 Phố Vũ Tông Phan - Khương Đình,Vũ Tông Phan,Khương Đình,,
Ngách 509/106 Phố Vũ Tông Phan - Khương Đình,Vũ Tông Phan,Khương Đình,,
Ngách 509/107 Phố Vũ Tông Phan - Khương Đình,Vũ Tông Phan,Khương Đình,,
Ngách 509/112 Phố Vũ Tông Phan - Khương Đình,Vũ Tông Phan,Khương Đình,,
Ngách 509/122 Phố Vũ Tông Phan - Khương Đình,Vũ Tông Phan,Khương Đình,,
Ngách 509/68 Phố Vũ Tông Phan - Khương Đình,Vũ Tông Phan,Khương Đình,,
Ngách 509/78 Phố Vũ Tông Phan - Khương Đình,Vũ Tông Phan,Khương Đình,,
Ngách 545/2 Phố Vũ Tông Phan - Khương Đình,Vũ Tông Phan,Khương Đình,,
Ngách 583/1 Phố Vũ Tông Phan - Khương Đình,Vũ Tông Phan,Khương Đình,,
Ngõ 111 Phố Vũ Tông Phan - Khương Đình,Vũ Tông Phan,Khương Đình,,
Ngõ 147 Vũ Tông Phan - Khương Đình,Vũ Tông Phan,Khương Đình,,
Ngõ 231 Vũ Tông Phan - Khương Đình,Vũ Tông Phan,Khương Đình,,
Ngõ 241 Vũ Tông Phan - Khương Đình,Vũ Tông Phan,Khương Đình,,
Ngõ 277 Phố Vũ Tông Phan - Khương Đình,Vũ Tông Phan,Khương Đình,,
Ngõ 295 Phố Vũ Tông Phan - Khương Đình,Vũ Tông Phan,Khương Đình,,
Ngõ 307 Phố Vũ Tông Phan - Khương Đình,Vũ Tông Phan,Khương Đình,,
Ngõ 327 Phố Vũ Tông Phan - Khương Đình,Vũ Tông Phan,Khương Đình,,
Ngõ 361 Phố Vũ Tông Phan - Khương Đình,Vũ Tông Phan,Khương Đình,,
Ngõ 371 Phố Vũ Tông Phan - Khương Đình,Vũ Tông Phan,Khương Đình,,
Ngõ 387 Phố Vũ Tông Phan - Khương Đình,Vũ Tông Phan,Khương Đình,,
Ngõ 481 Phố Vũ Tông Phan - Khương Đình,Vũ Tông Phan,Khương Đình,,
Ngõ 481 Vũ Tông Phan - Khương Đình,Vũ Tông Phan,Khương Đình,,
Ngõ 509 Phố Vũ Tông Phan - Khương Đình,Vũ Tông Phan,Khương Đình,,
Ngõ 521 Phố Vũ Tông Phan - Khương Đình,Vũ Tông Phan,Khương Đình,,
Ngõ 545 Phố Vũ Tông Phan - Khương Đình,Vũ Tông Phan,Khương Đình,,
Ngõ 583 Phố Vũ Tông Phan - Khương Đình,Vũ Tông Phan,Khương Đình,,
Ngõ 583 Vũ Tông Phan - Khương Đình,Vũ Tông Phan,Khương Đình,,
Ngõ 609 Phố Vũ Tông Phan - Khương Đình,Vũ Tông Phan,Khương Đình,,
Ngõ 619 Phố Vũ Tông Phan - Khương Đình,Vũ Tông Phan,Khương Đình,,
Ngõ 645 Phố Vũ Tông Phan - Khương Đình,Vũ Tông Phan,Khương Đình,,
Ngõ 665 Phố Vũ Tông Phan - Khương Đình,Vũ Tông Phan,Khương Đình,,
Ngõ 695 Phố Vũ Tông Phan - Khương Đình,Vũ Tông Phan,Khương Đình,,
Ngõ 93 Phố Vũ Tông Phan - Khương Đình,Vũ Tông Phan,Khương Đình,,
Phố Vũ Tông Phan - Khương Đình,Vũ Tông Phan,Khương Đình,,
Ngách 164/36 Phố Vương Thừa Vũ - Khương Đình,Vương Thừa Vũ,Khương Đình,,
Ngách 164/41 Phố Vương Thừa Vũ - Khương Đình,Vương Thừa Vũ,Khương Đình,,
Ngách 164/54 Phố Vương Thừa Vũ - Khương Đình,Vương Thừa Vũ,Khương Đình,,
Ngách 164/62 Phố Vương Thừa Vũ - Khương Đình,Vương Thừa Vũ,Khương Đình,,
Ngách 164/85 Phố Vương Thừa Vũ - Khương Đình,Vương Thừa Vũ,Khương Đình,,
Ngõ 146 Phố Vương Thừa Vũ - Khương Đình,Vương Thừa Vũ,Khương Đình,,
Ngõ 164 Phố Vương Thừa Vũ - Khương Đình,Vương Thừa Vũ,Khương Đình,,
Ngõ 168 Phố Vương Thừa Vũ - Khương Đình,Vương Thừa Vũ,Khương Đình,,
Ngõ 168 Vương Thừa Vũ - Khương Đình,Vương Thừa Vũ,Khương Đình,,
Ngõ 186 Phố Vương Thừa Vũ - Khương Đình,Vương Thừa Vũ,Khương Đình,,
Ngõ 188 Phố Vương Thừa Vũ - Khương Đình,Vương Thừa Vũ,Khương Đình,,
"Hẻm 358/25/86 Phố Bùi Xương Trạch - Khương Đình, Định Công",Bùi Xương Trạch,"Khương Đình, Định Công",,TRUE
"Ngách 271/12 Phố Bùi Xương Trạch - Khương Đình, Định Công",Bùi Xương Trạch,"Khương Đình, Định Công",,TRUE
"Ngách 271/14 Phố Bùi Xương Trạch - Khương Đình, Định Công",Bùi Xương Trạch,"Khương Đình, Định Công",,TRUE
"Ngách 271/92 Phố Bùi Xương Trạch - Khương Đình, Định Công",Bùi Xương Trạch,"Khương Đình, Định Công",,TRUE
"Ngách 358/25 Phố Bùi Xương Trạch - Khương Đình, Định Công",Bùi Xương Trạch,"Khương Đình, Định Công",,TRUE
"Ngõ 271 Phố Bùi Xương Trạch - Khương Đình, Định Công",Bùi Xương Trạch,"Khương Đình, Định Công",,TRUE
"Ngõ 295 Phố Bùi Xương Trạch - Khương Đình, Định Công",Bùi Xương Trạch,"Khương Đình, Định Công",,TRUE
"Phố Bùi Xương Trạch - Khương Đình, Định Công",Bùi Xương Trạch,"Khương Đình, Định Công",,TRUE
"Ngõ 45 Phố Định Công Thượng - Khương Đình, Định Công",Định Công Thượng,"Khương Đình, Định Công",,
"Đường Kim Giang - Khương Đình, Định Công",Kim Giang,"Khương Đình, Định Công",,
"Ngõ 66 Đường Kim Giang - Khương Đình, Định Công",Kim Giang,"Khương Đình, Định Công",,
"Ngách 192/248 Phố Lê Trọng Tấn - Khương Đình, Định Công",Lê Trọng Tấn,"Khương Đình, Định Công",,
"Đường Nguyễn Xiển - Khương Đình, Định Công",Nguyễn Xiển,"Khương Đình, Định Công",,
"Đường Phạm Tu - Khương Đình, Định Công",Phạm Tu,"Khương Đình, Định Công",,TRUE
"Phố Vũ Tông Phan - Khương Đình, Định Công",Vũ Tông Phan,"Khương Đình, Định Công",,
"Đường Trường Chinh - Khương Đình, Đống Đa",Trường Chinh,"Khương Đình, Đống Đa","Đường Trường Chinh là một phần thuộc đường Vành đai 2, kết nối từ cầu Vĩnh Tuy tới cầu Nhật Tân. Trước đây phố là một phần ranh giới giữa huyện Thọ Xương và huyện Thanh Trì.",
"Cầu Vượt Ngã Tư Sở - Khương Đình, Kim Liên",Ngã Tư Sở,"Khương Đình, Kim Liên",,
"Phố Hoàng Văn Thái - Khương Đình, Phương Liệt",Hoàng Văn Thái,"Khương Đình, Phương Liệt",,
"Ngách 211/249 Phố Khương Trung - Khương Đình, Phương Liệt",Khương Trung,"Khương Đình, Phương Liệt",,
"Ngõ 211 Phố Khương Trung - Khương Đình, Phương Liệt",Khương Trung,"Khương Đình, Phương Liệt",,
"Phố Tô Vĩnh Diện - Khương Đình, Phương Liệt",Tô Vĩnh Diện,"Khương Đình, Phương Liệt",,
"Đường Tôn Thất Tùng mở rộng - Khương Đình, Phương Liệt",Tôn Thất Tùng,"Khương Đình, Phương Liệt",,
"Đường Trường Chinh - Khương Đình, Phương Liệt",Trường Chinh,"Khương Đình, Phương Liệt","Đường Trường Chinh là một phần thuộc đường Vành đai 2, kết nối từ cầu Vĩnh Tuy tới cầu Nhật Tân. Trước đây phố là một phần ranh giới giữa huyện Thọ Xương và huyện Thanh Trì.",
"Ngõ 108 Phố Vương Thừa Vũ - Khương Đình, Phương Liệt",Vương Thừa Vũ,"Khương Đình, Phương Liệt",,
"Ngõ 146 Phố Vương Thừa Vũ - Khương Đình, Phương Liệt",Vương Thừa Vũ,"Khương Đình, Phương Liệt",,
"Ngõ 199 Vương Thừa Vũ - Khương Đình, Phương Liệt",Vương Thừa Vũ,"Khương Đình, Phương Liệt",,
"Ngõ 2 Phố Vương Thừa Vũ - Khương Đình, Phương Liệt",Vương Thừa Vũ,"Khương Đình, Phương Liệt",,
"Ngõ 26 Vương Thừa Vũ - Khương Đình, Phương Liệt",Vương Thừa Vũ,"Khương Đình, Phương Liệt",,
"Ngõ 66 Phố Vương Thừa Vũ - Khương Đình, Phương Liệt",Vương Thừa Vũ,"Khương Đình, Phương Liệt",,
"Ngõ 98 Phố Vương Thừa Vũ - Khương Đình, Phương Liệt",Vương Thừa Vũ,"Khương Đình, Phương Liệt",,
"Phố Vương Thừa Vũ - Khương Đình, Phương Liệt",Vương Thừa Vũ,"Khương Đình, Phương Liệt",,
"Đường Nguyễn Trãi - Khương Đình, Thanh Liệt",Nguyễn Trãi,"Khương Đình, Thanh Liệt",,
"Đường Khuất Duy Tiến - Khương Đình, Thanh Xuân",Khuất Duy Tiến,"Khương Đình, Thanh Xuân",,
Ngách 1/16 Phố Ba La - Kiến Hưng,Ba La,Kiến Hưng,,
Ngõ 1 Phố Ba La - Kiến Hưng,Ba La,Kiến Hưng,,
Ngõ 15 Phố Ba La - Kiến Hưng,Ba La,Kiến Hưng,,
Ngõ 42 Phố Ba La - Kiến Hưng,Ba La,Kiến Hưng,,
Ngõ 89 Phố Ba La - Kiến Hưng,Ba La,Kiến Hưng,,
Ngõ 111 Đường Cầu Bươu - Kiến Hưng,Cầu Bươu,Kiến Hưng,,
Ngõ 90 Đường Cầu Bươu - Kiến Hưng,Cầu Bươu,Kiến Hưng,,
Ngõ 91 Đường Cầu Bươu - Kiến Hưng,Cầu Bươu,Kiến Hưng,,
Ngõ 67 Phố Cửa Quán - Kiến Hưng,Cửa Quán,Kiến Hưng,,
Ngõ 71 Phố Cửa Quán - Kiến Hưng,Cửa Quán,Kiến Hưng,,
Ngõ 75 Phố Cửa Quán - Kiến Hưng,Cửa Quán,Kiến Hưng,,
Phố Cửa Quán - Kiến Hưng,Cửa Quán,Kiến Hưng,,
Ngách 29 Ngõ Ga Hà Đông - Kiến Hưng,Ga Hà Đông,Kiến Hưng,,
Ngõ Ga Hà Đông - Kiến Hưng,Ga Hà Đông,Kiến Hưng,,
Phố Hà Trì - Kiến Hưng,Hà Trì,Kiến Hưng,,
Phố Hà Trì 4 - Kiến Hưng,Hà Trì,Kiến Hưng,,
Phố Hoàng Công - Kiến Hưng,Hoàng Công,Kiến Hưng,,
Đường Hoàng Trình Thanh - Kiến Hưng,Hoàng Trình Thanh,Kiến Hưng,,TRUE
Phố Kiến Hưng - Kiến Hưng,Kiến Hưng,Kiến Hưng,,
Phố Lý Thường Kiệt - Kiến Hưng,Lý Thường Kiệt,Kiến Hưng,,
Đường LK10 - LK11 Khu Đấu Giá Mậu Lương - Kiến Hưng,Mậu Lương,Kiến Hưng,,
Đường LK13 Khu Đấu Giá Mậu Lương - Kiến Hưng,Mậu Lương,Kiến Hưng,,
Đường LK2 Khu Đấu Giá Mậu Lương - Kiến Hưng,Mậu Lương,Kiến Hưng,,
Đường LK9 - LK10 Khu Đấu Giá Mậu Lương - Kiến Hưng,Mậu Lương,Kiến Hưng,,
Đường LK9 Khu Đấu Giá Mậu Lương - Kiến Hưng,Mậu Lương,Kiến Hưng,,
Ngõ 65 Phố Mậu Lương - Kiến Hưng,Mậu Lương,Kiến Hưng,,
Ngõ 74 Phố Mậu Lương - Kiến Hưng,Mậu Lương,Kiến Hưng,,
Ngõ 75 Phố Mậu Lương - Kiến Hưng,Mậu Lương,Kiến Hưng,,
Ngõ 83 Phố Mậu Lương - Kiến Hưng,Mậu Lương,Kiến Hưng,,
Ngõ 84 Phố Mậu Lương - Kiến Hưng,Mậu Lương,Kiến Hưng,,
Phố Mậu Lương - Kiến Hưng,Mậu Lương,Kiến Hưng,,
Tổ 9 Mậu Lương - Kiến Hưng,Mậu Lương,Kiến Hưng,,
Phố Phú La - Kiến Hưng,Phú La,Kiến Hưng,,
Phố Phúc La - Kiến Hưng,Phúc La,Kiến Hưng,,
Đường Quang Trung - Kiến Hưng,Quang Trung,Kiến Hưng,,
Ngách 793/2 Đường Quang Trung - Kiến Hưng,Quang Trung,Kiến Hưng,,
Ngách 795/6 Đường Quang Trung - Kiến Hưng,Quang Trung,Kiến Hưng,,
Ngõ 793 Đường Quang Trung - Kiến Hưng,Quang Trung,Kiến Hưng,,
Ngõ 795 Đường Quang Trung - Kiến Hưng,Quang Trung,Kiến Hưng,,
Ngõ 827 Đường Quang Trung - Kiến Hưng,Quang Trung,Kiến Hưng,,
Ngõ 843 Đường Quang Trung - Kiến Hưng,Quang Trung,Kiến Hưng,,
Phố Tống Tất Thắng - Kiến Hưng,Tống Tất Thắng,Kiến Hưng,,
Phố Văn Khê - Kiến Hưng,Văn Khê,Kiến Hưng,,
Ngách 1/25 Phố Văn La - Kiến Hưng,Văn La,Kiến Hưng,,
Ngách 1/27 Phố Văn La - Kiến Hưng,Văn La,Kiến Hưng,,
Ngách 1/28 Phố Văn La - Kiến Hưng,Văn La,Kiến Hưng,,
Ngách 1/32 Phố Văn La - Kiến Hưng,Văn La,Kiến Hưng,,
Ngách 102/5 Phố Văn La - Kiến Hưng,Văn La,Kiến Hưng,,
Ngõ 1 Phố Văn La - Kiến Hưng,Văn La,Kiến Hưng,,
Ngõ 102 Phố Văn La - Kiến Hưng,Văn La,Kiến Hưng,,
Ngõ 11 Phố Văn La - Kiến Hưng,Văn La,Kiến Hưng,,
Ngõ 13 Phố Văn La - Kiến Hưng,Văn La,Kiến Hưng,,
Ngõ 22 Phố Văn La - Kiến Hưng,Văn La,Kiến Hưng,,
Ngõ 30 Phố Văn La - Kiến Hưng,Văn La,Kiến Hưng,,
Ngõ 4 Phố Văn La - Kiến Hưng,Văn La,Kiến Hưng,,
Ngõ 5 Phố Văn La - Kiến Hưng,Văn La,Kiến Hưng,,
Ngõ 56 Phố Văn La - Kiến Hưng,Văn La,Kiến Hưng,,
Ngõ 86 Phố Văn La - Kiến Hưng,Văn La,Kiến Hưng,,
Phố Văn La - Kiến Hưng,Văn La,Kiến Hưng,,
Ngách 31/2 Phố Văn Phú - Kiến Hưng,Văn Phú,Kiến Hưng,,
Ngách 34/1 Phố Văn Phú - Kiến Hưng,Văn Phú,Kiến Hưng,,
Ngách 34/7 Phố Văn Phú - Kiến Hưng,Văn Phú,Kiến Hưng,,
Ngách 38/53 Phố Văn Phú - Kiến Hưng,Văn Phú,Kiến Hưng,,
Ngách 55/9 Phố Văn Phú - Kiến Hưng,Văn Phú,Kiến Hưng,,
Ngách 62/14 Phố Văn Phú - Kiến Hưng,Văn Phú,Kiến Hưng,,
Ngách 62/15 Phố Văn Phú - Kiến Hưng,Văn Phú,Kiến Hưng,,
Ngách 62/24 Phố Văn Phú - Kiến Hưng,Văn Phú,Kiến Hưng,,
Ngách 62/38 Phố Văn Phú - Kiến Hưng,Văn Phú,Kiến Hưng,,
Ngách 62/5 Phố Văn Phú - Kiến Hưng,Văn Phú,Kiến Hưng,,
Ngõ 12 Phố Văn Phú - Kiến Hưng,Văn Phú,Kiến Hưng,,
Ngõ 15 Văn Phú - Kiến Hưng,Văn Phú,Kiến Hưng,,
Ngõ 16 Phố Văn Phú - Kiến Hưng,Văn Phú,Kiến Hưng,,
Ngõ 17 Phố Văn Phú - Kiến Hưng,Văn Phú,Kiến Hưng,,
Ngõ 24 Phố Văn Phú - Kiến Hưng,Văn Phú,Kiến Hưng,,
Ngõ 29 Phố Văn Phú - Kiến Hưng,Văn Phú,Kiến Hưng,,
Ngõ 30 Phố Văn Phú - Kiến Hưng,Văn Phú,Kiến Hưng,,
Ngõ 31 Phố Văn Phú - Kiến Hưng,Văn Phú,Kiến Hưng,,
Ngõ 34 Phố Văn Phú - Kiến Hưng,Văn Phú,Kiến Hưng,,
Ngõ 36 Phố Văn Phú - Kiến Hưng,Văn Phú,Kiến Hưng,,
Ngõ 38 Phố Văn Phú - Kiến Hưng,Văn Phú,Kiến Hưng,,
Ngõ 43 Phố Văn Phú - Kiến Hưng,Văn Phú,Kiến Hưng,,
Ngõ 55 Phố Văn Phú - Kiến Hưng,Văn Phú,Kiến Hưng,,
Ngõ 62 Phố Văn Phú - Kiến Hưng,Văn Phú,Kiến Hưng,,
Ngõ 7 Văn Phú - Kiến Hưng,Văn Phú,Kiến Hưng,,
Ngõ 74 Phố Văn Phú - Kiến Hưng,Văn Phú,Kiến Hưng,,
Ngõ 8 Phố Văn Phú - Kiến Hưng,Văn Phú,Kiến Hưng,,
Ngõ 86 Phố Văn Phú - Kiến Hưng,Văn Phú,Kiến Hưng,,
Phố Văn Phú - Kiến Hưng,Văn Phú,Kiến Hưng,,
Phố Văn Phúc - Kiến Hưng,Văn Phúc,Kiến Hưng,,
"Phố Ba La - Kiến Hưng, Phú Lương",Ba La,"Kiến Hưng, Phú Lương",,
"Đường Cầu Bươu - Kiến Hưng, Thanh Liệt",Cầu Bươu,"Kiến Hưng, Thanh Liệt",,
"Ngõ 111 Đường Cầu Bươu - Kiến Hưng, Thanh Liệt",Cầu Bươu,"Kiến Hưng, Thanh Liệt",,
"Ngõ 112 Đường Cầu Bươu - Kiến Hưng, Thanh Liệt",Cầu Bươu,"Kiến Hưng, Thanh Liệt",,
"Ngõ 90 Đường Cầu Bươu - Kiến Hưng, Thanh Liệt",Cầu Bươu,"Kiến Hưng, Thanh Liệt",,
"Ngõ 91 Đường Cầu Bươu - Kiến Hưng, Thanh Liệt",Cầu Bươu,"Kiến Hưng, Thanh Liệt",,
"Ngõ 97 Đường Cầu Bươu - Kiến Hưng, Thanh Liệt",Cầu Bươu,"Kiến Hưng, Thanh Liệt",,
Ngách 12/2 Phố Chùa Bộc - Kim Liên,Chùa Bộc,Kim Liên,,
Ngách 165/4 Phố Chùa Bộc - Kim Liên,Chùa Bộc,Kim Liên,,
Ngách 231/32 Phố Chùa Bộc - Kim Liên,Chùa Bộc,Kim Liên,,
Ngách 231/40 Phố Chùa Bộc - Kim Liên,Chùa Bộc,Kim Liên,,
Ngách 4/165 Phố Chùa Bộc - Kim Liên,Chùa Bộc,Kim Liên,,
Ngách 95/8 Phố Chùa Bộc - Kim Liên,Chùa Bộc,Kim Liên,,
Ngõ 12 Phố Chùa Bộc - Kim Liên,Chùa Bộc,Kim Liên,,
Ngõ 165 Phố Chùa Bộc - Kim Liên,Chùa Bộc,Kim Liên,,
Ngõ 20 Phố Chùa Bộc - Kim Liên,Chùa Bộc,Kim Liên,,
Ngõ 203 Phố Chùa Bộc - Kim Liên,Chùa Bộc,Kim Liên,,
Ngõ 231 Phố Chùa Bộc - Kim Liên,Chùa Bộc,Kim Liên,,
Ngõ 249 Phố Chùa Bộc - Kim Liên,Chùa Bộc,Kim Liên,,
Ngõ 257 Phố Chùa Bộc - Kim Liên,Chùa Bộc,Kim Liên,,
Ngõ 43 Phố Chùa Bộc - Kim Liên,Chùa Bộc,Kim Liên,,
Ngõ 45 Phố Chùa Bộc - Kim Liên,Chùa Bộc,Kim Liên,,
Ngõ 56 Phố Chùa Bộc - Kim Liên,Chùa Bộc,Kim Liên,,
Ngõ 59 Phố Chùa Bộc - Kim Liên,Chùa Bộc,Kim Liên,,
Ngõ 60 Phố Chùa Bộc - Kim Liên,Chùa Bộc,Kim Liên,,
Ngõ 95 Phố Chùa Bộc - Kim Liên,Chùa Bộc,Kim Liên,,
Phố Chùa Bộc - Kim Liên,Chùa Bộc,Kim Liên,,
Ngách 2/4D Phố Đặng Văn Ngữ - Kim Liên,Đặng Văn Ngữ,Kim Liên,,
Ngách 4A/2 Phố Đặng Văn Ngữ - Kim Liên,Đặng Văn Ngữ,Kim Liên,,
Ngõ 29 Phố Đặng Văn Ngữ - Kim Liên,Đặng Văn Ngữ,Kim Liên,,
Ngõ 4 Phố Đặng Văn Ngữ - Kim Liên,Đặng Văn Ngữ,Kim Liên,,
Ngõ 47 Phố Đặng Văn Ngữ - Kim Liên,Đặng Văn Ngữ,Kim Liên,,
Ngõ 4A Phố Đặng Văn Ngữ - Kim Liên,Đặng Văn Ngữ,Kim Liên,,
Ngõ 4B Phố Đặng Văn Ngữ - Kim Liên,Đặng Văn Ngữ,Kim Liên,,
Ngõ 4C Phố Đặng Văn Ngữ - Kim Liên,Đặng Văn Ngữ,Kim Liên,,
Ngõ 4D Phố Đặng Văn Ngữ - Kim Liên,Đặng Văn Ngữ,Kim Liên,,
Ngõ 6 Phố Đặng Văn Ngữ - Kim Liên,Đặng Văn Ngữ,Kim Liên,,
Ngõ 62 Phố Đặng Văn Ngữ - Kim Liên,Đặng Văn Ngữ,Kim Liên,,
Ngõ 75 Phố Đặng Văn Ngữ - Kim Liên,Đặng Văn Ngữ,Kim Liên,,
Ngõ 81 Phố Đặng Văn Ngữ - Kim Liên,Đặng Văn Ngữ,Kim Liên,,
Phố Đặng Văn Ngữ - Kim Liên,Đặng Văn Ngữ,Kim Liên,,
Phố Đào Duy Anh - Kim Liên,Đào Duy Anh,Kim Liên,,
Ngách 41/36 Phố Đông Tác - Kim Liên,Đông Tác,Kim Liên,,
Ngách 41/53 Phố Đông Tác - Kim Liên,Đông Tác,Kim Liên,,
Ngách 41/66 Phố Đông Tác - Kim Liên,Đông Tác,Kim Liên,,
Ngõ 19 Phố Đông Tác - Kim Liên,Đông Tác,Kim Liên,,
Ngõ 26 Phố Đông Tác - Kim Liên,Đông Tác,Kim Liên,,
Ngõ 39 Phố Đông Tác - Kim Liên,Đông Tác,Kim Liên,,
Ngõ 41 Phố Đông Tác - Kim Liên,Đông Tác,Kim Liên,,
Ngõ 43 Phố Đông Tác - Kim Liên,Đông Tác,Kim Liên,,
Phố Đông Tác - Kim Liên,Đông Tác,Kim Liên,,
Đường Giải Phóng - Kim Liên,Giải Phóng,Kim Liên,,
Ngách 78/10 Đường Giải Phóng - Kim Liên,Giải Phóng,Kim Liên,,
Ngõ 10 Đường Giải Phóng - Kim Liên,Giải Phóng,Kim Liên,,
Ngõ 24 Đường Giải Phóng - Kim Liên,Giải Phóng,Kim Liên,,
Ngõ 78 Đường Giải Phóng - Kim Liên,Giải Phóng,Kim Liên,,
Ngách 48/119 Phố Hồ Đắc Di - Kim Liên,Hồ Đắc Di,Kim Liên,,
Ngõ 119 Phố Hồ Đắc Di - Kim Liên,Hồ Đắc Di,Kim Liên,,
Ngõ Hồ Hố Mẻ - Kim Liên,Hồ Hố Mẻ,Kim Liên,,
Ngõ 5 Phố Hoàng Tích Trí - Kim Liên,Hoàng Tích Trí,Kim Liên,,
Phố Hoàng Tích Trí - Kim Liên,Hoàng Tích Trí,Kim Liên,,
Ngách 123/2 Phố Khương Thượng - Kim Liên,Khương Thượng,Kim Liên,,
Ngách 139/18 Phố Khương Thượng - Kim Liên,Khương Thượng,Kim Liên,,
Ngách 191/35 Phố Khương Thượng - Kim Liên,Khương Thượng,Kim Liên,,
Ngõ 123 Phố Khương Thượng - Kim Liên,Khương Thượng,Kim Liên,,
Ngõ 191 Phố Khương Thượng - Kim Liên,Khương Thượng,Kim Liên,,
Ngõ 199 Phố Khương Thượng - Kim Liên,Khương Thượng,Kim Liên,,
Phố Khương Thượng - Kim Liên,Khương Thượng,Kim Liên,,
Ngách 14/9 Phố Lương Định Của - Kim Liên,Lương Định Của,Kim Liên,,
Ngách 9/39 Phố Lương Định Của - Kim Liên,Lương Định Của,Kim Liên,,
Ngách 9/66 Phố Lương Định Của - Kim Liên,Lương Định Của,Kim Liên,,
Ngõ 11 Phố Lương Định Của - Kim Liên,Lương Định Của,Kim Liên,,
Ngõ 27 Phố Lương Định Của - Kim Liên,Lương Định Của,Kim Liên,,
Ngõ 28 Phố Lương Định Của - Kim Liên,Lương Định Của,Kim Liên,,
Ngõ 28A Phố Lương Định Của - Kim Liên,Lương Định Của,Kim Liên,,
Ngõ 28B Phố Lương Định Của - Kim Liên,Lương Định Của,Kim Liên,,
Ngõ 28C Phố Lương Định Của - Kim Liên,Lương Định Của,Kim Liên,,
Ngõ 28D Phố Lương Định Của - Kim Liên,Lương Định Của,Kim Liên,,
Ngõ 30 Phố Lương Định Của - Kim Liên,Lương Định Của,Kim Liên,,
Ngõ 31 Phố Lương Định Của - Kim Liên,Lương Định Của,Kim Liên,,
Ngõ 32 Phố Lương Định Của - Kim Liên,Lương Định Của,Kim Liên,,
Ngõ 36 Phố Lương Định Của - Kim Liên,Lương Định Của,Kim Liên,,
Ngõ 6 Phố Lương Định Của - Kim Liên,Lương Định Của,Kim Liên,,
Ngõ 65 Phố Lương Định Của - Kim Liên,Lương Định Của,Kim Liên,,
Ngõ 8 Phố Lương Định Của - Kim Liên,Lương Định Của,Kim Liên,,
Ngõ 89 Phố Lương Định Của - Kim Liên,Lương Định Của,Kim Liên,,
Ngõ 9 Phố Lương Định Của - Kim Liên,Lương Định Của,Kim Liên,,
Phố Lương Định Của - Kim Liên,Lương Định Của,Kim Liên,,
Cầu Vượt Ngã Tư Sở - Kim Liên,Ngã Tư Sở,Kim Liên,,
Ngõ 40 Phố Nguyễn Ngọc Doãn - Kim Liên,Nguyễn Ngọc Doãn,Kim Liên,,
Ngõ 52 Phố Nguyễn Ngọc Doãn - Kim Liên,Nguyễn Ngọc Doãn,Kim Liên,,
Ngõ 65 Phố Nguyễn Ngọc Doãn - Kim Liên,Nguyễn Ngọc Doãn,Kim Liên,,
Phố Nguyễn Ngọc Doãn - Kim Liên,Nguyễn Ngọc Doãn,Kim Liên,,
Ngách 46/1 Phố Phạm Ngọc Thạch - Kim Liên,Phạm Ngọc Thạch,Kim Liên,,
Ngách 46/28 Phố Phạm Ngọc Thạch - Kim Liên,Phạm Ngọc Thạch,Kim Liên,,
Ngách 97/63 Phố Phạm Ngọc Thạch - Kim Liên,Phạm Ngọc Thạch,Kim Liên,,
Ngõ 101 Phố Phạm Ngọc Thạch - Kim Liên,Phạm Ngọc Thạch,Kim Liên,,
Ngõ 103 Phố Phạm Ngọc Thạch - Kim Liên,Phạm Ngọc Thạch,Kim Liên,,
Ngõ 21 Phố Phạm Ngọc Thạch - Kim Liên,Phạm Ngọc Thạch,Kim Liên,,
Ngõ 43 Phố Phạm Ngọc Thạch - Kim Liên,Phạm Ngọc Thạch,Kim Liên,,
Ngõ 46 Phố Phạm Ngọc Thạch - Kim Liên,Phạm Ngọc Thạch,Kim Liên,,
Ngõ 46A Phố Phạm Ngọc Thạch - Kim Liên,Phạm Ngọc Thạch,Kim Liên,,
Ngõ 46B Phố Phạm Ngọc Thạch - Kim Liên,Phạm Ngọc Thạch,Kim Liên,,
Ngõ 46C Phố Phạm Ngọc Thạch - Kim Liên,Phạm Ngọc Thạch,Kim Liên,,
Ngõ 46D Phố Phạm Ngọc Thạch - Kim Liên,Phạm Ngọc Thạch,Kim Liên,,
Ngõ 6 Phố Phạm Ngọc Thạch - Kim Liên,Phạm Ngọc Thạch,Kim Liên,,
Ngõ 65 Phố Phạm Ngọc Thạch - Kim Liên,Phạm Ngọc Thạch,Kim Liên,,
Ngõ 97 Phố Phạm Ngọc Thạch - Kim Liên,Phạm Ngọc Thạch,Kim Liên,,
Ngõ B6 Phố Phạm Ngọc Thạch - Kim Liên,Phạm Ngọc Thạch,Kim Liên,,
Phố Phạm Ngọc Thạch - Kim Liên,Phạm Ngọc Thạch,Kim Liên,,
Ngách 135/10 Phố Phương Mai - Kim Liên,Phương Mai,Kim Liên,,
Ngách 167/17 Phố Phương Mai - Kim Liên,Phương Mai,Kim Liên,,
Ngách 167/19 Phố Phương Mai - Kim Liên,Phương Mai,Kim Liên,,
Ngách 167/31 Phố Phương Mai - Kim Liên,Phương Mai,Kim Liên,,
Ngách 167/33 Phố Phương Mai - Kim Liên,Phương Mai,Kim Liên,,
Ngách 167/35 Phố Phương Mai - Kim Liên,Phương Mai,Kim Liên,,
Ngõ 15 Phố Phương Mai - Kim Liên,Phương Mai,Kim Liên,,
Ngõ 167 Phố Phương Mai - Kim Liên,Phương Mai,Kim Liên,,
Ngõ 180 Phố Phương Mai - Kim Liên,Phương Mai,Kim Liên,,
Ngõ 2 Phố Phương Mai - Kim Liên,Phương Mai,Kim Liên,,
Ngõ 281 Phố Phương Mai - Kim Liên,Phương Mai,Kim Liên,,
Ngõ 34 Phố Phương Mai - Kim Liên,Phương Mai,Kim Liên,,
Ngõ 38 Phố Phương Mai - Kim Liên,Phương Mai,Kim Liên,,
Ngõ 4 Phố Phương Mai - Kim Liên,Phương Mai,Kim Liên,,
Ngõ 46 Phố Phương Mai - Kim Liên,Phương Mai,Kim Liên,,
Ngõ 8 Phố Phương Mai - Kim Liên,Phương Mai,Kim Liên,,
Phố Phương Mai - Kim Liên,Phương Mai,Kim Liên,,
Ngõ 31 Phố Tam Khương - Kim Liên,Tam Khương,Kim Liên,,
Ngõ 51 Phố Tam Khương - Kim Liên,Tam Khương,Kim Liên,,
Ngõ 91 Phố Tam Khương - Kim Liên,Tam Khương,Kim Liên,,
Phố Tam Khương - Kim Liên,Tam Khương,Kim Liên,,
Ngách 167/15 Phố Tây Sơn - Kim Liên,Tây Sơn,Kim Liên,,TRUE
Ngách 167/25 Phố Tây Sơn - Kim Liên,Tây Sơn,Kim Liên,,TRUE
Ngách 167/31 Phố Tây Sơn - Kim Liên,Tây Sơn,Kim Liên,,TRUE
Ngách 167/37 Phố Tây Sơn - Kim Liên,Tây Sơn,Kim Liên,,TRUE
Ngõ 119 Phố Tây Sơn - Kim Liên,Tây Sơn,Kim Liên,,TRUE
Ngõ 155 Phố Tây Sơn - Kim Liên,Tây Sơn,Kim Liên,,TRUE
Ngõ 157 Phố Tây Sơn - Kim Liên,Tây Sơn,Kim Liên,,TRUE
Ngõ 161A Tây Sơn - Kim Liên,Tây Sơn,Kim Liên,,TRUE
Ngõ 167 Phố Tây Sơn - Kim Liên,Tây Sơn,Kim Liên,,TRUE
Ngõ 169 Phố Tây Sơn - Kim Liên,Tây Sơn,Kim Liên,,TRUE
Ngõ 317 Phố Tây Sơn - Kim Liên,Tây Sơn,Kim Liên,,TRUE
Ngõ 61 Phố Tây Sơn - Kim Liên,Tây Sơn,Kim Liên,,TRUE
Phố Tây Sơn - Kim Liên,Tây Sơn,Kim Liên,,TRUE
Ngách 22/99 Phố Tôn Thất Tùng - Kim Liên,Tôn Thất Tùng,Kim Liên,,
Ngách 72/82 Phố Tôn Thất Tùng - Kim Liên,Tôn Thất Tùng,Kim Liên,,
Ngách 72/98 Phố Tôn Thất Tùng - Kim Liên,Tôn Thất Tùng,Kim Liên,,
Ngõ 1 Phố Tôn Thất Tùng - Kim Liên,Tôn Thất Tùng,Kim Liên,,
Ngõ 12 Phố Tôn Thất Tùng - Kim Liên,Tôn Thất Tùng,Kim Liên,,
Ngõ 14 Phố Tôn Thất Tùng - Kim Liên,Tôn Thất Tùng,Kim Liên,,
Ngõ 18 Phố Tôn Thất Tùng - Kim Liên,Tôn Thất Tùng,Kim Liên,,
Ngõ 1A Phố Tôn Thất Tùng - Kim Liên,Tôn Thất Tùng,Kim Liên,,
Ngõ 22 Phố Tôn Thất Tùng - Kim Liên,Tôn Thất Tùng,Kim Liên,,
Ngõ 54 Phố Tôn Thất Tùng - Kim Liên,Tôn Thất Tùng,Kim Liên,,
Ngõ 72 Phố Tôn Thất Tùng - Kim Liên,Tôn Thất Tùng,Kim Liên,,
Phố Tôn Thất Tùng - Kim Liên,Tôn Thất Tùng,Kim Liên,,
Đường Trường Chinh - Kim Liên,Trường Chinh,Kim Liên,"Đường Trường Chinh là một phần thuộc đường Vành đai 2, kết nối từ cầu Vĩnh Tuy tới cầu Nhật Tân. Trước đây phố là một phần ranh giới giữa huyện Thọ Xương và huyện Thanh Trì.",
Hẻm 354/137/21 Đường Trường Chinh - Kim Liên,Trường Chinh,Kim Liên,,
Hẻm 354/137/21 Trường Chinh - Kim Liên,Trường Chinh,Kim Liên,,
Hẻm 354/137/34 Đường Trường Chinh - Kim Liên,Trường Chinh,Kim Liên,,
Ngách 102/25 Đường Trường Chinh - Kim Liên,Trường Chinh,Kim Liên,,
Ngách 102/33 Đường Trường Chinh - Kim Liên,Trường Chinh,Kim Liên,,
Ngách 102/70 Đường Trường Chinh - Kim Liên,Trường Chinh,Kim Liên,,
Ngách 120/68 Đường Trường Chinh - Kim Liên,Trường Chinh,Kim Liên,,
Ngách 354/137 Đường Trường Chinh - Kim Liên,Trường Chinh,Kim Liên,,
Ngách 354/159 Đường Trường Chinh - Kim Liên,Trường Chinh,Kim Liên,,
Ngách 592/13 Đường Trường Chinh - Kim Liên,Trường Chinh,Kim Liên,,
Ngách 592/29 Đường Trường Chinh - Kim Liên,Trường Chinh,Kim Liên,,
Ngách 592/75 Đường Trường Chinh - Kim Liên,Trường Chinh,Kim Liên,,
Ngách 74/3 Đường Trường Chinh - Kim Liên,Trường Chinh,Kim Liên,,
Ngõ 102 Đường Trường Chinh - Kim Liên,Trường Chinh,Kim Liên,,
Ngõ 120 Đường Trường Chinh - Kim Liên,Trường Chinh,Kim Liên,,
Ngõ 120 Trường Chinh - Kim Liên,Trường Chinh,Kim Liên,,
Ngõ 354 Đường Trường Chinh - Kim Liên,Trường Chinh,Kim Liên,,
Ngõ 390 Đường Trường Chinh - Kim Liên,Trường Chinh,Kim Liên,,
Ngõ 554 Đường Trường Chinh - Kim Liên,Trường Chinh,Kim Liên,,
Ngõ 592 Đường Trường Chinh - Kim Liên,Trường Chinh,Kim Liên,,
Ngõ 630 Đường Trường Chinh - Kim Liên,Trường Chinh,Kim Liên,,
Ngõ 74 Đường Trường Chinh - Kim Liên,Trường Chinh,Kim Liên,,
Ngõ 27 Phố Xã Đàn - Kim Liên,Xã Đàn,Kim Liên,,
Ngõ 29 Phố Xã Đàn - Kim Liên,Xã Đàn,Kim Liên,,
Ngõ 43 Phố Xã Đàn - Kim Liên,Xã Đàn,Kim Liên,,
Ngõ 81 Phố Xã Đàn - Kim Liên,Xã Đàn,Kim Liên,,
Ngõ 83 Phố Xã Đàn - Kim Liên,Xã Đàn,Kim Liên,,
Ngõ 83 Xã Đàn - Kim Liên,Xã Đàn,Kim Liên,,
Ngõ 89 Phố Xã Đàn - Kim Liên,Xã Đàn,Kim Liên,,
Phố Xã Đàn - Kim Liên,Xã Đàn,Kim Liên,,
"Ngõ 10 Phố Hồ Đắc Di - Kim Liên, Đống Đa",Hồ Đắc Di,"Kim Liên, Đống Đa",,
"Ngõ 119 Phố Hồ Đắc Di - Kim Liên, Đống Đa",Hồ Đắc Di,"Kim Liên, Đống Đa",,
"Ngõ 25 Phố Hồ Đắc Di - Kim Liên, Đống Đa",Hồ Đắc Di,"Kim Liên, Đống Đa",,
"Phố Hồ Đắc Di - Kim Liên, Đống Đa",Hồ Đắc Di,"Kim Liên, Đống Đa",,
"Đường Láng - Kim Liên, Đống Đa",Láng,"Kim Liên, Đống Đa",,
"Phố Nam Đồng - Kim Liên, Đống Đa",Nam Đồng,"Kim Liên, Đống Đa",,
"Ngõ 21 Phố Tây Sơn - Kim Liên, Đống Đa",Tây Sơn,"Kim Liên, Đống Đa",,TRUE
"Ngõ 35 Phố Tây Sơn - Kim Liên, Đống Đa",Tây Sơn,"Kim Liên, Đống Đa",,TRUE
"Phố Tây Sơn - Kim Liên, Đống Đa",Tây Sơn,"Kim Liên, Đống Đa",,TRUE
"Đường Trường Chinh - Kim Liên, Đống Đa",Trường Chinh,"Kim Liên, Đống Đa","Đường Trường Chinh là một phần thuộc đường Vành đai 2, kết nối từ cầu Vĩnh Tuy tới cầu Nhật Tân. Trước đây phố là một phần ranh giới giữa huyện Thọ Xương và huyện Thanh Trì.",
"Ngõ Xã Đàn 2 - Kim Liên, Đống Đa",Xã Đàn,"Kim Liên, Đống Đa",,
"Phố Xã Đàn - Kim Liên, Đống Đa",Xã Đàn,"Kim Liên, Đống Đa",,
"Đường Giải Phóng - Kim Liên, Phương Liệt",Giải Phóng,"Kim Liên, Phương Liệt",,
"Phố Tôn Thất Tùng - Kim Liên, Phương Liệt",Tôn Thất Tùng,"Kim Liên, Phương Liệt",,
"Đường Giải Phóng - Kim Liên, Văn Miếu - Quốc Tử Giám",Giải Phóng,"Kim Liên, Văn Miếu - Quốc Tử Giám",,
Đường Cầu Giấy - Láng,Cầu Giấy,Láng,,
Ngõ 3 Đường Cầu Giấy - Láng,Cầu Giấy,Láng,,
Hẻm 157/29/9 Phố Chùa Láng - Láng,Chùa Láng,Láng,,
Ngách 106/1 Phố Chùa Láng - Láng,Chùa Láng,Láng,,
Ngách 106/2 Phố Chùa Láng - Láng,Chùa Láng,Láng,,
Ngách 121/10 Phố Chùa Láng - Láng,Chùa Láng,Láng,,
Ngách 157/2 Phố Chùa Láng - Láng,Chùa Láng,Láng,,
Ngách 157/29 Phố Chùa Láng - Láng,Chùa Láng,Láng,,
Ngách 185/12 Phố Chùa Láng - Láng,Chùa Láng,Láng,,
Ngách 185/31 Phố Chùa Láng - Láng,Chùa Láng,Láng,,
Ngách 185/65 Phố Chùa Láng - Láng,Chùa Láng,Láng,,
Ngách 185/9 Phố Chùa Láng - Láng,Chùa Láng,Láng,,
Ngách 185/91 Phố Chùa Láng - Láng,Chùa Láng,Láng,,
Ngách 69/1 Phố Chùa Láng - Láng,Chùa Láng,Láng,,
Ngách 69/2 Phố Chùa Láng - Láng,Chùa Láng,Láng,,
Ngách 69/3 Phố Chùa Láng - Láng,Chùa Láng,Láng,,
Ngách 69/4 Phố Chùa Láng - Láng,Chùa Láng,Láng,,
Ngõ 106 Phố Chùa Láng - Láng,Chùa Láng,Láng,,
Ngõ 121 Phố Chùa Láng - Láng,Chùa Láng,Láng,,
Ngõ 157 Phố Chùa Láng - Láng,Chùa Láng,Láng,,
Ngõ 159 Phố Chùa Láng - Láng,Chùa Láng,Láng,,
Ngõ 185 Phố Chùa Láng - Láng,Chùa Láng,Láng,,
Ngõ 33 Phố Chùa Láng - Láng,Chùa Láng,Láng,,
Ngõ 67 Phố Chùa Láng - Láng,Chùa Láng,Láng,,
Ngõ 69 Phố Chùa Láng - Láng,Chùa Láng,Láng,,
Ngõ 80 Phố Chùa Láng - Láng,Chùa Láng,Láng,,
Ngõ 82 Phố Chùa Láng - Láng,Chùa Láng,Láng,,
Ngõ 84 Phố Chùa Láng - Láng,Chùa Láng,Láng,,
Ngõ 91 Phố Chùa Láng - Láng,Chùa Láng,Láng,,
Phố Chùa Láng - Láng,Chùa Láng,Láng,,
Cầu Cót - Láng,Cót,Láng,,
Ngách 17/2 Phố Hoàng Ngọc Phách - Láng,Hoàng Ngọc Phách,Láng,,
Ngõ 10 Phố Hoàng Ngọc Phách - Láng,Hoàng Ngọc Phách,Láng,,
Ngõ 17 Phố Hoàng Ngọc Phách - Láng,Hoàng Ngọc Phách,Láng,,
Ngõ 19 Phố Hoàng Ngọc Phách - Láng,Hoàng Ngọc Phách,Láng,,
Ngõ 8 Phố Hoàng Ngọc Phách - Láng,Hoàng Ngọc Phách,Láng,,
Ngõ 8A Phố Hoàng Ngọc Phách - Láng,Hoàng Ngọc Phách,Láng,,
Ngõ 9 Phố Hoàng Ngọc Phách - Láng,Hoàng Ngọc Phách,Láng,,
Ngõ C1 Phố Hoàng Ngọc Phách - Láng,Hoàng Ngọc Phách,Láng,,
Ngõ C3 Phố Hoàng Ngọc Phách - Láng,Hoàng Ngọc Phách,Láng,,
Phố Hoàng Ngọc Phách - Láng,Hoàng Ngọc Phách,Láng,,
Ngõ 15 Phố Huỳnh Thúc Kháng - Láng,Huỳnh Thúc Kháng,Láng,,
Ngõ 49 Phố Huỳnh Thúc Kháng - Láng,Huỳnh Thúc Kháng,Láng,,
Ngõ 55 Phố Huỳnh Thúc Kháng - Láng,Huỳnh Thúc Kháng,Láng,,
Ngõ 9 Phố Huỳnh Thúc Kháng - Láng,Huỳnh Thúc Kháng,Láng,,
Phố Huỳnh Thúc Kháng - Láng,Huỳnh Thúc Kháng,Láng,,
Ngõ 1137 Đường La Thành - Láng,La Thành,Láng,,
Đường Láng - Láng,Láng,Láng,,
Hẻm 1002/5/28 Đường Láng - Láng,Láng,Láng,,
Hẻm 1150/1/17 Đường Láng - Láng,Láng,Láng,,
Hẻm 1194/141/17 Đường Láng - Láng,Láng,Láng,,
Hẻm 1194/61/3A Đường Láng - Láng,Láng,Láng,,
Hẻm 1194/63/64 Đường Láng - Láng,Láng,Láng,,
Ngách 1002/16 Đường Láng - Láng,Láng,Láng,,
Ngách 1002/5 Đường Láng - Láng,Láng,Láng,,
Ngách 1002/61 Đường Láng - Láng,Láng,Láng,,
Ngách 1096/10 Đường Láng - Láng,Láng,Láng,,
Ngách 1150/1 Đường Láng - Láng,Láng,Láng,,
Ngách 1194/112 Đường Láng - Láng,Láng,Láng,,
Ngách 1194/136 Đường Láng - Láng,Láng,Láng,,
Ngách 1194/141 Đường Láng - Láng,Láng,Láng,,
Ngách 1194/149 Đường Láng - Láng,Láng,Láng,,
Ngách 1194/21 Đường Láng - Láng,Láng,Láng,,
Ngách 1194/6 Đường Láng - Láng,Láng,Láng,,
Ngách 1194/61 Đường Láng - Láng,Láng,Láng,,
Ngách 1194/63 Đường Láng - Láng,Láng,Láng,,
Ngách 1194/7 Đường Láng - Láng,Láng,Láng,,
Ngách 1194/73 Đường Láng - Láng,Láng,Láng,,
Ngách 1194/90 Đường Láng - Láng,Láng,Láng,,
Ngách 1195/50 Đường Láng - Láng,Láng,Láng,,
Ngách 594/2 Đường Láng - Láng,Láng,Láng,,
Ngách 594/35 Đường Láng - Láng,Láng,Láng,,
Ngách 898/1 Đường Láng - Láng,Láng,Láng,,
Ngách 898/51 Đường Láng - Láng,Láng,Láng,,
Ngõ 1002 Đường Láng - Láng,Láng,Láng,,
Ngõ 1008 Đường Láng - Láng,Láng,Láng,,
Ngõ 1074 Đường Láng - Láng,Láng,Láng,,
Ngõ 1096 Đường Láng - Láng,Láng,Láng,,
Ngõ 1118 Đường Láng - Láng,Láng,Láng,,
Ngõ 1132 Đường Láng - Láng,Láng,Láng,,
Ngõ 1142 Đường Láng - Láng,Láng,Láng,,
Ngõ 1150 Đường Láng - Láng,Láng,Láng,,
Ngõ 1150/46 Đường Láng - Láng,Láng,Láng,,
Ngõ 1160 Đường Láng - Láng,Láng,Láng,"Ngõ 1160 có tên dân gian là ngõ chùa Nền. Tại số nhà 17, ngõ 1160 có Chùa Nền, tên chữ là Đản Cơ tự hoặc Cổ Sơn tự. Trước đây chùa là nơi lập đền thờ song thân của Thiền sư Từ Đạo Hạnh là cụ ông Từ Vinh và cụ bà Tăng Thị Loan. Từ Vinh làm phật ý Diên Thành hầu nên bị đánh chết, Từ Đạo Hạnh bỏ nhà đi tu luyện, sau này về trả thù cho cha. Mẹ Từ Đạo Hạnh chuyển sang làng Thượng Yên Quyết (nay thuộc phường Nghĩa Đô và phường Cầu Giấy), dựng chùa Hoa Lăng, khi mất được mai táng tại chùa. Từ Đạo Hạnh làm đền trên nền nhà cũ để thờ cha mẹ, khi ông trở thành nhà sư thì đền thành chùa Nền.",
Ngõ 1194 Đường Láng - Láng,Láng,Láng,,
Ngõ 538 Đường Láng - Láng,Láng,Láng,,
Ngõ 562 Đường Láng - Láng,Láng,Láng,,
Ngõ 594 Đường Láng - Láng,Láng,Láng,,
Ngõ 678 Đường Láng - Láng,Láng,Láng,,
Ngõ 718 Đường Láng - Láng,Láng,Láng,,
Ngõ 726 Đường Láng - Láng,Láng,Láng,,
Ngõ 738 Đường Láng - Láng,Láng,Láng,,
Ngõ 766 Đường Láng - Láng,Láng,Láng,,
Ngõ 814 Đường Láng - Láng,Láng,Láng,,
Ngõ 850 Đường Láng - Láng,Láng,Láng,,
Ngõ 886 Đường Láng - Láng,Láng,Láng,,
Ngõ 890 Đường Láng - Láng,Láng,Láng,,
Ngõ 898 Đường Láng - Láng,Láng,Láng,,
Ngõ 942 Đường Láng - Láng,Láng,Láng,,
Ngõ 994 Đường Láng - Láng,Láng,Láng,,
Ngõ 20 Phố Láng Hạ - Láng,Láng Hạ,Láng,,
Ngõ 36 Phố Láng Hạ - Láng,Láng Hạ,Láng,,
Ngõ 88 Phố Láng Hạ - Láng,Láng Hạ,Láng,,
Ngõ 90 Phố Láng Hạ - Láng,Láng Hạ,Láng,,
Phố Láng Hạ - Láng,Láng Hạ,Láng,,
Ngõ Láng Trung - Láng,Láng Trung,Láng,,
Đường Lê Văn Lương - Láng,Lê Văn Lương,Láng,,
Đường Nguyễn Chí Thanh - Láng,Nguyễn Chí Thanh,Láng,,
Ngõ 100 Đường Nguyễn Chí Thanh - Láng,Nguyễn Chí Thanh,Láng,,
Ngõ 107 Đường Nguyễn Chí Thanh - Láng,Nguyễn Chí Thanh,Láng,,
Ngõ 110 Đường Nguyễn Chí Thanh - Láng,Nguyễn Chí Thanh,Láng,,
Ngõ 126 Đường Nguyễn Chí Thanh - Láng,Nguyễn Chí Thanh,Láng,,
Ngõ 54 Đường Nguyễn Chí Thanh - Láng,Nguyễn Chí Thanh,Láng,,
Ngõ 54A Đường Nguyễn Chí Thanh - Láng,Nguyễn Chí Thanh,Láng,,
Ngõ 58 Đường Nguyễn Chí Thanh - Láng,Nguyễn Chí Thanh,Láng,,
Ngõ 62 Đường Nguyễn Chí Thanh - Láng,Nguyễn Chí Thanh,Láng,,
Ngõ 62 Phố Nguyễn Chí Thanh - Láng,Nguyễn Chí Thanh,Láng,,
Ngõ 68 Đường Nguyễn Chí Thanh - Láng,Nguyễn Chí Thanh,Láng,,
Ngõ 72 Đường Nguyễn Chí Thanh - Láng,Nguyễn Chí Thanh,Láng,,
Ngõ 74 Đường Nguyễn Chí Thanh - Láng,Nguyễn Chí Thanh,Láng,,
Ngõ 76 Đường Nguyễn Chí Thanh - Láng,Nguyễn Chí Thanh,Láng,,
Ngõ 97 Đường Nguyễn Chí Thanh - Láng,Nguyễn Chí Thanh,Láng,,
Ngõ 99 Đường Nguyễn Chí Thanh - Láng,Nguyễn Chí Thanh,Láng,,
Ngõ 18 Phố Nguyên Hồng - Láng,Nguyên Hồng,Láng,,
Ngõ 26 Phố Nguyên Hồng - Láng,Nguyên Hồng,Láng,,
Ngõ 28 Phố Nguyên Hồng - Láng,Nguyên Hồng,Láng,,
Ngõ 34 Phố Nguyên Hồng - Láng,Nguyên Hồng,Láng,,
Ngõ 36 Phố Nguyên Hồng - Láng,Nguyên Hồng,Láng,,
Ngõ 45 Phố Nguyên Hồng - Láng,Nguyên Hồng,Láng,,
Ngõ 47 Phố Nguyên Hồng - Láng,Nguyên Hồng,Láng,,
Ngõ 62 Phố Nguyên Hồng - Láng,Nguyên Hồng,Láng,,
Ngõ 71 Phố Nguyên Hồng - Láng,Nguyên Hồng,Láng,,
Ngõ 73 Phố Nguyên Hồng - Láng,Nguyên Hồng,Láng,,
Phố Nguyên Hồng - Láng,Nguyên Hồng,Láng,,
Hẻm 10/1/10 Phố Pháo Đài Láng - Láng,Pháo Đài Láng,Láng,,
Hẻm 10/1/4 Phố Pháo Đài Láng - Láng,Pháo Đài Láng,Láng,,
Hẻm 102/44/19 Phố Pháo Đài Láng - Láng,Pháo Đài Láng,Láng,,
Hẻm 102/44/33 Phố Pháo Đài Láng - Láng,Pháo Đài Láng,Láng,,
Hẻm 102/44/49 Phố Pháo Đài Láng - Láng,Pháo Đài Láng,Láng,,
Hẻm 157/23/9 Phố Pháo Đài Láng - Láng,Pháo Đài Láng,Láng,,
Ngách 10/1 Phố Pháo Đài Láng - Láng,Pháo Đài Láng,Láng,,
Ngách 10/11 Phố Pháo Đài Láng - Láng,Pháo Đài Láng,Láng,,
Ngách 10/15 Phố Pháo Đài Láng - Láng,Pháo Đài Láng,Láng,,
Ngách 10/7 Phố Pháo Đài Láng - Láng,Pháo Đài Láng,Láng,,
Ngách 10/9 Phố Pháo Đài Láng - Láng,Pháo Đài Láng,Láng,,
Ngách 102/20 Phố Pháo Đài Láng - Láng,Pháo Đài Láng,Láng,,
Ngách 102/44 Phố Pháo Đài Láng - Láng,Pháo Đài Láng,Láng,,
Ngách 102/60 Phố Pháo Đài Láng - Láng,Pháo Đài Láng,Láng,,
Ngách 14/25 Phố Pháo Đài Láng - Láng,Pháo Đài Láng,Láng,,
Ngách 14/3 Phố Pháo Đài Láng - Láng,Pháo Đài Láng,Láng,,
Ngách 14/31 Phố Pháo Đài Láng - Láng,Pháo Đài Láng,Láng,,
Ngách 157/23 Phố Pháo Đài Láng - Láng,Pháo Đài Láng,Láng,,
Ngõ 10 Phố Pháo Đài Láng - Láng,Pháo Đài Láng,Láng,,
Ngõ 102 Phố Pháo Đài Láng - Láng,Pháo Đài Láng,Láng,,
Ngõ 14 Phố Pháo Đài Láng - Láng,Pháo Đài Láng,Láng,,
Ngõ 157 Phố Pháo Đài Láng - Láng,Pháo Đài Láng,Láng,,
Ngõ 159 Phố Pháo Đài Láng - Láng,Pháo Đài Láng,Láng,,
Ngõ 44 Phố Pháo Đài Láng - Láng,Pháo Đài Láng,Láng,,
Phố Pháo Đài Láng - Láng,Pháo Đài Láng,Láng,,
Cầu Tô Lịch - Láng,#N/A,#N/A,,
Ngõ 92 Phố Trúc Khê - Láng,Trúc Khê,Láng,,
Phố Trúc Khê - Láng,Trúc Khê,Láng,,
Ngách 25/59 Phố Vũ Ngọc Phan - Láng,Vũ Ngọc Phan,Láng,,
Ngách 25/7 Phố Vũ Ngọc Phan - Láng,Vũ Ngọc Phan,Láng,,
Ngõ 25 Phố Vũ Ngọc Phan - Láng,Vũ Ngọc Phan,Láng,,
Ngõ 27 Vũ Ngọc Phan - Láng,Vũ Ngọc Phan,Láng,,
Ngõ 41 Vũ Ngọc Phan - Láng,Vũ Ngọc Phan,Láng,,
Ngõ 9 Vũ Ngọc Phan - Láng,Vũ Ngọc Phan,Láng,,
Phố Vũ Ngọc Phan - Láng,Vũ Ngọc Phan,Láng,,
Phố Vũ Phạm Hàm - Láng,Vũ Phạm Hàm,Láng,,
Cầu Yên Hoà - Láng,Yên Hoà,Láng,,
"Đường Láng - Láng, Đống Đa",Láng,"Láng, Đống Đa",,
"Cầu Cót - Láng, Yên Hoà",Cót,"Láng, Yên Hoà",,
"Cầu Hoà Mục - Láng, Yên Hoà",Hoà Mục,"Láng, Yên Hoà",,
"Cầu Tô Lịch - Láng, Yên Hoà",Tô Lịch,"Láng, Yên Hoà",,
Đường Bạch Đằng - Lĩnh Nam,Bạch Đằng,Lĩnh Nam,,
Đường Đỗ Mười - Lĩnh Nam,Đỗ Mười,Lĩnh Nam,,
Đường Khuyến Lương - Lĩnh Nam,Khuyến Lương,Lĩnh Nam,,
Hẻm 88/22/32 Đường Khuyến Lương - Lĩnh Nam,Khuyến Lương,Lĩnh Nam,,
Hẻm 88/46/12 Đường Khuyến Lương - Lĩnh Nam,Khuyến Lương,Lĩnh Nam,,
Hẻm 88/46/32 Đường Khuyến Lương - Lĩnh Nam,Khuyến Lương,Lĩnh Nam,,
Hẻm 90/1/24 Đường Khuyến Lương - Lĩnh Nam,Khuyến Lương,Lĩnh Nam,,
Hẻm 90/1/24/5 Đường Khuyến Lương - Lĩnh Nam,Khuyến Lương,Lĩnh Nam,,
Hẻm 90/1/42 Đường Khuyến Lương - Lĩnh Nam,Khuyến Lương,Lĩnh Nam,,
Hẻm 90/1/42/1 Đường Khuyến Lương - Lĩnh Nam,Khuyến Lương,Lĩnh Nam,,
Hẻm 90/1/42/3 Đường Khuyến Lương - Lĩnh Nam,Khuyến Lương,Lĩnh Nam,,
Ngách 22/107 Đường Khuyến Lương - Lĩnh Nam,Khuyến Lương,Lĩnh Nam,,
Ngách 22/127 Đường Khuyến Lương - Lĩnh Nam,Khuyến Lương,Lĩnh Nam,,
Ngách 22/135 Đường Khuyến Lương - Lĩnh Nam,Khuyến Lương,Lĩnh Nam,,
Ngách 22/143 Đường Khuyến Lương - Lĩnh Nam,Khuyến Lương,Lĩnh Nam,,
Ngách 22/163 Đường Khuyến Lương - Lĩnh Nam,Khuyến Lương,Lĩnh Nam,,
Ngách 22/173 Đường Khuyến Lương - Lĩnh Nam,Khuyến Lương,Lĩnh Nam,,
Ngách 22/35 Đường Khuyến Lương - Lĩnh Nam,Khuyến Lương,Lĩnh Nam,,
Ngách 22/41 Đường Khuyến Lương - Lĩnh Nam,Khuyến Lương,Lĩnh Nam,,
Ngách 22/47 Đường Khuyến Lương - Lĩnh Nam,Khuyến Lương,Lĩnh Nam,,
Ngách 22/87 Đường Khuyến Lương - Lĩnh Nam,Khuyến Lương,Lĩnh Nam,,
Ngách 22/99 Đường Khuyến Lương - Lĩnh Nam,Khuyến Lương,Lĩnh Nam,,
Ngách 88/22 Đường Khuyến Lương - Lĩnh Nam,Khuyến Lương,Lĩnh Nam,,
Ngách 88/31 Đường Khuyến Lương - Lĩnh Nam,Khuyến Lương,Lĩnh Nam,,
Ngách 88/46 Đường Khuyến Lương - Lĩnh Nam,Khuyến Lương,Lĩnh Nam,,
Ngách 9/5 Đường Khuyến Lương - Lĩnh Nam,Khuyến Lương,Lĩnh Nam,,
Ngách 90/15 Đường Khuyến Lương - Lĩnh Nam,Khuyến Lương,Lĩnh Nam,,
Ngách 90/46 Đường Khuyến Lương - Lĩnh Nam,Khuyến Lương,Lĩnh Nam,,
Ngách 90/70 Đường Khuyến Lương - Lĩnh Nam,Khuyến Lương,Lĩnh Nam,,
Ngách 90/76 Đường Khuyến Lương - Lĩnh Nam,Khuyến Lương,Lĩnh Nam,,
Ngõ 22 Đường Khuyến Lương - Lĩnh Nam,Khuyến Lương,Lĩnh Nam,,
Ngõ 36 Đường Khuyến Lương - Lĩnh Nam,Khuyến Lương,Lĩnh Nam,,
Ngõ 50 Đường Khuyến Lương - Lĩnh Nam,Khuyến Lương,Lĩnh Nam,,
Ngõ 88 Đường Khuyến Lương - Lĩnh Nam,Khuyến Lương,Lĩnh Nam,,
Ngõ 90 Đường Khuyến Lương - Lĩnh Nam,Khuyến Lương,Lĩnh Nam,,
Cầu Lĩnh Nam - Lĩnh Nam,Lĩnh Nam,Lĩnh Nam,,
Đường Lĩnh Nam - Lĩnh Nam,Lĩnh Nam,Lĩnh Nam,,
Đường Nguyễn Khoái - Lĩnh Nam,Nguyễn Khoái,Lĩnh Nam,,
Hẻm 683/29/25 Đường Nguyễn Khoái - Lĩnh Nam,Nguyễn Khoái,Lĩnh Nam,,
Ngách 683/29 Đường Nguyễn Khoái - Lĩnh Nam,Nguyễn Khoái,Lĩnh Nam,,
Ngách 683/45 Đường Nguyễn Khoái - Lĩnh Nam,Nguyễn Khoái,Lĩnh Nam,,
Ngách 683/59 Đường Nguyễn Khoái - Lĩnh Nam,Nguyễn Khoái,Lĩnh Nam,,
Ngõ 313 Đường Nguyễn Khoái - Lĩnh Nam,Nguyễn Khoái,Lĩnh Nam,,
Ngõ 463 Đường Nguyễn Khoái - Lĩnh Nam,Nguyễn Khoái,Lĩnh Nam,,
Ngõ 467 Đường Nguyễn Khoái - Lĩnh Nam,Nguyễn Khoái,Lĩnh Nam,,
Ngõ 495 Đường Nguyễn Khoái - Lĩnh Nam,Nguyễn Khoái,Lĩnh Nam,,
Ngõ 683 Đường Nguyễn Khoái - Lĩnh Nam,Nguyễn Khoái,Lĩnh Nam,,
Ngõ 739A Đường Nguyễn Khoái - Lĩnh Nam,Nguyễn Khoái,Lĩnh Nam,,
Ngõ 753 Đường Nguyễn Khoái - Lĩnh Nam,Nguyễn Khoái,Lĩnh Nam,,
Ngõ 769 Đường Nguyễn Khoái - Lĩnh Nam,Nguyễn Khoái,Lĩnh Nam,,
Ngõ 773 Đường Nguyễn Khoái - Lĩnh Nam,Nguyễn Khoái,Lĩnh Nam,,
Ngõ 785 Đường Nguyễn Khoái - Lĩnh Nam,Nguyễn Khoái,Lĩnh Nam,,
Cầu Thanh Trì - Lĩnh Nam,Thanh Trì,Lĩnh Nam,,
Đê Thanh Trì - Lĩnh Nam,Thanh Trì,Lĩnh Nam,,
Hẻm 1/28/6 Phố Thuý Lĩnh - Lĩnh Nam,Thuý Lĩnh,Lĩnh Nam,,
Hẻm 95/8/7 Phố Thuý Lĩnh - Lĩnh Nam,Thuý Lĩnh,Lĩnh Nam,,
Ngách 1/10 Phố Thuý Lĩnh - Lĩnh Nam,Thuý Lĩnh,Lĩnh Nam,,
Ngách 1/2 Thuý Lĩnh - Lĩnh Nam,Thuý Lĩnh,Lĩnh Nam,,
Ngách 1/28 Phố Thuý Lĩnh - Lĩnh Nam,Thuý Lĩnh,Lĩnh Nam,,
Ngách 120/16 Phố Thuý Lĩnh - Lĩnh Nam,Thuý Lĩnh,Lĩnh Nam,,
Ngách 120/20 Phố Thuý Lĩnh - Lĩnh Nam,Thuý Lĩnh,Lĩnh Nam,,
Ngách 120/24 Phố Thuý Lĩnh - Lĩnh Nam,Thuý Lĩnh,Lĩnh Nam,,
Ngách 49/102 Thuý Lĩnh - Lĩnh Nam,Thuý Lĩnh,Lĩnh Nam,,
Ngách 49/18 Phố Thuý Lĩnh - Lĩnh Nam,Thuý Lĩnh,Lĩnh Nam,,
Ngách 49/32 Phố Thuý Lĩnh - Lĩnh Nam,Thuý Lĩnh,Lĩnh Nam,,
Ngách 49/54 Thuý Lĩnh - Lĩnh Nam,Thuý Lĩnh,Lĩnh Nam,,
Ngách 49/66 Phố Thuý Lĩnh - Lĩnh Nam,Thuý Lĩnh,Lĩnh Nam,,
Ngách 49/68 Phố Thuý Lĩnh - Lĩnh Nam,Thuý Lĩnh,Lĩnh Nam,,
Ngách 49/74 Phố Thuý Lĩnh - Lĩnh Nam,Thuý Lĩnh,Lĩnh Nam,,
Ngách 49/88A Phố Thuý Lĩnh - Lĩnh Nam,Thuý Lĩnh,Lĩnh Nam,,
Ngách 49/92 Phố Thuý Lĩnh - Lĩnh Nam,Thuý Lĩnh,Lĩnh Nam,,
Ngách 95/8 Phố Thuý Lĩnh - Lĩnh Nam,Thuý Lĩnh,Lĩnh Nam,,
Ngõ 1 Phố Thuý Lĩnh - Lĩnh Nam,Thuý Lĩnh,Lĩnh Nam,,
Ngõ 104 Phố Thuý Lĩnh - Lĩnh Nam,Thuý Lĩnh,Lĩnh Nam,,
Ngõ 107 Phố Thuý Lĩnh - Lĩnh Nam,Thuý Lĩnh,Lĩnh Nam,,
Ngõ 115 Phố Thuý Lĩnh - Lĩnh Nam,Thuý Lĩnh,Lĩnh Nam,,
Ngõ 120 Phố Thuý Lĩnh - Lĩnh Nam,Thuý Lĩnh,Lĩnh Nam,,
Ngõ 138 Phố Thuý Lĩnh - Lĩnh Nam,Thuý Lĩnh,Lĩnh Nam,,
Ngõ 143 Phố Thuý Lĩnh - Lĩnh Nam,Thuý Lĩnh,Lĩnh Nam,,
Ngõ 152 Phố Thuý Lĩnh - Lĩnh Nam,Thuý Lĩnh,Lĩnh Nam,,
Ngõ 168 Phố Thuý Lĩnh - Lĩnh Nam,Thuý Lĩnh,Lĩnh Nam,,
Ngõ 197 Phố Thuý Lĩnh - Lĩnh Nam,Thuý Lĩnh,Lĩnh Nam,,
Ngõ 253 Phố Thuý Lĩnh - Lĩnh Nam,Thuý Lĩnh,Lĩnh Nam,,
Ngõ 32 Phố Thuý Lĩnh - Lĩnh Nam,Thuý Lĩnh,Lĩnh Nam,,
Ngõ 44 Phố Thuý Lĩnh - Lĩnh Nam,Thuý Lĩnh,Lĩnh Nam,,
Ngõ 44 Thuý Lĩnh - Lĩnh Nam,Thuý Lĩnh,Lĩnh Nam,,
Ngõ 49 Phố Thuý Lĩnh - Lĩnh Nam,Thuý Lĩnh,Lĩnh Nam,,
Ngõ 83 Phố Thuý Lĩnh - Lĩnh Nam,Thuý Lĩnh,Lĩnh Nam,,
Ngõ 92 Phố Thuý Lĩnh - Lĩnh Nam,Thuý Lĩnh,Lĩnh Nam,,
Ngõ 95 Phố Thuý Lĩnh - Lĩnh Nam,Thuý Lĩnh,Lĩnh Nam,,
Phố Thuý Lĩnh - Lĩnh Nam,Thuý Lĩnh,Lĩnh Nam,,
Cầu Vĩnh Tuy - Lĩnh Nam,Vĩnh Tuy,Lĩnh Nam,,
"Đường Bạch Đằng - Lĩnh Nam, Vĩnh Hưng",Bạch Đằng,"Lĩnh Nam, Vĩnh Hưng",,
"Đường Đỗ Mười - Lĩnh Nam, Vĩnh Hưng",Đỗ Mười,"Lĩnh Nam, Vĩnh Hưng",,
"Đường Nguyễn Khoái - Lĩnh Nam, Vĩnh Hưng",Nguyễn Khoái,"Lĩnh Nam, Vĩnh Hưng",,
"Cầu Vĩnh Tuy - Lĩnh Nam, Vĩnh Tuy",Vĩnh Tuy,"Lĩnh Nam, Vĩnh Tuy",,
"Đường Đỗ Mười - Lĩnh Nam, Yên Sở",Đỗ Mười,"Lĩnh Nam, Yên Sở",,
"Ngách 90/1 Đường Khuyến Lương - Lĩnh Nam, Yên Sở",Khuyến Lương,"Lĩnh Nam, Yên Sở",,
"Đường Nguyễn Khoái - Lĩnh Nam, Yên Sở",Nguyễn Khoái,"Lĩnh Nam, Yên Sở",,
"Phố Yên Duyên - Lĩnh Nam, Yên Sở",Yên Duyên,"Lĩnh Nam, Yên Sở",,
Đường Bát Khối - Long Biên,Bát Khối,Long Biên,,
Hẻm 189/35/18 Đường Bát Khối - Long Biên,Bát Khối,Long Biên,,
Hẻm 189/35/34 Đường Bát Khối - Long Biên,Bát Khối,Long Biên,,
Hẻm 211/54/12 Đường Bát Khối - Long Biên,Bát Khối,Long Biên,,
Hẻm 211/54/23 Đường Bát Khối - Long Biên,Bát Khối,Long Biên,,
Hẻm 541/16/15 Đường Bát Khối - Long Biên,Bát Khối,Long Biên,,
Hẻm 541/16/2 Đường Bát Khối - Long Biên,Bát Khối,Long Biên,,
Hẻm 541/16/3 Đường Bát Khối - Long Biên,Bát Khối,Long Biên,,
Hẻm 541/16/31 Đường Bát Khối - Long Biên,Bát Khối,Long Biên,,
Hẻm 541/16/45 Đường Bát Khối - Long Biên,Bát Khối,Long Biên,,
Hẻm 541/16/6 Đường Bát Khối - Long Biên,Bát Khối,Long Biên,,
Hẻm 541/16/8 Đường Bát Khối - Long Biên,Bát Khối,Long Biên,,
Hẻm 541/16/88 Đường Bát Khối - Long Biên,Bát Khối,Long Biên,,
Hẻm 541/16/89 Đường Bát Khối - Long Biên,Bát Khối,Long Biên,,
Hẻm 541/40/1 Đường Bát Khối - Long Biên,Bát Khối,Long Biên,,
Hẻm 541/40/28 Đường Bát Khối - Long Biên,Bát Khối,Long Biên,,
Hẻm 541/40/33 Đường Bát Khối - Long Biên,Bát Khối,Long Biên,,
Hẻm 541/40/34 Đường Bát Khối - Long Biên,Bát Khối,Long Biên,,
Hẻm 541/40/4 Đường Bát Khối - Long Biên,Bát Khối,Long Biên,,
Hẻm 541/40/41 Đường Bát Khối - Long Biên,Bát Khối,Long Biên,,
Hẻm 541/40/48 Đường Bát Khối - Long Biên,Bát Khối,Long Biên,,
Hẻm 541/40/58 Đường Bát Khối - Long Biên,Bát Khối,Long Biên,,
Hẻm 541/40/62 Đường Bát Khối - Long Biên,Bát Khối,Long Biên,,
Hẻm 541/40/66 Đường Bát Khối - Long Biên,Bát Khối,Long Biên,,
Hẻm 541/40/7 Đường Bát Khối - Long Biên,Bát Khối,Long Biên,,
Hẻm 541/40/90 Đường Bát Khối - Long Biên,Bát Khối,Long Biên,,
Hẻm 541/40/96 Đường Bát Khối - Long Biên,Bát Khối,Long Biên,,
Hẻm 691/20/4 Đường Bát Khối - Long Biên,Bát Khối,Long Biên,,
Hẻm 691/20/7 Đường Bát Khối - Long Biên,Bát Khối,Long Biên,,
Ngách 211/49 Đường Bát Khối - Long Biên,Bát Khối,Long Biên,,
Ngách 129/20 Đường Bát Khối - Long Biên,Bát Khối,Long Biên,,
Ngách 129/42 Đường Bát Khối - Long Biên,Bát Khối,Long Biên,,
Ngách 129/60 Đường Bát Khối - Long Biên,Bát Khối,Long Biên,,
Ngách 129/67 Đường Bát Khối - Long Biên,Bát Khối,Long Biên,,
Ngách 189/35 Đường Bát Khối - Long Biên,Bát Khối,Long Biên,,
Ngách 211/22 Đường Bát Khối - Long Biên,Bát Khối,Long Biên,,
Ngách 211/34 Đường Bát Khối - Long Biên,Bát Khối,Long Biên,,
Ngách 211/38 Đường Bát Khối - Long Biên,Bát Khối,Long Biên,,
Ngách 211/54 Đường Bát Khối - Long Biên,Bát Khối,Long Biên,,
Ngách 211/58 Đường Bát Khối - Long Biên,Bát Khối,Long Biên,,
Ngách 211/64 Đường Bát Khối - Long Biên,Bát Khối,Long Biên,,
Ngách 211/74 Đường Bát Khối - Long Biên,Bát Khối,Long Biên,,
Ngách 331/14 Đường Bát Khối - Long Biên,Bát Khối,Long Biên,,
Ngách 331/32 Đường Bát Khối - Long Biên,Bát Khối,Long Biên,,
Ngách 331/45 Đường Bát Khối - Long Biên,Bát Khối,Long Biên,,
Ngách 353/22 Đường Bát Khối - Long Biên,Bát Khối,Long Biên,,
Ngách 353/30 Đường Bát Khối - Long Biên,Bát Khối,Long Biên,,
Ngách 353/37 Đường Bát Khối - Long Biên,Bát Khối,Long Biên,,
Ngách 353/46 Đường Bát Khối - Long Biên,Bát Khối,Long Biên,,
Ngách 353/55 Đường Bát Khối - Long Biên,Bát Khối,Long Biên,,
Ngách 353/81 Đường Bát Khối - Long Biên,Bát Khối,Long Biên,,
Ngách 377/10 Đường Bát Khối - Long Biên,Bát Khối,Long Biên,,
Ngách 377/30 Đường Bát Khối - Long Biên,Bát Khối,Long Biên,,
Ngách 377/45 Đường Bát Khối - Long Biên,Bát Khối,Long Biên,,
Ngách 377/49 Đường Bát Khối - Long Biên,Bát Khối,Long Biên,,
Ngách 377/5 Đường Bát Khối - Long Biên,Bát Khối,Long Biên,,
Ngách 377/52 Đường Bát Khối - Long Biên,Bát Khối,Long Biên,,
Ngách 405/18 Đường Bát Khối - Long Biên,Bát Khối,Long Biên,,
Ngách 405/35 Đường Bát Khối - Long Biên,Bát Khối,Long Biên,,
Ngách 405/51 Đường Bát Khối - Long Biên,Bát Khối,Long Biên,,
Ngách 405/8 Đường Bát Khối - Long Biên,Bát Khối,Long Biên,,
Ngách 45/82 Đường Bát Khối - Long Biên,Bát Khối,Long Biên,,
Ngách 541/16 Đường Bát Khối - Long Biên,Bát Khối,Long Biên,,
Ngách 541/26 Đường Bát Khối - Long Biên,Bát Khối,Long Biên,,
Ngách 541/40 Đường Bát Khối - Long Biên,Bát Khối,Long Biên,,
Ngách 541/6 Đường Bát Khối - Long Biên,Bát Khối,Long Biên,,
Ngách 565/1 Đường Bát Khối - Long Biên,Bát Khối,Long Biên,,
Ngách 565/35 Đường Bát Khối - Long Biên,Bát Khối,Long Biên,,
Ngách 565/48 Đường Bát Khối - Long Biên,Bát Khối,Long Biên,,
Ngách 565/98 Đường Bát Khối - Long Biên,Bát Khối,Long Biên,,
Ngách 691/19 Đường Bát Khối - Long Biên,Bát Khối,Long Biên,,
Ngách 691/20 Đường Bát Khối - Long Biên,Bát Khối,Long Biên,,
Ngách 85/54 Đường Bát Khối - Long Biên,Bát Khối,Long Biên,,
Ngách 85/66 Đường Bát Khối - Long Biên,Bát Khối,Long Biên,,
Ngõ 129 Đường Bát Khối - Long Biên,Bát Khối,Long Biên,,
Ngõ 137 Đường Bát Khối - Long Biên,Bát Khối,Long Biên,,
Ngõ 161 Đường Bát Khối - Long Biên,Bát Khối,Long Biên,,
Ngõ 175 Đường Bát Khối - Long Biên,Bát Khối,Long Biên,,
Ngõ 189 Đường Bát Khối - Long Biên,Bát Khối,Long Biên,,
Ngõ 211 Đường Bát Khối - Long Biên,Bát Khối,Long Biên,,
Ngõ 213 Đường Bát Khối - Long Biên,Bát Khối,Long Biên,,
Ngõ 267 Đường Bát Khối - Long Biên,Bát Khối,Long Biên,,
Ngõ 321 Đường Bát Khối - Long Biên,Bát Khối,Long Biên,,
Ngõ 323 Đường Bát Khối - Long Biên,Bát Khối,Long Biên,,
Ngõ 331 Đường Bát Khối - Long Biên,Bát Khối,Long Biên,,
Ngõ 331B Đường Bát Khối - Long Biên,Bát Khối,Long Biên,,
Ngõ 335 Đường Bát Khối - Long Biên,Bát Khối,Long Biên,,
Ngõ 353 Đường Bát Khối - Long Biên,Bát Khối,Long Biên,,
Ngõ 377 Đường Bát Khối - Long Biên,Bát Khối,Long Biên,,
Ngõ 39 Đường Bát Khối - Long Biên,Bát Khối,Long Biên,,
Ngõ 405 Đường Bát Khối - Long Biên,Bát Khối,Long Biên,,
Ngõ 467 Đường Bát Khối - Long Biên,Bát Khối,Long Biên,,
Ngõ 537 Đường Bát Khối - Long Biên,Bát Khối,Long Biên,,
Ngõ 539 Đường Bát Khối - Long Biên,Bát Khối,Long Biên,,
Ngõ 541 Đường Bát Khối - Long Biên,Bát Khối,Long Biên,,
Ngõ 561 Đường Bát Khối - Long Biên,Bát Khối,Long Biên,,
Ngõ 563 Đường Bát Khối - Long Biên,Bát Khối,Long Biên,,
Ngõ 565 Đường Bát Khối - Long Biên,Bát Khối,Long Biên,,
Ngõ 649 Đường Bát Khối - Long Biên,Bát Khối,Long Biên,,
Ngõ 659 Đường Bát Khối - Long Biên,Bát Khối,Long Biên,,
Ngõ 667 Đường Bát Khối - Long Biên,Bát Khối,Long Biên,,
Ngõ 677 Đường Bát Khối - Long Biên,Bát Khối,Long Biên,,
Ngõ 691 Đường Bát Khối - Long Biên,Bát Khối,Long Biên,,
Ngõ 709 Đường Bát Khối - Long Biên,Bát Khối,Long Biên,,
Ngõ 729 Đường Bát Khối - Long Biên,Bát Khối,Long Biên,,
Ngõ 751 Đường Bát Khối - Long Biên,Bát Khối,Long Biên,,
Ngõ 85 Đường Bát Khối - Long Biên,Bát Khối,Long Biên,,
Ngõ Bình Minh - Long Biên,Bình Minh,Long Biên,,
Cầu Bây - Long Biên,Cầu Bây,Long Biên,,
Đường Cổ Linh - Long Biên,Cổ Linh,Long Biên,,
Hẻm 202/16/27 Đường Cổ Linh - Long Biên,Cổ Linh,Long Biên,,
Hẻm 202/8/21 Đường Cổ Linh - Long Biên,Cổ Linh,Long Biên,,
Hẻm 202/8/22 Đường Cổ Linh - Long Biên,Cổ Linh,Long Biên,,
Ngách 202/8 Đường Cổ Linh - Long Biên,Cổ Linh,Long Biên,,
Ngách 204/1 Đường Cổ Linh - Long Biên,Cổ Linh,Long Biên,,
Ngách 206/1 Đường Cổ Linh - Long Biên,Cổ Linh,Long Biên,,
Ngách 206/2 Đường Cổ Linh - Long Biên,Cổ Linh,Long Biên,,
Ngách 206/9 Đường Cổ Linh - Long Biên,Cổ Linh,Long Biên,,
Ngách 61/17 Đường Cổ Linh - Long Biên,Cổ Linh,Long Biên,,
Ngách 63/53 Đường Cổ Linh - Long Biên,Cổ Linh,Long Biên,,
Ngách 63/59 Đường Cổ Linh - Long Biên,Cổ Linh,Long Biên,,
Ngõ 103 Đường Cổ Linh - Long Biên,Cổ Linh,Long Biên,,
Ngõ 116 Đường Cổ Linh - Long Biên,Cổ Linh,Long Biên,,
Ngõ 144 Đường Cổ Linh - Long Biên,Cổ Linh,Long Biên,,
Ngõ 17 Đường Cổ Linh - Long Biên,Cổ Linh,Long Biên,,
Ngõ 202 Đường Cổ Linh - Long Biên,Cổ Linh,Long Biên,,
Ngõ 202/16 Đường Cổ Linh - Long Biên,Cổ Linh,Long Biên,,
Ngõ 204 Đường Cổ Linh - Long Biên,Cổ Linh,Long Biên,,
Ngõ 206 Đường Cổ Linh - Long Biên,Cổ Linh,Long Biên,,
Ngõ 216 Đường Cổ Linh - Long Biên,Cổ Linh,Long Biên,,
Ngõ 33 Đường Cổ Linh - Long Biên,Cổ Linh,Long Biên,,
Ngõ 36 Đường Cổ Linh - Long Biên,Cổ Linh,Long Biên,,
Ngõ 57 Đường Cổ Linh - Long Biên,Cổ Linh,Long Biên,,
Ngõ 61 Đường Cổ Linh - Long Biên,Cổ Linh,Long Biên,,
Ngõ 63 Đường Cổ Linh - Long Biên,Cổ Linh,Long Biên,,
Ngõ 64 Đường Cổ Linh - Long Biên,Cổ Linh,Long Biên,,
Đường Cự Khối - Long Biên,Cự Khối,Long Biên,,
Ngõ 92 Đường Cự Khối - Long Biên,Cự Khối,Long Biên,,
Hẻm 98/95/44 Phố Đàm Quang Trung - Long Biên,Đàm Quang Trung,Long Biên,,
Ngách 15/66 Phố Đàm Quang Trung - Long Biên,Đàm Quang Trung,Long Biên,,
Ngách 20/4 Phố Đàm Quang Trung - Long Biên,Đàm Quang Trung,Long Biên,,
Ngách 84/1 Phố Đàm Quang Trung - Long Biên,Đàm Quang Trung,Long Biên,,
Ngách 84/10 Phố Đàm Quang Trung - Long Biên,Đàm Quang Trung,Long Biên,,
Ngách 84/15 Phố Đàm Quang Trung - Long Biên,Đàm Quang Trung,Long Biên,,
Ngách 84/2 Phố Đàm Quang Trung - Long Biên,Đàm Quang Trung,Long Biên,,
Ngách 84/5 Phố Đàm Quang Trung - Long Biên,Đàm Quang Trung,Long Biên,,
Ngách 98/10 Phố Đàm Quang Trung - Long Biên,Đàm Quang Trung,Long Biên,,
Ngách 98/133 Phố Đàm Quang Trung - Long Biên,Đàm Quang Trung,Long Biên,,
Ngách 98/147 Phố Đàm Quang Trung - Long Biên,Đàm Quang Trung,Long Biên,,
Ngách 98/95 Phố Đàm Quang Trung - Long Biên,Đàm Quang Trung,Long Biên,,
Ngõ 15 Phố Đàm Quang Trung - Long Biên,Đàm Quang Trung,Long Biên,,
Ngõ 20 Phố Đàm Quang Trung - Long Biên,Đàm Quang Trung,Long Biên,,
Ngõ 48 Phố Đàm Quang Trung - Long Biên,Đàm Quang Trung,Long Biên,,
Ngõ 61 Phố Đàm Quang Trung - Long Biên,Đàm Quang Trung,Long Biên,,
Ngõ 69 Phố Đàm Quang Trung - Long Biên,Đàm Quang Trung,Long Biên,,
Ngõ 84 Phố Đàm Quang Trung - Long Biên,Đàm Quang Trung,Long Biên,,
Ngõ 89 Phố Đàm Quang Trung - Long Biên,Đàm Quang Trung,Long Biên,,
Ngõ 98 Phố Đàm Quang Trung - Long Biên,Đàm Quang Trung,Long Biên,,
Phố Đàm Quang Trung - Long Biên,Đàm Quang Trung,Long Biên,,
Phố Đồng Dinh - Long Biên,Đồng Dinh,Long Biên,,
Phố Dương Bá Trạc - Long Biên,Dương Bá Trạc,Long Biên,,
Đường Giáp Hải - Long Biên,Giáp Hải,Long Biên,,TRUE
Đường Hạ Trại - Long Biên,Hạ Trại,Long Biên,,
Ngõ Hoà Bình - Long Biên,Hoà Bình (Long Biên),Long Biên,,
Ngõ 1 Phố Hoa Động - Long Biên,Hoa Động,Long Biên,,
Ngõ 2 Phố Hoa Động - Long Biên,Hoa Động,Long Biên,,
Ngõ 21 Phố Hoa Động - Long Biên,Hoa Động,Long Biên,,
Ngõ 3 Phố Hoa Động - Long Biên,Hoa Động,Long Biên,,
Ngõ 4 Phố Hoa Động - Long Biên,Hoa Động,Long Biên,,
Phố Hoa Động - Long Biên,Hoa Động,Long Biên,,
Hẻm 1/2/23 Phố Huỳnh Tấn Phát - Long Biên,Huỳnh Tấn Phát,Long Biên,,
Hẻm 1/2/23/27 Phố Huỳnh Tấn Phát - Long Biên,Huỳnh Tấn Phát,Long Biên,,
Hẻm 1/2/23/30 Phố Huỳnh Tấn Phát - Long Biên,Huỳnh Tấn Phát,Long Biên,,
Hẻm 1/2/3 Phố Huỳnh Tấn Phát - Long Biên,Huỳnh Tấn Phát,Long Biên,,
Hẻm 1/2/5 Phố Huỳnh Tấn Phát - Long Biên,Huỳnh Tấn Phát,Long Biên,,
Hẻm 1/84/12 Phố Huỳnh Tấn Phát - Long Biên,Huỳnh Tấn Phát,Long Biên,,
Hẻm 1/84/32 Phố Huỳnh Tấn Phát - Long Biên,Huỳnh Tấn Phát,Long Biên,,
Ngách 1/2 Phố Huỳnh Tấn Phát - Long Biên,Huỳnh Tấn Phát,Long Biên,,
Ngách 1/35 Phố Huỳnh Tấn Phát - Long Biên,Huỳnh Tấn Phát,Long Biên,,
Ngách 1/36 Phố Huỳnh Tấn Phát - Long Biên,Huỳnh Tấn Phát,Long Biên,,
Ngách 1/5 Phố Huỳnh Tấn Phát - Long Biên,Huỳnh Tấn Phát,Long Biên,,
Ngách 1/54 Phố Huỳnh Tấn Phát - Long Biên,Huỳnh Tấn Phát,Long Biên,,
Ngách 1/62 Phố Huỳnh Tấn Phát - Long Biên,Huỳnh Tấn Phát,Long Biên,,
Ngách 1/74 Phố Huỳnh Tấn Phát - Long Biên,Huỳnh Tấn Phát,Long Biên,,
Ngách 1/78 Phố Huỳnh Tấn Phát - Long Biên,Huỳnh Tấn Phát,Long Biên,,
Ngách 1/84 Phố Huỳnh Tấn Phát - Long Biên,Huỳnh Tấn Phát,Long Biên,,
Ngõ 1 Phố Huỳnh Tấn Phát - Long Biên,Huỳnh Tấn Phát,Long Biên,,
Phố Huỳnh Tấn Phát - Long Biên,Huỳnh Tấn Phát,Long Biên,,
Hẻm 318/170/33 Phố Ngọc Trì - Long Biên,Ngọc Trì,Long Biên,,
Ngách 128/1 Phố Ngọc Trì - Long Biên,Ngọc Trì,Long Biên,,
Ngách 18/1 Phố Ngọc Trì - Long Biên,Ngọc Trì,Long Biên,,
Ngách 18/17 Phố Ngọc Trì - Long Biên,Ngọc Trì,Long Biên,,
Ngách 18/29 Phố Ngọc Trì - Long Biên,Ngọc Trì,Long Biên,,
Ngách 18/5 Phố Ngọc Trì - Long Biên,Ngọc Trì,Long Biên,,
Ngách 318/106 Phố Ngọc Trì - Long Biên,Ngọc Trì,Long Biên,,
Ngách 318/108 Phố Ngọc Trì - Long Biên,Ngọc Trì,Long Biên,,
Ngách 318/146 Phố Ngọc Trì - Long Biên,Ngọc Trì,Long Biên,,
Ngách 318/153 Phố Ngọc Trì - Long Biên,Ngọc Trì,Long Biên,,
Ngách 318/16 Phố Ngọc Trì - Long Biên,Ngọc Trì,Long Biên,,
Ngách 318/160 Phố Ngọc Trì - Long Biên,Ngọc Trì,Long Biên,,
Ngách 318/170 Phố Ngọc Trì - Long Biên,Ngọc Trì,Long Biên,,
Ngách 318/178 Phố Ngọc Trì - Long Biên,Ngọc Trì,Long Biên,,
Ngách 318/188 Phố Ngọc Trì - Long Biên,Ngọc Trì,Long Biên,,
Ngách 318/198 Phố Ngọc Trì - Long Biên,Ngọc Trì,Long Biên,,
Ngách 318/41 Phố Ngọc Trì - Long Biên,Ngọc Trì,Long Biên,,
Ngách 318/54 Phố Ngọc Trì - Long Biên,Ngọc Trì,Long Biên,,
Ngách 318/54Phố Ngọc Trì - Long Biên,Ngọc Trì,Long Biên,,
Ngách 318/6 Phố Ngọc Trì - Long Biên,Ngọc Trì,Long Biên,,
Ngách 318/70 Phố Ngọc Trì - Long Biên,Ngọc Trì,Long Biên,,
Ngách 318/80 Phố Ngọc Trì - Long Biên,Ngọc Trì,Long Biên,,
Ngách 48/24 Phố Ngọc Trì - Long Biên,Ngọc Trì,Long Biên,,
Ngõ 11 Phố Ngọc Trì - Long Biên,Ngọc Trì,Long Biên,,
Ngõ 128 Phố Ngọc Trì - Long Biên,Ngọc Trì,Long Biên,,
Ngõ 136 Phố Ngọc Trì - Long Biên,Ngọc Trì,Long Biên,,
Ngõ 150 Phố Ngọc Trì - Long Biên,Ngọc Trì,Long Biên,,
Ngõ 160 Phố Ngọc Trì - Long Biên,Ngọc Trì,Long Biên,,
Ngõ 168 Phố Ngọc Trì - Long Biên,Ngọc Trì,Long Biên,,
Ngõ 170 Phố Ngọc Trì - Long Biên,Ngọc Trì,Long Biên,,
Ngõ 18 Phố Ngọc Trì - Long Biên,Ngọc Trì,Long Biên,,
Ngõ 184 Phố Ngọc Trì - Long Biên,Ngọc Trì,Long Biên,,
Ngõ 188 Phố Ngọc Trì - Long Biên,Ngọc Trì,Long Biên,,
Ngõ 29 Phố Ngọc Trì - Long Biên,Ngọc Trì,Long Biên,,
Ngõ 318 Phố Ngọc Trì - Long Biên,Ngọc Trì,Long Biên,,
Ngõ 35 Phố Ngọc Trì - Long Biên,Ngọc Trì,Long Biên,,
Ngõ 39 Phố Ngọc Trì - Long Biên,Ngọc Trì,Long Biên,,
Ngõ 48 Phố Ngọc Trì - Long Biên,Ngọc Trì,Long Biên,,
Ngõ 62 Phố Ngọc Trì - Long Biên,Ngọc Trì,Long Biên,,
Ngõ 80 Phố Ngọc Trì - Long Biên,Ngọc Trì,Long Biên,,
Ngõ 92 Phố Ngọc Trì - Long Biên,Ngọc Trì,Long Biên,,
Phố Ngọc Trì - Long Biên,Ngọc Trì,Long Biên,,
Phố Nguyễn Ngọc Chân - Long Biên,Nguyễn Ngọc Chân,Long Biên,,
Phố Nguyễn Sơn - Long Biên,Nguyễn Sơn,Long Biên,,
Ngách 6/1 Phố Nguyễn Thời Trung - Long Biên,Nguyễn Thời Trung,Long Biên,,
Ngách 6/15 Phố Nguyễn Thời Trung - Long Biên,Nguyễn Thời Trung,Long Biên,,
Ngách 6/27 Phố Nguyễn Thời Trung - Long Biên,Nguyễn Thời Trung,Long Biên,,
Ngõ 6 Phố Nguyễn Thời Trung - Long Biên,Nguyễn Thời Trung,Long Biên,,
Ngõ 82 Phố Nguyễn Thời Trung - Long Biên,Nguyễn Thời Trung,Long Biên,,
Phố Nguyễn Thời Trung - Long Biên,Nguyễn Thời Trung,Long Biên,,
Đường Nguyễn Văn Linh - Long Biên,Nguyễn Văn Linh,Long Biên,,
Hẻm 188/68/9 Đường Nguyễn Văn Linh - Long Biên,Nguyễn Văn Linh,Long Biên,,
Hẻm 68/137/29 Đường Nguyễn Văn Linh - Long Biên,Nguyễn Văn Linh,Long Biên,,
Hẻm 68/177/30 Đường Nguyễn Văn Linh - Long Biên,Nguyễn Văn Linh,Long Biên,,
Hẻm 68/177/40/1 Đường Nguyễn Văn Linh - Long Biên,Nguyễn Văn Linh,Long Biên,,
Hẻm 68/45/1 Đường Nguyễn Văn Linh - Long Biên,Nguyễn Văn Linh,Long Biên,,
Hẻm 68/68/41 Đường Nguyễn Văn Linh - Long Biên,Nguyễn Văn Linh,Long Biên,,
Hẻm 68/68/45 Đường Nguyễn Văn Linh - Long Biên,Nguyễn Văn Linh,Long Biên,,
Hẻm 68/79/68 Đường Nguyễn Văn Linh - Long Biên,Nguyễn Văn Linh,Long Biên,,
Ngách 68/106 Đường Nguyễn Văn Linh - Long Biên,Nguyễn Văn Linh,Long Biên,,
Ngách 68/110 Đường Nguyễn Văn Linh - Long Biên,Nguyễn Văn Linh,Long Biên,,
Ngách 68/115 Đường Nguyễn Văn Linh - Long Biên,Nguyễn Văn Linh,Long Biên,,
Ngách 68/132 Đường Nguyễn Văn Linh - Long Biên,Nguyễn Văn Linh,Long Biên,,
Ngách 68/155 Đường Nguyễn Văn Linh - Long Biên,Nguyễn Văn Linh,Long Biên,,
Ngách 68/167 Đường Nguyễn Văn Linh - Long Biên,Nguyễn Văn Linh,Long Biên,,
Ngách 68/188 Đường Nguyễn Văn Linh - Long Biên,Nguyễn Văn Linh,Long Biên,,
Ngách 68/190 Đường Nguyễn Văn Linh - Long Biên,Nguyễn Văn Linh,Long Biên,,
Ngách 68/45 Đường Nguyễn Văn Linh - Long Biên,Nguyễn Văn Linh,Long Biên,,
Ngách 68/68 Đường Nguyễn Văn Linh - Long Biên,Nguyễn Văn Linh,Long Biên,,
Ngách 68/79 Đường Nguyễn Văn Linh - Long Biên,Nguyễn Văn Linh,Long Biên,,
Ngách 68/84 Đường Nguyễn Văn Linh - Long Biên,Nguyễn Văn Linh,Long Biên,,
Ngách 68/92 Đường Nguyễn Văn Linh - Long Biên,Nguyễn Văn Linh,Long Biên,,
Ngõ 68 Đường Nguyễn Văn Linh - Long Biên,Nguyễn Văn Linh,Long Biên,,
Đường Thạch Bàn - Long Biên,Thạch Bàn,Long Biên,,
Hẻm 134/30/10 Đường Thạch Bàn - Long Biên,Thạch Bàn,Long Biên,,
Hẻm 249/11/13 Đường Thạch Bàn - Long Biên,Thạch Bàn,Long Biên,,
Hẻm 249/11/24 Đường Thạch Bàn - Long Biên,Thạch Bàn,Long Biên,,
Ngách 12/1 Đường Thạch Bàn - Long Biên,Thạch Bàn,Long Biên,,
Ngách 12/2 Đường Thạch Bàn - Long Biên,Thạch Bàn,Long Biên,,
Ngách 12/23 Đường Thạch Bàn - Long Biên,Thạch Bàn,Long Biên,,
Ngách 134/18 Đường Thạch Bàn - Long Biên,Thạch Bàn,Long Biên,,
Ngách 134/30 Đường Thạch Bàn - Long Biên,Thạch Bàn,Long Biên,,
Ngách 145/8 Đường Thạch Bàn - Long Biên,Thạch Bàn,Long Biên,,
Ngách 191/39 Đường Thạch Bàn - Long Biên,Thạch Bàn,Long Biên,,
Ngách 191/41 Đường Thạch Bàn - Long Biên,Thạch Bàn,Long Biên,,
Ngách 196/11 Đường Thạch Bàn - Long Biên,Thạch Bàn,Long Biên,,
Ngách 227/28 Đường Thạch Bàn - Long Biên,Thạch Bàn,Long Biên,,
Ngách 227/30 Đường Thạch Bàn - Long Biên,Thạch Bàn,Long Biên,,
Ngách 227/63 Đường Thạch Bàn - Long Biên,Thạch Bàn,Long Biên,,
Ngách 227/7 Đường Thạch Bàn - Long Biên,Thạch Bàn,Long Biên,,
Ngách 227/9 Đường Thạch Bàn - Long Biên,Thạch Bàn,Long Biên,,
Ngách 249/11 Đường Thạch Bàn - Long Biên,Thạch Bàn,Long Biên,,
Ngách 249/34 Đường Thạch Bàn - Long Biên,Thạch Bàn,Long Biên,,
Ngách 249/38 Đường Thạch Bàn - Long Biên,Thạch Bàn,Long Biên,,
Ngách 249/39 Đường Thạch Bàn - Long Biên,Thạch Bàn,Long Biên,,
Ngách 279/5 Đường Thạch Bàn - Long Biên,Thạch Bàn,Long Biên,,
Ngách 64/12 Đường Thạch Bàn - Long Biên,Thạch Bàn,Long Biên,,
Ngách 64/16 Đường Thạch Bàn - Long Biên,Thạch Bàn,Long Biên,,
Ngách 64/39 Đường Thạch Bàn - Long Biên,Thạch Bàn,Long Biên,,
Ngách 64/44 Đường Thạch Bàn - Long Biên,Thạch Bàn,Long Biên,,
Ngách 64/46 Đường Thạch Bàn - Long Biên,Thạch Bàn,Long Biên,,
Ngách 64/84 Đường Thạch Bàn - Long Biên,Thạch Bàn,Long Biên,,
Ngách 64/86 Đường Thạch Bàn - Long Biên,Thạch Bàn,Long Biên,,
Ngách 64/9 Đường Thạch Bàn - Long Biên,Thạch Bàn,Long Biên,,
Ngõ 10 Đường Thạch Bàn - Long Biên,Thạch Bàn,Long Biên,,
Ngõ 101 Đường Thạch Bàn - Long Biên,Thạch Bàn,Long Biên,,
Ngõ 105 Đường Thạch Bàn - Long Biên,Thạch Bàn,Long Biên,,
Ngõ 108 Đường Thạch Bàn - Long Biên,Thạch Bàn,Long Biên,,
Ngõ 12 Đường Thạch Bàn - Long Biên,Thạch Bàn,Long Biên,,
Ngõ 120 Đường Thạch Bàn - Long Biên,Thạch Bàn,Long Biên,,
Ngõ 121 Đường Thạch Bàn - Long Biên,Thạch Bàn,Long Biên,,
Ngõ 134 Đường Thạch Bàn - Long Biên,Thạch Bàn,Long Biên,,
Ngõ 145 Đường Thạch Bàn - Long Biên,Thạch Bàn,Long Biên,,
Ngõ 161 Đường Thạch Bàn - Long Biên,Thạch Bàn,Long Biên,,
Ngõ 170 Đường Thạch Bàn - Long Biên,Thạch Bàn,Long Biên,,
Ngõ 184 Đường Thạch Bàn - Long Biên,Thạch Bàn,Long Biên,,
Ngõ 185 Đường Thạch Bàn - Long Biên,Thạch Bàn,Long Biên,,
Ngõ 191 Đường Thạch Bàn - Long Biên,Thạch Bàn,Long Biên,,
Ngõ 193 Đường Thạch Bàn - Long Biên,Thạch Bàn,Long Biên,,
Ngõ 196 Đường Thạch Bàn - Long Biên,Thạch Bàn,Long Biên,,
Ngõ 227 Đường Thạch Bàn - Long Biên,Thạch Bàn,Long Biên,,
Ngõ 249 Đường Thạch Bàn - Long Biên,Thạch Bàn,Long Biên,,
Ngõ 279 Đường Thạch Bàn - Long Biên,Thạch Bàn,Long Biên,,
Ngõ 293 Đường Thạch Bàn - Long Biên,Thạch Bàn,Long Biên,,
Ngõ 3 Đường Thạch Bàn - Long Biên,Thạch Bàn,Long Biên,,
Ngõ 307 Đường Thạch Bàn - Long Biên,Thạch Bàn,Long Biên,,
Ngõ 329 Đường Thạch Bàn - Long Biên,Thạch Bàn,Long Biên,,
Ngõ 49 Đường Thạch Bàn - Long Biên,Thạch Bàn,Long Biên,,
Ngõ 64 Đường Thạch Bàn - Long Biên,Thạch Bàn,Long Biên,,
Ngõ 71 Đường Thạch Bàn - Long Biên,Thạch Bàn,Long Biên,,
Ngõ 85 Đường Thạch Bàn - Long Biên,Thạch Bàn,Long Biên,,
Ngõ 88 Đường Thạch Bàn - Long Biên,Thạch Bàn,Long Biên,,
Ngõ 93 Đường Thạch Bàn - Long Biên,Thạch Bàn,Long Biên,,
Ngõ 94 Đường Thạch Bàn - Long Biên,Thạch Bàn,Long Biên,,
Ngách 56/19 Phố Thạch Cầu - Long Biên,Thạch Cầu,Long Biên,,
Ngách 56/26 Phố Thạch Cầu - Long Biên,Thạch Cầu,Long Biên,,
Ngách 56/5 Phố Thạch Cầu - Long Biên,Thạch Cầu,Long Biên,,
Ngách 56/63 Phố Thạch Cầu - Long Biên,Thạch Cầu,Long Biên,,
Ngách 56/8 Phố Thạch Cầu - Long Biên,Thạch Cầu,Long Biên,,
Ngách 56/87 Phố Thạch Cầu - Long Biên,Thạch Cầu,Long Biên,,
Ngõ 12 Phố Thạch Cầu - Long Biên,Thạch Cầu,Long Biên,,
Ngõ 14 Phố Thạch Cầu - Long Biên,Thạch Cầu,Long Biên,,
Ngõ 24 Phố Thạch Cầu - Long Biên,Thạch Cầu,Long Biên,,
Ngõ 56 Phố Thạch Cầu - Long Biên,Thạch Cầu,Long Biên,,
Phố Thạch Cầu - Long Biên,Thạch Cầu,Long Biên,,
Ngách 1 Ngõ Thống Nhất - Long Biên,Thống Nhất (Long Biên),Long Biên,,
Ngách 11 Ngõ Thống Nhất - Long Biên,Thống Nhất (Long Biên),Long Biên,,
Ngách 110 Ngõ Thống Nhất - Long Biên,Thống Nhất (Long Biên),Long Biên,,
Ngách 120 Ngõ Thống Nhất - Long Biên,Thống Nhất (Long Biên),Long Biên,,
Ngách 120A Ngõ Thống Nhất - Long Biên,Thống Nhất (Long Biên),Long Biên,,
Ngách 138 Ngõ Thống Nhất - Long Biên,Thống Nhất (Long Biên),Long Biên,,
Ngách 17 Ngõ Thống Nhất - Long Biên,Thống Nhất (Long Biên),Long Biên,,
Ngách 176 Ngõ Thống Nhất - Long Biên,Thống Nhất (Long Biên),Long Biên,,
Ngách 18 Ngõ Thống Nhất - Long Biên,Thống Nhất (Long Biên),Long Biên,,
Ngách 2 Ngõ Thống Nhất - Long Biên,Thống Nhất (Long Biên),Long Biên,,
Ngách 30 Ngõ Thống Nhất - Long Biên,Thống Nhất (Long Biên),Long Biên,,
Ngách 37 Ngõ Thống Nhất - Long Biên,Thống Nhất (Long Biên),Long Biên,,
Ngách 44 Ngõ Thống Nhất - Long Biên,Thống Nhất (Long Biên),Long Biên,,
Ngách 52 Ngõ Thống Nhất - Long Biên,Thống Nhất (Long Biên),Long Biên,,
Ngách 54 Ngõ Thống Nhất - Long Biên,Thống Nhất (Long Biên),Long Biên,,
Ngách 58 Ngõ Thống Nhất - Long Biên,Thống Nhất (Long Biên),Long Biên,,
Ngách 62 Ngõ Thống Nhất - Long Biên,Thống Nhất (Long Biên),Long Biên,,
Ngách 64 Ngõ Thống Nhất - Long Biên,Thống Nhất (Long Biên),Long Biên,,
Ngách 69 Ngõ Thống Nhất - Long Biên,Thống Nhất (Long Biên),Long Biên,,
Ngách 7 Ngõ Thống Nhất - Long Biên,Thống Nhất (Long Biên),Long Biên,,
Ngách 82 Ngõ Thống Nhất - Long Biên,Thống Nhất (Long Biên),Long Biên,,
Ngách 101/10 Phố Trạm - Long Biên,Trạm (Long Biên),Long Biên,,
Ngách 101/2 Phố Trạm - Long Biên,Trạm (Long Biên),Long Biên,,
Ngách 101/34 Phố Trạm - Long Biên,Trạm (Long Biên),Long Biên,,
Ngách 101/45 Phố Trạm - Long Biên,Trạm (Long Biên),Long Biên,,
Ngách 101/7 Phố Trạm - Long Biên,Trạm (Long Biên),Long Biên,,
Ngách 29/2 Phố Trạm - Long Biên,Trạm (Long Biên),Long Biên,,
Ngách 29/26 Phố Trạm - Long Biên,Trạm (Long Biên),Long Biên,,
Ngách 29/27 Phố Trạm - Long Biên,Trạm (Long Biên),Long Biên,,
Ngách 29/32 Phố Trạm - Long Biên,Trạm (Long Biên),Long Biên,,
Ngách 29/39 Phố Trạm - Long Biên,Trạm (Long Biên),Long Biên,,
Ngách 29/40 Phố Trạm - Long Biên,Trạm (Long Biên),Long Biên,,
Ngách 29/45 Phố Trạm - Long Biên,Trạm (Long Biên),Long Biên,,
Ngách 29/48 Phố Trạm - Long Biên,Trạm (Long Biên),Long Biên,,
Ngách 29/51 Phố Trạm - Long Biên,Trạm (Long Biên),Long Biên,,
Ngách 29/61 Phố Trạm - Long Biên,Trạm (Long Biên),Long Biên,,
Ngách 29/74 Phố Trạm - Long Biên,Trạm (Long Biên),Long Biên,,
Ngách 29/76 Phố Trạm - Long Biên,Trạm (Long Biên),Long Biên,,
Ngách 29/77 Phố Trạm - Long Biên,Trạm (Long Biên),Long Biên,,
Ngách 61/10 Phố Trạm - Long Biên,Trạm (Long Biên),Long Biên,,
Ngách 61/101 Phố Trạm - Long Biên,Trạm (Long Biên),Long Biên,,
Ngách 61/113 Phố Trạm - Long Biên,Trạm (Long Biên),Long Biên,,
Ngách 61/45 Phố Trạm - Long Biên,Trạm (Long Biên),Long Biên,,
Ngách 61/56 Phố Trạm - Long Biên,Trạm (Long Biên),Long Biên,,
Ngách 61/82 Phố Trạm - Long Biên,Trạm (Long Biên),Long Biên,,
Ngách 61/88 Phố Trạm - Long Biên,Trạm (Long Biên),Long Biên,,
Ngách 81/11 Phố Trạm - Long Biên,Trạm (Long Biên),Long Biên,,
Ngách 81/46 Phố Trạm - Long Biên,Trạm (Long Biên),Long Biên,,
Ngõ 101 Phố Trạm - Long Biên,Trạm (Long Biên),Long Biên,,
Ngõ 29 Phố Trạm - Long Biên,Trạm (Long Biên),Long Biên,,
Ngõ 61 Phố Trạm - Long Biên,Trạm (Long Biên),Long Biên,,
Ngõ 61/59 Phố Trạm - Long Biên,Trạm (Long Biên),Long Biên,,
Ngõ 61/70 Phố Trạm - Long Biên,Trạm (Long Biên),Long Biên,,
Ngõ 61/83 Phố Trạm - Long Biên,Trạm (Long Biên),Long Biên,,
Ngõ 61/91 Phố Trạm - Long Biên,Trạm (Long Biên),Long Biên,,
Ngõ 81 Phố Trạm - Long Biên,Trạm (Long Biên),Long Biên,,
Phố Trạm - Long Biên,Trạm (Long Biên),Long Biên,,
Phố Trần Đăng Khoa - Long Biên,Trần Đăng Khoa,Long Biên,,
Hẻm 163/30/12 Phố Tư Đình - Long Biên,Tư Đình,Long Biên,,
Hẻm 163/30/18 Phố Tư Đình - Long Biên,Tư Đình,Long Biên,,
Hẻm 163/30/2 Phố Tư Đình - Long Biên,Tư Đình,Long Biên,,
Hẻm 163/66/2 Phố Tư Đình - Long Biên,Tư Đình,Long Biên,,
Hẻm 188/35/14 Phố Tư Đình - Long Biên,Tư Đình,Long Biên,,
Hẻm 188/35/20 Phố Tư Đình - Long Biên,Tư Đình,Long Biên,,
Hẻm 188/35/27 Phố Tư Đình - Long Biên,Tư Đình,Long Biên,,
Hẻm 188/35/29 Phố Tư Đình - Long Biên,Tư Đình,Long Biên,,
Hẻm 188/35/31 Phố Tư Đình - Long Biên,Tư Đình,Long Biên,,
Ngách 163/3 Phố Tư Đình - Long Biên,Tư Đình,Long Biên,,
Ngách 163/30 Phố Tư Đình - Long Biên,Tư Đình,Long Biên,,
Ngách 163/38 Phố Tư Đình - Long Biên,Tư Đình,Long Biên,,
Ngách 163/50 Phố Tư Đình - Long Biên,Tư Đình,Long Biên,,
Ngách 163/66 Phố Tư Đình - Long Biên,Tư Đình,Long Biên,,
Ngách 188/17 Phố Tư Đình - Long Biên,Tư Đình,Long Biên,,
Ngách 188/35 Phố Tư Đình - Long Biên,Tư Đình,Long Biên,,
Ngách 26/43 Phố Tư Đình - Long Biên,Tư Đình,Long Biên,,
Ngách 26/72 Phố Tư Đình - Long Biên,Tư Đình,Long Biên,,
Ngách 26/84 Phố Tư Đình - Long Biên,Tư Đình,Long Biên,,
Ngách 43/18 Phố Tư Đình - Long Biên,Tư Đình,Long Biên,,
Ngách 44/30 Tư Đình - Long Biên,Tư Đình,Long Biên,,
Ngách 44/40 Tư Đình - Long Biên,Tư Đình,Long Biên,,
Ngách 44/48 Tư Đình - Long Biên,Tư Đình,Long Biên,,
Ngách 44/68 Phố Tư Đình - Long Biên,Tư Đình,Long Biên,,
Ngõ 163 Phố Tư Đình - Long Biên,Tư Đình,Long Biên,,
Ngõ 188 Phố Tư Đình - Long Biên,Tư Đình,Long Biên,,
Ngõ 26 Phố Tư Đình - Long Biên,Tư Đình,Long Biên,,
Ngõ 3 Phố Tư Đình - Long Biên,Tư Đình,Long Biên,,
Ngõ 34 Tư Đình - Long Biên,Tư Đình,Long Biên,,
Ngõ 38 Phố Tư Đình - Long Biên,Tư Đình,Long Biên,,
Ngõ 43 Phố Tư Đình - Long Biên,Tư Đình,Long Biên,,
Ngõ 44 Phố Tư Đình - Long Biên,Tư Đình,Long Biên,,
Ngõ 46 Phố Tư Đình - Long Biên,Tư Đình,Long Biên,,
Ngõ 69 Phố Tư Đình - Long Biên,Tư Đình,Long Biên,,
Ngõ 75 Phố Tư Đình - Long Biên,Tư Đình,Long Biên,,
Ngõ 83 Phố Tư Đình - Long Biên,Tư Đình,Long Biên,,
Phố Tư Đình - Long Biên,Tư Đình,Long Biên,,
Ngõ Tự Do 1 - Long Biên,Tự Do (Long Biên),Long Biên,,
Ngõ Tự Do 2 - Long Biên,Tự Do (Long Biên),Long Biên,,
Cầu Vĩnh Tuy - Long Biên,Vĩnh Tuy,Long Biên,,
Hẻm 197/318/3 Vũ Đình Tụng - Long Biên,Vũ Đình Tụng,Long Biên,,
Hẻm 197/318/3/14 Phố Vũ Đình Tụng - Long Biên,Vũ Đình Tụng,Long Biên,,
Hẻm 197/318/3/14 Vũ Đình Tụng - Long Biên,Vũ Đình Tụng,Long Biên,,
Hẻm 197/318/3/37 Phố Vũ Đình Tụng - Long Biên,Vũ Đình Tụng,Long Biên,,
Hẻm 197/318/3/47 Vũ Đình Tụng - Long Biên,Vũ Đình Tụng,Long Biên,,
Hẻm 197/318/3/59 Phố Vũ Đình Tụng - Long Biên,Vũ Đình Tụng,Long Biên,,
Hẻm 197/318/3/7 Vũ Đình Tụng - Long Biên,Vũ Đình Tụng,Long Biên,,
Hẻm 197/318/3/75 Phố Vũ Đình Tụng - Long Biên,Vũ Đình Tụng,Long Biên,,
Hẻm 197/318/3/9 Vũ Đình Tụng - Long Biên,Vũ Đình Tụng,Long Biên,,
Ngõ 35 Phố Vũ Đình Tụng - Long Biên,Vũ Đình Tụng,Long Biên,,
Ngõ 37 Phố Vũ Đình Tụng - Long Biên,Vũ Đình Tụng,Long Biên,,
Ngõ 75 Phố Vũ Đình Tụng - Long Biên,Vũ Đình Tụng,Long Biên,,
Phố Vũ Đình Tụng - Long Biên,Vũ Đình Tụng,Long Biên,,
Phố Vũ Lập - Long Biên,Vũ Lập,Long Biên,,
Ngõ 1 Phố Xuân Đỗ - Long Biên,Xuân Đỗ,Long Biên,,
Ngõ 103 Phố Xuân Đỗ - Long Biên,Xuân Đỗ,Long Biên,,
Ngõ 122 Phố Xuân Đỗ - Long Biên,Xuân Đỗ,Long Biên,,
Ngõ 122/10 Phố Xuân Đỗ - Long Biên,Xuân Đỗ,Long Biên,,
Ngõ 152 Phố Xuân Đỗ - Long Biên,Xuân Đỗ,Long Biên,,
Ngõ 184 Phố Xuân Đỗ - Long Biên,Xuân Đỗ,Long Biên,,
Ngõ 21 Phố Xuân Đỗ - Long Biên,Xuân Đỗ,Long Biên,,
Ngõ 33 Phố Xuân Đỗ - Long Biên,Xuân Đỗ,Long Biên,,
Ngõ 44 Phố Xuân Đỗ - Long Biên,Xuân Đỗ,Long Biên,,
Ngõ 47 Phố Xuân Đỗ - Long Biên,Xuân Đỗ,Long Biên,,
Ngõ 59 Phố Xuân Đỗ - Long Biên,Xuân Đỗ,Long Biên,,
Ngõ 97 Phố Xuân Đỗ - Long Biên,Xuân Đỗ,Long Biên,,
Phố Xuân Đỗ - Long Biên,Xuân Đỗ,Long Biên,,
Đường Xuân Khôi - Long Biên,Xuân Khôi,Long Biên,,
Ngõ 31 Đường Xuân Khôi - Long Biên,Xuân Khôi,Long Biên,,
Ngõ 32 Đường Xuân Khôi - Long Biên,Xuân Khôi,Long Biên,,
Ngõ 41 Đường Xuân Khôi - Long Biên,Xuân Khôi,Long Biên,,
Ngõ 42 Đường Xuân Khôi - Long Biên,Xuân Khôi,Long Biên,,
Ngõ 62 Đường Xuân Khôi - Long Biên,Xuân Khôi,Long Biên,,
Ngõ 68 Đường Xuân Khôi - Long Biên,Xuân Khôi,Long Biên,,
"Cầu Thanh Trì - Long Biên, Lĩnh Nam",Thanh Trì,"Long Biên, Lĩnh Nam",,
"Cầu Vĩnh Tuy - Long Biên, Lĩnh Nam",Vĩnh Tuy,"Long Biên, Lĩnh Nam",,
"Huỳnh Tấn Phát - Long Biên, Phúc Lợi",Huỳnh Tấn Phát,"Long Biên, Phúc Lợi",,
"Phố Sài Đồng - Long Biên, Phúc Lợi",Sài Đồng,"Long Biên, Phúc Lợi",,
"Phố Vũ Xuân Thiều - Long Biên, Phúc Lợi",Vũ Xuân Thiều,"Long Biên, Phúc Lợi",,TRUE
"Phố Việt Hưng - Long Biên, Việt Hưng",Việt Hưng,"Long Biên, Việt Hưng",,
"Cầu Thanh Trì - Long Biên, Vĩnh Hưng",Thanh Trì,"Long Biên, Vĩnh Hưng",,
Đường Bưởi - Nghĩa Đô,Bưởi,Nghĩa Đô,,
Đường Cầu Giấy - Nghĩa Đô,Cầu Giấy,Nghĩa Đô,,
Hẻm 132/42/1 Đường Cầu Giấy - Nghĩa Đô,Cầu Giấy,Nghĩa Đô,,
Hẻm 196/8/11 Đường Cầu Giấy - Nghĩa Đô,Cầu Giấy,Nghĩa Đô,,
Hẻm 196/8/2 Đường Cầu Giấy - Nghĩa Đô,Cầu Giấy,Nghĩa Đô,,
Hẻm 196/8/8 Đường Cầu Giấy - Nghĩa Đô,Cầu Giấy,Nghĩa Đô,,
Hẻm 68/53/14 Đường Cầu Giấy - Nghĩa Đô,Cầu Giấy,Nghĩa Đô,,
Hẻm 68/53/9 Đường Cầu Giấy - Nghĩa Đô,Cầu Giấy,Nghĩa Đô,,
Hẻm 68/91/16 Đường Cầu Giấy - Nghĩa Đô,Cầu Giấy,Nghĩa Đô,,
Ngách 132/24 Đường Cầu Giấy - Nghĩa Đô,Cầu Giấy,Nghĩa Đô,,
Ngách 132/56 Đường Cầu Giấy - Nghĩa Đô,Cầu Giấy,Nghĩa Đô,,
Ngách 196/8 Đường Cầu Giấy - Nghĩa Đô,Cầu Giấy,Nghĩa Đô,,
Ngách 68/102 Đường Cầu Giấy - Nghĩa Đô,Cầu Giấy,Nghĩa Đô,,
Ngách 68/110 Đường Cầu Giấy - Nghĩa Đô,Cầu Giấy,Nghĩa Đô,,
Ngách 68/119 Đường Cầu Giấy - Nghĩa Đô,Cầu Giấy,Nghĩa Đô,,
Ngách 68/123 Đường Cầu Giấy - Nghĩa Đô,Cầu Giấy,Nghĩa Đô,,
Ngách 68/34 Đường Cầu Giấy - Nghĩa Đô,Cầu Giấy,Nghĩa Đô,,
Ngách 68/37 Đường Cầu Giấy - Nghĩa Đô,Cầu Giấy,Nghĩa Đô,,
Ngách 68/53 Đường Cầu Giấy - Nghĩa Đô,Cầu Giấy,Nghĩa Đô,,
Ngách 68/53 Phố Cầu Giấy - Nghĩa Đô,Cầu Giấy,Nghĩa Đô,,
Ngách 68/91 Đường Cầu Giấy - Nghĩa Đô,Cầu Giấy,Nghĩa Đô,,
Ngách 68/94 Đường Cầu Giấy - Nghĩa Đô,Cầu Giấy,Nghĩa Đô,,
Ngõ 106 Đường Cầu Giấy - Nghĩa Đô,Cầu Giấy,Nghĩa Đô,,
Ngõ 118 Đường Cầu Giấy - Nghĩa Đô,Cầu Giấy,Nghĩa Đô,,
Ngõ 132 Đường Cầu Giấy - Nghĩa Đô,Cầu Giấy,Nghĩa Đô,,
Ngõ 196 Đường Cầu Giấy - Nghĩa Đô,Cầu Giấy,Nghĩa Đô,,
Ngõ 68 Đường Cầu Giấy - Nghĩa Đô,Cầu Giấy,Nghĩa Đô,,
Ngõ 88 Đường Cầu Giấy - Nghĩa Đô,Cầu Giấy,Nghĩa Đô,,
Đường Đặng Thuỳ Trâm - Nghĩa Đô,Đặng Thuỳ Trâm,Nghĩa Đô,,
Ngách 2/21 Phố Đặng Thuỳ Trâm - Nghĩa Đô,Đặng Thuỳ Trâm,Nghĩa Đô,,
Ngách 2/7 Phố Đặng Thuỳ Trâm - Nghĩa Đô,Đặng Thuỳ Trâm,Nghĩa Đô,,
Ngách 38/6 Phố Đặng Thuỳ Trâm - Nghĩa Đô,Đặng Thuỳ Trâm,Nghĩa Đô,,
Ngách 50/2 Phố Đặng Thuỳ Trâm - Nghĩa Đô,Đặng Thuỳ Trâm,Nghĩa Đô,,
Ngõ 2 Phố Đặng Thuỳ Trâm - Nghĩa Đô,Đặng Thuỳ Trâm,Nghĩa Đô,,
Ngõ 26 Phố Đặng Thuỳ Trâm - Nghĩa Đô,Đặng Thuỳ Trâm,Nghĩa Đô,,
Ngõ 38 Phố Đặng Thuỳ Trâm - Nghĩa Đô,Đặng Thuỳ Trâm,Nghĩa Đô,,
Ngõ 4 Phố Đặng Thuỳ Trâm - Nghĩa Đô,Đặng Thuỳ Trâm,Nghĩa Đô,,
Ngõ 40 Phố Đặng Thuỳ Trâm - Nghĩa Đô,Đặng Thuỳ Trâm,Nghĩa Đô,,
Ngõ 50 Phố Đặng Thuỳ Trâm - Nghĩa Đô,Đặng Thuỳ Trâm,Nghĩa Đô,,
Ngõ 6 Phố Đặng Thuỳ Trâm - Nghĩa Đô,Đặng Thuỳ Trâm,Nghĩa Đô,,
Ngõ 62 Phố Đặng Thuỳ Trâm - Nghĩa Đô,Đặng Thuỳ Trâm,Nghĩa Đô,,
Ngõ 9 Phố Đặng Thuỳ Trâm - Nghĩa Đô,Đặng Thuỳ Trâm,Nghĩa Đô,,
Phố Đặng Thuỳ Trâm - Nghĩa Đô,Đặng Thuỳ Trâm,Nghĩa Đô,,
Ngõ 1 Phố Đông Quan - Nghĩa Đô,Đông Quan,Nghĩa Đô,,
Ngõ 10 Phố Đông Quan - Nghĩa Đô,Đông Quan,Nghĩa Đô,,
Ngõ 14 Phố Đông Quan - Nghĩa Đô,Đông Quan,Nghĩa Đô,,
Ngõ 16 Phố Đông Quan - Nghĩa Đô,Đông Quan,Nghĩa Đô,,
Ngõ 17 Phố Đông Quan - Nghĩa Đô,Đông Quan,Nghĩa Đô,,
Phố Đông Quan - Nghĩa Đô,Đông Quan,Nghĩa Đô,,
Hẻm 165/49/15 Phố Dương Quảng Hàm - Nghĩa Đô,Dương Quảng Hàm,Nghĩa Đô,,
Hẻm 165/49/16 Phố Dương Quảng Hàm - Nghĩa Đô,Dương Quảng Hàm,Nghĩa Đô,,
Hẻm 165/49/25 Phố Dương Quảng Hàm - Nghĩa Đô,Dương Quảng Hàm,Nghĩa Đô,,
Hẻm 72/2/15 Phố Dương Quảng Hàm - Nghĩa Đô,Dương Quảng Hàm,Nghĩa Đô,,
Hẻm 79/40/2 Phố Dương Quảng Hàm - Nghĩa Đô,Dương Quảng Hàm,Nghĩa Đô,,
Hẻm 79/40/22 Phố Dương Quảng Hàm - Nghĩa Đô,Dương Quảng Hàm,Nghĩa Đô,,
Hẻm 79/40/7 Phố Dương Quảng Hàm - Nghĩa Đô,Dương Quảng Hàm,Nghĩa Đô,,
Ngách 132/62 Phố Dương Quảng Hàm - Nghĩa Đô,Dương Quảng Hàm,Nghĩa Đô,,
Ngách 165/12 Phố Dương Quảng Hàm - Nghĩa Đô,Dương Quảng Hàm,Nghĩa Đô,,
Ngách 165/2 Phố Dương Quảng Hàm - Nghĩa Đô,Dương Quảng Hàm,Nghĩa Đô,,
Ngách 165/23 Phố Dương Quảng Hàm - Nghĩa Đô,Dương Quảng Hàm,Nghĩa Đô,,
Ngách 165/30 Phố Dương Quảng Hàm - Nghĩa Đô,Dương Quảng Hàm,Nghĩa Đô,,
Ngách 165/49 Phố Dương Quảng Hàm - Nghĩa Đô,Dương Quảng Hàm,Nghĩa Đô,,
Ngách 72/2 Phố Dương Quảng Hàm - Nghĩa Đô,Dương Quảng Hàm,Nghĩa Đô,,
Ngách 72/28 Phố Dương Quảng Hàm - Nghĩa Đô,Dương Quảng Hàm,Nghĩa Đô,,
Ngách 72/38 Phố Dương Quảng Hàm - Nghĩa Đô,Dương Quảng Hàm,Nghĩa Đô,,
Ngách 72/66 Phố Dương Quảng Hàm - Nghĩa Đô,Dương Quảng Hàm,Nghĩa Đô,,
Ngách 79/14 Phố Dương Quảng Hàm - Nghĩa Đô,Dương Quảng Hàm,Nghĩa Đô,,
Ngách 79/40 Phố Dương Quảng Hàm - Nghĩa Đô,Dương Quảng Hàm,Nghĩa Đô,,
Ngõ 118 Phố Dương Quảng Hàm - Nghĩa Đô,Dương Quảng Hàm,Nghĩa Đô,,
Ngõ 149 Phố Dương Quảng Hàm - Nghĩa Đô,Dương Quảng Hàm,Nghĩa Đô,,
Ngõ 165 Phố Dương Quảng Hàm - Nghĩa Đô,Dương Quảng Hàm,Nghĩa Đô,,
Ngõ 167 Phố Dương Quảng Hàm - Nghĩa Đô,Dương Quảng Hàm,Nghĩa Đô,,
Ngõ 48 Phố Dương Quảng Hàm - Nghĩa Đô,Dương Quảng Hàm,Nghĩa Đô,,
Ngõ 72 Phố Dương Quảng Hàm - Nghĩa Đô,Dương Quảng Hàm,Nghĩa Đô,,
Ngõ 79 Phố Dương Quảng Hàm - Nghĩa Đô,Dương Quảng Hàm,Nghĩa Đô,,
Ngõ 9 Phố Dương Quảng Hàm - Nghĩa Đô,Dương Quảng Hàm,Nghĩa Đô,,
Phố Dương Quảng Hàm - Nghĩa Đô,Dương Quảng Hàm,Nghĩa Đô,,
Đường Hoàng Quốc Việt - Nghĩa Đô,Hoàng Quốc Việt,Nghĩa Đô,,
Hẻm 5/4/15 Đường Hoàng Quốc Việt - Nghĩa Đô,Hoàng Quốc Việt,Nghĩa Đô,,
Hẻm 5/4/23 Đường Hoàng Quốc Việt - Nghĩa Đô,Hoàng Quốc Việt,Nghĩa Đô,,
Hẻm 5/4/3 Đường Hoàng Quốc Việt - Nghĩa Đô,Hoàng Quốc Việt,Nghĩa Đô,,
Ngách 106/1 Đường Hoàng Quốc Việt - Nghĩa Đô,Hoàng Quốc Việt,Nghĩa Đô,,
Ngách 106/10 Đường Hoàng Quốc Việt - Nghĩa Đô,Hoàng Quốc Việt,Nghĩa Đô,,
Ngách 106/14 Đường Hoàng Quốc Việt - Nghĩa Đô,Hoàng Quốc Việt,Nghĩa Đô,,
Ngách 106/15 Đường Hoàng Quốc Việt - Nghĩa Đô,Hoàng Quốc Việt,Nghĩa Đô,,
Ngách 106/27 Đường Hoàng Quốc Việt - Nghĩa Đô,Hoàng Quốc Việt,Nghĩa Đô,,
Ngách 106/39 Đường Hoàng Quốc Việt - Nghĩa Đô,Hoàng Quốc Việt,Nghĩa Đô,,
Ngách 106/4 Đường Hoàng Quốc Việt - Nghĩa Đô,Hoàng Quốc Việt,Nghĩa Đô,,
Ngách 106/42 Đường Hoàng Quốc Việt - Nghĩa Đô,Hoàng Quốc Việt,Nghĩa Đô,,
Ngách 106/5 Đường Hoàng Quốc Việt - Nghĩa Đô,Hoàng Quốc Việt,Nghĩa Đô,,
Ngách 106/6 Đường Hoàng Quốc Việt - Nghĩa Đô,Hoàng Quốc Việt,Nghĩa Đô,,
Ngách 106/61 Đường Hoàng Quốc Việt - Nghĩa Đô,Hoàng Quốc Việt,Nghĩa Đô,,
Ngách 106/76 Đường Hoàng Quốc Việt - Nghĩa Đô,Hoàng Quốc Việt,Nghĩa Đô,,
Ngách 106/8 Đường Hoàng Quốc Việt - Nghĩa Đô,Hoàng Quốc Việt,Nghĩa Đô,,
Ngách 112/5 Đường Hoàng Quốc Việt - Nghĩa Đô,Hoàng Quốc Việt,Nghĩa Đô,,
Ngách 210/42 Đường Hoàng Quốc Việt - Nghĩa Đô,Hoàng Quốc Việt,Nghĩa Đô,,
Ngách 234/1 Đường Hoàng Quốc Việt - Nghĩa Đô,Hoàng Quốc Việt,Nghĩa Đô,,
Ngách 234/17 Đường Hoàng Quốc Việt - Nghĩa Đô,Hoàng Quốc Việt,Nghĩa Đô,,
Ngách 234/29 Đường Hoàng Quốc Việt - Nghĩa Đô,Hoàng Quốc Việt,Nghĩa Đô,,
Ngách 234/35 Đường Hoàng Quốc Việt - Nghĩa Đô,Hoàng Quốc Việt,Nghĩa Đô,,
Ngách 238/11 Đường Hoàng Quốc Việt - Nghĩa Đô,Hoàng Quốc Việt,Nghĩa Đô,,
Ngách 238/2 Đường Hoàng Quốc Việt - Nghĩa Đô,Hoàng Quốc Việt,Nghĩa Đô,,
Ngách 238/25 Đường Hoàng Quốc Việt - Nghĩa Đô,Hoàng Quốc Việt,Nghĩa Đô,,
Ngách 238/28 Đường Hoàng Quốc Việt - Nghĩa Đô,Hoàng Quốc Việt,Nghĩa Đô,,
Ngách 238/29 Đường Hoàng Quốc Việt - Nghĩa Đô,Hoàng Quốc Việt,Nghĩa Đô,,
Ngách 238/4 Đường Hoàng Quốc Việt - Nghĩa Đô,Hoàng Quốc Việt,Nghĩa Đô,,
Ngách 36/2 Đường Hoàng Quốc Việt - Nghĩa Đô,Hoàng Quốc Việt,Nghĩa Đô,,
Ngách 385/1 Đường Hoàng Quốc Việt - Nghĩa Đô,Hoàng Quốc Việt,Nghĩa Đô,,
Ngách 421/2 Đường Hoàng Quốc Việt - Nghĩa Đô,Hoàng Quốc Việt,Nghĩa Đô,,
Ngách 421/4 Đường Hoàng Quốc Việt - Nghĩa Đô,Hoàng Quốc Việt,Nghĩa Đô,,
Ngách 5/102 Đường Hoàng Quốc Việt - Nghĩa Đô,Hoàng Quốc Việt,Nghĩa Đô,,
Ngách 5/21 Đường Hoàng Quốc Việt - Nghĩa Đô,Hoàng Quốc Việt,Nghĩa Đô,,
Ngách 5/4 Đường Hoàng Quốc Việt - Nghĩa Đô,Hoàng Quốc Việt,Nghĩa Đô,,
Ngách 5/45 Đường Hoàng Quốc Việt - Nghĩa Đô,Hoàng Quốc Việt,Nghĩa Đô,,
Ngách 5/47 Đường Hoàng Quốc Việt - Nghĩa Đô,Hoàng Quốc Việt,Nghĩa Đô,,
Ngách 5/87 Đường Hoàng Quốc Việt - Nghĩa Đô,Hoàng Quốc Việt,Nghĩa Đô,,
Ngõ 106 Đường Hoàng Quốc Việt - Nghĩa Đô,Hoàng Quốc Việt,Nghĩa Đô,,
Ngõ 110 Đường Hoàng Quốc Việt - Nghĩa Đô,Hoàng Quốc Việt,Nghĩa Đô,,
Ngõ 112 Đường Hoàng Quốc Việt - Nghĩa Đô,Hoàng Quốc Việt,Nghĩa Đô,,
Ngõ 116 Đường Hoàng Quốc Việt - Nghĩa Đô,Hoàng Quốc Việt,Nghĩa Đô,,
Ngõ 120 Đường Hoàng Quốc Việt - Nghĩa Đô,Hoàng Quốc Việt,Nghĩa Đô,,
Ngõ 123 Đường Hoàng Quốc Việt - Nghĩa Đô,Hoàng Quốc Việt,Nghĩa Đô,,
Ngõ 126 Đường Hoàng Quốc Việt - Nghĩa Đô,Hoàng Quốc Việt,Nghĩa Đô,,
Ngõ 180 Đường Hoàng Quốc Việt - Nghĩa Đô,Hoàng Quốc Việt,Nghĩa Đô,,
Ngõ 184 Đường Hoàng Quốc Việt - Nghĩa Đô,Hoàng Quốc Việt,Nghĩa Đô,,
Ngõ 190 Đường Hoàng Quốc Việt - Nghĩa Đô,Hoàng Quốc Việt,Nghĩa Đô,,
Ngõ 2 Đường Hoàng Quốc Việt - Nghĩa Đô,Hoàng Quốc Việt,Nghĩa Đô,"Ngõ được hình thành dựa trên lòng sông Tô Lịch cũ. Sông Tô Lịch gốc rẽ nhánh khỏi sông Hồng tại ngã ba Chợ Gạo - Trần Nhật Duật, chảy qua Nguyễn Siêu, ngõ Gạch, chảy chéo lên phố Hàng Lược, Hàng Cót, nhập vào hệ thống hào nước bao quanh Hoàng thành Thăng Long, rồi rẽ chảy qua phía Tây, đi qua Phan Đình Phùng, đi dưới trường THCS Chu Văn An, ngõ 2 dốc La Pho, một phần ngõ 10 đường Hoàng Hoa Thám, ngõ 79 đường Thuỵ Khuê, ngõ 11 dốc Tam Đa, ngõ 6 gốc Tam Đa, phố Đồng Cổ, chảy dưới chợ Bưởi, đi tiếp qua ngõ 24 Võ Chí Công, ngõ 2 đường Hoàng Quốc Việt rồi chảy lộ thiên.",
Ngõ 203 Đường Hoàng Quốc Việt - Nghĩa Đô,Hoàng Quốc Việt,Nghĩa Đô,,
Ngõ 210 Đường Hoàng Quốc Việt - Nghĩa Đô,Hoàng Quốc Việt,Nghĩa Đô,,
Ngõ 222 Đường Hoàng Quốc Việt - Nghĩa Đô,Hoàng Quốc Việt,Nghĩa Đô,,
Ngõ 234 Đường Hoàng Quốc Việt - Nghĩa Đô,Hoàng Quốc Việt,Nghĩa Đô,,
Ngõ 238 Đường Hoàng Quốc Việt - Nghĩa Đô,Hoàng Quốc Việt,Nghĩa Đô,,
Ngõ 24 Đường Hoàng Quốc Việt - Nghĩa Đô,Hoàng Quốc Việt,Nghĩa Đô,,
Ngõ 249 Đường Hoàng Quốc Việt - Nghĩa Đô,Hoàng Quốc Việt,Nghĩa Đô,,
Ngõ 24B Đường Hoàng Quốc Việt - Nghĩa Đô,Hoàng Quốc Việt,Nghĩa Đô,,
Ngõ 26 Đường Hoàng Quốc Việt - Nghĩa Đô,Hoàng Quốc Việt,Nghĩa Đô,,
Ngõ 347 Đường Hoàng Quốc Việt - Nghĩa Đô,Hoàng Quốc Việt,Nghĩa Đô,,
Ngõ 36 Đường Hoàng Quốc Việt - Nghĩa Đô,Hoàng Quốc Việt,Nghĩa Đô,,
Ngõ 367 Đường Hoàng Quốc Việt - Nghĩa Đô,Hoàng Quốc Việt,Nghĩa Đô,,
Ngõ 385 Đường Hoàng Quốc Việt - Nghĩa Đô,Hoàng Quốc Việt,Nghĩa Đô,,
Ngõ 387 Đường Hoàng Quốc Việt - Nghĩa Đô,Hoàng Quốc Việt,Nghĩa Đô,,
Ngõ 389 Đường Hoàng Quốc Việt - Nghĩa Đô,Hoàng Quốc Việt,Nghĩa Đô,,
Ngõ 4 Đường Hoàng Quốc Việt - Nghĩa Đô,Hoàng Quốc Việt,Nghĩa Đô,,
Ngõ 421 Đường Hoàng Quốc Việt - Nghĩa Đô,Hoàng Quốc Việt,Nghĩa Đô,,
Ngõ 445 Đường Hoàng Quốc Việt - Nghĩa Đô,Hoàng Quốc Việt,Nghĩa Đô,,
Ngõ 479 Đường Hoàng Quốc Việt - Nghĩa Đô,Hoàng Quốc Việt,Nghĩa Đô,,
Ngõ 487 Đường Hoàng Quốc Việt - Nghĩa Đô,Hoàng Quốc Việt,Nghĩa Đô,,
Ngõ 5 Đường Hoàng Quốc Việt - Nghĩa Đô,Hoàng Quốc Việt,Nghĩa Đô,,
Ngõ 58 Đường Hoàng Quốc Việt - Nghĩa Đô,Hoàng Quốc Việt,Nghĩa Đô,,
Ngõ 87 Đường Hoàng Quốc Việt - Nghĩa Đô,Hoàng Quốc Việt,Nghĩa Đô,,
Ngõ 91 Đường Hoàng Quốc Việt - Nghĩa Đô,Hoàng Quốc Việt,Nghĩa Đô,,
Ngõ 93 Đường Hoàng Quốc Việt - Nghĩa Đô,Hoàng Quốc Việt,Nghĩa Đô,,
Ngõ 196 Phố Hoàng Sâm - Nghĩa Đô,Hoàng Sâm,Nghĩa Đô,,
Ngõ 198 Phố Hoàng Sâm - Nghĩa Đô,Hoàng Sâm,Nghĩa Đô,,
Ngõ 2 Phố Hoàng Sâm - Nghĩa Đô,Hoàng Sâm,Nghĩa Đô,,
Ngõ 200 Phố Hoàng Sâm - Nghĩa Đô,Hoàng Sâm,Nghĩa Đô,,
Ngõ 5 Phố Hoàng Sâm - Nghĩa Đô,Hoàng Sâm,Nghĩa Đô,,
Phố Hoàng Sâm - Nghĩa Đô,Hoàng Sâm,Nghĩa Đô,,
Ngách 20/4 Phố Nghĩa Đô - Nghĩa Đô,Nghĩa Đô,Nghĩa Đô,,
Ngách 7/6 Phố Nghĩa Đô - Nghĩa Đô,Nghĩa Đô,Nghĩa Đô,,
Ngõ 1 Phố Nghĩa Đô - Nghĩa Đô,Nghĩa Đô,Nghĩa Đô,,
Ngõ 10 Phố Nghĩa Đô - Nghĩa Đô,Nghĩa Đô,Nghĩa Đô,,
Ngõ 17 Phố Nghĩa Đô - Nghĩa Đô,Nghĩa Đô,Nghĩa Đô,,
Ngõ 20 Phố Nghĩa Đô - Nghĩa Đô,Nghĩa Đô,Nghĩa Đô,,
Ngõ 22 Phố Nghĩa Đô - Nghĩa Đô,Nghĩa Đô,Nghĩa Đô,,
Ngõ 24 Phố Nghĩa Đô - Nghĩa Đô,Nghĩa Đô,Nghĩa Đô,,
Ngõ 26 Phố Nghĩa Đô - Nghĩa Đô,Nghĩa Đô,Nghĩa Đô,,
Ngõ 27 Phố Nghĩa Đô - Nghĩa Đô,Nghĩa Đô,Nghĩa Đô,,
Ngõ 30 Phố Nghĩa Đô - Nghĩa Đô,Nghĩa Đô,Nghĩa Đô,,
Ngõ 33 Phố Nghĩa Đô - Nghĩa Đô,Nghĩa Đô,Nghĩa Đô,,
Ngõ 34 Phố Nghĩa Đô - Nghĩa Đô,Nghĩa Đô,Nghĩa Đô,,
Ngõ 36 Phố Nghĩa Đô - Nghĩa Đô,Nghĩa Đô,Nghĩa Đô,,
Ngõ 38 Phố Nghĩa Đô - Nghĩa Đô,Nghĩa Đô,Nghĩa Đô,,
Ngõ 4 Phố Nghĩa Đô - Nghĩa Đô,Nghĩa Đô,Nghĩa Đô,,
Ngõ 40 Phố Nghĩa Đô - Nghĩa Đô,Nghĩa Đô,Nghĩa Đô,,
Ngõ 7 Phố Nghĩa Đô - Nghĩa Đô,Nghĩa Đô,Nghĩa Đô,,
Phố Nghĩa Đô - Nghĩa Đô,Nghĩa Đô,Nghĩa Đô,,
Ngách 82/2 Phố Nghĩa Tân - Nghĩa Đô,Nghĩa Tân,Nghĩa Đô,,
Ngách 82/4 Phố Nghĩa Tân - Nghĩa Đô,Nghĩa Tân,Nghĩa Đô,,
Ngõ 1 Phố Nghĩa Tân - Nghĩa Đô,Nghĩa Tân,Nghĩa Đô,,
Ngõ 101 Phố Nghĩa Tân - Nghĩa Đô,Nghĩa Tân,Nghĩa Đô,,
Ngõ 24 Phố Nghĩa Tân - Nghĩa Đô,Nghĩa Tân,Nghĩa Đô,,
Ngõ 3 Phố Nghĩa Tân - Nghĩa Đô,Nghĩa Tân,Nghĩa Đô,,
Ngõ 4 Phố Nghĩa Tân - Nghĩa Đô,Nghĩa Tân,Nghĩa Đô,,
Ngõ 82 Phố Nghĩa Tân - Nghĩa Đô,Nghĩa Tân,Nghĩa Đô,,
Phố Nghĩa Tân - Nghĩa Đô,Nghĩa Tân,Nghĩa Đô,,
Ngách 56/16 Phố Nguyễn Đình Hoàn - Nghĩa Đô,Nguyễn Đình Hoàn,Nghĩa Đô,,
Ngách 56/24 Phố Nguyễn Đình Hoàn - Nghĩa Đô,Nguyễn Đình Hoàn,Nghĩa Đô,,
Ngách 56/29 Phố Nguyễn Đình Hoàn - Nghĩa Đô,Nguyễn Đình Hoàn,Nghĩa Đô,,
Ngách 56/8 Phố Nguyễn Đình Hoàn - Nghĩa Đô,Nguyễn Đình Hoàn,Nghĩa Đô,,
Ngõ 102 Phố Nguyễn Đình Hoàn - Nghĩa Đô,Nguyễn Đình Hoàn,Nghĩa Đô,,
Ngõ 142 Phố Nguyễn Đình Hoàn - Nghĩa Đô,Nguyễn Đình Hoàn,Nghĩa Đô,,
Ngõ 152 Phố Nguyễn Đình Hoàn - Nghĩa Đô,Nguyễn Đình Hoàn,Nghĩa Đô,,
Ngõ 176 Phố Nguyễn Đình Hoàn - Nghĩa Đô,Nguyễn Đình Hoàn,Nghĩa Đô,,
Ngõ 56 Phố Nguyễn Đình Hoàn - Nghĩa Đô,Nguyễn Đình Hoàn,Nghĩa Đô,,
Phố Nguyễn Đình Hoàn - Nghĩa Đô,Nguyễn Đình Hoàn,Nghĩa Đô,,
Phố Nguyễn Đỗ Cung - Nghĩa Đô,Nguyễn Đỗ Cung,Nghĩa Đô,,
Đường Nguyễn Khánh Toàn - Nghĩa Đô,Nguyễn Khánh Toàn,Nghĩa Đô,,
Hẻm 118/8/1 Đường Nguyễn Khánh Toàn - Nghĩa Đô,Nguyễn Khánh Toàn,Nghĩa Đô,,
Hẻm 158/1/2 Đường Nguyễn Khánh Toàn - Nghĩa Đô,Nguyễn Khánh Toàn,Nghĩa Đô,,
Hẻm 58/12/47 Đường Nguyễn Khánh Toàn - Nghĩa Đô,Nguyễn Khánh Toàn,Nghĩa Đô,,
Hẻm 58/74/40 Đường Nguyễn Khánh Toàn - Nghĩa Đô,Nguyễn Khánh Toàn,Nghĩa Đô,,
Ngách 118/3 Đường Nguyễn Khánh Toàn - Nghĩa Đô,Nguyễn Khánh Toàn,Nghĩa Đô,,
Ngách 118/6 Đường Nguyễn Khánh Toàn - Nghĩa Đô,Nguyễn Khánh Toàn,Nghĩa Đô,,
Ngách 118/8 Đường Nguyễn Khánh Toàn - Nghĩa Đô,Nguyễn Khánh Toàn,Nghĩa Đô,,
Ngách 158/1 Đường Nguyễn Khánh Toàn - Nghĩa Đô,Nguyễn Khánh Toàn,Nghĩa Đô,,
Ngách 158/2 Đường Nguyễn Khánh Toàn - Nghĩa Đô,Nguyễn Khánh Toàn,Nghĩa Đô,,
Ngách 158/51 Đường Nguyễn Khánh Toàn - Nghĩa Đô,Nguyễn Khánh Toàn,Nghĩa Đô,,
Ngách 58/12 Đường Nguyễn Khánh Toàn - Nghĩa Đô,Nguyễn Khánh Toàn,Nghĩa Đô,,
Ngách 58/32 Đường Nguyễn Khánh Toàn - Nghĩa Đô,Nguyễn Khánh Toàn,Nghĩa Đô,,
Ngách 58/35 Đường Nguyễn Khánh Toàn - Nghĩa Đô,Nguyễn Khánh Toàn,Nghĩa Đô,,
Ngách 58/42 Đường Nguyễn Khánh Toàn - Nghĩa Đô,Nguyễn Khánh Toàn,Nghĩa Đô,,
Ngách 58/45 Đường Nguyễn Khánh Toàn - Nghĩa Đô,Nguyễn Khánh Toàn,Nghĩa Đô,,
Ngách 58/51 Đường Nguyễn Khánh Toàn - Nghĩa Đô,Nguyễn Khánh Toàn,Nghĩa Đô,,
Ngách 58/63 Đường Nguyễn Khánh Toàn - Nghĩa Đô,Nguyễn Khánh Toàn,Nghĩa Đô,,
Ngách 58/74 Đường Nguyễn Khánh Toàn - Nghĩa Đô,Nguyễn Khánh Toàn,Nghĩa Đô,,
Ngách 92/23 Đường Nguyễn Khánh Toàn - Nghĩa Đô,Nguyễn Khánh Toàn,Nghĩa Đô,,
Ngách 92/26 Đường Nguyễn Khánh Toàn - Nghĩa Đô,Nguyễn Khánh Toàn,Nghĩa Đô,,
Ngách 92/8 Đường Nguyễn Khánh Toàn - Nghĩa Đô,Nguyễn Khánh Toàn,Nghĩa Đô,,
Ngõ 118 Đường Nguyễn Khánh Toàn - Nghĩa Đô,Nguyễn Khánh Toàn,Nghĩa Đô,,
Ngõ 158 Đường Nguyễn Khánh Toàn - Nghĩa Đô,Nguyễn Khánh Toàn,Nghĩa Đô,,
Ngõ 16 Đường Nguyễn Khánh Toàn - Nghĩa Đô,Nguyễn Khánh Toàn,Nghĩa Đô,,
Ngõ 165 Đường Nguyễn Khánh Toàn - Nghĩa Đô,Nguyễn Khánh Toàn,Nghĩa Đô,,
Ngõ 168 Đường Nguyễn Khánh Toàn - Nghĩa Đô,Nguyễn Khánh Toàn,Nghĩa Đô,,
Ngõ 48 Đường Nguyễn Khánh Toàn - Nghĩa Đô,Nguyễn Khánh Toàn,Nghĩa Đô,,
Ngõ 58 Đường Nguyễn Khánh Toàn - Nghĩa Đô,Nguyễn Khánh Toàn,Nghĩa Đô,,
Ngõ 92 Đường Nguyễn Khánh Toàn - Nghĩa Đô,Nguyễn Khánh Toàn,Nghĩa Đô,,
Đường Nguyễn Phong Sắc - Nghĩa Đô,Nguyễn Phong Sắc,Nghĩa Đô,,
Ngách 133/22 Đường Nguyễn Phong Sắc - Nghĩa Đô,Nguyễn Phong Sắc,Nghĩa Đô,,
Ngách 133/24 Đường Nguyễn Phong Sắc - Nghĩa Đô,Nguyễn Phong Sắc,Nghĩa Đô,,
Ngách 133/32 Đường Nguyễn Phong Sắc - Nghĩa Đô,Nguyễn Phong Sắc,Nghĩa Đô,,
Ngõ 116 Đường Nguyễn Phong Sắc - Nghĩa Đô,Nguyễn Phong Sắc,Nghĩa Đô,,
Ngõ 133 Đường Nguyễn Phong Sắc - Nghĩa Đô,Nguyễn Phong Sắc,Nghĩa Đô,,
Đường Nguyễn Văn Huyên - Nghĩa Đô,Nguyễn Văn Huyên,Nghĩa Đô,,
Hẻm 61/33/2 Phố Phạm Tuấn Tài - Nghĩa Đô,Phạm Tuấn Tài,Nghĩa Đô,,
Hẻm 61/33/4 Phố Phạm Tuấn Tài - Nghĩa Đô,Phạm Tuấn Tài,Nghĩa Đô,,
Ngách 1/26 Phố Phạm Tuấn Tài - Nghĩa Đô,Phạm Tuấn Tài,Nghĩa Đô,,
Ngách 1/38 Phố Phạm Tuấn Tài - Nghĩa Đô,Phạm Tuấn Tài,Nghĩa Đô,,
Ngách 1/48 Phố Phạm Tuấn Tài - Nghĩa Đô,Phạm Tuấn Tài,Nghĩa Đô,,
Ngách 1/52 Phố Phạm Tuấn Tài - Nghĩa Đô,Phạm Tuấn Tài,Nghĩa Đô,,
Ngách 1/84 Phố Phạm Tuấn Tài - Nghĩa Đô,Phạm Tuấn Tài,Nghĩa Đô,,
Ngách 1/88 Phố Phạm Tuấn Tài - Nghĩa Đô,Phạm Tuấn Tài,Nghĩa Đô,,
Ngách 1/96 Phố Phạm Tuấn Tài - Nghĩa Đô,Phạm Tuấn Tài,Nghĩa Đô,,
Ngách 3/1 Phố Phạm Tuấn Tài - Nghĩa Đô,Phạm Tuấn Tài,Nghĩa Đô,,
Ngách 3/11 Phố Phạm Tuấn Tài - Nghĩa Đô,Phạm Tuấn Tài,Nghĩa Đô,,
Ngách 3/29 Phố Phạm Tuấn Tài - Nghĩa Đô,Phạm Tuấn Tài,Nghĩa Đô,,
Ngách 61/21 Phố Phạm Tuấn Tài - Nghĩa Đô,Phạm Tuấn Tài,Nghĩa Đô,,
Ngách 61/33 Phố Phạm Tuấn Tài - Nghĩa Đô,Phạm Tuấn Tài,Nghĩa Đô,,
Ngách 61/39 Phố Phạm Tuấn Tài - Nghĩa Đô,Phạm Tuấn Tài,Nghĩa Đô,,
Ngách 61/44 Phố Phạm Tuấn Tài - Nghĩa Đô,Phạm Tuấn Tài,Nghĩa Đô,,
Ngách 61/6 Phố Phạm Tuấn Tài - Nghĩa Đô,Phạm Tuấn Tài,Nghĩa Đô,,
Ngõ 1 Phố Phạm Tuấn Tài - Nghĩa Đô,Phạm Tuấn Tài,Nghĩa Đô,,
Ngõ 12 Phố Phạm Tuấn Tài - Nghĩa Đô,Phạm Tuấn Tài,Nghĩa Đô,,
Ngõ 2 Phố Phạm Tuấn Tài - Nghĩa Đô,Phạm Tuấn Tài,Nghĩa Đô,,
Ngõ 3 Phố Phạm Tuấn Tài - Nghĩa Đô,Phạm Tuấn Tài,Nghĩa Đô,,
Ngõ 33 Phố Phạm Tuấn Tài - Nghĩa Đô,Phạm Tuấn Tài,Nghĩa Đô,,
Ngõ 39 Phố Phạm Tuấn Tài - Nghĩa Đô,Phạm Tuấn Tài,Nghĩa Đô,,
Ngõ 45 Phố Phạm Tuấn Tài - Nghĩa Đô,Phạm Tuấn Tài,Nghĩa Đô,,
Ngõ 53 Phố Phạm Tuấn Tài - Nghĩa Đô,Phạm Tuấn Tài,Nghĩa Đô,,
Ngõ 61 Phố Phạm Tuấn Tài - Nghĩa Đô,Phạm Tuấn Tài,Nghĩa Đô,,
Phố Phạm Tuấn Tài - Nghĩa Đô,Phạm Tuấn Tài,Nghĩa Đô,,
Đường Phạm Văn Đồng - Nghĩa Đô,Phạm Văn Đồng,Nghĩa Đô,,
Hẻm 643/9/28 Đường Phạm Văn Đồng - Nghĩa Đô,Phạm Văn Đồng,Nghĩa Đô,,
Ngách 599/16 Đường Phạm Văn Đồng - Nghĩa Đô,Phạm Văn Đồng,Nghĩa Đô,,
Ngách 599/4 Đường Phạm Văn Đồng - Nghĩa Đô,Phạm Văn Đồng,Nghĩa Đô,,
Ngách 641/1 Đường Phạm Văn Đồng - Nghĩa Đô,Phạm Văn Đồng,Nghĩa Đô,,
Ngách 643/28 Đường Phạm Văn Đồng - Nghĩa Đô,Phạm Văn Đồng,Nghĩa Đô,,
Ngách 643/40 Đường Phạm Văn Đồng - Nghĩa Đô,Phạm Văn Đồng,Nghĩa Đô,,
Ngách 643/5 Đường Phạm Văn Đồng - Nghĩa Đô,Phạm Văn Đồng,Nghĩa Đô,,
Ngách 643/9 Đường Phạm Văn Đồng - Nghĩa Đô,Phạm Văn Đồng,Nghĩa Đô,,
Ngõ 581 Đường Phạm Văn Đồng - Nghĩa Đô,Phạm Văn Đồng,Nghĩa Đô,,
Ngõ 599 Đường Phạm Văn Đồng - Nghĩa Đô,Phạm Văn Đồng,Nghĩa Đô,,
Ngõ 631 Đường Phạm Văn Đồng - Nghĩa Đô,Phạm Văn Đồng,Nghĩa Đô,,
Ngõ 641 Đường Phạm Văn Đồng - Nghĩa Đô,Phạm Văn Đồng,Nghĩa Đô,,
Ngõ 643 Đường Phạm Văn Đồng - Nghĩa Đô,Phạm Văn Đồng,Nghĩa Đô,,
Ngõ 649 Đường Phạm Văn Đồng - Nghĩa Đô,Phạm Văn Đồng,Nghĩa Đô,,
Ngõ 689 Đường Phạm Văn Đồng - Nghĩa Đô,Phạm Văn Đồng,Nghĩa Đô,,
Ngách 61/14 Phố Phùng Chí Kiên - Nghĩa Đô,Phùng Chí Kiên,Nghĩa Đô,,
Ngách 61/17 Phố Phùng Chí Kiên - Nghĩa Đô,Phùng Chí Kiên,Nghĩa Đô,,
Ngõ 1 Phố Phùng Chí Kiên - Nghĩa Đô,Phùng Chí Kiên,Nghĩa Đô,,
Ngõ 17 Phố Phùng Chí Kiên - Nghĩa Đô,Phùng Chí Kiên,Nghĩa Đô,,
Ngõ 41 Phố Phùng Chí Kiên - Nghĩa Đô,Phùng Chí Kiên,Nghĩa Đô,,
Ngõ 53 Phố Phùng Chí Kiên - Nghĩa Đô,Phùng Chí Kiên,Nghĩa Đô,,
Ngõ 61 Phố Phùng Chí Kiên - Nghĩa Đô,Phùng Chí Kiên,Nghĩa Đô,,
Ngõ 68 Phố Phùng Chí Kiên - Nghĩa Đô,Phùng Chí Kiên,Nghĩa Đô,,
Ngõ 7 Phố Phùng Chí Kiên - Nghĩa Đô,Phùng Chí Kiên,Nghĩa Đô,,
Phố Phùng Chí Kiên - Nghĩa Đô,Phùng Chí Kiên,Nghĩa Đô,,
Hẻm 143/45/7 Phố Quan Hoa - Nghĩa Đô,Quan Hoa,Nghĩa Đô,,TRUE
Hẻm 143/45/9 Phố Quan Hoa - Nghĩa Đô,Quan Hoa,Nghĩa Đô,,TRUE
Hẻm 225/7/2 Phố Quan Hoa - Nghĩa Đô,Quan Hoa,Nghĩa Đô,,TRUE
Hẻm 225/7/58 Phố Quan Hoa - Nghĩa Đô,Quan Hoa,Nghĩa Đô,,TRUE
Hẻm 59/8/23 Phố Quan Hoa - Nghĩa Đô,Quan Hoa,Nghĩa Đô,,TRUE
Ngách 143/45 Phố Quan Hoa - Nghĩa Đô,Quan Hoa,Nghĩa Đô,,TRUE
Ngách 225/1 Phố Quan Hoa - Nghĩa Đô,Quan Hoa,Nghĩa Đô,,TRUE
Ngách 225/7 Phố Quan Hoa - Nghĩa Đô,Quan Hoa,Nghĩa Đô,,TRUE
Ngách 59/15 Phố Quan Hoa - Nghĩa Đô,Quan Hoa,Nghĩa Đô,,TRUE
Ngõ 1 Phố Quan Hoa - Nghĩa Đô,Quan Hoa,Nghĩa Đô,,TRUE
Ngõ 111 Phố Quan Hoa - Nghĩa Đô,Quan Hoa,Nghĩa Đô,,TRUE
Ngõ 143 Phố Quan Hoa - Nghĩa Đô,Quan Hoa,Nghĩa Đô,,TRUE
Ngõ 193 Phố Quan Hoa - Nghĩa Đô,Quan Hoa,Nghĩa Đô,,TRUE
Ngõ 21 Phố Quan Hoa - Nghĩa Đô,Quan Hoa,Nghĩa Đô,,TRUE
Ngõ 225 Phố Quan Hoa - Nghĩa Đô,Quan Hoa,Nghĩa Đô,,TRUE
Ngõ 277 Phố Quan Hoa - Nghĩa Đô,Quan Hoa,Nghĩa Đô,,TRUE
Ngõ 59 Phố Quan Hoa - Nghĩa Đô,Quan Hoa,Nghĩa Đô,,TRUE
Ngõ 77 Phố Quan Hoa - Nghĩa Đô,Quan Hoa,Nghĩa Đô,,TRUE
Ngõ 97 Phố Quan Hoa - Nghĩa Đô,Quan Hoa,Nghĩa Đô,,TRUE
Phố Quan Hoa - Nghĩa Đô,Quan Hoa,Nghĩa Đô,,TRUE
Ngõ Tân Đô - Nghĩa Đô,Tân Đô,Nghĩa Đô,,
Ngõ 215 Phố Tô Hiệu - Nghĩa Đô,Tô Hiệu,Nghĩa Đô,,
Ngõ 233 Phố Tô Hiệu - Nghĩa Đô,Tô Hiệu,Nghĩa Đô,,
Ngõ 26 Phố Tô Hiệu - Nghĩa Đô,Tô Hiệu,Nghĩa Đô,,
Phố Tô Hiệu - Nghĩa Đô,Tô Hiệu,Nghĩa Đô,,
Phố Tôn Quang Phiệt - Nghĩa Đô,Tôn Quang Phiệt,Nghĩa Đô,,
Hẻm 195/59/14A Phố Trần Cung - Nghĩa Đô,Trần Cung,Nghĩa Đô,,
Hẻm 273/55/2 Phố Trần Cung - Nghĩa Đô,Trần Cung,Nghĩa Đô,,
Ngách 117/4 Phố Trần Cung - Nghĩa Đô,Trần Cung,Nghĩa Đô,,
Ngách 117/83 Phố Trần Cung - Nghĩa Đô,Trần Cung,Nghĩa Đô,,
Ngách 123/2 Phố Trần Cung - Nghĩa Đô,Trần Cung,Nghĩa Đô,,
Ngách 195/20 Phố Trần Cung - Nghĩa Đô,Trần Cung,Nghĩa Đô,,
Ngách 195/4 Phố Trần Cung - Nghĩa Đô,Trần Cung,Nghĩa Đô,,
Ngách 195/48 Phố Trần Cung - Nghĩa Đô,Trần Cung,Nghĩa Đô,,
Ngách 195/66 Phố Trần Cung - Nghĩa Đô,Trần Cung,Nghĩa Đô,,
Ngách 219/12 Phố Trần Cung - Nghĩa Đô,Trần Cung,Nghĩa Đô,,
Ngách 273/12 Phố Trần Cung - Nghĩa Đô,Trần Cung,Nghĩa Đô,,
Ngách 273/15 Phố Trần Cung - Nghĩa Đô,Trần Cung,Nghĩa Đô,,
Ngách 273/20 Phố Trần Cung - Nghĩa Đô,Trần Cung,Nghĩa Đô,,
Ngách 273/22 Phố Trần Cung - Nghĩa Đô,Trần Cung,Nghĩa Đô,,
Ngách 273/31 Phố Trần Cung - Nghĩa Đô,Trần Cung,Nghĩa Đô,,
Ngách 273/34 Phố Trần Cung - Nghĩa Đô,Trần Cung,Nghĩa Đô,,
Ngách 273/40 Phố Trần Cung - Nghĩa Đô,Trần Cung,Nghĩa Đô,,
Ngách 273/44 Phố Trần Cung - Nghĩa Đô,Trần Cung,Nghĩa Đô,,
Ngách 273/55 Phố Trần Cung - Nghĩa Đô,Trần Cung,Nghĩa Đô,,
Ngách 273/72 Phố Trần Cung - Nghĩa Đô,Trần Cung,Nghĩa Đô,,
Ngách 273/79 Phố Trần Cung - Nghĩa Đô,Trần Cung,Nghĩa Đô,,
Ngách 354/22 Phố Trần Cung - Nghĩa Đô,Trần Cung,Nghĩa Đô,,
Ngách 408/11 Phố Trần Cung - Nghĩa Đô,Trần Cung,Nghĩa Đô,,
Ngách 408/23 Phố Trần Cung - Nghĩa Đô,Trần Cung,Nghĩa Đô,,
Ngách 79/11 Phố Trần Cung - Nghĩa Đô,Trần Cung,Nghĩa Đô,,
Ngách 79/25 Phố Trần Cung - Nghĩa Đô,Trần Cung,Nghĩa Đô,,
Ngách 79/7 Phố Trần Cung - Nghĩa Đô,Trần Cung,Nghĩa Đô,,
Ngách 81/44 Phố Trần Cung - Nghĩa Đô,Trần Cung,Nghĩa Đô,,
Ngõ 109 Phố Trần Cung - Nghĩa Đô,Trần Cung,Nghĩa Đô,,
Ngõ 115 Phố Trần Cung - Nghĩa Đô,Trần Cung,Nghĩa Đô,,
Ngõ 117 Phố Trần Cung - Nghĩa Đô,Trần Cung,Nghĩa Đô,,
Ngõ 120 Phố Trần Cung - Nghĩa Đô,Trần Cung,Nghĩa Đô,,
Ngõ 123 Phố Trần Cung - Nghĩa Đô,Trần Cung,Nghĩa Đô,,
Ngõ 153 Phố Trần Cung - Nghĩa Đô,Trần Cung,Nghĩa Đô,,
Ngõ 181 Phố Trần Cung - Nghĩa Đô,Trần Cung,Nghĩa Đô,,
Ngõ 195 Phố Trần Cung - Nghĩa Đô,Trần Cung,Nghĩa Đô,,
Ngõ 198 Phố Trần Cung - Nghĩa Đô,Trần Cung,Nghĩa Đô,,
Ngõ 2 Phố Trần Cung - Nghĩa Đô,Trần Cung,Nghĩa Đô,,
Ngõ 208 Phố Trần Cung - Nghĩa Đô,Trần Cung,Nghĩa Đô,,
Ngõ 211 Phố Trần Cung - Nghĩa Đô,Trần Cung,Nghĩa Đô,,
Ngõ 219 Phố Trần Cung - Nghĩa Đô,Trần Cung,Nghĩa Đô,,
Ngõ 227 Phố Trần Cung - Nghĩa Đô,Trần Cung,Nghĩa Đô,,
Ngõ 228 Phố Trần Cung - Nghĩa Đô,Trần Cung,Nghĩa Đô,,
Ngõ 235 Phố Trần Cung - Nghĩa Đô,Trần Cung,Nghĩa Đô,,
Ngõ 255 Phố Trần Cung - Nghĩa Đô,Trần Cung,Nghĩa Đô,,
Ngõ 263 Phố Trần Cung - Nghĩa Đô,Trần Cung,Nghĩa Đô,,
Ngõ 272 Phố Trần Cung - Nghĩa Đô,Trần Cung,Nghĩa Đô,,
Ngõ 273 Phố Trần Cung - Nghĩa Đô,Trần Cung,Nghĩa Đô,,
Ngõ 284 Phố Trần Cung - Nghĩa Đô,Trần Cung,Nghĩa Đô,,
Ngõ 297 Phố Trần Cung - Nghĩa Đô,Trần Cung,Nghĩa Đô,,
Ngõ 354 Phố Trần Cung - Nghĩa Đô,Trần Cung,Nghĩa Đô,,
Ngõ 408 Phố Trần Cung - Nghĩa Đô,Trần Cung,Nghĩa Đô,,
Ngõ 42 Phố Trần Cung - Nghĩa Đô,Trần Cung,Nghĩa Đô,,
Ngõ 49 Phố Trần Cung - Nghĩa Đô,Trần Cung,Nghĩa Đô,,
Ngõ 49 Trần Cung - Nghĩa Đô,Trần Cung,Nghĩa Đô,,
Ngõ 59 Phố Trần Cung - Nghĩa Đô,Trần Cung,Nghĩa Đô,,
Ngõ 79 Phố Trần Cung - Nghĩa Đô,Trần Cung,Nghĩa Đô,,
Ngõ 81 Phố Trần Cung - Nghĩa Đô,Trần Cung,Nghĩa Đô,,
Ngõ 82 Phố Trần Cung - Nghĩa Đô,Trần Cung,Nghĩa Đô,,
Phố Trần Cung - Nghĩa Đô,Trần Cung,Nghĩa Đô,,
Ngách 41/6 Phố Trần Quốc Hoàn - Nghĩa Đô,Trần Quốc Hoàn,Nghĩa Đô,,
Ngách 46/11 Phố Trần Quốc Hoàn - Nghĩa Đô,Trần Quốc Hoàn,Nghĩa Đô,,
Ngách 46/5 Phố Trần Quốc Hoàn - Nghĩa Đô,Trần Quốc Hoàn,Nghĩa Đô,,
Ngách 46/9 Phố Trần Quốc Hoàn - Nghĩa Đô,Trần Quốc Hoàn,Nghĩa Đô,,
Ngõ 46 Phố Trần Quốc Hoàn - Nghĩa Đô,Trần Quốc Hoàn,Nghĩa Đô,,
Ngõ 6 Phố Trần Quốc Hoàn - Nghĩa Đô,Trần Quốc Hoàn,Nghĩa Đô,,
Phố Trần Quốc Hoàn - Nghĩa Đô,Trần Quốc Hoàn,Nghĩa Đô,,
Ngõ 116 Phố Trần Tử Bình - Nghĩa Đô,Trần Tử Bình,Nghĩa Đô,,
Ngõ 130 Phố Trần Tử Bình - Nghĩa Đô,Trần Tử Bình,Nghĩa Đô,,
Ngõ 138 Phố Trần Tử Bình - Nghĩa Đô,Trần Tử Bình,Nghĩa Đô,,
Ngõ 30 Trần Tử Bình - Nghĩa Đô,Trần Tử Bình,Nghĩa Đô,,
Ngõ 76 Trần Tử Bình - Nghĩa Đô,Trần Tử Bình,Nghĩa Đô,,
Phố Trần Tử Bình - Nghĩa Đô,Trần Tử Bình,Nghĩa Đô,,
Đường Võ Chí Công - Nghĩa Đô,Võ Chí Công,Nghĩa Đô,,
Ngách 1/10 Đường Võ Chí Công - Nghĩa Đô,Võ Chí Công,Nghĩa Đô,,
Ngách 1/20 Đường Võ Chí Công - Nghĩa Đô,Võ Chí Công,Nghĩa Đô,,
Ngách 1/54 Đường Võ Chí Công - Nghĩa Đô,Võ Chí Công,Nghĩa Đô,,
Ngách 1/8 Đường Võ Chí Công - Nghĩa Đô,Võ Chí Công,Nghĩa Đô,,
Ngách 27/29 Đường Võ Chí Công - Nghĩa Đô,Võ Chí Công,Nghĩa Đô,,
Ngách 27/39 Đường Võ Chí Công - Nghĩa Đô,Võ Chí Công,Nghĩa Đô,,
Ngõ 1 Đường Võ Chí Công - Nghĩa Đô,Võ Chí Công,Nghĩa Đô,,
Ngõ 17 Đường Võ Chí Công - Nghĩa Đô,Võ Chí Công,Nghĩa Đô,,
Ngõ 27 Đường Võ Chí Công - Nghĩa Đô,Võ Chí Công,Nghĩa Đô,,
Ngõ 27 Võ Chí Công - Nghĩa Đô,Võ Chí Công,Nghĩa Đô,,
Ngõ 45 Đường Võ Chí Công - Nghĩa Đô,Võ Chí Công,Nghĩa Đô,,
Ngõ 71 Đường Võ Chí Công - Nghĩa Đô,Võ Chí Công,Nghĩa Đô,,
Ngõ 81 Đường Võ Chí Công - Nghĩa Đô,Võ Chí Công,Nghĩa Đô,,
Ngõ 9 Đường Võ Chí Công - Nghĩa Đô,Võ Chí Công,Nghĩa Đô,,
Đường Xuân Tảo - Nghĩa Đô,Xuân Tảo,Nghĩa Đô,,
"Đường Bưởi - Nghĩa Đô, Ngọc Hà",Bưởi,"Nghĩa Đô, Ngọc Hà",,
"Hẻm 462/35/1 Đường Bưởi - Nghĩa Đô, Ngọc Hà",Bưởi,"Nghĩa Đô, Ngọc Hà",,
"Hẻm 462/35/5 Đường Bưởi - Nghĩa Đô, Ngọc Hà",Bưởi,"Nghĩa Đô, Ngọc Hà",,
"Hẻm 462/35/9 Đường Bưởi - Nghĩa Đô, Ngọc Hà",Bưởi,"Nghĩa Đô, Ngọc Hà",,
"Ngõ 462 Đường Bưởi - Nghĩa Đô, Ngọc Hà",Bưởi,"Nghĩa Đô, Ngọc Hà",,
"Cầu Đông Quan - Nghĩa Đô, Ngọc Hà",Đông Quan,"Nghĩa Đô, Ngọc Hà",,
"Đường Hoàng Quốc Việt - Nghĩa Đô, Phú Diễn",Hoàng Quốc Việt,"Nghĩa Đô, Phú Diễn",,
"Phố Dương Văn An - Nghĩa Đô, Xuân Đỉnh",Dương Văn An,"Nghĩa Đô, Xuân Đỉnh",,
"Phố Lưu Cơ - Nghĩa Đô, Xuân Đỉnh",Lưu Cơ,"Nghĩa Đô, Xuân Đỉnh",,
"Đường Phạm Văn Đồng - Nghĩa Đô, Xuân Đỉnh",Phạm Văn Đồng,"Nghĩa Đô, Xuân Đỉnh",,
"Ngõ 521 Đường Phạm Văn Đồng - Nghĩa Đô, Xuân Đỉnh",Phạm Văn Đồng,"Nghĩa Đô, Xuân Đỉnh",,
"Ngách 297/2 Phố Trần Cung - Nghĩa Đô, Xuân Đỉnh",Trần Cung,"Nghĩa Đô, Xuân Đỉnh",,
"Ngõ 354 Phố Trần Cung - Nghĩa Đô, Xuân Đỉnh",Trần Cung,"Nghĩa Đô, Xuân Đỉnh",,
"Phố Trần Cung - Nghĩa Đô, Xuân Đỉnh",Trần Cung,"Nghĩa Đô, Xuân Đỉnh",,
"Đường Võ Chí Công - Nghĩa Đô, Xuân Đỉnh",Võ Chí Công,"Nghĩa Đô, Xuân Đỉnh",,
"Đường Xuân Tảo - Nghĩa Đô, Xuân Đỉnh",Xuân Tảo,"Nghĩa Đô, Xuân Đỉnh",,
Đường Bưởi - Ngọc Hà,Bưởi,Ngọc Hà,,
Hẻm 376/56/41 Đường Bưởi - Ngọc Hà,Bưởi,Ngọc Hà,,
Hẻm 462/35/15 Đường Bưởi - Ngọc Hà,Bưởi,Ngọc Hà,,
Ngách 376/1 Đường Bưởi - Ngọc Hà,Bưởi,Ngọc Hà,,
Ngách 376/11 Đường Bưởi - Ngọc Hà,Bưởi,Ngọc Hà,,
Ngách 376/19 Đường Bưởi - Ngọc Hà,Bưởi,Ngọc Hà,,
Ngách 376/35 Đường Bưởi - Ngọc Hà,Bưởi,Ngọc Hà,,
Ngách 376/56 Đường Bưởi - Ngọc Hà,Bưởi,Ngọc Hà,,
Ngách 462/35 Đường Bưởi - Ngọc Hà,Bưởi,Ngọc Hà,,
Ngõ 376 Đường Bưởi - Ngọc Hà,Bưởi,Ngọc Hà,,
Ngõ 454 Đường Bưởi - Ngọc Hà,Bưởi,Ngọc Hà,,
Ngõ 626 Đường Bưởi - Ngọc Hà,Bưởi,Ngọc Hà,,
Phố Đào Tấn - Ngọc Hà,Đào Tấn,Ngọc Hà,,
Ngách 127/6 Phố Đốc Ngữ - Ngọc Hà,Đốc Ngữ,Ngọc Hà,,
Ngõ 126 Phố Đốc Ngữ - Ngọc Hà,Đốc Ngữ,Ngọc Hà,,
Ngõ 127 Phố Đốc Ngữ - Ngọc Hà,Đốc Ngữ,Ngọc Hà,,
Ngõ 130 Phố Đốc Ngữ - Ngọc Hà,Đốc Ngữ,Ngọc Hà,,
Ngõ 33 Phố Đốc Ngữ - Ngọc Hà,Đốc Ngữ,Ngọc Hà,,
Phố Đốc Ngữ - Ngọc Hà,Đốc Ngữ,Ngọc Hà,,
Cầu Đội Cấn - Ngọc Hà,Đội Cấn,Ngọc Hà,,
Hẻm 135/73/3 Phố Đội Cấn - Ngọc Hà,Đội Cấn,Ngọc Hà,,
Hẻm 210/41/11 Phố Đội Cấn - Ngọc Hà,Đội Cấn,Ngọc Hà,,
Hẻm 285/25/16 Phố Đội Cấn - Ngọc Hà,Đội Cấn,Ngọc Hà,,
Hẻm 294/11/6 Phố Đội Cấn - Ngọc Hà,Đội Cấn,Ngọc Hà,,
Hẻm 379/8/23 Phố Đội Cấn - Ngọc Hà,Đội Cấn,Ngọc Hà,,
Hẻm 444/34/14 Phố Đội Cấn - Ngọc Hà,Đội Cấn,Ngọc Hà,,
Hẻm 463/7/22 Phố Đội Cấn - Ngọc Hà,Đội Cấn,Ngọc Hà,,
Khu Tập Thể 222D Ngõ 260 Phố Đội Cấn - Ngọc Hà,Đội Cấn,Ngọc Hà,,
Ngách 135/31 Phố Đội Cấn - Ngọc Hà,Đội Cấn,Ngọc Hà,,
Ngách 210/19 Phố Đội Cấn - Ngọc Hà,Đội Cấn,Ngọc Hà,,
Ngách 210/41 Phố Đội Cấn - Ngọc Hà,Đội Cấn,Ngọc Hà,,
Ngách 249/20 Phố Đội Cấn - Ngọc Hà,Đội Cấn,Ngọc Hà,,
Ngách 260/1 Phố Đội Cấn - Ngọc Hà,Đội Cấn,Ngọc Hà,,
Ngách 279/64 Phố Đội Cấn - Ngọc Hà,Đội Cấn,Ngọc Hà,,
Ngách 285/101 Phố Đội Cấn - Ngọc Hà,Đội Cấn,Ngọc Hà,,
Ngách 285/25 Phố Đội Cấn - Ngọc Hà,Đội Cấn,Ngọc Hà,,
Ngách 285/35 Phố Đội Cấn - Ngọc Hà,Đội Cấn,Ngọc Hà,,
Ngách 285/53 Phố Đội Cấn - Ngọc Hà,Đội Cấn,Ngọc Hà,,
Ngách 294/11 Phố Đội Cấn - Ngọc Hà,Đội Cấn,Ngọc Hà,,
Ngách 294/8 Phố Đội Cấn - Ngọc Hà,Đội Cấn,Ngọc Hà,,
Ngách 343/2 Phố Đội Cấn - Ngọc Hà,Đội Cấn,Ngọc Hà,,
Ngách 379/34 Phố Đội Cấn - Ngọc Hà,Đội Cấn,Ngọc Hà,,
Ngách 379/36 Phố Đội Cấn - Ngọc Hà,Đội Cấn,Ngọc Hà,,
Ngách 379/54 Phố Đội Cấn - Ngọc Hà,Đội Cấn,Ngọc Hà,,
Ngách 379/7 Phố Đội Cấn - Ngọc Hà,Đội Cấn,Ngọc Hà,,
Ngách 379/8 Phố Đội Cấn - Ngọc Hà,Đội Cấn,Ngọc Hà,,
Ngách 381/18 Phố Đội Cấn - Ngọc Hà,Đội Cấn,Ngọc Hà,,
Ngách 432/16 Phố Đội Cấn - Ngọc Hà,Đội Cấn,Ngọc Hà,,
Ngách 444/32 Phố Đội Cấn - Ngọc Hà,Đội Cấn,Ngọc Hà,,
Ngách 444/34 Phố Đội Cấn - Ngọc Hà,Đội Cấn,Ngọc Hà,,
Ngách 444/41 Phố Đội Cấn - Ngọc Hà,Đội Cấn,Ngọc Hà,,
Ngách 444/74 Phố Đội Cấn - Ngọc Hà,Đội Cấn,Ngọc Hà,,
Ngách 45/194 Phố Đội Cấn - Ngọc Hà,Đội Cấn,Ngọc Hà,,
Ngách 463/15 Phố Đội Cấn - Ngọc Hà,Đội Cấn,Ngọc Hà,,
Ngách 463/7 Phố Đội Cấn - Ngọc Hà,Đội Cấn,Ngọc Hà,,
Ngõ 140 Phố Đội Cấn - Ngọc Hà,Đội Cấn,Ngọc Hà,,
Ngõ 151 Phố Đội Cấn - Ngọc Hà,Đội Cấn,Ngọc Hà,,
Ngõ 154 Phố Đội Cấn - Ngọc Hà,Đội Cấn,Ngọc Hà,,
Ngõ 162 Phố Đội Cấn - Ngọc Hà,Đội Cấn,Ngọc Hà,,
Ngõ 166 Phố Đội Cấn - Ngọc Hà,Đội Cấn,Ngọc Hà,,
Ngõ 167 Phố Đội Cấn - Ngọc Hà,Đội Cấn,Ngọc Hà,,
Ngõ 174 Phố Đội Cấn - Ngọc Hà,Đội Cấn,Ngọc Hà,,
Ngõ 175 Phố Đội Cấn - Ngọc Hà,Đội Cấn,Ngọc Hà,,
Ngõ 176 Phố Đội Cấn - Ngọc Hà,Đội Cấn,Ngọc Hà,,
Ngõ 179 Phố Đội Cấn - Ngọc Hà,Đội Cấn,Ngọc Hà,,
Ngõ 185 Phố Đội Cấn - Ngọc Hà,Đội Cấn,Ngọc Hà,,
Ngõ 186 Phố Đội Cấn - Ngọc Hà,Đội Cấn,Ngọc Hà,,
Ngõ 194 Phố Đội Cấn - Ngọc Hà,Đội Cấn,Ngọc Hà,,
Ngõ 195 Phố Đội Cấn - Ngọc Hà,Đội Cấn,Ngọc Hà,,
Ngõ 201 Phố Đội Cấn - Ngọc Hà,Đội Cấn,Ngọc Hà,,
Ngõ 202F Phố Đội Cấn - Ngọc Hà,Đội Cấn,Ngọc Hà,,
Ngõ 204A Phố Đội Cấn - Ngọc Hà,Đội Cấn,Ngọc Hà,,
Ngõ 204B Phố Đội Cấn - Ngọc Hà,Đội Cấn,Ngọc Hà,,
Ngõ 204D Phố Đội Cấn - Ngọc Hà,Đội Cấn,Ngọc Hà,,
Ngõ 208 Phố Đội Cấn - Ngọc Hà,Đội Cấn,Ngọc Hà,,
Ngõ 209 Phố Đội Cấn - Ngọc Hà,Đội Cấn,Ngọc Hà,,
Ngõ 210 Phố Đội Cấn - Ngọc Hà,Đội Cấn,Ngọc Hà,,
Ngõ 214 Phố Đội Cấn - Ngọc Hà,Đội Cấn,Ngọc Hà,,
Ngõ 216 Phố Đội Cấn - Ngọc Hà,Đội Cấn,Ngọc Hà,,
Ngõ 218 Phố Đội Cấn - Ngọc Hà,Đội Cấn,Ngọc Hà,,
Ngõ 219 Phố Đội Cấn - Ngọc Hà,Đội Cấn,Ngọc Hà,,
Ngõ 227 Phố Đội Cấn - Ngọc Hà,Đội Cấn,Ngọc Hà,,
Ngõ 228 Phố Đội Cấn - Ngọc Hà,Đội Cấn,Ngọc Hà,,
Ngõ 231 Phố Đội Cấn - Ngọc Hà,Đội Cấn,Ngọc Hà,,
Ngõ 244 Phố Đội Cấn - Ngọc Hà,Đội Cấn,Ngọc Hà,,
Ngõ 249 Phố Đội Cấn - Ngọc Hà,Đội Cấn,Ngọc Hà,,
Ngõ 260 Phố Đội Cấn - Ngọc Hà,Đội Cấn,Ngọc Hà,,
Ngõ 266 Phố Đội Cấn - Ngọc Hà,Đội Cấn,Ngọc Hà,,
Ngõ 279 Phố Đội Cấn - Ngọc Hà,Đội Cấn,Ngọc Hà,,
Ngõ 283 Phố Đội Cấn - Ngọc Hà,Đội Cấn,Ngọc Hà,,
Ngõ 285 Phố Đội Cấn - Ngọc Hà,Đội Cấn,Ngọc Hà,,
Ngõ 294 Phố Đội Cấn - Ngọc Hà,Đội Cấn,Ngọc Hà,,
Ngõ 329 Phố Đội Cấn - Ngọc Hà,Đội Cấn,Ngọc Hà,,
Ngõ 341 Phố Đội Cấn - Ngọc Hà,Đội Cấn,Ngọc Hà,,
Ngõ 342 Phố Đội Cấn - Ngọc Hà,Đội Cấn,Ngọc Hà,,
Ngõ 343 Phố Đội Cấn - Ngọc Hà,Đội Cấn,Ngọc Hà,,
Ngõ 379 Phố Đội Cấn - Ngọc Hà,Đội Cấn,Ngọc Hà,,
Ngõ 381 Phố Đội Cấn - Ngọc Hà,Đội Cấn,Ngọc Hà,,
Ngõ 394 Phố Đội Cấn - Ngọc Hà,Đội Cấn,Ngọc Hà,,
Ngõ 409 Phố Đội Cấn - Ngọc Hà,Đội Cấn,Ngọc Hà,,
Ngõ 432 Phố Đội Cấn - Ngọc Hà,Đội Cấn,Ngọc Hà,,
Ngõ 433 Phố Đội Cấn - Ngọc Hà,Đội Cấn,Ngọc Hà,,
Ngõ 435 Phố Đội Cấn - Ngọc Hà,Đội Cấn,Ngọc Hà,,
Ngõ 443 Phố Đội Cấn - Ngọc Hà,Đội Cấn,Ngọc Hà,,
Ngõ 444 Phố Đội Cấn - Ngọc Hà,Đội Cấn,Ngọc Hà,,
Ngõ 459 Phố Đội Cấn - Ngọc Hà,Đội Cấn,Ngọc Hà,,
Ngõ 463 Phố Đội Cấn - Ngọc Hà,Đội Cấn,Ngọc Hà,,
Ngõ 465 Phố Đội Cấn - Ngọc Hà,Đội Cấn,Ngọc Hà,,
Ngõ 518 Phố Đội Cấn - Ngọc Hà,Đội Cấn,Ngọc Hà,,
Phố Đội Cấn - Ngọc Hà,Đội Cấn,Ngọc Hà,,
Hẻm 6/12/3 Phố Đội Nhân - Ngọc Hà,Đội Nhân,Ngọc Hà,,
Hẻm 6/12/5 Phố Đội Nhân - Ngọc Hà,Đội Nhân,Ngọc Hà,,
Hẻm 6/30/2 Phố Đội Nhân - Ngọc Hà,Đội Nhân,Ngọc Hà,,
Ngách 6/14 Phố Đội Nhân - Ngọc Hà,Đội Nhân,Ngọc Hà,,
Ngách 6/30 Phố Đội Nhân - Ngọc Hà,Đội Nhân,Ngọc Hà,,
Ngách 6/6 Phố Đội Nhân - Ngọc Hà,Đội Nhân,Ngọc Hà,,
Ngách 6/8 Phố Đội Nhân - Ngọc Hà,Đội Nhân,Ngọc Hà,,
Ngõ 2 Phố Đội Nhân - Ngọc Hà,Đội Nhân,Ngọc Hà,,
Ngõ 29 Phố Đội Nhân - Ngọc Hà,Đội Nhân,Ngọc Hà,,
Ngõ 6 Phố Đội Nhân - Ngọc Hà,Đội Nhân,Ngọc Hà,,
Ngõ 6/12 Phố Đội Nhân - Ngọc Hà,Đội Nhân,Ngọc Hà,,
Phố Đội Nhân - Ngọc Hà,Đội Nhân,Ngọc Hà,,
Đường Hoàng Hoa Thám - Ngọc Hà,Hoàng Hoa Thám,Ngọc Hà,,
Hẻm 17/63/173 Đường Hoàng Hoa Thám - Ngọc Hà,Hoàng Hoa Thám,Ngọc Hà,,
Hẻm 173/24/7 Đường Hoàng Hoa Thám - Ngọc Hà,Hoàng Hoa Thám,Ngọc Hà,,
Hẻm 173/63/17 Đường Hoàng Hoa Thám - Ngọc Hà,Hoàng Hoa Thám,Ngọc Hà,,
Hẻm 173/68/147 Đường Hoàng Hoa Thám - Ngọc Hà,Hoàng Hoa Thám,Ngọc Hà,,
Hẻm 173/68/39 Đường Hoàng Hoa Thám - Ngọc Hà,Hoàng Hoa Thám,Ngọc Hà,,
Hẻm 173/68/41 Đường Hoàng Hoa Thám - Ngọc Hà,Hoàng Hoa Thám,Ngọc Hà,,
Hẻm 173/68/81 Đường Hoàng Hoa Thám - Ngọc Hà,Hoàng Hoa Thám,Ngọc Hà,,
Hẻm 515/13/19 Đường Hoàng Hoa Thám - Ngọc Hà,Hoàng Hoa Thám,Ngọc Hà,,
Hẻm 515/13/4 Đường Hoàng Hoa Thám - Ngọc Hà,Hoàng Hoa Thám,Ngọc Hà,,
Hẻm 515/3/2 Đường Hoàng Hoa Thám - Ngọc Hà,Hoàng Hoa Thám,Ngọc Hà,,
Hẻm 515/38/8 Đường Hoàng Hoa Thám - Ngọc Hà,Hoàng Hoa Thám,Ngọc Hà,,
Hẻm 639/39/31 Đường Hoàng Hoa Thám - Ngọc Hà,Hoàng Hoa Thám,Ngọc Hà,,
Ngách 173/134 Đường Hoàng Hoa Thám - Ngọc Hà,Hoàng Hoa Thám,Ngọc Hà,,
Ngách 173/151 Đường Hoàng Hoa Thám - Ngọc Hà,Hoàng Hoa Thám,Ngọc Hà,,
Ngách 173/191 Đường Hoàng Hoa Thám - Ngọc Hà,Hoàng Hoa Thám,Ngọc Hà,,
Ngách 173/24 Đường Hoàng Hoa Thám - Ngọc Hà,Hoàng Hoa Thám,Ngọc Hà,,
Ngách 173/38 Đường Hoàng Hoa Thám - Ngọc Hà,Hoàng Hoa Thám,Ngọc Hà,,
Ngách 173/55 Đường Hoàng Hoa Thám - Ngọc Hà,Hoàng Hoa Thám,Ngọc Hà,,
Ngách 173/59-61 Đường Hoàng Hoa Thám - Ngọc Hà,Hoàng Hoa Thám,Ngọc Hà,,
Ngách 173/63 Đường Hoàng Hoa Thám - Ngọc Hà,Hoàng Hoa Thám,Ngọc Hà,,
Ngách 173/68 Đường Hoàng Hoa Thám - Ngọc Hà,Hoàng Hoa Thám,Ngọc Hà,,
Ngách 173/75 Đường Hoàng Hoa Thám - Ngọc Hà,Hoàng Hoa Thám,Ngọc Hà,,
Ngách 189/155 Đường Hoàng Hoa Thám - Ngọc Hà,Hoàng Hoa Thám,Ngọc Hà,,
Ngách 189/61 Đường Hoàng Hoa Thám - Ngọc Hà,Hoàng Hoa Thám,Ngọc Hà,,
Ngách 515/13 Đường Hoàng Hoa Thám - Ngọc Hà,Hoàng Hoa Thám,Ngọc Hà,,
Ngách 515/22 Đường Hoàng Hoa Thám - Ngọc Hà,Hoàng Hoa Thám,Ngọc Hà,,
Ngách 515/24 Đường Hoàng Hoa Thám - Ngọc Hà,Hoàng Hoa Thám,Ngọc Hà,,
Ngách 515/3 Đường Hoàng Hoa Thám - Ngọc Hà,Hoàng Hoa Thám,Ngọc Hà,,
Ngách 515/38 Đường Hoàng Hoa Thám - Ngọc Hà,Hoàng Hoa Thám,Ngọc Hà,,
Ngách 515/70 Đường Hoàng Hoa Thám - Ngọc Hà,Hoàng Hoa Thám,Ngọc Hà,,
Ngách 515/75 Đường Hoàng Hoa Thám - Ngọc Hà,Hoàng Hoa Thám,Ngọc Hà,,
Ngách 515/76 Đường Hoàng Hoa Thám - Ngọc Hà,Hoàng Hoa Thám,Ngọc Hà,,
Ngách 515/81 Đường Hoàng Hoa Thám - Ngọc Hà,Hoàng Hoa Thám,Ngọc Hà,,
Ngách 55/38 Đường Hoàng Hoa Thám - Ngọc Hà,Hoàng Hoa Thám,Ngọc Hà,,
Ngách 55/42 Đường Hoàng Hoa Thám - Ngọc Hà,Hoàng Hoa Thám,Ngọc Hà,,
Ngách 55/48 Đường Hoàng Hoa Thám - Ngọc Hà,Hoàng Hoa Thám,Ngọc Hà,,
Ngách 639/39 Đường Hoàng Hoa Thám - Ngọc Hà,Hoàng Hoa Thám,Ngọc Hà,,
Ngõ 139 Đường Hoàng Hoa Thám - Ngọc Hà,Hoàng Hoa Thám,Ngọc Hà,,
Ngõ 151 Đường Hoàng Hoa Thám - Ngọc Hà,Hoàng Hoa Thám,Ngọc Hà,,
Ngõ 167 Đường Hoàng Hoa Thám - Ngọc Hà,Hoàng Hoa Thám,Ngọc Hà,,
Ngõ 173 Đường Hoàng Hoa Thám - Ngọc Hà,Hoàng Hoa Thám,Ngọc Hà,,
Ngõ 189 Đường Hoàng Hoa Thám - Ngọc Hà,Hoàng Hoa Thám,Ngọc Hà,,
Ngõ 267 Đường Hoàng Hoa Thám - Ngọc Hà,Hoàng Hoa Thám,Ngọc Hà,,
Ngõ 317 Đường Hoàng Hoa Thám - Ngọc Hà,Hoàng Hoa Thám,Ngọc Hà,,
Ngõ 337 Đường Hoàng Hoa Thám - Ngọc Hà,Hoàng Hoa Thám,Ngọc Hà,,
Ngõ 465 Đường Hoàng Hoa Thám - Ngọc Hà,Hoàng Hoa Thám,Ngọc Hà,,
Ngõ 467 Đường Hoàng Hoa Thám - Ngọc Hà,Hoàng Hoa Thám,Ngọc Hà,,
Ngõ 515 Đường Hoàng Hoa Thám - Ngọc Hà,Hoàng Hoa Thám,Ngọc Hà,,
Ngõ 567 Đường Hoàng Hoa Thám - Ngọc Hà,Hoàng Hoa Thám,Ngọc Hà,,
Ngõ 575 Đường Hoàng Hoa Thám - Ngọc Hà,Hoàng Hoa Thám,Ngọc Hà,,
Ngõ 591 Đường Hoàng Hoa Thám - Ngọc Hà,Hoàng Hoa Thám,Ngọc Hà,,
Ngõ 623 Đường Hoàng Hoa Thám - Ngọc Hà,Hoàng Hoa Thám,Ngọc Hà,,
Ngõ 639 Đường Hoàng Hoa Thám - Ngọc Hà,Hoàng Hoa Thám,Ngọc Hà,,
Ngõ 67 Đường Hoàng Hoa Thám - Ngọc Hà,Hoàng Hoa Thám,Ngọc Hà,,
Ngách 290/11 Phố Kim Mã - Ngọc Hà,Kim Mã,Ngọc Hà,,
Ngách 294/2 Phố Kim Mã - Ngọc Hà,Kim Mã,Ngọc Hà,,
Ngách 294/30 Phố Kim Mã - Ngọc Hà,Kim Mã,Ngọc Hà,,
Ngách 294/4 Phố Kim Mã - Ngọc Hà,Kim Mã,Ngọc Hà,,
Ngách 294/54 Phố Kim Mã - Ngọc Hà,Kim Mã,Ngọc Hà,,
Ngách 294/90 Phố Kim Mã - Ngọc Hà,Kim Mã,Ngọc Hà,,
Ngách 82/50 Phố Kim Mã - Ngọc Hà,Kim Mã,Ngọc Hà,,
Ngách 82/56 Phố Kim Mã - Ngọc Hà,Kim Mã,Ngọc Hà,,
Ngách 82/68 Phố Kim Mã - Ngọc Hà,Kim Mã,Ngọc Hà,,
Ngõ 166 Phố Kim Mã - Ngọc Hà,Kim Mã,Ngọc Hà,,
Ngõ 192 Phố Kim Mã - Ngọc Hà,Kim Mã,Ngọc Hà,,
Ngõ 290 Phố Kim Mã - Ngọc Hà,Kim Mã,Ngọc Hà,,
Ngõ 294 Phố Kim Mã - Ngọc Hà,Kim Mã,Ngọc Hà,,
Ngõ 82 Phố Kim Mã - Ngọc Hà,Kim Mã,Ngọc Hà,,
Phố Kim Mã - Ngọc Hà,Kim Mã,Ngọc Hà,,
Hẻm 10/16/11 Phố Kim Mã Thượng - Ngọc Hà,Kim Mã Thượng,Ngọc Hà,,
Ngách 10/16 Phố Kim Mã Thượng - Ngọc Hà,Kim Mã Thượng,Ngọc Hà,,
Ngõ 10 Phố Kim Mã Thượng - Ngọc Hà,Kim Mã Thượng,Ngọc Hà,,
Ngõ 37 Phố Kim Mã Thượng - Ngọc Hà,Kim Mã Thượng,Ngọc Hà,,
Ngõ 76 Phố Kim Mã Thượng - Ngọc Hà,Kim Mã Thượng,Ngọc Hà,,
Phố Kim Mã Thượng - Ngọc Hà,Kim Mã Thượng,Ngọc Hà,,
Ngách 19/15 Phố Liễu Giai - Ngọc Hà,Liễu Giai,Ngọc Hà,,
Ngách 19/18 Phố Liễu Giai - Ngọc Hà,Liễu Giai,Ngọc Hà,,
Ngách 19/2 Phố Liễu Giai - Ngọc Hà,Liễu Giai,Ngọc Hà,,
Ngõ 19 Phố Liễu Giai - Ngọc Hà,Liễu Giai,Ngọc Hà,,
Ngõ 20 Phố Liễu Giai - Ngọc Hà,Liễu Giai,Ngọc Hà,,
Ngõ 28 Phố Liễu Giai - Ngọc Hà,Liễu Giai,Ngọc Hà,,
Ngõ 42 Phố Liễu Giai - Ngọc Hà,Liễu Giai,Ngọc Hà,,
Ngõ 7 Phố Liễu Giai - Ngọc Hà,Liễu Giai,Ngọc Hà,,
Ngõ 8 Phố Liễu Giai - Ngọc Hà,Liễu Giai,Ngọc Hà,,
Ngõ 9 Phố Liễu Giai - Ngọc Hà,Liễu Giai,Ngọc Hà,,
Phố Liễu Giai - Ngọc Hà,Liễu Giai,Ngọc Hà,,
Ngõ 2 Phố Linh Lang - Ngọc Hà,Linh Lang,Ngọc Hà,,
Ngõ 39 Phố Linh Lang - Ngọc Hà,Linh Lang,Ngọc Hà,,
Ngõ 40 Phố Linh Lang - Ngọc Hà,Linh Lang,Ngọc Hà,,
Ngõ 41 Phố Linh Lang - Ngọc Hà,Linh Lang,Ngọc Hà,,
Ngõ 47 Phố Linh Lang - Ngọc Hà,Linh Lang,Ngọc Hà,,
Ngõ 49 Phố Linh Lang - Ngọc Hà,Linh Lang,Ngọc Hà,,
Ngõ 60 Phố Linh Lang - Ngọc Hà,Linh Lang,Ngọc Hà,,
Phố Linh Lang - Ngọc Hà,Linh Lang,Ngọc Hà,,
Ngách 158/111 Phố Ngọc Hà - Ngọc Hà,Ngọc Hà,Ngọc Hà,,
Ngách 158/124 Phố Ngọc Hà - Ngọc Hà,Ngọc Hà,Ngọc Hà,,
Ngách 158/168 Phố Ngọc Hà - Ngọc Hà,Ngọc Hà,Ngọc Hà,,
Ngách 158/169 Phố Ngọc Hà - Ngọc Hà,Ngọc Hà,Ngọc Hà,,
Ngách 158/177 Phố Ngọc Hà - Ngọc Hà,Ngọc Hà,Ngọc Hà,,
Ngách 158/193 Phố Ngọc Hà - Ngọc Hà,Ngọc Hà,Ngọc Hà,,
Ngách 158/225 Phố Ngọc Hà - Ngọc Hà,Ngọc Hà,Ngọc Hà,,
Ngách 158/255 Phố Ngọc Hà - Ngọc Hà,Ngọc Hà,Ngọc Hà,,
Ngõ 158 Phố Ngọc Hà - Ngọc Hà,Ngọc Hà,Ngọc Hà,,
Phố Núi Trúc - Ngọc Hà,Núi Trúc,Ngọc Hà,,
Ngõ 116 Phố Phan Kế Bính - Ngọc Hà,Phan Kế Bính,Ngọc Hà,,
Ngõ 36 Phố Phan Kế Bính - Ngọc Hà,Phan Kế Bính,Ngọc Hà,,
Ngõ 2 Phố Quần Ngựa - Ngọc Hà,Quần Ngựa,Ngọc Hà,,
Ngõ 4 Phố Quần Ngựa - Ngọc Hà,Quần Ngựa,Ngọc Hà,,
Ngõ 6 Phố Quần Ngựa - Ngọc Hà,Quần Ngựa,Ngọc Hà,,
Phố Quần Ngựa - Ngọc Hà,Quần Ngựa,Ngọc Hà,,
Ngõ 19 Phố Vạn Bảo - Ngọc Hà,Vạn Bảo,Ngọc Hà,,
Ngõ 21 Phố Vạn Bảo - Ngọc Hà,Vạn Bảo,Ngọc Hà,,
Ngõ 32 Phố Vạn Bảo - Ngọc Hà,Vạn Bảo,Ngọc Hà,,
Ngõ 34 Phố Vạn Bảo - Ngọc Hà,Vạn Bảo,Ngọc Hà,,
Ngõ 36 Phố Vạn Bảo - Ngọc Hà,Vạn Bảo,Ngọc Hà,,
Ngõ 40 Phố Vạn Bảo - Ngọc Hà,Vạn Bảo,Ngọc Hà,,
Ngõ 49 Phố Vạn Bảo - Ngọc Hà,Vạn Bảo,Ngọc Hà,,
Ngõ 65 Phố Vạn Bảo - Ngọc Hà,Vạn Bảo,Ngọc Hà,,
Ngõ 67 Phố Vạn Bảo - Ngọc Hà,Vạn Bảo,Ngọc Hà,,
Phố Vạn Bảo - Ngọc Hà,Vạn Bảo,Ngọc Hà,,
Đường Văn Cao - Ngọc Hà,Văn Cao,Ngọc Hà,,
Hẻm 127/15/1 Đường Văn Cao - Ngọc Hà,Văn Cao,Ngọc Hà,,
Hẻm 127/15/2 Đường Văn Cao - Ngọc Hà,Văn Cao,Ngọc Hà,,
Ngách 127/15 Đường Văn Cao - Ngọc Hà,Văn Cao,Ngọc Hà,,
Ngách 127/56 Đường Văn Cao - Ngọc Hà,Văn Cao,Ngọc Hà,,
Ngách 97/24 Phố Văn Cao - Ngọc Hà,Văn Cao,Ngọc Hà,,
Ngõ 123 Đường Văn Cao - Ngọc Hà,Văn Cao,Ngọc Hà,,
Ngõ 127 Đường Văn Cao - Ngọc Hà,Văn Cao,Ngọc Hà,,
Ngõ 127 Văn Cao - Ngọc Hà,Văn Cao,Ngọc Hà,,
Ngõ 33 Đường Văn Cao - Ngọc Hà,Văn Cao,Ngọc Hà,,
Ngõ 34 Phố Văn Cao - Ngọc Hà,Văn Cao,Ngọc Hà,,
Ngõ 36 Phố Văn Cao - Ngọc Hà,Văn Cao,Ngọc Hà,,
Ngõ 47 Đường Văn Cao - Ngọc Hà,Văn Cao,Ngọc Hà,,
Ngõ 62 Đường Văn Cao - Ngọc Hà,Văn Cao,Ngọc Hà,,
Ngõ 67 Đường Văn Cao - Ngọc Hà,Văn Cao,Ngọc Hà,,
Ngõ 69 Đường Văn Cao - Ngọc Hà,Văn Cao,Ngọc Hà,,
Ngõ 71 Đường Văn Cao - Ngọc Hà,Văn Cao,Ngọc Hà,,
Ngõ 80 Phố Văn Cao - Ngọc Hà,Văn Cao,Ngọc Hà,,
Ngõ 82 Phố Văn Cao - Ngọc Hà,Văn Cao,Ngọc Hà,,
Ngõ 93 Đường Văn Cao - Ngọc Hà,Văn Cao,Ngọc Hà,,
Ngõ 97 Đường Văn Cao - Ngọc Hà,Văn Cao,Ngọc Hà,,
Ngõ 1 Phố Vạn Phúc - Ngọc Hà,Vạn Phúc (Ngọc Hà),Ngọc Hà,,
Ngõ 3 Phố Vạn Phúc - Ngọc Hà,Vạn Phúc (Ngọc Hà),Ngọc Hà,,
Phố Vạn Phúc - Ngọc Hà,Vạn Phúc (Ngọc Hà),Ngọc Hà,,
Đường Nội Khu Tập Thể Vĩnh Phúc - Ngọc Hà,Vĩnh Phúc,Ngọc Hà,,
Ngách 6/2 Phố Vĩnh Phúc - Ngọc Hà,Vĩnh Phúc,Ngọc Hà,,
Ngách 6/9 Phố Vĩnh Phúc - Ngọc Hà,Vĩnh Phúc,Ngọc Hà,,
Ngách 6/94 Phố Vĩnh Phúc - Ngọc Hà,Vĩnh Phúc,Ngọc Hà,,
Ngách 75/14 Phố Vĩnh Phúc - Ngọc Hà,Vĩnh Phúc,Ngọc Hà,,
Ngõ 125 Phố Vĩnh Phúc - Ngọc Hà,Vĩnh Phúc,Ngọc Hà,,
Ngõ 31 Phố Vĩnh Phúc - Ngọc Hà,Vĩnh Phúc,Ngọc Hà,,
Ngõ 6 Phố Vĩnh Phúc - Ngọc Hà,Vĩnh Phúc,Ngọc Hà,,
Ngõ 75 Phố Vĩnh Phúc - Ngọc Hà,Vĩnh Phúc,Ngọc Hà,,
Phố Vĩnh Phúc - Ngọc Hà,Vĩnh Phúc,Ngọc Hà,,
"Phố Đốc Ngữ - Ngọc Hà, Tây Hồ",Đốc Ngữ,"Ngọc Hà, Tây Hồ",,
"Ngõ 287 Phố Đồng Cổ - Ngọc Hà, Tây Hồ",Đồng Cổ,"Ngọc Hà, Tây Hồ",,
"Đường Hoàng Hoa Thám - Ngọc Hà, Tây Hồ",Hoàng Hoa Thám,"Ngọc Hà, Tây Hồ",,
"Ngõ 10 Đường Hoàng Hoa Thám - Ngọc Hà, Tây Hồ",Hoàng Hoa Thám,"Ngọc Hà, Tây Hồ","Ngõ được hình thành dựa trên lòng sông Tô Lịch cũ. Sông Tô Lịch gốc rẽ nhánh khỏi sông Hồng tại ngã ba Chợ Gạo - Trần Nhật Duật, chảy qua Nguyễn Siêu, ngõ Gạch, chảy chéo lên phố Hàng Lược, Hàng Cót, nhập vào hệ thống hào nước bao quanh Hoàng thành Thăng Long, rồi rẽ chảy qua phía Tây, đi qua Phan Đình Phùng, đi dưới trường THCS Chu Văn An, ngõ 2 dốc La Pho, một phần ngõ 10 đường Hoàng Hoa Thám, ngõ 79 đường Thuỵ Khuê, ngõ 11 dốc Tam Đa, ngõ 6 gốc Tam Đa, phố Đồng Cổ, chảy dưới chợ Bưởi, đi tiếp qua ngõ 24 Võ Chí Công, ngõ 2 đường Hoàng Quốc Việt rồi chảy lộ thiên.",
"Ngõ 117 Đường Hoàng Hoa Thám - Ngọc Hà, Tây Hồ",Hoàng Hoa Thám,"Ngọc Hà, Tây Hồ",,
"Ngõ 120 Đường Hoàng Hoa Thám - Ngọc Hà, Tây Hồ",Hoàng Hoa Thám,"Ngọc Hà, Tây Hồ",,
"Ngõ 126 Đường Hoàng Hoa Thám - Ngọc Hà, Tây Hồ",Hoàng Hoa Thám,"Ngọc Hà, Tây Hồ",,
"Ngõ 135 Đường Hoàng Hoa Thám - Ngọc Hà, Tây Hồ",Hoàng Hoa Thám,"Ngọc Hà, Tây Hồ",,
"Ngõ 151 Đường Hoàng Hoa Thám - Ngọc Hà, Tây Hồ",Hoàng Hoa Thám,"Ngọc Hà, Tây Hồ",,
"Ngõ 169 Đường Hoàng Hoa Thám - Ngọc Hà, Tây Hồ",Hoàng Hoa Thám,"Ngọc Hà, Tây Hồ",,
"Ngõ 173 Đường Hoàng Hoa Thám - Ngọc Hà, Tây Hồ",Hoàng Hoa Thám,"Ngọc Hà, Tây Hồ",,
"Ngõ 179 Đường Hoàng Hoa Thám - Ngọc Hà, Tây Hồ",Hoàng Hoa Thám,"Ngọc Hà, Tây Hồ",,
"Ngõ 189 Đường Hoàng Hoa Thám - Ngọc Hà, Tây Hồ",Hoàng Hoa Thám,"Ngọc Hà, Tây Hồ",,
"Ngõ 221 Đường Hoàng Hoa Thám - Ngọc Hà, Tây Hồ",Hoàng Hoa Thám,"Ngọc Hà, Tây Hồ",,
"Ngõ 267 Đường Hoàng Hoa Thám - Ngọc Hà, Tây Hồ",Hoàng Hoa Thám,"Ngọc Hà, Tây Hồ",,
"Ngõ 293 Đường Hoàng Hoa Thám - Ngọc Hà, Tây Hồ",Hoàng Hoa Thám,"Ngọc Hà, Tây Hồ",,
"Ngõ 38 Đường Hoàng Hoa Thám - Ngọc Hà, Tây Hồ",Hoàng Hoa Thám,"Ngọc Hà, Tây Hồ",,
"Ngõ 444 Đường Hoàng Hoa Thám - Ngọc Hà, Tây Hồ",Hoàng Hoa Thám,"Ngọc Hà, Tây Hồ",,
"Ngõ 466 Đường Hoàng Hoa Thám - Ngọc Hà, Tây Hồ",Hoàng Hoa Thám,"Ngọc Hà, Tây Hồ",,
"Ngõ 512 Đường Hoàng Hoa Thám - Ngọc Hà, Tây Hồ",Hoàng Hoa Thám,"Ngọc Hà, Tây Hồ",,
"Ngõ 514 Đường Hoàng Hoa Thám - Ngọc Hà, Tây Hồ",Hoàng Hoa Thám,"Ngọc Hà, Tây Hồ",,
"Ngõ 567 Đường Hoàng Hoa Thám - Ngọc Hà, Tây Hồ",Hoàng Hoa Thám,"Ngọc Hà, Tây Hồ",,
"Ngõ 628 Đường Hoàng Hoa Thám - Ngọc Hà, Tây Hồ",Hoàng Hoa Thám,"Ngọc Hà, Tây Hồ",,
"Ngõ 656 Đường Hoàng Hoa Thám - Ngọc Hà, Tây Hồ",Hoàng Hoa Thám,"Ngọc Hà, Tây Hồ",,
"Ngõ 81 Đường Hoàng Hoa Thám - Ngọc Hà, Tây Hồ",Hoàng Hoa Thám,"Ngọc Hà, Tây Hồ",,
"Ngõ 97 Đường Hoàng Hoa Thám - Ngọc Hà, Tây Hồ",Hoàng Hoa Thám,"Ngọc Hà, Tây Hồ",,
"Đường Lạc Long Quân - Ngọc Hà, Tây Hồ",Lạc Long Quân,"Ngọc Hà, Tây Hồ",,
"Ngõ 105 Đường Thuỵ Khuê - Ngọc Hà, Tây Hồ",Thuỵ Khuê,"Ngọc Hà, Tây Hồ",,
"Đường Văn Cao - Ngọc Hà, Tây Hồ",Văn Cao,"Ngọc Hà, Tây Hồ",,
"Phố Vĩnh Phúc - Ngọc Hà, Tây Hồ",Vĩnh Phúc,"Ngọc Hà, Tây Hồ",,
"Đường Võ Chí Công - Ngọc Hà, Tây Hồ",Võ Chí Công,"Ngọc Hà, Tây Hồ",,
Ngách 2 Ngõ An Trạch 1 - Ô Chợ Dừa,An Trạch,Ô Chợ Dừa,,
Ngách 20 Ngõ An Trạch 2 - Ô Chợ Dừa,An Trạch,Ô Chợ Dừa,,
Ngách 29 Ngõ An Trạch 1 - Ô Chợ Dừa,An Trạch,Ô Chợ Dừa,,
Ngách 33 Ngõ An Trạch 1 - Ô Chợ Dừa,An Trạch,Ô Chợ Dừa,,
Ngách 39 Ngõ An Trạch 1 - Ô Chợ Dừa,An Trạch,Ô Chợ Dừa,,
Ngách 86 Ngõ An Trạch 2 - Ô Chợ Dừa,An Trạch,Ô Chợ Dừa,,
Ngõ 11 Phố An Trạch - Ô Chợ Dừa,An Trạch,Ô Chợ Dừa,,
Ngõ 127 Phố An Trạch - Ô Chợ Dừa,An Trạch,Ô Chợ Dừa,,
Ngõ 68 Phố An Trạch - Ô Chợ Dừa,An Trạch,Ô Chợ Dừa,,
Ngõ 74 Phố An Trạch - Ô Chợ Dừa,An Trạch,Ô Chợ Dừa,,
Ngõ An Trạch 1 - Ô Chợ Dừa,An Trạch,Ô Chợ Dừa,,
Ngõ An Trạch 2 - Ô Chợ Dừa,An Trạch,Ô Chợ Dừa,,
Phố An Trạch - Ô Chợ Dừa,An Trạch,Ô Chợ Dừa,"Phố An Trạch là phố tương đối mới, được hình thành từ một lạch nước chảy từ sân vận động Hàng Đẫy qua đường Hào Nam bây giờ. Phố được đặt tên vào năm 2011.",
Ngõ 10 Phố Bích Câu - Ô Chợ Dừa,Bích Câu,Ô Chợ Dừa,,
Phố Bích Câu - Ô Chợ Dừa,Bích Câu,Ô Chợ Dừa,,
Ngách 29 Ngõ Cẩm Văn - Ô Chợ Dừa,Cẩm Văn,Ô Chợ Dừa,,
Ngách 53 Ngõ Cẩm Văn - Ô Chợ Dừa,Cẩm Văn,Ô Chợ Dừa,,
Ngách 79 Ngõ Cẩm Văn - Ô Chợ Dừa,Cẩm Văn,Ô Chợ Dừa,,
Ngõ Cẩm Văn - Ô Chợ Dừa,Cẩm Văn,Ô Chợ Dừa,,
Ngách 35/14 Phố Cát Linh - Ô Chợ Dừa,Cát Linh,Ô Chợ Dừa,,
Ngõ 20 Phố Cát Linh - Ô Chợ Dừa,Cát Linh,Ô Chợ Dừa,,
Ngõ 21B Phố Cát Linh - Ô Chợ Dừa,Cát Linh,Ô Chợ Dừa,,
Ngõ 23 Phố Cát Linh - Ô Chợ Dừa,Cát Linh,Ô Chợ Dừa,,
Ngõ 25B Phố Cát Linh - Ô Chợ Dừa,Cát Linh,Ô Chợ Dừa,,
Ngõ 27 Phố Cát Linh - Ô Chợ Dừa,Cát Linh,Ô Chợ Dừa,,
Ngõ 32 Phố Cát Linh - Ô Chợ Dừa,Cát Linh,Ô Chợ Dừa,,
Ngõ 33 Phố Cát Linh - Ô Chợ Dừa,Cát Linh,Ô Chợ Dừa,,
Ngõ 35 Phố Cát Linh - Ô Chợ Dừa,Cát Linh,Ô Chợ Dừa,,
Phố Cát Linh - Ô Chợ Dừa,Cát Linh,Ô Chợ Dừa,,
Ngõ 245 Phố Đặng Tiến Đông - Ô Chợ Dừa,Đặng Tiến Đông,Ô Chợ Dừa,,TRUE
Ngõ 256 Phố Đặng Tiến Đông - Ô Chợ Dừa,Đặng Tiến Đông,Ô Chợ Dừa,,TRUE
Phố Đặng Tiến Đông - Ô Chợ Dừa,Đặng Tiến Đông,Ô Chợ Dừa,,TRUE
Phố Đặng Trần Côn - Ô Chợ Dừa,Đặng Trần Côn,Ô Chợ Dừa,,
Phố Đoàn Thị Điểm - Ô Chợ Dừa,Đoàn Thị Điểm,Ô Chợ Dừa,,
Hẻm 307 Phố Giảng Võ - Ô Chợ Dừa,Giảng Võ,Ô Chợ Dừa,,
Ngách 189/2 Phố Giảng Võ - Ô Chợ Dừa,Giảng Võ,Ô Chợ Dừa,,
Ngách 189/29 Phố Giảng Võ - Ô Chợ Dừa,Giảng Võ,Ô Chợ Dừa,,
Ngách 189/33 Phố Giảng Võ - Ô Chợ Dừa,Giảng Võ,Ô Chợ Dừa,,
Ngách 189/35 Phố Giảng Võ - Ô Chợ Dừa,Giảng Võ,Ô Chợ Dừa,,
Ngách 189/39 Phố Giảng Võ - Ô Chợ Dừa,Giảng Võ,Ô Chợ Dừa,,
Ngách 189/6 Phố Giảng Võ - Ô Chợ Dừa,Giảng Võ,Ô Chợ Dừa,,
Ngách 189/8 Phố Giảng Võ - Ô Chợ Dừa,Giảng Võ,Ô Chợ Dừa,,
Ngách 59/17 Phố Giảng Võ - Ô Chợ Dừa,Giảng Võ,Ô Chợ Dừa,,
Ngõ 129 Phố Giảng Võ - Ô Chợ Dừa,Giảng Võ,Ô Chợ Dừa,,
Ngõ 149 Phố Giảng Võ - Ô Chợ Dừa,Giảng Võ,Ô Chợ Dừa,,
Ngõ 173 Phố Giảng Võ - Ô Chợ Dừa,Giảng Võ,Ô Chợ Dừa,,
Ngõ 187 Phố Giảng Võ - Ô Chợ Dừa,Giảng Võ,Ô Chợ Dừa,,
Ngõ 189 Phố Giảng Võ - Ô Chợ Dừa,Giảng Võ,Ô Chợ Dừa,,
Ngõ 19 Phố Giảng Võ - Ô Chợ Dừa,Giảng Võ,Ô Chợ Dừa,,
Ngõ 279 Phố Giảng Võ - Ô Chợ Dừa,Giảng Võ,Ô Chợ Dừa,,
Ngõ 325 Phố Giảng Võ - Ô Chợ Dừa,Giảng Võ,Ô Chợ Dừa,,
Ngõ 43 Phố Giảng Võ - Ô Chợ Dừa,Giảng Võ,Ô Chợ Dừa,,
Ngõ 59 Phố Giảng Võ - Ô Chợ Dừa,Giảng Võ,Ô Chợ Dừa,,
Ngõ 9 Phố Giảng Võ - Ô Chợ Dừa,Giảng Võ,Ô Chợ Dừa,,
Ngõ 95 Phố Giảng Võ - Ô Chợ Dừa,Giảng Võ,Ô Chợ Dừa,,
Phố Giảng Võ - Ô Chợ Dừa,Giảng Võ,Ô Chợ Dừa,"Phố Giảng Võ hiện nay được xây dựng trên nền của tường thành Đại La cũ, vì vậy phố từng được gọi là phố Đại La. Trước đây thành Đại La chạy từ Hoàng thành Thăng Long, dọc theo Hoàng Hoa Thám tới đường Bưởi, rồi chạy dọc theo sông Tô Lịch tới Cầu Giấy, rồi chạy theo Đê La Thành, Xã Đàn, Đại Cồ Việt tới đê Nguyễn Khoái. Tới năm 1588, Mạc Mậu Hợp cho mở rộng thêm thành Đại La, từ ngã ba Hoàng Hoa Thám thành Đại La chạy theo Lạc Long Quân tới đê Âu Cơ. Năm 1749, Trịnh Doanh cho đắp lại thành Đại La (đã bị Trịnh Tùng phá huỷ). Thành Đại La lúc này chạy từ Hoàng Thành Thăng Long dọc xuống Giảng Võ rồi chạy theo đường vành đai 1 hiện nay, cắt mất Hồ Tây và một phần Thập Tam Trại (xem Bản đồ Hà Nội 1831).<br>Đầu phố Giảng Võ, cạnh bến xe Kim Mã có Phùng Vương cố lăng, tương truyền là mộ của Phùng Hưng.",
Ngõ Hàng Bột - Ô Chợ Dừa,Hàng Bột,Ô Chợ Dừa,,
Ngách 2 Ngõ Hàng Cháo - Ô Chợ Dừa,Hàng Cháo,Ô Chợ Dừa,,
Hẻm 46/58/14 Phố Hào Nam - Ô Chợ Dừa,Hào Nam,Ô Chợ Dừa,,
Ngách 126/23 Phố Hào Nam - Ô Chợ Dừa,Hào Nam,Ô Chợ Dừa,,
Ngách 127/23 Phố Hào Nam - Ô Chợ Dừa,Hào Nam,Ô Chợ Dừa,,
Ngách 168/1 Phố Hào Nam - Ô Chợ Dừa,Hào Nam,Ô Chợ Dừa,,
Ngách 168/23 Phố Hào Nam - Ô Chợ Dừa,Hào Nam,Ô Chợ Dừa,,
Ngách 46/12 Phố Hào Nam - Ô Chợ Dừa,Hào Nam,Ô Chợ Dừa,,
Ngách 46/54 Phố Hào Nam - Ô Chợ Dừa,Hào Nam,Ô Chợ Dừa,,
Ngách 46/58 Phố Hào Nam - Ô Chợ Dừa,Hào Nam,Ô Chợ Dừa,,
Ngách 86/20 Phố Hào Nam - Ô Chợ Dừa,Hào Nam,Ô Chợ Dừa,,
Ngách 86/65 Phố Hào Nam - Ô Chợ Dừa,Hào Nam,Ô Chợ Dừa,,
Ngõ 101 Phố Hào Nam - Ô Chợ Dừa,Hào Nam,Ô Chợ Dừa,,
Ngõ 126 Phố Hào Nam - Ô Chợ Dừa,Hào Nam,Ô Chợ Dừa,,
Ngõ 127 Phố Hào Nam - Ô Chợ Dừa,Hào Nam,Ô Chợ Dừa,,
Ngõ 137 Phố Hào Nam - Ô Chợ Dừa,Hào Nam,Ô Chợ Dừa,,
Ngõ 152 Phố Hào Nam - Ô Chợ Dừa,Hào Nam,Ô Chợ Dừa,,
Ngõ 160 Phố Hào Nam - Ô Chợ Dừa,Hào Nam,Ô Chợ Dừa,,
Ngõ 167 Phố Hào Nam - Ô Chợ Dừa,Hào Nam,Ô Chợ Dừa,,
Ngõ 168 Phố Hào Nam - Ô Chợ Dừa,Hào Nam,Ô Chợ Dừa,,
Ngõ 32A Phố Hào Nam - Ô Chợ Dừa,Hào Nam,Ô Chợ Dừa,,
Ngõ 34 Phố Hào Nam - Ô Chợ Dừa,Hào Nam,Ô Chợ Dừa,,
Ngõ 39 Phố Hào Nam - Ô Chợ Dừa,Hào Nam,Ô Chợ Dừa,,
Ngõ 44 Phố Hào Nam - Ô Chợ Dừa,Hào Nam,Ô Chợ Dừa,,
Ngõ 45 Phố Hào Nam - Ô Chợ Dừa,Hào Nam,Ô Chợ Dừa,,
Ngõ 46 Phố Hào Nam - Ô Chợ Dừa,Hào Nam,Ô Chợ Dừa,,
Ngõ 86 Phố Hào Nam - Ô Chợ Dừa,Hào Nam,Ô Chợ Dừa,,
Phố Hào Nam - Ô Chợ Dừa,Hào Nam,Ô Chợ Dừa,,
Hẻm 34/68/7 Phố Hoàng Cầu - Ô Chợ Dừa,Hoàng Cầu,Ô Chợ Dừa,,
Ngách 34/68 Phố Hoàng Cầu - Ô Chợ Dừa,Hoàng Cầu,Ô Chợ Dừa,,
Ngách 34/84 Phố Hoàng Cầu - Ô Chợ Dừa,Hoàng Cầu,Ô Chợ Dừa,,
Ngõ 16 Phố Hoàng Cầu - Ô Chợ Dừa,Hoàng Cầu,Ô Chợ Dừa,,
Ngõ 26 Phố Hoàng Cầu - Ô Chợ Dừa,Hoàng Cầu,Ô Chợ Dừa,,
Ngõ 34 Phố Hoàng Cầu - Ô Chợ Dừa,Hoàng Cầu,Ô Chợ Dừa,,
Ngõ 34A Phố Hoàng Cầu - Ô Chợ Dừa,Hoàng Cầu,Ô Chợ Dừa,,
Phố Hoàng Cầu - Ô Chợ Dừa,Hoàng Cầu,Ô Chợ Dừa,,
Đường La Thành - Ô Chợ Dừa,La Thành,Ô Chợ Dừa,,
Hẻm 418/1/4 Đường La Thành - Ô Chợ Dừa,La Thành,Ô Chợ Dừa,,
La Thành - Ô Chợ Dừa,La Thành,Ô Chợ Dừa,,
Ngách 318/83 Đường La Thành - Ô Chợ Dừa,La Thành,Ô Chợ Dừa,,
Ngách 318/99 Đường La Thành - Ô Chợ Dừa,La Thành,Ô Chợ Dừa,,
Ngách 360/4 Đường La Thành - Ô Chợ Dừa,La Thành,Ô Chợ Dừa,,
Ngách 371/23 Đường La Thành - Ô Chợ Dừa,La Thành,Ô Chợ Dừa,,
Ngách 371/5 Đường La Thành - Ô Chợ Dừa,La Thành,Ô Chợ Dừa,,
Ngách 371/9 Đường La Thành - Ô Chợ Dừa,La Thành,Ô Chợ Dừa,,
Ngách 418/1 Đường La Thành - Ô Chợ Dừa,La Thành,Ô Chợ Dừa,,
Ngõ 170 Đường La Thành - Ô Chợ Dừa,La Thành,Ô Chợ Dừa,,
Ngõ 217 Đường La Thành - Ô Chợ Dừa,La Thành,Ô Chợ Dừa,,
Ngõ 241 Đường La Thành - Ô Chợ Dừa,La Thành,Ô Chợ Dừa,,
Ngõ 318 Đường La Thành - Ô Chợ Dừa,La Thành,Ô Chợ Dừa,,
Ngõ 360 Đường La Thành - Ô Chợ Dừa,La Thành,Ô Chợ Dừa,,
Ngõ 371 Đường La Thành - Ô Chợ Dừa,La Thành,Ô Chợ Dừa,,
Ngõ 418 Đường La Thành - Ô Chợ Dừa,La Thành,Ô Chợ Dừa,,
Ngõ 466 Đường La Thành - Ô Chợ Dừa,La Thành,Ô Chợ Dừa,,
Ngách 5/23 Phố Láng Hạ - Ô Chợ Dừa,Láng Hạ,Ô Chợ Dừa,,
Ngách 5/8 Phố Láng Hạ - Ô Chợ Dừa,Láng Hạ,Ô Chợ Dừa,,
Ngõ 29 Phố Láng Hạ - Ô Chợ Dừa,Láng Hạ,Ô Chợ Dừa,,
Ngõ 5 Phố Láng Hạ - Ô Chợ Dừa,Láng Hạ,Ô Chợ Dừa,,
Ngõ 57 Phố Láng Hạ - Ô Chợ Dừa,Láng Hạ,Ô Chợ Dừa,,
Ngõ 59 Phố Láng Hạ - Ô Chợ Dừa,Láng Hạ,Ô Chợ Dừa,,
Ngõ 71 Phố Láng Hạ - Ô Chợ Dừa,Láng Hạ,Ô Chợ Dừa,,
Ngõ 81 Phố Láng Hạ - Ô Chợ Dừa,Láng Hạ,Ô Chợ Dừa,,
Ngõ 85 Phố Láng Hạ - Ô Chợ Dừa,Láng Hạ,Ô Chợ Dừa,,
Ngõ 87 Phố Láng Hạ - Ô Chợ Dừa,Láng Hạ,Ô Chợ Dừa,,
Phố Láng Hạ - Ô Chợ Dừa,Láng Hạ,Ô Chợ Dừa,,
Ngõ 148 Phố Mai Anh Tuấn - Ô Chợ Dừa,Mai Anh Tuấn,Ô Chợ Dừa,,
Ngõ 156 Phố Mai Anh Tuấn - Ô Chợ Dừa,Mai Anh Tuấn,Ô Chợ Dừa,,
Phố Mai Anh Tuấn - Ô Chợ Dừa,Mai Anh Tuấn,Ô Chợ Dừa,,
Ngõ 104 Phố Nguyễn Phúc Lai - Ô Chợ Dừa,Nguyễn Phúc Lai,Ô Chợ Dừa,,
Ngõ 12 Phố Nguyễn Phúc Lai - Ô Chợ Dừa,Nguyễn Phúc Lai,Ô Chợ Dừa,,
Ngõ 16 Phố Nguyễn Phúc Lai - Ô Chợ Dừa,Nguyễn Phúc Lai,Ô Chợ Dừa,,
Ngõ 44 Phố Nguyễn Phúc Lai - Ô Chợ Dừa,Nguyễn Phúc Lai,Ô Chợ Dừa,,
Ngõ 82 Phố Nguyễn Phúc Lai - Ô Chợ Dừa,Nguyễn Phúc Lai,Ô Chợ Dừa,,
Ngõ 91 Phố Nguyễn Phúc Lai - Ô Chợ Dừa,Nguyễn Phúc Lai,Ô Chợ Dừa,,
Phố Nguyễn Phúc Lai - Ô Chợ Dừa,Nguyễn Phúc Lai,Ô Chợ Dừa,,
Phố Ô Chợ Dừa - Ô Chợ Dừa,Ô Chợ Dừa,Ô Chợ Dừa,,
Phố Phan Phu Tiên - Ô Chợ Dừa,Phan Phu Tiên,Ô Chợ Dừa,,
Ngõ 18 Phố Phan Văn Trị - Ô Chợ Dừa,Phan Văn Trị,Ô Chợ Dừa,,
Ngõ 6 Phố Phan Văn Trị - Ô Chợ Dừa,Phan Văn Trị,Ô Chợ Dừa,,
Hẻm 127/16 Ngõ Quan Thổ 1 - Ô Chợ Dừa,Quan Thổ,Ô Chợ Dừa,,
Ngách 127 Ngõ Quan Thổ 1 - Ô Chợ Dừa,Quan Thổ,Ô Chợ Dừa,,
Ngách 199 Ngõ Quan Thổ 1 - Ô Chợ Dừa,Quan Thổ,Ô Chợ Dừa,,
Ngõ Quan Thổ 1 - Ô Chợ Dừa,Quan Thổ,Ô Chợ Dừa,,
Ngõ Quan Thổ 3 - Ô Chợ Dừa,Quan Thổ,Ô Chợ Dừa,,
Ngõ 88 Thái Hà - Ô Chợ Dừa,Thái Hà,Ô Chợ Dừa,,
Phố Thái Hà - Ô Chợ Dừa,Thái Hà,Ô Chợ Dừa,,
Ngách 11 Ngõ Thịnh Hào 1 - Ô Chợ Dừa,Thịnh Hào,Ô Chợ Dừa,,
Ngách 130 Ngõ Thịnh Hào 1 - Ô Chợ Dừa,Thịnh Hào,Ô Chợ Dừa,,
Ngách 144 Ngõ Thịnh Hào 1 - Ô Chợ Dừa,Thịnh Hào,Ô Chợ Dừa,,
Ngách 148 Ngõ Thịnh Hào 1 - Ô Chợ Dừa,Thịnh Hào,Ô Chợ Dừa,,
Ngách 41 Ngõ Thịnh Hào 1 - Ô Chợ Dừa,Thịnh Hào,Ô Chợ Dừa,,
Ngách 42 Ngõ Thịnh Hào 1 - Ô Chợ Dừa,Thịnh Hào,Ô Chợ Dừa,,
Ngách 47 Ngõ Thịnh Hào 2 - Ô Chợ Dừa,Thịnh Hào,Ô Chợ Dừa,,
Ngách 60 Ngõ Thịnh Hào 3 - Ô Chợ Dừa,Thịnh Hào,Ô Chợ Dừa,,
Ngách 74 Ngõ Thịnh Hào 1 - Ô Chợ Dừa,Thịnh Hào,Ô Chợ Dừa,,
Ngách 75 Ngõ Thịnh Hào 1 - Ô Chợ Dừa,Thịnh Hào,Ô Chợ Dừa,,
Ngách 98 Ngõ Thịnh Hào 3 - Ô Chợ Dừa,Thịnh Hào,Ô Chợ Dừa,,
Ngõ Thịnh Hào 1 - Ô Chợ Dừa,Thịnh Hào,Ô Chợ Dừa,,
Ngõ Thịnh Hào 2 - Ô Chợ Dừa,Thịnh Hào,Ô Chợ Dừa,,
Ngõ Thịnh Hào 3 - Ô Chợ Dừa,Thịnh Hào,Ô Chợ Dừa,,
Ngõ 204 Phố Tôn Đức Thắng - Ô Chợ Dừa,Tôn Đức Thắng,Ô Chợ Dừa,,
Ngõ 232 Phố Tôn Đức Thắng - Ô Chợ Dừa,Tôn Đức Thắng,Ô Chợ Dừa,,
Phố Tôn Đức Thắng - Ô Chợ Dừa,Tôn Đức Thắng,Ô Chợ Dừa,,
Ngõ Trại Tóc - Ô Chợ Dừa,Trại Tóc,Ô Chợ Dừa,,
Ngõ 11 Phố Trịnh Hoài Đức - Ô Chợ Dừa,Trịnh Hoài Đức,Ô Chợ Dừa,,
Phố Trịnh Hoài Đức - Ô Chợ Dừa,Trịnh Hoài Đức,Ô Chợ Dừa,,
Hẻm 2/1/1 Phố Vũ Thạnh - Ô Chợ Dừa,Vũ Thạnh,Ô Chợ Dừa,,TRUE
Ngách 2/1 Phố Vũ Thạnh - Ô Chợ Dừa,Vũ Thạnh,Ô Chợ Dừa,,TRUE
Ngách 29/44 Phố Vũ Thạnh - Ô Chợ Dừa,Vũ Thạnh,Ô Chợ Dừa,,TRUE
Ngách 29/46 Phố Vũ Thạnh - Ô Chợ Dừa,Vũ Thạnh,Ô Chợ Dừa,,TRUE
Ngách 29/48 Phố Vũ Thạnh - Ô Chợ Dừa,Vũ Thạnh,Ô Chợ Dừa,,TRUE
Ngõ 18 Phố Vũ Thạnh - Ô Chợ Dừa,Vũ Thạnh,Ô Chợ Dừa,,TRUE
Ngõ 2 Phố Vũ Thạnh - Ô Chợ Dừa,Vũ Thạnh,Ô Chợ Dừa,,TRUE
Ngõ 23 Phố Vũ Thạnh - Ô Chợ Dừa,Vũ Thạnh,Ô Chợ Dừa,,TRUE
Ngõ 29 Phố Vũ Thạnh - Ô Chợ Dừa,Vũ Thạnh,Ô Chợ Dừa,,TRUE
Ngõ 3 Phố Vũ Thạnh - Ô Chợ Dừa,Vũ Thạnh,Ô Chợ Dừa,,TRUE
Ngõ 8 Phố Vũ Thạnh - Ô Chợ Dừa,Vũ Thạnh,Ô Chợ Dừa,,TRUE
Ngõ 8A Phố Vũ Thạnh - Ô Chợ Dừa,Vũ Thạnh,Ô Chợ Dừa,,TRUE
Ngõ 8B Phố Vũ Thạnh - Ô Chợ Dừa,Vũ Thạnh,Ô Chợ Dừa,,TRUE
Ngõ 8C Phố Vũ Thạnh - Ô Chợ Dừa,Vũ Thạnh,Ô Chợ Dừa,,TRUE
Phố Vũ Thạnh - Ô Chợ Dừa,Vũ Thạnh,Ô Chợ Dừa,,TRUE
"Phố Hoàng Cầu - Ô Chợ Dừa, Đống Đa",Hoàng Cầu,"Ô Chợ Dừa, Đống Đa",,
"Phố Láng Hạ - Ô Chợ Dừa, Đống Đa",Láng Hạ,"Ô Chợ Dừa, Đống Đa",,
"Phố Mai Anh Tuấn - Ô Chợ Dừa, Đống Đa",Mai Anh Tuấn,"Ô Chợ Dừa, Đống Đa",,
"Phố Ô Chợ Dừa - Ô Chợ Dừa, Đống Đa",Ô Chợ Dừa,"Ô Chợ Dừa, Đống Đa",,
"Ngõ 88 Thái Hà - Ô Chợ Dừa, Đống Đa",Thái Hà,"Ô Chợ Dừa, Đống Đa",,
"Phố Thái Hà - Ô Chợ Dừa, Đống Đa",Thái Hà,"Ô Chợ Dừa, Đống Đa",,
"Phố Tôn Đức Thắng - Ô Chợ Dừa, Đống Đa",Tôn Đức Thắng,"Ô Chợ Dừa, Đống Đa",,
"Phố Võ Văn Dũng - Ô Chợ Dừa, Đống Đa",Võ Văn Dũng,"Ô Chợ Dừa, Đống Đa",,TRUE
Cầu Diễn - Phú Diễn,Cầu Diễn,Phú Diễn,,
Đường Cầu Diễn - Phú Diễn,Cầu Diễn,Phú Diễn,,
Ngách 26/1 Đường Cầu Diễn - Phú Diễn,Cầu Diễn,Phú Diễn,,
Ngách 26/14 Đường Cầu Diễn - Phú Diễn,Cầu Diễn,Phú Diễn,,
Ngách 26/1A Đường Cầu Diễn - Phú Diễn,Cầu Diễn,Phú Diễn,,
Ngách 26/23 Đường Cầu Diễn - Phú Diễn,Cầu Diễn,Phú Diễn,,
Ngách 26/36 Đường Cầu Diễn - Phú Diễn,Cầu Diễn,Phú Diễn,,
Ngách 26/38 Đường Cầu Diễn - Phú Diễn,Cầu Diễn,Phú Diễn,,
Ngách 26/39 Đường Cầu Diễn - Phú Diễn,Cầu Diễn,Phú Diễn,,
Ngách 26/40 Đường Cầu Diễn - Phú Diễn,Cầu Diễn,Phú Diễn,,
Ngách 26/45 Đường Cầu Diễn - Phú Diễn,Cầu Diễn,Phú Diễn,,
Ngách 26/48 Đường Cầu Diễn - Phú Diễn,Cầu Diễn,Phú Diễn,,
Ngách 26/54 Đường Cầu Diễn - Phú Diễn,Cầu Diễn,Phú Diễn,,
Ngách 26/56 Đường Cầu Diễn - Phú Diễn,Cầu Diễn,Phú Diễn,,
Ngách 26/62 Đường Cầu Diễn - Phú Diễn,Cầu Diễn,Phú Diễn,,
Ngách 26/64 Đường Cầu Diễn - Phú Diễn,Cầu Diễn,Phú Diễn,,
Ngách 36/2 Đường Cầu Diễn - Phú Diễn,Cầu Diễn,Phú Diễn,,
Ngách 36/4 Đường Cầu Diễn - Phú Diễn,Cầu Diễn,Phú Diễn,,
Ngõ 26 Đường Cầu Diễn - Phú Diễn,Cầu Diễn,Phú Diễn,,
Ngõ 30 Đường Cầu Diễn - Phú Diễn,Cầu Diễn,Phú Diễn,,
Ngõ 32 Đường Cầu Diễn - Phú Diễn,Cầu Diễn,Phú Diễn,,
Ngõ 34 Đường Cầu Diễn - Phú Diễn,Cầu Diễn,Phú Diễn,,
Ngõ 36 Đường Cầu Diễn - Phú Diễn,Cầu Diễn,Phú Diễn,,
Ngõ 38 Đường Cầu Diễn - Phú Diễn,Cầu Diễn,Phú Diễn,,
Ngõ 68 Đường Cầu Diễn - Phú Diễn,Cầu Diễn,Phú Diễn,,
Ngõ 70 Đường Cầu Diễn - Phú Diễn,Cầu Diễn,Phú Diễn,,
Ngõ 74 Đường Cầu Diễn - Phú Diễn,Cầu Diễn,Phú Diễn,,
Ngõ 96 Đường Cầu Diễn - Phú Diễn,Cầu Diễn,Phú Diễn,,
Đường Chùa Bụt Mọc - Phú Diễn,Chùa Bụt Mọc,Phú Diễn,,
Ngách 30/22 Phố Đình Quán - Phú Diễn,Đình Quán,Phú Diễn,,
Ngách 68/2 Phố Đình Quán - Phú Diễn,Đình Quán,Phú Diễn,,
Ngõ 11 Phố Đình Quán - Phú Diễn,Đình Quán,Phú Diễn,,
Ngõ 30 Phố Đình Quán - Phú Diễn,Đình Quán,Phú Diễn,,
Ngõ 72 Phố Đình Quán - Phú Diễn,Đình Quán,Phú Diễn,,
Phố Đình Quán - Phú Diễn,Đình Quán,Phú Diễn,,
Ngách 105/1 Phố Doãn Kế Thiện - Phú Diễn,Doãn Kế Thiện,Phú Diễn,,
Ngách 105/15 Phố Doãn Kế Thiện - Phú Diễn,Doãn Kế Thiện,Phú Diễn,,
Ngách 105/20 Phố Doãn Kế Thiện - Phú Diễn,Doãn Kế Thiện,Phú Diễn,,
Ngách 105/28 Phố Doãn Kế Thiện - Phú Diễn,Doãn Kế Thiện,Phú Diễn,,
Ngách 105/33 Phố Doãn Kế Thiện - Phú Diễn,Doãn Kế Thiện,Phú Diễn,,
Ngách 105/36 Phố Doãn Kế Thiện - Phú Diễn,Doãn Kế Thiện,Phú Diễn,,
Ngách 105/41 Phố Doãn Kế Thiện - Phú Diễn,Doãn Kế Thiện,Phú Diễn,,
Ngách 105/46 Phố Doãn Kế Thiện - Phú Diễn,Doãn Kế Thiện,Phú Diễn,,
Ngách 105/47 Phố Doãn Kế Thiện - Phú Diễn,Doãn Kế Thiện,Phú Diễn,,
Ngách 105/56 Phố Doãn Kế Thiện - Phú Diễn,Doãn Kế Thiện,Phú Diễn,,
Ngách 105/64 Phố Doãn Kế Thiện - Phú Diễn,Doãn Kế Thiện,Phú Diễn,,
Ngách 105/9 Phố Doãn Kế Thiện - Phú Diễn,Doãn Kế Thiện,Phú Diễn,,
Ngách 43/2 Phố Doãn Kế Thiện - Phú Diễn,Doãn Kế Thiện,Phú Diễn,,
Ngõ 105 Phố Doãn Kế Thiện - Phú Diễn,Doãn Kế Thiện,Phú Diễn,,
Ngõ 169 Phố Doãn Kế Thiện - Phú Diễn,Doãn Kế Thiện,Phú Diễn,,
Ngõ 221 Phố Doãn Kế Thiện - Phú Diễn,Doãn Kế Thiện,Phú Diễn,,
Ngõ 25 Phố Doãn Kế Thiện - Phú Diễn,Doãn Kế Thiện,Phú Diễn,,
Ngõ 26 Phố Doãn Kế Thiện - Phú Diễn,Doãn Kế Thiện,Phú Diễn,,
Ngõ 269 Phố Doãn Kế Thiện - Phú Diễn,Doãn Kế Thiện,Phú Diễn,,
Ngõ 31 Phố Doãn Kế Thiện - Phú Diễn,Doãn Kế Thiện,Phú Diễn,,
Ngõ 43 Phố Doãn Kế Thiện - Phú Diễn,Doãn Kế Thiện,Phú Diễn,,
Ngõ 56 Phố Doãn Kế Thiện - Phú Diễn,Doãn Kế Thiện,Phú Diễn,,
Phố Doãn Kế Thiện - Phú Diễn,Doãn Kế Thiện,Phú Diễn,,
Đường Đức Diễn - Phú Diễn,Đức Diễn,Phú Diễn,,
Hẻm 23/43/7 Đường Đức Diễn - Phú Diễn,Đức Diễn,Phú Diễn,,
Hẻm 23/72/24 Đường Đức Diễn - Phú Diễn,Đức Diễn,Phú Diễn,,
Hẻm 23/72/65 Đường Đức Diễn - Phú Diễn,Đức Diễn,Phú Diễn,,
Hẻm 23/72/65/22 Đường Đức Diễn - Phú Diễn,Đức Diễn,Phú Diễn,,
Hẻm 23/72/65/26 Đường Đức Diễn - Phú Diễn,Đức Diễn,Phú Diễn,,
Hẻm 23/72/65/29 Đường Đức Diễn - Phú Diễn,Đức Diễn,Phú Diễn,,
Hẻm 23/72/65/43 Đường Đức Diễn - Phú Diễn,Đức Diễn,Phú Diễn,,
Hẻm 23/72/65/47 Đường Đức Diễn - Phú Diễn,Đức Diễn,Phú Diễn,,
Hẻm 23/72/69 Đường Đức Diễn - Phú Diễn,Đức Diễn,Phú Diễn,,
Hẻm 23/72/7 Đường Đức Diễn - Phú Diễn,Đức Diễn,Phú Diễn,,
Ngách 23/43 Đường Đức Diễn - Phú Diễn,Đức Diễn,Phú Diễn,,
Ngách 73/33 Đường Đức Diễn - Phú Diễn,Đức Diễn,Phú Diễn,,
Ngõ 1 Đường Đức Diễn - Phú Diễn,Đức Diễn,Phú Diễn,,
Ngõ 23 Đường Đức Diễn - Phú Diễn,Đức Diễn,Phú Diễn,,
Ngõ 3 Đường Đức Diễn - Phú Diễn,Đức Diễn,Phú Diễn,,
Ngõ 73 Đường Đức Diễn - Phú Diễn,Đức Diễn,Phú Diễn,,
Ngõ 85 Đường Đức Diễn - Phú Diễn,Đức Diễn,Phú Diễn,,
Đường Hồ Tùng Mậu - Phú Diễn,Hồ Tùng Mậu,Phú Diễn,,
Hẻm 342/14/3 Đường Hồ Tùng Mậu - Phú Diễn,Hồ Tùng Mậu,Phú Diễn,,
Hẻm 66/35/2 Đường Hồ Tùng Mậu - Phú Diễn,Hồ Tùng Mậu,Phú Diễn,,
Hẻm 66/35/22 Đường Hồ Tùng Mậu - Phú Diễn,Hồ Tùng Mậu,Phú Diễn,,
Ngách 196/169 Đường Hồ Tùng Mậu - Phú Diễn,Hồ Tùng Mậu,Phú Diễn,,
Ngách 20/14 Đường Hồ Tùng Mậu - Phú Diễn,Hồ Tùng Mậu,Phú Diễn,,
Ngách 20/15 Đường Hồ Tùng Mậu - Phú Diễn,Hồ Tùng Mậu,Phú Diễn,,
Ngách 20/16 Đường Hồ Tùng Mậu - Phú Diễn,Hồ Tùng Mậu,Phú Diễn,,
Ngách 20/20 Đường Hồ Tùng Mậu - Phú Diễn,Hồ Tùng Mậu,Phú Diễn,,
Ngách 20/30 Đường Hồ Tùng Mậu - Phú Diễn,Hồ Tùng Mậu,Phú Diễn,,
Ngách 20/38 Đường Hồ Tùng Mậu - Phú Diễn,Hồ Tùng Mậu,Phú Diễn,,
Ngách 304/23 Đường Hồ Tùng Mậu - Phú Diễn,Hồ Tùng Mậu,Phú Diễn,,
Ngách 342/14 Đường Hồ Tùng Mậu - Phú Diễn,Hồ Tùng Mậu,Phú Diễn,,
Ngách 342/19 Đường Hồ Tùng Mậu - Phú Diễn,Hồ Tùng Mậu,Phú Diễn,,
Ngách 342/29 Đường Hồ Tùng Mậu - Phú Diễn,Hồ Tùng Mậu,Phú Diễn,,
Ngách 37E/20 Đường Hồ Tùng Mậu - Phú Diễn,Hồ Tùng Mậu,Phú Diễn,,
Ngách 382/1 Đường Hồ Tùng Mậu - Phú Diễn,Hồ Tùng Mậu,Phú Diễn,,
Ngách 66/35 Đường Hồ Tùng Mậu - Phú Diễn,Hồ Tùng Mậu,Phú Diễn,,
Ngõ 126 Đường Hồ Tùng Mậu - Phú Diễn,Hồ Tùng Mậu,Phú Diễn,,
Ngõ 130 Đường Hồ Tùng Mậu - Phú Diễn,Hồ Tùng Mậu,Phú Diễn,,
Ngõ 196 Đường Hồ Tùng Mậu - Phú Diễn,Hồ Tùng Mậu,Phú Diễn,,
Ngõ 20 Đường Hồ Tùng Mậu - Phú Diễn,Hồ Tùng Mậu,Phú Diễn,,
Ngõ 26 Đường Hồ Tùng Mậu - Phú Diễn,Hồ Tùng Mậu,Phú Diễn,,
Ngõ 280 Đường Hồ Tùng Mậu - Phú Diễn,Hồ Tùng Mậu,Phú Diễn,,
Ngõ 304 Đường Hồ Tùng Mậu - Phú Diễn,Hồ Tùng Mậu,Phú Diễn,,
Ngõ 328 Đường Hồ Tùng Mậu - Phú Diễn,Hồ Tùng Mậu,Phú Diễn,,
Ngõ 342 Đường Hồ Tùng Mậu - Phú Diễn,Hồ Tùng Mậu,Phú Diễn,,
Ngõ 36 Đường Hồ Tùng Mậu - Phú Diễn,Hồ Tùng Mậu,Phú Diễn,,
Ngõ 382 Đường Hồ Tùng Mậu - Phú Diễn,Hồ Tùng Mậu,Phú Diễn,,
Ngõ 398 Đường Hồ Tùng Mậu - Phú Diễn,Hồ Tùng Mậu,Phú Diễn,,
Ngõ 406 Đường Hồ Tùng Mậu - Phú Diễn,Hồ Tùng Mậu,Phú Diễn,,
Ngõ 66 Đường Hồ Tùng Mậu - Phú Diễn,Hồ Tùng Mậu,Phú Diễn,,
Ngõ 94 Đường Hồ Tùng Mậu - Phú Diễn,Hồ Tùng Mậu,Phú Diễn,,
Đường Hoàng Công Chất - Phú Diễn,Hoàng Công Chất,Phú Diễn,,
Hẻm 332/7/24 Đường Hoàng Công Chất - Phú Diễn,Hoàng Công Chất,Phú Diễn,,
Ngách 332/11 Đường Hoàng Công Chất - Phú Diễn,Hoàng Công Chất,Phú Diễn,,
Ngách 332/11A Đường Hoàng Công Chất - Phú Diễn,Hoàng Công Chất,Phú Diễn,,
Ngách 332/11B Đường Hoàng Công Chất - Phú Diễn,Hoàng Công Chất,Phú Diễn,,
Ngách 332/11C Đường Hoàng Công Chất - Phú Diễn,Hoàng Công Chất,Phú Diễn,,
Ngách 332/7 Đường Hoàng Công Chất - Phú Diễn,Hoàng Công Chất,Phú Diễn,,
Ngõ 332 Đường Hoàng Công Chất - Phú Diễn,Hoàng Công Chất,Phú Diễn,,
Đường Hoàng Quốc Việt - Phú Diễn,Hoàng Quốc Việt,Phú Diễn,,
Ngách 165/8 Phố Mai Dịch - Phú Diễn,Mai Dịch,Phú Diễn,,
Ngách 241/2 Phố Mai Dịch - Phú Diễn,Mai Dịch,Phú Diễn,,
Ngách 65/39 Phố Mai Dịch - Phú Diễn,Mai Dịch,Phú Diễn,,
Ngõ 100 Phố Mai Dịch - Phú Diễn,Mai Dịch,Phú Diễn,,
Ngõ 116 Phố Mai Dịch - Phú Diễn,Mai Dịch,Phú Diễn,,
Ngõ 118 Phố Mai Dịch - Phú Diễn,Mai Dịch,Phú Diễn,,
Ngõ 122 Phố Mai Dịch - Phú Diễn,Mai Dịch,Phú Diễn,,
Ngõ 124 Phố Mai Dịch - Phú Diễn,Mai Dịch,Phú Diễn,,
Ngõ 126 Phố Mai Dịch - Phú Diễn,Mai Dịch,Phú Diễn,,
Ngõ 132 Phố Mai Dịch - Phú Diễn,Mai Dịch,Phú Diễn,,
Ngõ 144 Phố Mai Dịch - Phú Diễn,Mai Dịch,Phú Diễn,,
Ngõ 165 Phố Mai Dịch - Phú Diễn,Mai Dịch,Phú Diễn,,
Ngõ 176 Phố Mai Dịch - Phú Diễn,Mai Dịch,Phú Diễn,,
Ngõ 187 Phố Mai Dịch - Phú Diễn,Mai Dịch,Phú Diễn,,
Ngõ 217 Phố Mai Dịch - Phú Diễn,Mai Dịch,Phú Diễn,,
Ngõ 241 Phố Mai Dịch - Phú Diễn,Mai Dịch,Phú Diễn,,
Ngõ 243 Phố Mai Dịch - Phú Diễn,Mai Dịch,Phú Diễn,,
Ngõ 245 Phố Mai Dịch - Phú Diễn,Mai Dịch,Phú Diễn,,
Ngõ 65 Phố Mai Dịch - Phú Diễn,Mai Dịch,Phú Diễn,,
Ngõ 76 Phố Mai Dịch - Phú Diễn,Mai Dịch,Phú Diễn,,
Phố Mai Dịch - Phú Diễn,Mai Dịch,Phú Diễn,,
Ngách 128/12 Đường Nguyễn Đạo An - Phú Diễn,Nguyễn Đạo An,Phú Diễn,,TRUE
Ngách 128/2 Đường Nguyễn Đạo An - Phú Diễn,Nguyễn Đạo An,Phú Diễn,,TRUE
Ngách 128/2 Phố Nguyễn Đạo An - Phú Diễn,Nguyễn Đạo An,Phú Diễn,,TRUE
Ngách 32/12 Đường Nguyễn Đạo An - Phú Diễn,Nguyễn Đạo An,Phú Diễn,,TRUE
Ngõ 103 Đường Nguyễn Đạo An - Phú Diễn,Nguyễn Đạo An,Phú Diễn,,TRUE
Ngõ 114 Đường Nguyễn Đạo An - Phú Diễn,Nguyễn Đạo An,Phú Diễn,,TRUE
Ngõ 120 Đường Nguyễn Đạo An - Phú Diễn,Nguyễn Đạo An,Phú Diễn,,TRUE
Ngõ 128 Đường Nguyễn Đạo An - Phú Diễn,Nguyễn Đạo An,Phú Diễn,,TRUE
Ngõ 135 Đường Nguyễn Đạo An - Phú Diễn,Nguyễn Đạo An,Phú Diễn,,TRUE
Ngõ 18 Đường Nguyễn Đạo An - Phú Diễn,Nguyễn Đạo An,Phú Diễn,,TRUE
Ngõ 19 Đường Nguyễn Đạo An - Phú Diễn,Nguyễn Đạo An,Phú Diễn,,TRUE
Ngõ 27 Đường Nguyễn Đạo An - Phú Diễn,Nguyễn Đạo An,Phú Diễn,,TRUE
Ngõ 32 Đường Nguyễn Đạo An - Phú Diễn,Nguyễn Đạo An,Phú Diễn,,TRUE
Ngõ 36 Đường Nguyễn Đạo An - Phú Diễn,Nguyễn Đạo An,Phú Diễn,,TRUE
Ngõ 50 Đường Nguyễn Đạo An - Phú Diễn,Nguyễn Đạo An,Phú Diễn,,TRUE
Ngõ 55 Đường Nguyễn Đạo An - Phú Diễn,Nguyễn Đạo An,Phú Diễn,,TRUE
Ngõ 57 Đường Nguyễn Đạo An - Phú Diễn,Nguyễn Đạo An,Phú Diễn,,TRUE
Ngõ 6 Đường Nguyễn Đạo An - Phú Diễn,Nguyễn Đạo An,Phú Diễn,,TRUE
Ngõ 60 Đường Nguyễn Đạo An - Phú Diễn,Nguyễn Đạo An,Phú Diễn,,TRUE
Ngõ 76 Đường Nguyễn Đạo An - Phú Diễn,Nguyễn Đạo An,Phú Diễn,,TRUE
Ngõ 8 Đường Nguyễn Đạo An - Phú Diễn,Nguyễn Đạo An,Phú Diễn,,TRUE
Ngõ 81 Đường Nguyễn Đạo An - Phú Diễn,Nguyễn Đạo An,Phú Diễn,,TRUE
Nguyễn Đạo An - Phú Diễn,Nguyễn Đạo An,Phú Diễn,,TRUE
Ngách 2/1 Phố Nguyễn Khả Trạc - Phú Diễn,Nguyễn Khả Trạc,Phú Diễn,,TRUE
Ngõ 2 Phố Nguyễn Khả Trạc - Phú Diễn,Nguyễn Khả Trạc,Phú Diễn,,TRUE
Ngõ 28 Phố Nguyễn Khả Trạc - Phú Diễn,Nguyễn Khả Trạc,Phú Diễn,,TRUE
Ngõ 31 Phố Nguyễn Khả Trạc - Phú Diễn,Nguyễn Khả Trạc,Phú Diễn,,TRUE
Ngõ 47 Phố Nguyễn Khả Trạc - Phú Diễn,Nguyễn Khả Trạc,Phú Diễn,,TRUE
Ngõ 7 Phố Nguyễn Khả Trạc - Phú Diễn,Nguyễn Khả Trạc,Phú Diễn,,TRUE
Phố Nguyễn Khả Trạc - Phú Diễn,Nguyễn Khả Trạc,Phú Diễn,,TRUE
Ngách 2/1 Phố Phạm Thận Duật - Phú Diễn,Phạm Thận Duật,Phú Diễn,,
Ngõ 2 Phố Phạm Thận Duật - Phú Diễn,Phạm Thận Duật,Phú Diễn,,
Ngõ 22 Phố Phạm Thận Duật - Phú Diễn,Phạm Thận Duật,Phú Diễn,,
Ngõ 25 Phố Phạm Thận Duật - Phú Diễn,Phạm Thận Duật,Phú Diễn,,
Ngõ 39 Phố Phạm Thận Duật - Phú Diễn,Phạm Thận Duật,Phú Diễn,,
Ngõ 44 Phố Phạm Thận Duật - Phú Diễn,Phạm Thận Duật,Phú Diễn,,
Ngõ 5 Phố Phạm Thận Duật - Phú Diễn,Phạm Thận Duật,Phú Diễn,,
Phố Phạm Thận Duật - Phú Diễn,Phạm Thận Duật,Phú Diễn,,
Đường Phạm Văn Đồng - Phú Diễn,Phạm Văn Đồng,Phú Diễn,,
Ngách 139/2 Đường Phạm Văn Đồng - Phú Diễn,Phạm Văn Đồng,Phú Diễn,,
Ngách 139/36 Đường Phạm Văn Đồng - Phú Diễn,Phạm Văn Đồng,Phú Diễn,,
Ngách 233/1 Đường Phạm Văn Đồng - Phú Diễn,Phạm Văn Đồng,Phú Diễn,,
Ngách 233/3 Đường Phạm Văn Đồng - Phú Diễn,Phạm Văn Đồng,Phú Diễn,,
Ngách 59/59 Đường Phạm Văn Đồng - Phú Diễn,Phạm Văn Đồng,Phú Diễn,,
Ngách 89/12A Đường Phạm Văn Đồng - Phú Diễn,Phạm Văn Đồng,Phú Diễn,,
Ngõ 139 Đường Phạm Văn Đồng - Phú Diễn,Phạm Văn Đồng,Phú Diễn,,
Ngõ 145 Đường Phạm Văn Đồng - Phú Diễn,Phạm Văn Đồng,Phú Diễn,,
Ngõ 163 Đường Phạm Văn Đồng - Phú Diễn,Phạm Văn Đồng,Phú Diễn,,
Ngõ 177 Đường Phạm Văn Đồng - Phú Diễn,Phạm Văn Đồng,Phú Diễn,,
Ngõ 233 Đường Phạm Văn Đồng - Phú Diễn,Phạm Văn Đồng,Phú Diễn,,
Ngõ 59 Đường Phạm Văn Đồng - Phú Diễn,Phạm Văn Đồng,Phú Diễn,,
Ngõ 89 Đường Phạm Văn Đồng - Phú Diễn,Phạm Văn Đồng,Phú Diễn,,
Hẻm 2/95/17 Đường Phan Bá Vành - Phú Diễn,Phan Bá Vành,Phú Diễn,,
Ngách 2/95 Đường Phan Bá Vành - Phú Diễn,Phan Bá Vành,Phú Diễn,,
Ngõ 128 Đường Phan Bá Vành - Phú Diễn,Phan Bá Vành,Phú Diễn,,
Ngõ 158 Đường Phan Bá Vành - Phú Diễn,Phan Bá Vành,Phú Diễn,,
Ngõ 2 Đường Phan Bá Vành - Phú Diễn,Phan Bá Vành,Phú Diễn,,
Ngõ 210 Đường Phan Bá Vành - Phú Diễn,Phan Bá Vành,Phú Diễn,,
Đường Phú Diễn - Phú Diễn,Phú Diễn,Phú Diễn,,
Hẻm 172/8/1 Đường Phú Diễn - Phú Diễn,Phú Diễn,Phú Diễn,,
Hẻm 193/220/50/16/6 Đường Phú Diễn - Phú Diễn,Phú Diễn,Phú Diễn,,
Hẻm 193/220/67 Đường Phú Diễn - Phú Diễn,Phú Diễn,Phú Diễn,,
Hẻm 193/64/17 Đường Phú Diễn - Phú Diễn,Phú Diễn,Phú Diễn,,
Hẻm 193/64/23 Đường Phú Diễn - Phú Diễn,Phú Diễn,Phú Diễn,,
Hẻm 193/64/35 Đường Phú Diễn - Phú Diễn,Phú Diễn,Phú Diễn,,
Hẻm 193/64/50 Đường Phú Diễn - Phú Diễn,Phú Diễn,Phú Diễn,,
Hẻm 193/64/77 Đường Phú Diễn - Phú Diễn,Phú Diễn,Phú Diễn,,
Hẻm 193/64/90 Đường Phú Diễn - Phú Diễn,Phú Diễn,Phú Diễn,,
Hẻm 259/55/52 Đường Phú Diễn - Phú Diễn,Phú Diễn,Phú Diễn,,
Ngách 138/39 Đường Phú Diễn - Phú Diễn,Phú Diễn,Phú Diễn,,
Ngách 139/107A Đường Phú Diễn - Phú Diễn,Phú Diễn,Phú Diễn,,
Ngách 139/107B Đường Phú Diễn - Phú Diễn,Phú Diễn,Phú Diễn,,
Ngách 172/69 Đường Phú Diễn - Phú Diễn,Phú Diễn,Phú Diễn,,
Ngách 172/8 Đường Phú Diễn - Phú Diễn,Phú Diễn,Phú Diễn,,
Ngách 193/100 Đường Phú Diễn - Phú Diễn,Phú Diễn,Phú Diễn,,
Ngách 193/114 Đường Phú Diễn - Phú Diễn,Phú Diễn,Phú Diễn,,
Ngách 193/128 Đường Phú Diễn - Phú Diễn,Phú Diễn,Phú Diễn,,
Ngách 193/130 Đường Phú Diễn - Phú Diễn,Phú Diễn,Phú Diễn,,
Ngách 193/172 Đường Phú Diễn - Phú Diễn,Phú Diễn,Phú Diễn,,
Ngách 193/192 Đường Phú Diễn - Phú Diễn,Phú Diễn,Phú Diễn,,
Ngách 193/64 Đường Phú Diễn - Phú Diễn,Phú Diễn,Phú Diễn,,
Ngách 193/74 Đường Phú Diễn - Phú Diễn,Phú Diễn,Phú Diễn,,
Ngách 205/1 Đường Phú Diễn - Phú Diễn,Phú Diễn,Phú Diễn,,
Ngách 205/19 Đường Phú Diễn - Phú Diễn,Phú Diễn,Phú Diễn,,
Ngách 205/20 Đường Phú Diễn - Phú Diễn,Phú Diễn,Phú Diễn,,
Ngách 205/57 Đường Phú Diễn - Phú Diễn,Phú Diễn,Phú Diễn,,
Ngách 259/35 Đường Phú Diễn - Phú Diễn,Phú Diễn,Phú Diễn,,
Ngách 309/39 Đường Phú Diễn - Phú Diễn,Phú Diễn,Phú Diễn,,
Ngách 68/195 Đường Phú Diễn - Phú Diễn,Phú Diễn,Phú Diễn,,
Ngách 68/93 Đường Phú Diễn - Phú Diễn,Phú Diễn,Phú Diễn,,
Ngách 75/105 Đường Phú Diễn - Phú Diễn,Phú Diễn,Phú Diễn,,
Ngách 75/143 Đường Phú Diễn - Phú Diễn,Phú Diễn,Phú Diễn,,
Ngõ 122 Đường Phú Diễn - Phú Diễn,Phú Diễn,Phú Diễn,,
Ngõ 138 Đường Phú Diễn - Phú Diễn,Phú Diễn,Phú Diễn,,
Ngõ 139 Đường Phú Diễn - Phú Diễn,Phú Diễn,Phú Diễn,,
Ngõ 140 Đường Phú Diễn - Phú Diễn,Phú Diễn,Phú Diễn,,
Ngõ 172 Đường Phú Diễn - Phú Diễn,Phú Diễn,Phú Diễn,,
Ngõ 182 Đường Phú Diễn - Phú Diễn,Phú Diễn,Phú Diễn,,
Ngõ 193 Đường Phú Diễn - Phú Diễn,Phú Diễn,Phú Diễn,,
Ngõ 196 Đường Phú Diễn - Phú Diễn,Phú Diễn,Phú Diễn,,
Ngõ 205 Đường Phú Diễn - Phú Diễn,Phú Diễn,Phú Diễn,,
Ngõ 214 Đường Phú Diễn - Phú Diễn,Phú Diễn,Phú Diễn,,
Ngõ 261 Đường Phú Diễn - Phú Diễn,Phú Diễn,Phú Diễn,,
Ngõ 269 Đường Phú Diễn - Phú Diễn,Phú Diễn,Phú Diễn,,
Ngõ 277 Đường Phú Diễn - Phú Diễn,Phú Diễn,Phú Diễn,,
Ngõ 281 Đường Phú Diễn - Phú Diễn,Phú Diễn,Phú Diễn,,
Ngõ 309 Đường Phú Diễn - Phú Diễn,Phú Diễn,Phú Diễn,,
Ngõ 68 Đường Phú Diễn - Phú Diễn,Phú Diễn,Phú Diễn,,
Ngõ 75 Đường Phú Diễn - Phú Diễn,Phú Diễn,Phú Diễn,,
Ngách 48/20 Phố Phúc Minh - Phú Diễn,Phúc Minh,Phú Diễn,,
Ngõ 18 Phố Phúc Minh - Phú Diễn,Phúc Minh,Phú Diễn,,
Ngõ 48 Phố Phúc Minh - Phú Diễn,Phúc Minh,Phú Diễn,,
Phố Phúc Minh - Phú Diễn,Phúc Minh,Phú Diễn,,
Ngách 40/1 Phố Trần Vỹ - Phú Diễn,Trần Vỹ,Phú Diễn,,
Ngách 40/5 Phố Trần Vỹ - Phú Diễn,Trần Vỹ,Phú Diễn,,
Ngách 58/1 Phố Trần Vỹ - Phú Diễn,Trần Vỹ,Phú Diễn,,
Ngách 58/3 Phố Trần Vỹ - Phú Diễn,Trần Vỹ,Phú Diễn,,
Ngách 72/1 Phố Trần Vỹ - Phú Diễn,Trần Vỹ,Phú Diễn,,
Ngách 72/3 Phố Trần Vỹ - Phú Diễn,Trần Vỹ,Phú Diễn,,
Ngõ 146 Phố Trần Vỹ - Phú Diễn,Trần Vỹ,Phú Diễn,,
Ngõ 2 Phố Trần Vỹ - Phú Diễn,Trần Vỹ,Phú Diễn,,
Ngõ 26 Phố Trần Vỹ - Phú Diễn,Trần Vỹ,Phú Diễn,,
Ngõ 32 Phố Trần Vỹ - Phú Diễn,Trần Vỹ,Phú Diễn,,
Ngõ 40 Phố Trần Vỹ - Phú Diễn,Trần Vỹ,Phú Diễn,,
Ngõ 56 Phố Trần Vỹ - Phú Diễn,Trần Vỹ,Phú Diễn,,
Ngõ 58 Phố Trần Vỹ - Phú Diễn,Trần Vỹ,Phú Diễn,,
Ngõ 72 Phố Trần Vỹ - Phú Diễn,Trần Vỹ,Phú Diễn,,
Phố Trần Vỹ - Phú Diễn,Trần Vỹ,Phú Diễn,,
Ngõ Văn Minh - Phú Diễn,Văn Minh,Phú Diễn,,
Đường Văn Tiến Dũng - Phú Diễn,Văn Tiến Dũng,Phú Diễn,,TRUE
Ngõ 59 Đường Văn Tiến Dũng - Phú Diễn,Văn Tiến Dũng,Phú Diễn,,TRUE
Ngõ 15 Phố Võ Quý Huân - Phú Diễn,Võ Quý Huân,Phú Diễn,,
Ngõ 25 Phố Võ Quý Huân - Phú Diễn,Võ Quý Huân,Phú Diễn,,
Ngõ 5 Phố Võ Quý Huân - Phú Diễn,Võ Quý Huân,Phú Diễn,,
Phố Võ Quý Huân - Phú Diễn,Võ Quý Huân,Phú Diễn,,
"Đường Phạm Văn Đồng - Phú Diễn, Đông Ngạc",Phạm Văn Đồng,"Phú Diễn, Đông Ngạc",,
"Đường Phan Bá Vành - Phú Diễn, Đông Ngạc",Phan Bá Vành,"Phú Diễn, Đông Ngạc",,
"Đường Cầu Diễn - Phú Diễn, Tây Tựu",Cầu Diễn,"Phú Diễn, Tây Tựu",,
"Ngõ 68 Phố Đình Quán - Phú Diễn, Tây Tựu",Đình Quán,"Phú Diễn, Tây Tựu",,
"Đường Phú Minh - Phú Diễn, Tây Tựu",Phú Minh,"Phú Diễn, Tây Tựu",,
"Đường Văn Tiến Dũng - Phú Diễn, Tây Tựu",Văn Tiến Dũng,"Phú Diễn, Tây Tựu",,TRUE
"Ngõ 59 Đường Văn Tiến Dũng - Phú Diễn, Tây Tựu",Văn Tiến Dũng,"Phú Diễn, Tây Tựu",,TRUE
"Đường Văn Tiến Dũng - Phú Diễn, Xuân Phương",Văn Tiến Dũng,"Phú Diễn, Xuân Phương",,TRUE
Ngõ 48 Phố Ba La - Phú Lương,Ba La,Phú Lương,,
Ngõ 5 Phố Ba La - Phú Lương,Ba La,Phú Lương,,
Ngõ 7 Phố Ba La - Phú Lương,Ba La,Phú Lương,,
Ngõ 9 Phố Ba La - Phú Lương,Ba La,Phú Lương,,
Đường Bắc Lãm - Phú Lương,Bắc Lãm,Phú Lương,,
Đường Đền Vẽ - Phú Lương,Đền Vẽ,Phú Lương,,
Đường Đình Bắc Lãm - Phú Lương,Đình Bắc Lãm,Phú Lương,,
Phố Động Lãm - Phú Lương,Động Lãm,Phú Lương,,
Đường Huyền Kỳ - Phú Lương,Huyền Kỳ,Phú Lương,,
Ngách 8/13 Đường Huyền Kỳ - Phú Lương,Huyền Kỳ,Phú Lương,,
Đường Nguyễn Trực - Phú Lương,Nguyễn Trực,Phú Lương,,
Phố Nhân Trạch - Phú Lương,Nhân Trạch,Phú Lương,,
Đường Phú Cường - Phú Lương,Phú Cường,Phú Lương,,
Phố Phú Lương - Phú Lương,Phú Lương,Phú Lương,,
Đường Quan Thôn - Phú Lương,Quan Thôn,Phú Lương,,
Phố Quang Lãm - Phú Lương,Quang Lãm,Phú Lương,,
Ngõ 889 Đường Quang Trung - Phú Lương,Quang Trung,Phú Lương,,
Đường Thanh Lãm - Phú Lương,Thanh Lãm,Phú Lương,,
Ngách 6/1 Đường Thanh Lãm - Phú Lương,Thanh Lãm,Phú Lương,,
Ngõ 1 Thanh Lãm - Phú Lương,Thanh Lãm,Phú Lương,,
Ngõ 13 Thanh Lãm - Phú Lương,Thanh Lãm,Phú Lương,,
Ngõ 6 Đường Thanh Lãm - Phú Lương,Thanh Lãm,Phú Lương,,
Đường Thượng Mạo - Phú Lương,Thượng Mạo,Phú Lương,,
Ngõ 11 Thượng Mạo - Phú Lương,Thượng Mạo,Phú Lương,,
Ngõ 12 Thượng Mạo - Phú Lương,Thượng Mạo,Phú Lương,,
Ngõ 1 Phố Trinh Lương - Phú Lương,Trinh Lương,Phú Lương,,
Phố Trinh Lương - Phú Lương,Trinh Lương,Phú Lương,,
Ngõ 21 Phố Văn Nội - Phú Lương,Văn Nội,Phú Lương,,
Phố Văn Nội - Phú Lương,Văn Nội,Phú Lương,,
Ngách 11/4 Phố Xốm - Phú Lương,Xốm,Phú Lương,,
Ngách 8/10 Phố Xốm - Phú Lương,Xốm,Phú Lương,,
Ngách 8/12 Phố Xốm - Phú Lương,Xốm,Phú Lương,,
Ngách 8/14 Phố Xốm - Phú Lương,Xốm,Phú Lương,,
Ngách 8/16 Phố Xốm - Phú Lương,Xốm,Phú Lương,,
Ngách 8/2 Phố Xốm - Phú Lương,Xốm,Phú Lương,,
Ngách 8/4 Phố Xốm - Phú Lương,Xốm,Phú Lương,,
Ngách 8/6 Phố Xốm - Phú Lương,Xốm,Phú Lương,,
Ngách 8/8 Phố Xốm - Phú Lương,Xốm,Phú Lương,,
Ngõ 11 Phố Xốm - Phú Lương,Xốm,Phú Lương,,
Ngõ 4 Phố Xốm - Phú Lương,Xốm,Phú Lương,,
Ngõ 6 Phố Xốm - Phú Lương,Xốm,Phú Lương,,
Ngõ 8 Phố Xốm - Phú Lương,Xốm,Phú Lương,,
Phố Xốm - Phú Lương,Xốm,Phú Lương,,
"Ngõ 48 Phố Ba La - Phú Lương, Yên Nghĩa",Ba La,"Phú Lương, Yên Nghĩa",,
"Đường Thanh Lãm - Phú Lương, Yên Nghĩa",Thanh Lãm,"Phú Lương, Yên Nghĩa",,
Đường An Dương Vương - Phú Thượng,An Dương Vương,Phú Thượng,,
Hẻm 15/180/11 Đường An Dương Vương - Phú Thượng,An Dương Vương,Phú Thượng,,
Hẻm 209/20/43 Đường An Dương Vương - Phú Thượng,An Dương Vương,Phú Thượng,,
Hẻm 209/20/45 Đường An Dương Vương - Phú Thượng,An Dương Vương,Phú Thượng,,
Hẻm 209/38/11 Đường An Dương Vương - Phú Thượng,An Dương Vương,Phú Thượng,,
Hẻm 209/38/8 Đường An Dương Vương - Phú Thượng,An Dương Vương,Phú Thượng,,
Hẻm 335/28/8 Đường An Dương Vương - Phú Thượng,An Dương Vương,Phú Thượng,,
Hẻm 353/38/30 Đường An Dương Vương - Phú Thượng,An Dương Vương,Phú Thượng,,
Hẻm 353/38/53 Đường An Dương Vương - Phú Thượng,An Dương Vương,Phú Thượng,,
Hẻm 373/36/15 Đường An Dương Vương - Phú Thượng,An Dương Vương,Phú Thượng,,
Hẻm 521/20/14 Đường An Dương Vương - Phú Thượng,An Dương Vương,Phú Thượng,,
Hẻm 521/21/39 Đường An Dương Vương - Phú Thượng,An Dương Vương,Phú Thượng,,
Hẻm 521/23/14 Đường An Dương Vương - Phú Thượng,An Dương Vương,Phú Thượng,,
Ngách 15/10 Đường An Dương Vương - Phú Thượng,An Dương Vương,Phú Thượng,,
Ngách 15/2 Đường An Dương Vương - Phú Thượng,An Dương Vương,Phú Thượng,,
Ngách 15/33 Đường An Dương Vương - Phú Thượng,An Dương Vương,Phú Thượng,,
Ngách 173/51 Đường An Dương Vương - Phú Thượng,An Dương Vương,Phú Thượng,,
Ngách 209/20 Đường An Dương Vương - Phú Thượng,An Dương Vương,Phú Thượng,,
Ngách 209/38 Đường An Dương Vương - Phú Thượng,An Dương Vương,Phú Thượng,,
Ngách 335/10 Đường An Dương Vương - Phú Thượng,An Dương Vương,Phú Thượng,,
Ngách 335/12 Đường An Dương Vương - Phú Thượng,An Dương Vương,Phú Thượng,,
Ngách 335/18 Đường An Dương Vương - Phú Thượng,An Dương Vương,Phú Thượng,,
Ngách 335/20 Đường An Dương Vương - Phú Thượng,An Dương Vương,Phú Thượng,,
Ngách 335/24 Đường An Dương Vương - Phú Thượng,An Dương Vương,Phú Thượng,,
Ngách 335/27 Đường An Dương Vương - Phú Thượng,An Dương Vương,Phú Thượng,,
Ngách 335/28 Đường An Dương Vương - Phú Thượng,An Dương Vương,Phú Thượng,,
Ngách 335/31 Đường An Dương Vương - Phú Thượng,An Dương Vương,Phú Thượng,,
Ngách 335/33 Đường An Dương Vương - Phú Thượng,An Dương Vương,Phú Thượng,,
Ngách 335/35 Đường An Dương Vương - Phú Thượng,An Dương Vương,Phú Thượng,,
Ngách 335/4 Đường An Dương Vương - Phú Thượng,An Dương Vương,Phú Thượng,,
Ngách 335/61 Đường An Dương Vương - Phú Thượng,An Dương Vương,Phú Thượng,,
Ngách 353/23 Đường An Dương Vương - Phú Thượng,An Dương Vương,Phú Thượng,,
Ngách 353/29 Đường An Dương Vương - Phú Thượng,An Dương Vương,Phú Thượng,,
Ngách 353/31 Đường An Dương Vương - Phú Thượng,An Dương Vương,Phú Thượng,,
Ngách 353/38 Đường An Dương Vương - Phú Thượng,An Dương Vương,Phú Thượng,,
Ngách 353/40 Đường An Dương Vương - Phú Thượng,An Dương Vương,Phú Thượng,,
Ngách 353/46 Đường An Dương Vương - Phú Thượng,An Dương Vương,Phú Thượng,,
Ngách 373/36 Đường An Dương Vương - Phú Thượng,An Dương Vương,Phú Thượng,,
Ngách 409/16 Đường An Dương Vương - Phú Thượng,An Dương Vương,Phú Thượng,,
Ngách 409/4 Đường An Dương Vương - Phú Thượng,An Dương Vương,Phú Thượng,,
Ngách 409/7 Đường An Dương Vương - Phú Thượng,An Dương Vương,Phú Thượng,,
Ngách 41/20 Đường An Dương Vương - Phú Thượng,An Dương Vương,Phú Thượng,,
Ngách 423/18 Đường An Dương Vương - Phú Thượng,An Dương Vương,Phú Thượng,,
Ngách 423/2 Đường An Dương Vương - Phú Thượng,An Dương Vương,Phú Thượng,,
Ngách 423/20 Đường An Dương Vương - Phú Thượng,An Dương Vương,Phú Thượng,,
Ngách 423/24 Đường An Dương Vương - Phú Thượng,An Dương Vương,Phú Thượng,,
Ngách 423/9 Đường An Dương Vương - Phú Thượng,An Dương Vương,Phú Thượng,,
Ngách 521/20 Đường An Dương Vương - Phú Thượng,An Dương Vương,Phú Thượng,,
Ngách 521/21 Đường An Dương Vương - Phú Thượng,An Dương Vương,Phú Thượng,,
Ngách 521/22 Đường An Dương Vương - Phú Thượng,An Dương Vương,Phú Thượng,,
Ngách 521/23 Đường An Dương Vương - Phú Thượng,An Dương Vương,Phú Thượng,,
Ngách 521/28 Đường An Dương Vương - Phú Thượng,An Dương Vương,Phú Thượng,,
Ngách 521/37 Đường An Dương Vương - Phú Thượng,An Dương Vương,Phú Thượng,,
Ngách 521/42 Đường An Dương Vương - Phú Thượng,An Dương Vương,Phú Thượng,,
Ngách 521/43 Đường An Dương Vương - Phú Thượng,An Dương Vương,Phú Thượng,,
Ngách 521/60 Đường An Dương Vương - Phú Thượng,An Dương Vương,Phú Thượng,,
Ngách 63/4 Đường An Dương Vương - Phú Thượng,An Dương Vương,Phú Thượng,,
Ngách 79/14 Đường An Dương Vương - Phú Thượng,An Dương Vương,Phú Thượng,,
Ngách 79/15 Đường An Dương Vương - Phú Thượng,An Dương Vương,Phú Thượng,,
Ngõ 105 Đường An Dương Vương - Phú Thượng,An Dương Vương,Phú Thượng,,
Ngõ 121 Đường An Dương Vương - Phú Thượng,An Dương Vương,Phú Thượng,,
Ngõ 129 Đường An Dương Vương - Phú Thượng,An Dương Vương,Phú Thượng,,
Ngõ 141 Đường An Dương Vương - Phú Thượng,An Dương Vương,Phú Thượng,,
Ngõ 144 Đường An Dương Vương - Phú Thượng,An Dương Vương,Phú Thượng,,
Ngõ 144B Đường An Dương Vương - Phú Thượng,An Dương Vương,Phú Thượng,,
Ngõ 15 Đường An Dương Vương - Phú Thượng,An Dương Vương,Phú Thượng,,
Ngõ 15 Phố Đường An Dương Vương - Phú Thượng,An Dương Vương,Phú Thượng,,
Ngõ 153 Đường An Dương Vương - Phú Thượng,An Dương Vương,Phú Thượng,,
Ngõ 163 Đường An Dương Vương - Phú Thượng,An Dương Vương,Phú Thượng,,
Ngõ 173 Đường An Dương Vương - Phú Thượng,An Dương Vương,Phú Thượng,,
Ngõ 209 Đường An Dương Vương - Phú Thượng,An Dương Vương,Phú Thượng,,
Ngõ 315 Đường An Dương Vương - Phú Thượng,An Dương Vương,Phú Thượng,,
Ngõ 317 Đường An Dương Vương - Phú Thượng,An Dương Vương,Phú Thượng,,
Ngõ 319 Đường An Dương Vương - Phú Thượng,An Dương Vương,Phú Thượng,,
Ngõ 33 Đường An Dương Vương - Phú Thượng,An Dương Vương,Phú Thượng,,
Ngõ 335 Đường An Dương Vương - Phú Thượng,An Dương Vương,Phú Thượng,,
Ngõ 335/28 Đường An Dương Vương - Phú Thượng,An Dương Vương,Phú Thượng,,
Ngõ 343 Đường An Dương Vương - Phú Thượng,An Dương Vương,Phú Thượng,,
Ngõ 347 Đường An Dương Vương - Phú Thượng,An Dương Vương,Phú Thượng,,
Ngõ 353 Đường An Dương Vương - Phú Thượng,An Dương Vương,Phú Thượng,,
Ngõ 361 Đường An Dương Vương - Phú Thượng,An Dương Vương,Phú Thượng,,
Ngõ 373-375-377 Đường An Dương Vương - Phú Thượng,An Dương Vương,Phú Thượng,,
Ngõ 409 Đường An Dương Vương - Phú Thượng,An Dương Vương,Phú Thượng,,
Ngõ 41 Đường An Dương Vương - Phú Thượng,An Dương Vương,Phú Thượng,,
Ngõ 42 Đường An Dương Vương - Phú Thượng,An Dương Vương,Phú Thượng,,
Ngõ 423 Đường An Dương Vương - Phú Thượng,An Dương Vương,Phú Thượng,,
Ngõ 463 Đường An Dương Vương - Phú Thượng,An Dương Vương,Phú Thượng,,
Ngõ 515 Đường An Dương Vương - Phú Thượng,An Dương Vương,Phú Thượng,,
Ngõ 521 Đường An Dương Vương - Phú Thượng,An Dương Vương,Phú Thượng,,
Phố Bùi Trang Chước - Phú Thượng,Bùi Trang Chước,Phú Thượng,,TRUE
Đường Nguyễn Hoàng Tôn - Phú Thượng,Nguyễn Hoàng Tôn,Phú Thượng,,
Hẻm 46/21/2 Đường Nguyễn Hoàng Tôn - Phú Thượng,Nguyễn Hoàng Tôn,Phú Thượng,,
Ngách 46/21 Đường Nguyễn Hoàng Tôn - Phú Thượng,Nguyễn Hoàng Tôn,Phú Thượng,,
Ngách 46/38 Đường Nguyễn Hoàng Tôn - Phú Thượng,Nguyễn Hoàng Tôn,Phú Thượng,,
Ngõ 46A Đường Nguyễn Hoàng Tôn - Phú Thượng,Nguyễn Hoàng Tôn,Phú Thượng,,
Cầu Nhật Tân - Phú Thượng,Nhật Tân,Phú Thượng,,
Ngõ 112 Phố Nhật Tảo - Phú Thượng,Nhật Tảo,Phú Thượng,,
Ngõ 14 Phố Nhật Tảo - Phú Thượng,Nhật Tảo,Phú Thượng,,
Ngõ 22 Phố Nhật Tảo - Phú Thượng,Nhật Tảo,Phú Thượng,,
Ngõ 23 Phố Nhật Tảo - Phú Thượng,Nhật Tảo,Phú Thượng,,
Ngõ 35 Phố Nhật Tảo - Phú Thượng,Nhật Tảo,Phú Thượng,,
Ngõ 37 Phố Nhật Tảo - Phú Thượng,Nhật Tảo,Phú Thượng,,
Ngõ 39 Phố Nhật Tảo - Phú Thượng,Nhật Tảo,Phú Thượng,,
Ngõ 42 Phố Nhật Tảo - Phú Thượng,Nhật Tảo,Phú Thượng,,
Ngõ 55 Phố Nhật Tảo - Phú Thượng,Nhật Tảo,Phú Thượng,,
Ngõ 6 Phố Nhật Tảo - Phú Thượng,Nhật Tảo,Phú Thượng,,
Ngõ 69 Phố Nhật Tảo - Phú Thượng,Nhật Tảo,Phú Thượng,,
Ngõ 7 Phố Nhật Tảo - Phú Thượng,Nhật Tảo,Phú Thượng,,
Ngõ 8 Phố Nhật Tảo - Phú Thượng,Nhật Tảo,Phú Thượng,,
Phố Nhật Tảo - Phú Thượng,Nhật Tảo,Phú Thượng,,
Đường Phạm Văn Đồng - Phú Thượng,Phạm Văn Đồng,Phú Thượng,,
Ngõ 10 Phố Phú Gia - Phú Thượng,Phú Gia,Phú Thượng,,
Ngõ 163 Phố Phú Gia - Phú Thượng,Phú Gia,Phú Thượng,,
Ngõ 39 Phố Phú Gia - Phú Thượng,Phú Gia,Phú Thượng,,
Phố Phú Gia - Phú Thượng,Phú Gia,Phú Thượng,,
Ngách 180/10 Phố Phú Thượng - Phú Thượng,Phú Thượng,Phú Thượng,,
Ngách 180/9 Phố Phú Thượng - Phú Thượng,Phú Thượng,Phú Thượng,,
Ngõ 180 Phố Phú Thượng - Phú Thượng,Phú Thượng,Phú Thượng,,
Ngõ 24 Phố Phú Thượng - Phú Thượng,Phú Thượng,Phú Thượng,,
Ngõ 36 Phố Phú Thượng - Phú Thượng,Phú Thượng,Phú Thượng,,
Ngõ 39 Phố Phú Thượng - Phú Thượng,Phú Thượng,Phú Thượng,,
Ngõ 46 Phố Phú Thượng - Phú Thượng,Phú Thượng,Phú Thượng,,
Phố Phú Thượng - Phú Thượng,Phú Thượng,Phú Thượng,,
Ngõ 105 Phố Phú Xá - Phú Thượng,Phú Xá,Phú Thượng,,
Ngõ 119 Phố Phú Xá - Phú Thượng,Phú Xá,Phú Thượng,,
Ngõ 15 Phố Phú Xá - Phú Thượng,Phú Xá,Phú Thượng,,
Ngõ 2 Phố Phú Xá - Phú Thượng,Phú Xá,Phú Thượng,,
Ngõ 28 Phố Phú Xá - Phú Thượng,Phú Xá,Phú Thượng,,
Ngõ 46 Phố Phú Xá - Phú Thượng,Phú Xá,Phú Thượng,,
Ngõ 52 Phố Phú Xá - Phú Thượng,Phú Xá,Phú Thượng,,
Ngõ 79 Phố Phú Xá - Phú Thượng,Phú Xá,Phú Thượng,,
Ngõ 85 Phố Phú Xá - Phú Thượng,Phú Xá,Phú Thượng,,
Phố Phú Xá - Phú Thượng,Phú Xá,Phú Thượng,,
Phố Phúc Hoa - Phú Thượng,Phúc Hoa,Phú Thượng,,
Đường Tân Xuân - Phú Thượng,Tân Xuân,Phú Thượng,,
Ngõ 120 Đường Tân Xuân - Phú Thượng,Tân Xuân,Phú Thượng,,
Ngõ 126 Đường Tân Xuân - Phú Thượng,Tân Xuân,Phú Thượng,,
Ngõ 130 Đường Tân Xuân - Phú Thượng,Tân Xuân,Phú Thượng,,
Ngõ 136 Đường Tân Xuân - Phú Thượng,Tân Xuân,Phú Thượng,,
Ngõ 142 Đường Tân Xuân - Phú Thượng,Tân Xuân,Phú Thượng,,
Ngõ 158 Đường Tân Xuân - Phú Thượng,Tân Xuân,Phú Thượng,,
Ngõ 158 Tân Xuân - Phú Thượng,Tân Xuân,Phú Thượng,,
Ngõ 164 Đường Tân Xuân - Phú Thượng,Tân Xuân,Phú Thượng,,
Cầu Thăng Long - Phú Thượng,Thăng Long,Phú Thượng,,
Hẻm 16/3/24 Phố Thượng Thuỵ - Phú Thượng,Thượng Thuỵ,Phú Thượng,,
Ngõ 16 Phố Thượng Thuỵ - Phú Thượng,Thượng Thuỵ,Phú Thượng,,
Ngõ 33 Phố Thượng Thuỵ - Phú Thượng,Thượng Thuỵ,Phú Thượng,,
Ngõ 42 Phố Thượng Thuỵ - Phú Thượng,Thượng Thuỵ,Phú Thượng,,
Ngõ 62 Phố Thượng Thuỵ - Phú Thượng,Thượng Thuỵ,Phú Thượng,,
Ngõ 63 Phố Thượng Thuỵ - Phú Thượng,Thượng Thuỵ,Phú Thượng,,
Ngõ 65 Phố Thượng Thuỵ - Phú Thượng,Thượng Thuỵ,Phú Thượng,,
Ngõ 67 Phố Thượng Thuỵ - Phú Thượng,Thượng Thuỵ,Phú Thượng,,
Phố Thượng Thuỵ - Phú Thượng,Thượng Thuỵ,Phú Thượng,,
Đường Võ Chí Công - Phú Thượng,Võ Chí Công,Phú Thượng,,
"Đường An Dương Vương - Phú Thượng, Đông Ngạc",An Dương Vương,"Phú Thượng, Đông Ngạc",,
"Phố Nhật Tảo - Phú Thượng, Đông Ngạc",Nhật Tảo,"Phú Thượng, Đông Ngạc",,
"Đường Tân Xuân - Phú Thượng, Đông Ngạc",Tân Xuân,"Phú Thượng, Đông Ngạc",,
"Cầu Thăng Long - Phú Thượng, Đông Ngạc",Thăng Long,"Phú Thượng, Đông Ngạc",,
"Đường An Dương Vương - Phú Thượng, Tây Hồ",An Dương Vương,"Phú Thượng, Tây Hồ",,
"Đường Nguyễn Hoàng Tôn - Phú Thượng, Xuân Đỉnh",Nguyễn Hoàng Tôn,"Phú Thượng, Xuân Đỉnh",,
"Ngõ 110 Đường Nguyễn Hoàng Tôn - Phú Thượng, Xuân Đỉnh",Nguyễn Hoàng Tôn,"Phú Thượng, Xuân Đỉnh",,
"Ngõ 124 Đường Nguyễn Hoàng Tôn - Phú Thượng, Xuân Đỉnh",Nguyễn Hoàng Tôn,"Phú Thượng, Xuân Đỉnh",,
"Ngõ 156 Phố Nguyễn Hoàng Tôn - Phú Thượng, Xuân Đỉnh",Nguyễn Hoàng Tôn,"Phú Thượng, Xuân Đỉnh",,
"Ngõ 46 Đường Nguyễn Hoàng Tôn - Phú Thượng, Xuân Đỉnh",Nguyễn Hoàng Tôn,"Phú Thượng, Xuân Đỉnh",,
"Đường Phạm Văn Đồng - Phú Thượng, Xuân Đỉnh",Phạm Văn Đồng,"Phú Thượng, Xuân Đỉnh",,
"Đường Võ Chí Công - Phú Thượng, Xuân Đỉnh",Võ Chí Công,"Phú Thượng, Xuân Đỉnh",,
Ngõ 215 Phố Cầu Bây - Phúc Lợi,Cầu Bây,Phúc Lợi,,
Phố Cầu Bây - Phúc Lợi,Cầu Bây,Phúc Lợi,,
Hẻm 29/28/12 Phố Chu Huy Mân - Phúc Lợi,Chu Huy Mân,Phúc Lợi,,
Hẻm 29/28/19 Phố Chu Huy Mân - Phúc Lợi,Chu Huy Mân,Phúc Lợi,,
Hẻm 29/48/14 Phố Chu Huy Mân - Phúc Lợi,Chu Huy Mân,Phúc Lợi,,
Hẻm 29/48/28 Phố Chu Huy Mân - Phúc Lợi,Chu Huy Mân,Phúc Lợi,,
Hẻm 29/48/29 Phố Chu Huy Mân - Phúc Lợi,Chu Huy Mân,Phúc Lợi,,
Hẻm 29/48/32 Phố Chu Huy Mân - Phúc Lợi,Chu Huy Mân,Phúc Lợi,,
Hẻm 29/48/47 Phố Chu Huy Mân - Phúc Lợi,Chu Huy Mân,Phúc Lợi,,
Ngách 20/2 Phố Chu Huy Mân - Phúc Lợi,Chu Huy Mân,Phúc Lợi,,
Ngách 28/3 Phố Chu Huy Mân - Phúc Lợi,Chu Huy Mân,Phúc Lợi,,
Ngách 28/9 Phố Chu Huy Mân - Phúc Lợi,Chu Huy Mân,Phúc Lợi,,
Ngách 29/28 Phố Chu Huy Mân - Phúc Lợi,Chu Huy Mân,Phúc Lợi,,
Ngách 29/29 Phố Chu Huy Mân - Phúc Lợi,Chu Huy Mân,Phúc Lợi,,
Ngách 29/48 Phố Chu Huy Mân - Phúc Lợi,Chu Huy Mân,Phúc Lợi,,
Ngách 93/46 Phố Chu Huy Mân - Phúc Lợi,Chu Huy Mân,Phúc Lợi,,
Ngách 99/47 Phố Chu Huy Mân - Phúc Lợi,Chu Huy Mân,Phúc Lợi,,
Ngách 99/59 Phố Chu Huy Mân - Phúc Lợi,Chu Huy Mân,Phúc Lợi,,
Ngõ 1 Phố Chu Huy Mân - Phúc Lợi,Chu Huy Mân,Phúc Lợi,,
Ngõ 101 Phố Chu Huy Mân - Phúc Lợi,Chu Huy Mân,Phúc Lợi,,
Ngõ 131 Phố Chu Huy Mân - Phúc Lợi,Chu Huy Mân,Phúc Lợi,,
Ngõ 2 Phố Chu Huy Mân - Phúc Lợi,Chu Huy Mân,Phúc Lợi,,
Ngõ 20 Phố Chu Huy Mân - Phúc Lợi,Chu Huy Mân,Phúc Lợi,,
Ngõ 28 Phố Chu Huy Mân - Phúc Lợi,Chu Huy Mân,Phúc Lợi,,
Ngõ 29 Phố Chu Huy Mân - Phúc Lợi,Chu Huy Mân,Phúc Lợi,,
Ngõ 38 Phố Chu Huy Mân - Phúc Lợi,Chu Huy Mân,Phúc Lợi,,
Ngõ 46 Phố Chu Huy Mân - Phúc Lợi,Chu Huy Mân,Phúc Lợi,,
Ngõ 48 Phố Chu Huy Mân - Phúc Lợi,Chu Huy Mân,Phúc Lợi,,
Ngõ 5 Phố Chu Huy Mân - Phúc Lợi,Chu Huy Mân,Phúc Lợi,,
Ngõ 66 Phố Chu Huy Mân - Phúc Lợi,Chu Huy Mân,Phúc Lợi,,
Ngõ 70 Phố Chu Huy Mân - Phúc Lợi,Chu Huy Mân,Phúc Lợi,,
Ngõ 81 Phố Chu Huy Mân - Phúc Lợi,Chu Huy Mân,Phúc Lợi,,
Ngõ 83 Phố Chu Huy Mân - Phúc Lợi,Chu Huy Mân,Phúc Lợi,,
Ngõ 93 Phố Chu Huy Mân - Phúc Lợi,Chu Huy Mân,Phúc Lợi,,
Ngõ 99 Phố Chu Huy Mân - Phúc Lợi,Chu Huy Mân,Phúc Lợi,,
Phố Chu Huy Mân - Phúc Lợi,Chu Huy Mân,Phúc Lợi,,
Phố Đào Đình Luyện - Phúc Lợi,Đào Đình Luyện,Phúc Lợi,,TRUE
Ngách 44/1 Phố Đào Hinh - Phúc Lợi,Đào Hinh,Phúc Lợi,,
Ngõ 44 Phố Đào Hinh - Phúc Lợi,Đào Hinh,Phúc Lợi,,
Phố Đào Hinh - Phúc Lợi,Đào Hinh,Phúc Lợi,,
Phố Đào Văn Tập - Phúc Lợi,Đào Văn Tập,Phúc Lợi,,
Phố Đinh Đức Thiện - Phúc Lợi,Đinh Đức Thiện,Phúc Lợi,,
Phố Đoàn Khuê - Phúc Lợi,Đoàn Khuê,Phúc Lợi,,
Ngõ 4 Phố Hà Văn Chúc - Phúc Lợi,Hà Văn Chúc,Phúc Lợi,,TRUE
Phố Hà Văn Chúc - Phúc Lợi,Hà Văn Chúc,Phúc Lợi,,TRUE
Ngõ 20 Phố Hoàng Thế Thiện - Phúc Lợi,Hoàng Thế Thiện,Phúc Lợi,,
Ngõ 30 Phố Hoàng Thế Thiện - Phúc Lợi,Hoàng Thế Thiện,Phúc Lợi,,
Ngõ 40 Phố Hoàng Thế Thiện - Phúc Lợi,Hoàng Thế Thiện,Phúc Lợi,,
Ngõ 45 Phố Hoàng Thế Thiện - Phúc Lợi,Hoàng Thế Thiện,Phúc Lợi,,
Ngõ 51 Phố Hoàng Thế Thiện - Phúc Lợi,Hoàng Thế Thiện,Phúc Lợi,,
Ngõ 6 Phố Hoàng Thế Thiện - Phúc Lợi,Hoàng Thế Thiện,Phúc Lợi,,
Ngõ 62 Phố Hoàng Thế Thiện - Phúc Lợi,Hoàng Thế Thiện,Phúc Lợi,,
Ngõ 76 Phố Hoàng Thế Thiện - Phúc Lợi,Hoàng Thế Thiện,Phúc Lợi,,
Ngõ 78 Phố Hoàng Thế Thiện - Phúc Lợi,Hoàng Thế Thiện,Phúc Lợi,,
Ngõ 80 Phố Hoàng Thế Thiện - Phúc Lợi,Hoàng Thế Thiện,Phúc Lợi,,
Ngõ 82 Phố Hoàng Thế Thiện - Phúc Lợi,Hoàng Thế Thiện,Phúc Lợi,,
Ngõ 84 Phố Hoàng Thế Thiện - Phúc Lợi,Hoàng Thế Thiện,Phúc Lợi,,
Phố Hoàng Thế Thiện - Phúc Lợi,Hoàng Thế Thiện,Phúc Lợi,,
Phố Hội Xá - Phúc Lợi,Hội Xá,Phúc Lợi,,
Ngách 20/1 Phố Huỳnh Văn Nghệ - Phúc Lợi,Huỳnh Văn Nghệ,Phúc Lợi,,
Ngách 3/9 Phố Huỳnh Văn Nghệ - Phúc Lợi,Huỳnh Văn Nghệ,Phúc Lợi,,
Ngách 30/1 Phố Huỳnh Văn Nghệ - Phúc Lợi,Huỳnh Văn Nghệ,Phúc Lợi,,
Ngách 30/3 Phố Huỳnh Văn Nghệ - Phúc Lợi,Huỳnh Văn Nghệ,Phúc Lợi,,
Ngõ 1 Phố Huỳnh Văn Nghệ - Phúc Lợi,Huỳnh Văn Nghệ,Phúc Lợi,,
Ngõ 20 Phố Huỳnh Văn Nghệ - Phúc Lợi,Huỳnh Văn Nghệ,Phúc Lợi,,
Ngõ 3 Phố Huỳnh Văn Nghệ - Phúc Lợi,Huỳnh Văn Nghệ,Phúc Lợi,,
Ngõ 30 Phố Huỳnh Văn Nghệ - Phúc Lợi,Huỳnh Văn Nghệ,Phúc Lợi,,
Phố Huỳnh Văn Nghệ - Phúc Lợi,Huỳnh Văn Nghệ,Phúc Lợi,,
Ngõ 117 Phố Mai Phúc - Phúc Lợi,Mai Phúc,Phúc Lợi,,
Ngõ 129 Phố Mai Phúc - Phúc Lợi,Mai Phúc,Phúc Lợi,,
Ngõ 135 Phố Mai Phúc - Phúc Lợi,Mai Phúc,Phúc Lợi,,
Ngõ 60 Phố Mai Phúc - Phúc Lợi,Mai Phúc,Phúc Lợi,,
Ngõ 75 Phố Mai Phúc - Phúc Lợi,Mai Phúc,Phúc Lợi,,
Ngõ 83 Phố Mai Phúc - Phúc Lợi,Mai Phúc,Phúc Lợi,,
Ngõ 90 Phố Mai Phúc - Phúc Lợi,Mai Phúc,Phúc Lợi,,
Phố Mai Phúc - Phúc Lợi,Mai Phúc,Phúc Lợi,,
Ngõ 106 Phố Nguyễn Lam - Phúc Lợi,Nguyễn Lam,Phúc Lợi,,
Ngõ 114 Phố Nguyễn Lam - Phúc Lợi,Nguyễn Lam,Phúc Lợi,,
Ngõ 124 Phố Nguyễn Lam - Phúc Lợi,Nguyễn Lam,Phúc Lợi,,
Ngõ 148 Phố Nguyễn Lam - Phúc Lợi,Nguyễn Lam,Phúc Lợi,,
Ngõ 56 Phố Nguyễn Lam - Phúc Lợi,Nguyễn Lam,Phúc Lợi,,
Phố Nguyễn Lam - Phúc Lợi,Nguyễn Lam,Phúc Lợi,,
Ngõ 39 Phố Nguyễn Minh Châu - Phúc Lợi,Nguyễn Minh Châu,Phúc Lợi,,
Ngõ 43 Phố Nguyễn Minh Châu - Phúc Lợi,Nguyễn Minh Châu,Phúc Lợi,,
Ngõ 51 Phố Nguyễn Minh Châu - Phúc Lợi,Nguyễn Minh Châu,Phúc Lợi,,
Đường Nguyễn Văn Linh - Phúc Lợi,Nguyễn Văn Linh,Phúc Lợi,,
Hẻm 765/115A/12 Đường Nguyễn Văn Linh - Phúc Lợi,Nguyễn Văn Linh,Phúc Lợi,,
Hẻm 765/115A/14 Đường Nguyễn Văn Linh - Phúc Lợi,Nguyễn Văn Linh,Phúc Lợi,,
Hẻm 765/115A/16 Đường Nguyễn Văn Linh - Phúc Lợi,Nguyễn Văn Linh,Phúc Lợi,,
Hẻm 765/12/29 Đường Nguyễn Văn Linh - Phúc Lợi,Nguyễn Văn Linh,Phúc Lợi,,
Hẻm 765/12/31 Đường Nguyễn Văn Linh - Phúc Lợi,Nguyễn Văn Linh,Phúc Lợi,,
Hẻm 765/132/5 Đường Nguyễn Văn Linh - Phúc Lợi,Nguyễn Văn Linh,Phúc Lợi,,
Hẻm 765/27A/19 Đường Nguyễn Văn Linh - Phúc Lợi,Nguyễn Văn Linh,Phúc Lợi,,
Hẻm 765/27A/36 Đường Nguyễn Văn Linh - Phúc Lợi,Nguyễn Văn Linh,Phúc Lợi,,
Hẻm 765/71/1 Đường Nguyễn Văn Linh - Phúc Lợi,Nguyễn Văn Linh,Phúc Lợi,,
Hẻm 765/89/2 Đường Nguyễn Văn Linh - Phúc Lợi,Nguyễn Văn Linh,Phúc Lợi,,
Hẻm 765/89/6 Đường Nguyễn Văn Linh - Phúc Lợi,Nguyễn Văn Linh,Phúc Lợi,,
Ngách 2298/43 Đường Nguyễn Văn Linh - Phúc Lợi,Nguyễn Văn Linh,Phúc Lợi,,
Ngách 247B/65 Đường Nguyễn Văn Linh - Phúc Lợi,Nguyễn Văn Linh,Phúc Lợi,,
Ngách 557/10 Đường Nguyễn Văn Linh - Phúc Lợi,Nguyễn Văn Linh,Phúc Lợi,,
Ngách 557/16 Đường Nguyễn Văn Linh - Phúc Lợi,Nguyễn Văn Linh,Phúc Lợi,,
Ngách 557/25 Đường Nguyễn Văn Linh - Phúc Lợi,Nguyễn Văn Linh,Phúc Lợi,,
Ngách 557/29 Đường Nguyễn Văn Linh - Phúc Lợi,Nguyễn Văn Linh,Phúc Lợi,,
Ngách 765/1 Đường Nguyễn Văn Linh - Phúc Lợi,Nguyễn Văn Linh,Phúc Lợi,,
Ngách 765/10 Đường Nguyễn Văn Linh - Phúc Lợi,Nguyễn Văn Linh,Phúc Lợi,,
Ngách 765/105 Đường Nguyễn Văn Linh - Phúc Lợi,Nguyễn Văn Linh,Phúc Lợi,,
Ngách 765/114 Đường Nguyễn Văn Linh - Phúc Lợi,Nguyễn Văn Linh,Phúc Lợi,,
Ngách 765/115 Đường Nguyễn Văn Linh - Phúc Lợi,Nguyễn Văn Linh,Phúc Lợi,,
Ngách 765/115A Đường Nguyễn Văn Linh - Phúc Lợi,Nguyễn Văn Linh,Phúc Lợi,,
Ngách 765/12 Đường Nguyễn Văn Linh - Phúc Lợi,Nguyễn Văn Linh,Phúc Lợi,,
Ngách 765/130 Đường Nguyễn Văn Linh - Phúc Lợi,Nguyễn Văn Linh,Phúc Lợi,,
Ngách 765/132 Đường Nguyễn Văn Linh - Phúc Lợi,Nguyễn Văn Linh,Phúc Lợi,,
Ngách 765/147 Đường Nguyễn Văn Linh - Phúc Lợi,Nguyễn Văn Linh,Phúc Lợi,,
Ngách 765/149 Đường Nguyễn Văn Linh - Phúc Lợi,Nguyễn Văn Linh,Phúc Lợi,,
Ngách 765/150 Đường Nguyễn Văn Linh - Phúc Lợi,Nguyễn Văn Linh,Phúc Lợi,,
Ngách 765/164 Đường Nguyễn Văn Linh - Phúc Lợi,Nguyễn Văn Linh,Phúc Lợi,,
Ngách 765/166 Đường Nguyễn Văn Linh - Phúc Lợi,Nguyễn Văn Linh,Phúc Lợi,,
Ngách 765/168 Đường Nguyễn Văn Linh - Phúc Lợi,Nguyễn Văn Linh,Phúc Lợi,,
Ngách 765/18 Đường Nguyễn Văn Linh - Phúc Lợi,Nguyễn Văn Linh,Phúc Lợi,,
Ngách 765/180 Đường Nguyễn Văn Linh - Phúc Lợi,Nguyễn Văn Linh,Phúc Lợi,,
Ngách 765/2 Đường Nguyễn Văn Linh - Phúc Lợi,Nguyễn Văn Linh,Phúc Lợi,,
Ngách 765/24 Đường Nguyễn Văn Linh - Phúc Lợi,Nguyễn Văn Linh,Phúc Lợi,,
Ngách 765/27 Đường Nguyễn Văn Linh - Phúc Lợi,Nguyễn Văn Linh,Phúc Lợi,,
Ngách 765/27A Đường Nguyễn Văn Linh - Phúc Lợi,Nguyễn Văn Linh,Phúc Lợi,,
Ngách 765/28 Đường Nguyễn Văn Linh - Phúc Lợi,Nguyễn Văn Linh,Phúc Lợi,,
Ngách 765/35 Đường Nguyễn Văn Linh - Phúc Lợi,Nguyễn Văn Linh,Phúc Lợi,,
Ngách 765/6 Đường Nguyễn Văn Linh - Phúc Lợi,Nguyễn Văn Linh,Phúc Lợi,,
Ngách 765/68 Đường Nguyễn Văn Linh - Phúc Lợi,Nguyễn Văn Linh,Phúc Lợi,,
Ngách 765/71 Đường Nguyễn Văn Linh - Phúc Lợi,Nguyễn Văn Linh,Phúc Lợi,,
Ngách 765/87 Đường Nguyễn Văn Linh - Phúc Lợi,Nguyễn Văn Linh,Phúc Lợi,,
Ngách 765/89 Đường Nguyễn Văn Linh - Phúc Lợi,Nguyễn Văn Linh,Phúc Lợi,,
Ngách 765/98 Đường Nguyễn Văn Linh - Phúc Lợi,Nguyễn Văn Linh,Phúc Lợi,,
Ngách 803/14 Đường Nguyễn Văn Linh - Phúc Lợi,Nguyễn Văn Linh,Phúc Lợi,,
Ngách 803/34 Đường Nguyễn Văn Linh - Phúc Lợi,Nguyễn Văn Linh,Phúc Lợi,,
Ngách 803/44 Đường Nguyễn Văn Linh - Phúc Lợi,Nguyễn Văn Linh,Phúc Lợi,,
Ngách 93/4 Đường Nguyễn Văn Linh - Phúc Lợi,Nguyễn Văn Linh,Phúc Lợi,,
Ngõ 131 Đường Nguyễn Văn Linh - Phúc Lợi,Nguyễn Văn Linh,Phúc Lợi,,
Ngõ 181 Đường Nguyễn Văn Linh - Phúc Lợi,Nguyễn Văn Linh,Phúc Lợi,,
Ngõ 229 Đường Nguyễn Văn Linh - Phúc Lợi,Nguyễn Văn Linh,Phúc Lợi,,
Ngõ 229B Đường Nguyễn Văn Linh - Phúc Lợi,Nguyễn Văn Linh,Phúc Lợi,,
Ngõ 231 Đường Nguyễn Văn Linh - Phúc Lợi,Nguyễn Văn Linh,Phúc Lợi,,
Ngõ 247 Đường Nguyễn Văn Linh - Phúc Lợi,Nguyễn Văn Linh,Phúc Lợi,,
Ngõ 247B Đường Nguyễn Văn Linh - Phúc Lợi,Nguyễn Văn Linh,Phúc Lợi,,
Ngõ 253 Đường Nguyễn Văn Linh - Phúc Lợi,Nguyễn Văn Linh,Phúc Lợi,,
Ngõ 263 Đường Nguyễn Văn Linh - Phúc Lợi,Nguyễn Văn Linh,Phúc Lợi,,
Ngõ 461 Đường Nguyễn Văn Linh - Phúc Lợi,Nguyễn Văn Linh,Phúc Lợi,,
Ngõ 467 Đường Nguyễn Văn Linh - Phúc Lợi,Nguyễn Văn Linh,Phúc Lợi,,
Ngõ 47 Đường Nguyễn Văn Linh - Phúc Lợi,Nguyễn Văn Linh,Phúc Lợi,,
Ngõ 533 Đường Nguyễn Văn Linh - Phúc Lợi,Nguyễn Văn Linh,Phúc Lợi,,
Ngõ 557 Đường Nguyễn Văn Linh - Phúc Lợi,Nguyễn Văn Linh,Phúc Lợi,,
Ngõ 585 Đường Nguyễn Văn Linh - Phúc Lợi,Nguyễn Văn Linh,Phúc Lợi,,
Ngõ 75 Đường Nguyễn Văn Linh - Phúc Lợi,Nguyễn Văn Linh,Phúc Lợi,,
Ngõ 755 Đường Nguyễn Văn Linh - Phúc Lợi,Nguyễn Văn Linh,Phúc Lợi,,
Ngõ 757 Đường Nguyễn Văn Linh - Phúc Lợi,Nguyễn Văn Linh,Phúc Lợi,,
Ngõ 765 Đường Nguyễn Văn Linh - Phúc Lợi,Nguyễn Văn Linh,Phúc Lợi,,
Ngõ 767 Đường Nguyễn Văn Linh - Phúc Lợi,Nguyễn Văn Linh,Phúc Lợi,,
Ngõ 769 Đường Nguyễn Văn Linh - Phúc Lợi,Nguyễn Văn Linh,Phúc Lợi,,
Ngõ 781 Đường Nguyễn Văn Linh - Phúc Lợi,Nguyễn Văn Linh,Phúc Lợi,,
Ngõ 797 Đường Nguyễn Văn Linh - Phúc Lợi,Nguyễn Văn Linh,Phúc Lợi,,
Ngõ 803 Đường Nguyễn Văn Linh - Phúc Lợi,Nguyễn Văn Linh,Phúc Lợi,,
Ngõ 93 Đường Nguyễn Văn Linh - Phúc Lợi,Nguyễn Văn Linh,Phúc Lợi,,
Ngõ 11 Phố Nông Vụ - Phúc Lợi,Nông Vụ,Phúc Lợi,,
Ngõ 31 Phố Nông Vụ - Phúc Lợi,Nông Vụ,Phúc Lợi,,
Phố Nông Vụ - Phúc Lợi,Nông Vụ,Phúc Lợi,,
Cầu Phù Đổng - Phúc Lợi,Phù Đổng Thiên Vương,Phúc Lợi,,
Đường Phúc Lợi - Phúc Lợi,Phúc Lợi,Phúc Lợi,,
Hẻm 145/26/18A Đường Phúc Lợi - Phúc Lợi,Phúc Lợi,Phúc Lợi,,
Hẻm 145/26/36 Đường Phúc Lợi - Phúc Lợi,Phúc Lợi,Phúc Lợi,,
Hẻm 145/26/7 Đường Phúc Lợi - Phúc Lợi,Phúc Lợi,Phúc Lợi,,
Hẻm 195/2/11 Đường Phúc Lợi - Phúc Lợi,Phúc Lợi,Phúc Lợi,,
Hẻm 199/2/19 Đường Phúc Lợi - Phúc Lợi,Phúc Lợi,Phúc Lợi,,
Hẻm 201/12/20 Đường Phúc Lợi - Phúc Lợi,Phúc Lợi,Phúc Lợi,,
Hẻm 201/2/41 Đường Phúc Lợi - Phúc Lợi,Phúc Lợi,Phúc Lợi,,
Hẻm 201/2/43 Đường Phúc Lợi - Phúc Lợi,Phúc Lợi,Phúc Lợi,,
Hẻm 201/2/79 Đường Phúc Lợi - Phúc Lợi,Phúc Lợi,Phúc Lợi,,
Hẻm 303/2/7 Đường Phúc Lợi - Phúc Lợi,Phúc Lợi,Phúc Lợi,,
Hẻm 303/2/7/6 Đường Phúc Lợi - Phúc Lợi,Phúc Lợi,Phúc Lợi,,
Hẻm 321/21/16 Đường Phúc Lợi - Phúc Lợi,Phúc Lợi,Phúc Lợi,,
Hẻm 321/21/2 Đường Phúc Lợi - Phúc Lợi,Phúc Lợi,Phúc Lợi,,
Hẻm 321/21/24 Đường Phúc Lợi - Phúc Lợi,Phúc Lợi,Phúc Lợi,,
Hẻm 321/21/48 Đường Phúc Lợi - Phúc Lợi,Phúc Lợi,Phúc Lợi,,
Ngách 145/14 Đường Phúc Lợi - Phúc Lợi,Phúc Lợi,Phúc Lợi,,
Ngách 145/26 Đường Phúc Lợi - Phúc Lợi,Phúc Lợi,Phúc Lợi,,
Ngách 145/49 Đường Phúc Lợi - Phúc Lợi,Phúc Lợi,Phúc Lợi,,
Ngách 193/15 Đường Phúc Lợi - Phúc Lợi,Phúc Lợi,Phúc Lợi,,
Ngách 193/21 Đường Phúc Lợi - Phúc Lợi,Phúc Lợi,Phúc Lợi,,
Ngách 193/43 Đường Phúc Lợi - Phúc Lợi,Phúc Lợi,Phúc Lợi,,
Ngách 193/5 Đường Phúc Lợi - Phúc Lợi,Phúc Lợi,Phúc Lợi,,
Ngách 195/2 Đường Phúc Lợi - Phúc Lợi,Phúc Lợi,Phúc Lợi,,
Ngách 195/80 Đường Phúc Lợi - Phúc Lợi,Phúc Lợi,Phúc Lợi,,
Ngách 195/9 Đường Phúc Lợi - Phúc Lợi,Phúc Lợi,Phúc Lợi,,
Ngách 197/14 Đường Phúc Lợi - Phúc Lợi,Phúc Lợi,Phúc Lợi,,
Ngách 197/36 Đường Phúc Lợi - Phúc Lợi,Phúc Lợi,Phúc Lợi,,
Ngách 197/50 Đường Phúc Lợi - Phúc Lợi,Phúc Lợi,Phúc Lợi,,
Ngách 197/82 Đường Phúc Lợi - Phúc Lợi,Phúc Lợi,Phúc Lợi,,
Ngách 199/10 Đường Phúc Lợi - Phúc Lợi,Phúc Lợi,Phúc Lợi,,
Ngách 199/2 Đường Phúc Lợi - Phúc Lợi,Phúc Lợi,Phúc Lợi,,
Ngách 201/12 Đường Phúc Lợi - Phúc Lợi,Phúc Lợi,Phúc Lợi,,
Ngách 201/13 Đường Phúc Lợi - Phúc Lợi,Phúc Lợi,Phúc Lợi,,
Ngách 201/18 Đường Phúc Lợi - Phúc Lợi,Phúc Lợi,Phúc Lợi,,
Ngách 201/2 Đường Phúc Lợi - Phúc Lợi,Phúc Lợi,Phúc Lợi,,
Ngách 201/3 Đường Phúc Lợi - Phúc Lợi,Phúc Lợi,Phúc Lợi,,
Ngách 201/32 Đường Phúc Lợi - Phúc Lợi,Phúc Lợi,Phúc Lợi,,
Ngách 201/33 Đường Phúc Lợi - Phúc Lợi,Phúc Lợi,Phúc Lợi,,
Ngách 201/36 Đường Phúc Lợi - Phúc Lợi,Phúc Lợi,Phúc Lợi,,
Ngách 201/50 Đường Phúc Lợi - Phúc Lợi,Phúc Lợi,Phúc Lợi,,
Ngách 201/9 Đường Phúc Lợi - Phúc Lợi,Phúc Lợi,Phúc Lợi,,
Ngách 279/5 Đường Phúc Lợi - Phúc Lợi,Phúc Lợi,Phúc Lợi,,
Ngách 303/2 Đường Phúc Lợi - Phúc Lợi,Phúc Lợi,Phúc Lợi,,
Ngách 321/12 Đường Phúc Lợi - Phúc Lợi,Phúc Lợi,Phúc Lợi,,
Ngách 321/2 Đường Phúc Lợi - Phúc Lợi,Phúc Lợi,Phúc Lợi,,
Ngách 321/21 Đường Phúc Lợi - Phúc Lợi,Phúc Lợi,Phúc Lợi,,
Ngách 321/28 Đường Phúc Lợi - Phúc Lợi,Phúc Lợi,Phúc Lợi,,
Ngách 321/44 Đường Phúc Lợi - Phúc Lợi,Phúc Lợi,Phúc Lợi,,
Ngách 321/50 Đường Phúc Lợi - Phúc Lợi,Phúc Lợi,Phúc Lợi,,
Ngách 321/51 Đường Phúc Lợi - Phúc Lợi,Phúc Lợi,Phúc Lợi,,
Ngách 321/58 Đường Phúc Lợi - Phúc Lợi,Phúc Lợi,Phúc Lợi,,
Ngách 321/64 Đường Phúc Lợi - Phúc Lợi,Phúc Lợi,Phúc Lợi,,
Ngách 321/67 Đường Phúc Lợi - Phúc Lợi,Phúc Lợi,Phúc Lợi,,
Ngách 83/1 Đường Phúc Lợi - Phúc Lợi,Phúc Lợi,Phúc Lợi,,
Ngách 83/12 Đường Phúc Lợi - Phúc Lợi,Phúc Lợi,Phúc Lợi,,
Ngách 83/2 Đường Phúc Lợi - Phúc Lợi,Phúc Lợi,Phúc Lợi,,
Ngách 83/21 Đường Phúc Lợi - Phúc Lợi,Phúc Lợi,Phúc Lợi,,
Ngách 83/41 Đường Phúc Lợi - Phúc Lợi,Phúc Lợi,Phúc Lợi,,
Ngách 87/47 Đường Phúc Lợi - Phúc Lợi,Phúc Lợi,Phúc Lợi,,
Ngõ 141 Đường Phúc Lợi - Phúc Lợi,Phúc Lợi,Phúc Lợi,,
Ngõ 145 Đường Phúc Lợi - Phúc Lợi,Phúc Lợi,Phúc Lợi,,
Ngõ 191 Đường Phúc Lợi - Phúc Lợi,Phúc Lợi,Phúc Lợi,,
Ngõ 193 Đường Phúc Lợi - Phúc Lợi,Phúc Lợi,Phúc Lợi,,
Ngõ 195 Đường Phúc Lợi - Phúc Lợi,Phúc Lợi,Phúc Lợi,,
Ngõ 197 Đường Phúc Lợi - Phúc Lợi,Phúc Lợi,Phúc Lợi,,
Ngõ 199 Đường Phúc Lợi - Phúc Lợi,Phúc Lợi,Phúc Lợi,,
Ngõ 203 Đường Phúc Lợi - Phúc Lợi,Phúc Lợi,Phúc Lợi,,
Ngõ 209 Đường Phúc Lợi - Phúc Lợi,Phúc Lợi,Phúc Lợi,,
Ngõ 293 Đường Phúc Lợi - Phúc Lợi,Phúc Lợi,Phúc Lợi,,
Ngõ 299 Đường Phúc Lợi - Phúc Lợi,Phúc Lợi,Phúc Lợi,,
Ngõ 301 Đường Phúc Lợi - Phúc Lợi,Phúc Lợi,Phúc Lợi,,
Ngõ 303 Đường Phúc Lợi - Phúc Lợi,Phúc Lợi,Phúc Lợi,,
Ngõ 321 Đường Phúc Lợi - Phúc Lợi,Phúc Lợi,Phúc Lợi,,
Ngõ 35 Đường Phúc Lợi - Phúc Lợi,Phúc Lợi,Phúc Lợi,,
Ngõ 83 Đường Phúc Lợi - Phúc Lợi,Phúc Lợi,Phúc Lợi,,
Ngõ 87 Đường Phúc Lợi - Phúc Lợi,Phúc Lợi,Phúc Lợi,,
Hẻm 121/18/4 Phố Sài Đồng - Phúc Lợi,Sài Đồng,Phúc Lợi,,
Hẻm 64/22/2 Phố Sài Đồng - Phúc Lợi,Sài Đồng,Phúc Lợi,,
Hẻm 64/22/6 Phố Sài Đồng - Phúc Lợi,Sài Đồng,Phúc Lợi,,
Ngách 100/1 Phố Sài Đồng - Phúc Lợi,Sài Đồng,Phúc Lợi,,
Ngách 100/17 Phố Sài Đồng - Phúc Lợi,Sài Đồng,Phúc Lợi,,
Ngách 100/27 Phố Sài Đồng - Phúc Lợi,Sài Đồng,Phúc Lợi,,
Ngách 100/37 Phố Sài Đồng - Phúc Lợi,Sài Đồng,Phúc Lợi,,
Ngách 12/10 Phố Sài Đồng - Phúc Lợi,Sài Đồng,Phúc Lợi,,
Ngách 12/2 Phố Sài Đồng - Phúc Lợi,Sài Đồng,Phúc Lợi,,
Ngách 12/6 Phố Sài Đồng - Phúc Lợi,Sài Đồng,Phúc Lợi,,
Ngách 121/14 Phố Sài Đồng - Phúc Lợi,Sài Đồng,Phúc Lợi,,
Ngách 121/16 Phố Sài Đồng - Phúc Lợi,Sài Đồng,Phúc Lợi,,
Ngách 121/18 Phố Sài Đồng - Phúc Lợi,Sài Đồng,Phúc Lợi,,
Ngách 121/19 Phố Sài Đồng - Phúc Lợi,Sài Đồng,Phúc Lợi,,
Ngách 121/2 Phố Sài Đồng - Phúc Lợi,Sài Đồng,Phúc Lợi,,
Ngách 121/38 Phố Sài Đồng - Phúc Lợi,Sài Đồng,Phúc Lợi,,
Ngách 207/1 Phố Sài Đồng - Phúc Lợi,Sài Đồng,Phúc Lợi,,
Ngách 207/2 Phố Sài Đồng - Phúc Lợi,Sài Đồng,Phúc Lợi,,
Ngách 207/3 Phố Sài Đồng - Phúc Lợi,Sài Đồng,Phúc Lợi,,
Ngách 64/22 Phố Sài Đồng - Phúc Lợi,Sài Đồng,Phúc Lợi,,
Ngách 64/5 Phố Sài Đồng - Phúc Lợi,Sài Đồng,Phúc Lợi,,
Ngõ 100 Phố Sài Đồng - Phúc Lợi,Sài Đồng,Phúc Lợi,,
Ngõ 114 Phố Sài Đồng - Phúc Lợi,Sài Đồng,Phúc Lợi,,
Ngõ 12 Phố Sài Đồng - Phúc Lợi,Sài Đồng,Phúc Lợi,,
Ngõ 121 Phố Sài Đồng - Phúc Lợi,Sài Đồng,Phúc Lợi,,
Ngõ 128 Phố Sài Đồng - Phúc Lợi,Sài Đồng,Phúc Lợi,,
Ngõ 134 Phố Sài Đồng - Phúc Lợi,Sài Đồng,Phúc Lợi,,
Ngõ 14 Phố Sài Đồng - Phúc Lợi,Sài Đồng,Phúc Lợi,,
Ngõ 171 Phố Sài Đồng - Phúc Lợi,Sài Đồng,Phúc Lợi,,
Ngõ 207 Phố Sài Đồng - Phúc Lợi,Sài Đồng,Phúc Lợi,,
Ngõ 32 Phố Sài Đồng - Phúc Lợi,Sài Đồng,Phúc Lợi,,
Ngõ 42 Phố Sài Đồng - Phúc Lợi,Sài Đồng,Phúc Lợi,,
Ngõ 64 Phố Sài Đồng - Phúc Lợi,Sài Đồng,Phúc Lợi,,
Ngõ 91 Phố Sài Đồng - Phúc Lợi,Sài Đồng,Phúc Lợi,,
Phố Sài Đồng - Phúc Lợi,Sài Đồng,Phúc Lợi,,
Hẻm 62/40/8 Phố Tân Thuỵ - Phúc Lợi,Tân Thuỵ,Phúc Lợi,,
Ngách 172/2 Phố Tân Thuỵ - Phúc Lợi,Tân Thuỵ,Phúc Lợi,,
Ngách 22/18 Phố Tân Thuỵ - Phúc Lợi,Tân Thuỵ,Phúc Lợi,,
Ngách 22/36 Phố Tân Thuỵ - Phúc Lợi,Tân Thuỵ,Phúc Lợi,,
Ngách 62/28 Phố Tân Thuỵ - Phúc Lợi,Tân Thuỵ,Phúc Lợi,,
Ngách 62/40 Phố Tân Thuỵ - Phúc Lợi,Tân Thuỵ,Phúc Lợi,,
Ngách 64/15 Phố Tân Thuỵ - Phúc Lợi,Tân Thuỵ,Phúc Lợi,,
Ngách 64/25 Phố Tân Thuỵ - Phúc Lợi,Tân Thuỵ,Phúc Lợi,,
Ngách 76/15 Phố Tân Thuỵ - Phúc Lợi,Tân Thuỵ,Phúc Lợi,,
Ngõ 15 Phố Tân Thuỵ - Phúc Lợi,Tân Thuỵ,Phúc Lợi,,
Ngõ 16 Phố Tân Thuỵ - Phúc Lợi,Tân Thuỵ,Phúc Lợi,,
Ngõ 2 Phố Tân Thuỵ - Phúc Lợi,Tân Thuỵ,Phúc Lợi,,
Ngõ 22 Phố Tân Thuỵ - Phúc Lợi,Tân Thuỵ,Phúc Lợi,,
Ngõ 34 Phố Tân Thuỵ - Phúc Lợi,Tân Thuỵ,Phúc Lợi,,
Ngõ 50 Phố Tân Thuỵ - Phúc Lợi,Tân Thuỵ,Phúc Lợi,,
Ngõ 62 Phố Tân Thuỵ - Phúc Lợi,Tân Thuỵ,Phúc Lợi,,
Ngõ 64 Phố Tân Thuỵ - Phúc Lợi,Tân Thuỵ,Phúc Lợi,,
Ngõ 76 Phố Tân Thuỵ - Phúc Lợi,Tân Thuỵ,Phúc Lợi,,
Phố Tân Thuỵ - Phúc Lợi,Tân Thuỵ,Phúc Lợi,,
Phố Trần Danh Tuyên - Phúc Lợi,Trần Danh Tuyên,Phúc Lợi,,
Đường Viên Chiếu - Phúc Lợi,Viên Chiếu,Phúc Lợi,,
Ngách 590/21A Đường Viên Chiếu - Phúc Lợi,Viên Chiếu,Phúc Lợi,,
Ngách 648/10 Đường Viên Chiếu - Phúc Lợi,Viên Chiếu,Phúc Lợi,,
Ngách 648/12 Đường Viên Chiếu - Phúc Lợi,Viên Chiếu,Phúc Lợi,,
Ngách 648/15 Đường Viên Chiếu - Phúc Lợi,Viên Chiếu,Phúc Lợi,,
Ngách 648/27 Đường Viên Chiếu - Phúc Lợi,Viên Chiếu,Phúc Lợi,,
Ngách 648/32 Đường Viên Chiếu - Phúc Lợi,Viên Chiếu,Phúc Lợi,,
Ngách 648/7 Đường Viên Chiếu - Phúc Lợi,Viên Chiếu,Phúc Lợi,,
Ngõ 474 Đường Viên Chiếu - Phúc Lợi,Viên Chiếu,Phúc Lợi,,
Ngõ 480 Đường Viên Chiếu - Phúc Lợi,Viên Chiếu,Phúc Lợi,,
Ngõ 554 Đường Viên Chiếu - Phúc Lợi,Viên Chiếu,Phúc Lợi,,
Ngõ 562 Đường Viên Chiếu - Phúc Lợi,Viên Chiếu,Phúc Lợi,,
Ngõ 590 Đường Viên Chiếu - Phúc Lợi,Viên Chiếu,Phúc Lợi,,
Ngõ 608 Đường Viên Chiếu - Phúc Lợi,Viên Chiếu,Phúc Lợi,,
Ngõ 648 Đường Viên Chiếu - Phúc Lợi,Viên Chiếu,Phúc Lợi,,
Phố Vo Thượng - Phúc Lợi,Vo Thượng,Phúc Lợi,,
Ngách 2/3 Phố Vo Trung - Phúc Lợi,Vo Trung,Phúc Lợi,,
Ngách 2/9 Phố Vo Trung - Phúc Lợi,Vo Trung,Phúc Lợi,,
Ngách 58/1 Phố Vo Trung - Phúc Lợi,Vo Trung,Phúc Lợi,,
Ngõ 18 Phố Vo Trung - Phúc Lợi,Vo Trung,Phúc Lợi,,
Ngõ 19 Phố Vo Trung - Phúc Lợi,Vo Trung,Phúc Lợi,,
Ngõ 2 Phố Vo Trung - Phúc Lợi,Vo Trung,Phúc Lợi,,
Ngõ 45 Phố Vo Trung - Phúc Lợi,Vo Trung,Phúc Lợi,,
Ngõ 47 Phố Vo Trung - Phúc Lợi,Vo Trung,Phúc Lợi,,
Ngõ 50 Phố Vo Trung - Phúc Lợi,Vo Trung,Phúc Lợi,,
Ngõ 58 Phố Vo Trung - Phúc Lợi,Vo Trung,Phúc Lợi,,
Ngõ 65 Phố Vo Trung - Phúc Lợi,Vo Trung,Phúc Lợi,,
Ngõ 69 Phố Vo Trung - Phúc Lợi,Vo Trung,Phúc Lợi,,
Ngõ 72 Phố Vo Trung - Phúc Lợi,Vo Trung,Phúc Lợi,,
Ngõ 78 Phố Vo Trung - Phúc Lợi,Vo Trung,Phúc Lợi,,
Ngõ 81 Phố Vo Trung - Phúc Lợi,Vo Trung,Phúc Lợi,,
Ngõ 91 Phố Vo Trung - Phúc Lợi,Vo Trung,Phúc Lợi,,
Ngõ 94 Phố Vo Trung - Phúc Lợi,Vo Trung,Phúc Lợi,,
Phố Vo Trung - Phúc Lợi,Vo Trung,Phúc Lợi,,
Hẻm 195/16/10 Phố Vũ Xuân Thiều - Phúc Lợi,Vũ Xuân Thiều,Phúc Lợi,,TRUE
Hẻm 195/16/2 Phố Vũ Xuân Thiều - Phúc Lợi,Vũ Xuân Thiều,Phúc Lợi,,TRUE
Hẻm 195/16/4 Phố Vũ Xuân Thiều - Phúc Lợi,Vũ Xuân Thiều,Phúc Lợi,,TRUE
Hẻm 195/16/6 Phố Vũ Xuân Thiều - Phúc Lợi,Vũ Xuân Thiều,Phúc Lợi,,TRUE
Hẻm 195/16/8 Phố Vũ Xuân Thiều - Phúc Lợi,Vũ Xuân Thiều,Phúc Lợi,,TRUE
Hẻm 95/81/25 Phố Vũ Xuân Thiều - Phúc Lợi,Vũ Xuân Thiều,Phúc Lợi,,TRUE
Hẻm 95/81/29 Phố Vũ Xuân Thiều - Phúc Lợi,Vũ Xuân Thiều,Phúc Lợi,,TRUE
Hẻm 95/81/86 Phố Vũ Xuân Thiều - Phúc Lợi,Vũ Xuân Thiều,Phúc Lợi,,TRUE
Hẻm 95/81/92 Phố Vũ Xuân Thiều - Phúc Lợi,Vũ Xuân Thiều,Phúc Lợi,,TRUE
Ngách 195/1 Phố Vũ Xuân Thiều - Phúc Lợi,Vũ Xuân Thiều,Phúc Lợi,,TRUE
Ngách 195/16 Phố Vũ Xuân Thiều - Phúc Lợi,Vũ Xuân Thiều,Phúc Lợi,,TRUE
Ngách 195/2 Phố Vũ Xuân Thiều - Phúc Lợi,Vũ Xuân Thiều,Phúc Lợi,,TRUE
Ngách 195/28 Phố Vũ Xuân Thiều - Phúc Lợi,Vũ Xuân Thiều,Phúc Lợi,,TRUE
Ngách 195/44 Phố Vũ Xuân Thiều - Phúc Lợi,Vũ Xuân Thiều,Phúc Lợi,,TRUE
Ngách 195/45 Phố Vũ Xuân Thiều - Phúc Lợi,Vũ Xuân Thiều,Phúc Lợi,,TRUE
Ngách 195/46 Phố Vũ Xuân Thiều - Phúc Lợi,Vũ Xuân Thiều,Phúc Lợi,,TRUE
Ngách 195/48 Phố Vũ Xuân Thiều - Phúc Lợi,Vũ Xuân Thiều,Phúc Lợi,,TRUE
Ngách 195/51 Phố Vũ Xuân Thiều - Phúc Lợi,Vũ Xuân Thiều,Phúc Lợi,,TRUE
Ngách 195/68 Phố Vũ Xuân Thiều - Phúc Lợi,Vũ Xuân Thiều,Phúc Lợi,,TRUE
Ngách 195/90 Phố Vũ Xuân Thiều - Phúc Lợi,Vũ Xuân Thiều,Phúc Lợi,,TRUE
Ngách 53/20 Phố Vũ Xuân Thiều - Phúc Lợi,Vũ Xuân Thiều,Phúc Lợi,,TRUE
Ngách 53/49 Phố Vũ Xuân Thiều - Phúc Lợi,Vũ Xuân Thiều,Phúc Lợi,,TRUE
Ngách 53/53 Phố Vũ Xuân Thiều - Phúc Lợi,Vũ Xuân Thiều,Phúc Lợi,,TRUE
Ngách 53/7 Phố Vũ Xuân Thiều - Phúc Lợi,Vũ Xuân Thiều,Phúc Lợi,,TRUE
Ngách 55/19 Phố Vũ Xuân Thiều - Phúc Lợi,Vũ Xuân Thiều,Phúc Lợi,,TRUE
Ngách 55/21 Phố Vũ Xuân Thiều - Phúc Lợi,Vũ Xuân Thiều,Phúc Lợi,,TRUE
Ngách 55/21A Phố Vũ Xuân Thiều - Phúc Lợi,Vũ Xuân Thiều,Phúc Lợi,,TRUE
Ngách 55/4 Phố Vũ Xuân Thiều - Phúc Lợi,Vũ Xuân Thiều,Phúc Lợi,,TRUE
Ngách 55/41 Phố Vũ Xuân Thiều - Phúc Lợi,Vũ Xuân Thiều,Phúc Lợi,,TRUE
Ngách 55/57 Phố Vũ Xuân Thiều - Phúc Lợi,Vũ Xuân Thiều,Phúc Lợi,,TRUE
Ngách 95/100 Phố Vũ Xuân Thiều - Phúc Lợi,Vũ Xuân Thiều,Phúc Lợi,,TRUE
Ngách 95/106 Phố Vũ Xuân Thiều - Phúc Lợi,Vũ Xuân Thiều,Phúc Lợi,,TRUE
Ngách 95/107 Phố Vũ Xuân Thiều - Phúc Lợi,Vũ Xuân Thiều,Phúc Lợi,,TRUE
Ngách 95/121 Phố Vũ Xuân Thiều - Phúc Lợi,Vũ Xuân Thiều,Phúc Lợi,,TRUE
Ngách 95/14 Phố Vũ Xuân Thiều - Phúc Lợi,Vũ Xuân Thiều,Phúc Lợi,,TRUE
Ngách 95/20 Phố Vũ Xuân Thiều - Phúc Lợi,Vũ Xuân Thiều,Phúc Lợi,,TRUE
Ngách 95/34 Phố Vũ Xuân Thiều - Phúc Lợi,Vũ Xuân Thiều,Phúc Lợi,,TRUE
Ngách 95/35 Phố Vũ Xuân Thiều - Phúc Lợi,Vũ Xuân Thiều,Phúc Lợi,,TRUE
Ngách 95/4 Phố Vũ Xuân Thiều - Phúc Lợi,Vũ Xuân Thiều,Phúc Lợi,,TRUE
Ngách 95/44 Phố Vũ Xuân Thiều - Phúc Lợi,Vũ Xuân Thiều,Phúc Lợi,,TRUE
Ngách 95/57 Phố Vũ Xuân Thiều - Phúc Lợi,Vũ Xuân Thiều,Phúc Lợi,,TRUE
Ngách 95/81 Phố Vũ Xuân Thiều - Phúc Lợi,Vũ Xuân Thiều,Phúc Lợi,,TRUE
Ngách 95/82 Phố Vũ Xuân Thiều - Phúc Lợi,Vũ Xuân Thiều,Phúc Lợi,,TRUE
Ngách 95/86 Phố Vũ Xuân Thiều - Phúc Lợi,Vũ Xuân Thiều,Phúc Lợi,,TRUE
Ngách 95/90 Phố Vũ Xuân Thiều - Phúc Lợi,Vũ Xuân Thiều,Phúc Lợi,,TRUE
Ngách 95/94 Phố Vũ Xuân Thiều - Phúc Lợi,Vũ Xuân Thiều,Phúc Lợi,,TRUE
Ngõ 102 Phố Vũ Xuân Thiều - Phúc Lợi,Vũ Xuân Thiều,Phúc Lợi,,TRUE
Ngõ 112 Phố Vũ Xuân Thiều - Phúc Lợi,Vũ Xuân Thiều,Phúc Lợi,,TRUE
Ngõ 147 Phố Vũ Xuân Thiều - Phúc Lợi,Vũ Xuân Thiều,Phúc Lợi,,TRUE
Ngõ 195 Phố Vũ Xuân Thiều - Phúc Lợi,Vũ Xuân Thiều,Phúc Lợi,,TRUE
Ngõ 23 Phố Vũ Xuân Thiều - Phúc Lợi,Vũ Xuân Thiều,Phúc Lợi,,TRUE
Ngõ 38 Phố Vũ Xuân Thiều - Phúc Lợi,Vũ Xuân Thiều,Phúc Lợi,,TRUE
Ngõ 46 Phố Vũ Xuân Thiều - Phúc Lợi,Vũ Xuân Thiều,Phúc Lợi,,TRUE
Ngõ 53 Phố Vũ Xuân Thiều - Phúc Lợi,Vũ Xuân Thiều,Phúc Lợi,,TRUE
Ngõ 55 Phố Vũ Xuân Thiều - Phúc Lợi,Vũ Xuân Thiều,Phúc Lợi,,TRUE
Ngõ 56 Phố Vũ Xuân Thiều - Phúc Lợi,Vũ Xuân Thiều,Phúc Lợi,,TRUE
Ngõ 66 Vũ Xuân Thiều - Phúc Lợi,Vũ Xuân Thiều,Phúc Lợi,,TRUE
Ngõ 76 Phố Vũ Xuân Thiều - Phúc Lợi,Vũ Xuân Thiều,Phúc Lợi,,TRUE
Ngõ 88 Phố Vũ Xuân Thiều - Phúc Lợi,Vũ Xuân Thiều,Phúc Lợi,,TRUE
Ngõ 94 Phố Vũ Xuân Thiều - Phúc Lợi,Vũ Xuân Thiều,Phúc Lợi,,TRUE
Ngõ 95 Phố Vũ Xuân Thiều - Phúc Lợi,Vũ Xuân Thiều,Phúc Lợi,,TRUE
Phố Vũ Xuân Thiều - Phúc Lợi,Vũ Xuân Thiều,Phúc Lợi,,TRUE
"Phố Đào Hinh - Phúc Lợi, Việt Hưng",Đào Hinh,"Phúc Lợi, Việt Hưng",,
"Phố Đoàn Khuê - Phúc Lợi, Việt Hưng",Đoàn Khuê,"Phúc Lợi, Việt Hưng",,
"Phố Hội Xá - Phúc Lợi, Việt Hưng",Hội Xá,"Phúc Lợi, Việt Hưng",,
"Phố Lệ Mật - Phúc Lợi, Việt Hưng",Lệ Mật,"Phúc Lợi, Việt Hưng",,
"Phố Nguyễn Minh Châu - Phúc Lợi, Việt Hưng",Nguyễn Minh Châu,"Phúc Lợi, Việt Hưng",,
"Phố Nguyễn Văn Hưởng - Phúc Lợi, Việt Hưng",Nguyễn Văn Hưởng,"Phúc Lợi, Việt Hưng",,
"Đường Nguyễn Văn Linh - Phúc Lợi, Việt Hưng",Nguyễn Văn Linh,"Phúc Lợi, Việt Hưng",,
"Đường Phúc Lợi - Phúc Lợi, Việt Hưng",Phúc Lợi,"Phúc Lợi, Việt Hưng",,
"Đường Viên Chiếu - Phúc Lợi, Việt Hưng",Viên Chiếu,"Phúc Lợi, Việt Hưng",,
Đường Bắc Hồng - Phương Liệt,Bắc Hồng,Phương Liệt,,
Đường Bắc Hồng 1 - Phương Liệt,Bắc Hồng,Phương Liệt,,
Đường Bắc Hồng 2 - Phương Liệt,Bắc Hồng,Phương Liệt,,
Đường Bắc Hồng 3 - Phương Liệt,Bắc Hồng,Phương Liệt,,
Đường Bắc Hồng Ngang - Phương Liệt,Bắc Hồng,Phương Liệt,,
Ngách 111/22 Phố Cù Chính Lan - Phương Liệt,Cù Chính Lan,Phương Liệt,,
Ngách 3/1 Phố Cù Chính Lan - Phương Liệt,Cù Chính Lan,Phương Liệt,,
Ngách 3/15 Phố Cù Chính Lan - Phương Liệt,Cù Chính Lan,Phương Liệt,,
Ngách 3/21 Phố Cù Chính Lan - Phương Liệt,Cù Chính Lan,Phương Liệt,,
Ngách 3/29 Phố Cù Chính Lan - Phương Liệt,Cù Chính Lan,Phương Liệt,,
Ngách 3/36 Phố Cù Chính Lan - Phương Liệt,Cù Chính Lan,Phương Liệt,,
Ngõ 100 Phố Cù Chính Lan - Phương Liệt,Cù Chính Lan,Phương Liệt,,
Ngõ 103 Phố Cù Chính Lan - Phương Liệt,Cù Chính Lan,Phương Liệt,,
Ngõ 106 Phố Cù Chính Lan - Phương Liệt,Cù Chính Lan,Phương Liệt,,
Ngõ 111 Phố Cù Chính Lan - Phương Liệt,Cù Chính Lan,Phương Liệt,,
Ngõ 3 Phố Cù Chính Lan - Phương Liệt,Cù Chính Lan,Phương Liệt,,
Ngõ 62 Phố Cù Chính Lan - Phương Liệt,Cù Chính Lan,Phương Liệt,,
Ngõ 94 Phố Cù Chính Lan - Phương Liệt,Cù Chính Lan,Phương Liệt,,
Phố Cù Chính Lan - Phương Liệt,Cù Chính Lan,Phương Liệt,,
Ngách 104/11 Phố Định Công - Phương Liệt,Định Công,Phương Liệt,,
Ngách 104/3 Phố Định Công - Phương Liệt,Định Công,Phương Liệt,,
Ngách 104/7 Phố Định Công - Phương Liệt,Định Công,Phương Liệt,,
Ngách 216/28 Phố Định Công - Phương Liệt,Định Công,Phương Liệt,,
Ngách 216/30 Phố Định Công - Phương Liệt,Định Công,Phương Liệt,,
Ngõ 1 Phố Định Công - Phương Liệt,Định Công,Phương Liệt,,
Ngõ 104 Phố Định Công - Phương Liệt,Định Công,Phương Liệt,,
Ngõ 115 Phố Định Công - Phương Liệt,Định Công,Phương Liệt,,
Ngõ 120 Phố Định Công - Phương Liệt,Định Công,Phương Liệt,,
Ngõ 122 Phố Định Công - Phương Liệt,Định Công,Phương Liệt,,
Ngõ 142 Phố Định Công - Phương Liệt,Định Công,Phương Liệt,,
Ngõ 176 Phố Định Công - Phương Liệt,Định Công,Phương Liệt,,
Ngõ 216 Phố Định Công - Phương Liệt,Định Công,Phương Liệt,,
Ngõ 216/60 Phố Định Công - Phương Liệt,Định Công,Phương Liệt,,
Ngõ 35 Phố Định Công - Phương Liệt,Định Công,Phương Liệt,,
Ngõ 61 Phố Định Công - Phương Liệt,Định Công,Phương Liệt,,
Ngõ 95 Phố Định Công - Phương Liệt,Định Công,Phương Liệt,,
Phố Định Công - Phương Liệt,Định Công,Phương Liệt,,
Cầu Trắng - Giải Phóng - Phương Liệt,Giải Phóng,Phương Liệt,,
Dãy K3 Ngõ 194 Đường Giải Phóng - Phương Liệt,Giải Phóng,Phương Liệt,,
Đường Giải Phóng - Phương Liệt,Giải Phóng,Phương Liệt,,
Ngách 192/14 Đường Giải Phóng - Phương Liệt,Giải Phóng,Phương Liệt,,
Ngách 208/1 Đường Giải Phóng - Phương Liệt,Giải Phóng,Phương Liệt,,
Ngõ 134 Đường Giải Phóng - Phương Liệt,Giải Phóng,Phương Liệt,,
Ngõ 140 Đường Giải Phóng - Phương Liệt,Giải Phóng,Phương Liệt,,
Ngõ 178 Đường Giải Phóng - Phương Liệt,Giải Phóng,Phương Liệt,,
Ngõ 184 Đường Giải Phóng - Phương Liệt,Giải Phóng,Phương Liệt,,
Ngõ 190 Đường Giải Phóng - Phương Liệt,Giải Phóng,Phương Liệt,,
Ngõ 192 Đường Giải Phóng - Phương Liệt,Giải Phóng,Phương Liệt,,
Ngõ 208 Đường Giải Phóng - Phương Liệt,Giải Phóng,Phương Liệt,,
Ngõ 226 Đường Giải Phóng - Phương Liệt,Giải Phóng,Phương Liệt,,
Ngõ 264 Đường Giải Phóng - Phương Liệt,Giải Phóng,Phương Liệt,,
Ngõ 352 Đường Giải Phóng - Phương Liệt,Giải Phóng,Phương Liệt,,
Ngõ 1 Phố Hà Kế Tấn - Phương Liệt,Hà Kế Tấn,Phương Liệt,,
Ngõ 217 Phố Hà Kế Tấn - Phương Liệt,Hà Kế Tấn,Phương Liệt,,
Ngõ 7 Phố Hà Kế Tấn - Phương Liệt,Hà Kế Tấn,Phương Liệt,,
Phố Hà Kế Tấn - Phương Liệt,Hà Kế Tấn,Phương Liệt,,
Hẻm 71/66/1 Phố Hoàng Văn Thái - Phương Liệt,Hoàng Văn Thái,Phương Liệt,,
Ngách 126/1 Phố Hoàng Văn Thái - Phương Liệt,Hoàng Văn Thái,Phương Liệt,,
Ngách 126/2 Phố Hoàng Văn Thái - Phương Liệt,Hoàng Văn Thái,Phương Liệt,,
Ngách 126/4 Phố Hoàng Văn Thái - Phương Liệt,Hoàng Văn Thái,Phương Liệt,,
Ngách 128/10 Phố Hoàng Văn Thái - Phương Liệt,Hoàng Văn Thái,Phương Liệt,,
Ngách 128/2 Phố Hoàng Văn Thái - Phương Liệt,Hoàng Văn Thái,Phương Liệt,,
Ngách 128/4 Phố Hoàng Văn Thái - Phương Liệt,Hoàng Văn Thái,Phương Liệt,,
Ngách 158/2 Phố Hoàng Văn Thái - Phương Liệt,Hoàng Văn Thái,Phương Liệt,,
Ngách 183/38 Phố Hoàng Văn Thái - Phương Liệt,Hoàng Văn Thái,Phương Liệt,,
Ngách 210/2 Phố Hoàng Văn Thái - Phương Liệt,Hoàng Văn Thái,Phương Liệt,,
Ngách 69A/177 Phố Hoàng Văn Thái - Phương Liệt,Hoàng Văn Thái,Phương Liệt,,
Ngách 69A/72 Phố Hoàng Văn Thái - Phương Liệt,Hoàng Văn Thái,Phương Liệt,,
Ngách 69B/31 Phố Hoàng Văn Thái - Phương Liệt,Hoàng Văn Thái,Phương Liệt,,
Ngách 69B/33 Phố Hoàng Văn Thái - Phương Liệt,Hoàng Văn Thái,Phương Liệt,,
Ngách 69B/39 Phố Hoàng Văn Thái - Phương Liệt,Hoàng Văn Thái,Phương Liệt,,
Ngách 71/30 Phố Hoàng Văn Thái - Phương Liệt,Hoàng Văn Thái,Phương Liệt,,
Ngách 71/66 Phố Hoàng Văn Thái - Phương Liệt,Hoàng Văn Thái,Phương Liệt,,
Ngách 71/69 Phố Hoàng Văn Thái - Phương Liệt,Hoàng Văn Thái,Phương Liệt,,
Ngách 71/82 Phố Hoàng Văn Thái - Phương Liệt,Hoàng Văn Thái,Phương Liệt,,
Ngách 93/20 Phố Hoàng Văn Thái - Phương Liệt,Hoàng Văn Thái,Phương Liệt,,
Ngách 93/73 Phố Hoàng Văn Thái - Phương Liệt,Hoàng Văn Thái,Phương Liệt,,
Ngõ 119 Phố Hoàng Văn Thái - Phương Liệt,Hoàng Văn Thái,Phương Liệt,,
Ngõ 126 Phố Hoàng Văn Thái - Phương Liệt,Hoàng Văn Thái,Phương Liệt,,
Ngõ 128 Phố Hoàng Văn Thái - Phương Liệt,Hoàng Văn Thái,Phương Liệt,,
Ngõ 158 Phố Hoàng Văn Thái - Phương Liệt,Hoàng Văn Thái,Phương Liệt,,
Ngõ 163 Phố Hoàng Văn Thái - Phương Liệt,Hoàng Văn Thái,Phương Liệt,,
Ngõ 183 Phố Hoàng Văn Thái - Phương Liệt,Hoàng Văn Thái,Phương Liệt,,
Ngõ 192 Phố Hoàng Văn Thái - Phương Liệt,Hoàng Văn Thái,Phương Liệt,,
Ngõ 210 Phố Hoàng Văn Thái - Phương Liệt,Hoàng Văn Thái,Phương Liệt,,
Ngõ 210/1 Phố Hoàng Văn Thái - Phương Liệt,Hoàng Văn Thái,Phương Liệt,,
Ngõ 210/3 Phố Hoàng Văn Thái - Phương Liệt,Hoàng Văn Thái,Phương Liệt,,
Ngõ 50 Phố Hoàng Văn Thái - Phương Liệt,Hoàng Văn Thái,Phương Liệt,,
Ngõ 69A Phố Hoàng Văn Thái - Phương Liệt,Hoàng Văn Thái,Phương Liệt,,
Ngõ 69B Phố Hoàng Văn Thái - Phương Liệt,Hoàng Văn Thái,Phương Liệt,,
Ngõ 71 Phố Hoàng Văn Thái - Phương Liệt,Hoàng Văn Thái,Phương Liệt,,
Ngõ 93 Phố Hoàng Văn Thái - Phương Liệt,Hoàng Văn Thái,Phương Liệt,,
Ngõ 96 Phố Hoàng Văn Thái - Phương Liệt,Hoàng Văn Thái,Phương Liệt,,
Phố Hoàng Văn Thái - Phương Liệt,Hoàng Văn Thái,Phương Liệt,,
Ngõ 211 Phố Khương Trung - Phương Liệt,Khương Trung,Phương Liệt,,
Đường Lạc Hồng - Phương Liệt,Lạc Hồng,Phương Liệt,,
Đường Lạc Hồng B - Phương Liệt,Lạc Hồng,Phương Liệt,,
Hẻm 134/15/12 Phố Lê Trọng Tấn - Phương Liệt,Lê Trọng Tấn,Phương Liệt,,
Hẻm 192/92/2 Phố Lê Trọng Tấn (dãy nhà chẵn) - Phương Liệt,Lê Trọng Tấn,Phương Liệt,,
Hẻm 192/92/2 Phố Lê Trọng Tấn (dãy nhà lẻ) - Phương Liệt,Lê Trọng Tấn,Phương Liệt,,
Ngách 134/15 Phố Lê Trọng Tấn - Phương Liệt,Lê Trọng Tấn,Phương Liệt,,
Ngách 134/3 Phố Lê Trọng Tấn - Phương Liệt,Lê Trọng Tấn,Phương Liệt,,
Ngách 134/33 Phố Lê Trọng Tấn - Phương Liệt,Lê Trọng Tấn,Phương Liệt,,
Ngách 192/102 Phố Lê Trọng Tấn - Phương Liệt,Lê Trọng Tấn,Phương Liệt,,
Ngách 192/149 Phố Lê Trọng Tấn - Phương Liệt,Lê Trọng Tấn,Phương Liệt,,
Ngách 192/159 Phố Lê Trọng Tấn - Phương Liệt,Lê Trọng Tấn,Phương Liệt,,
Ngách 192/173 Phố Lê Trọng Tấn - Phương Liệt,Lê Trọng Tấn,Phương Liệt,,
Ngách 192/182 Phố Lê Trọng Tấn - Phương Liệt,Lê Trọng Tấn,Phương Liệt,,
Ngách 192/66 Phố Lê Trọng Tấn - Phương Liệt,Lê Trọng Tấn,Phương Liệt,,
Ngách 192/72 Phố Lê Trọng Tấn - Phương Liệt,Lê Trọng Tấn,Phương Liệt,,
Ngách 192/92 Phố Lê Trọng Tấn - Phương Liệt,Lê Trọng Tấn,Phương Liệt,,
Ngách 198/1 Phố Lê Trọng Tấn - Phương Liệt,Lê Trọng Tấn,Phương Liệt,,
Ngách 198/3 Phố Lê Trọng Tấn - Phương Liệt,Lê Trọng Tấn,Phương Liệt,,
Ngách 210/4 Phố Lê Trọng Tấn - Phương Liệt,Lê Trọng Tấn,Phương Liệt,,
Ngách 236/16 Phố Lê Trọng Tấn - Phương Liệt,Lê Trọng Tấn,Phương Liệt,,
Ngách 236/22 Phố Lê Trọng Tấn - Phương Liệt,Lê Trọng Tấn,Phương Liệt,,
Ngách 280/1 Phố Lê Trọng Tấn - Phương Liệt,Lê Trọng Tấn,Phương Liệt,,
Ngách 280/3 Phố Lê Trọng Tấn - Phương Liệt,Lê Trọng Tấn,Phương Liệt,,
Ngách 316/14 Phố Lê Trọng Tấn - Phương Liệt,Lê Trọng Tấn,Phương Liệt,,
Ngách 322/57 Phố Lê Trọng Tấn - Phương Liệt,Lê Trọng Tấn,Phương Liệt,,
Ngõ 104 Phố Lê Trọng Tấn - Phương Liệt,Lê Trọng Tấn,Phương Liệt,,
Ngõ 106 Phố Lê Trọng Tấn - Phương Liệt,Lê Trọng Tấn,Phương Liệt,,
Ngõ 134 Phố Lê Trọng Tấn - Phương Liệt,Lê Trọng Tấn,Phương Liệt,,
Ngõ 148 Phố Lê Trọng Tấn - Phương Liệt,Lê Trọng Tấn,Phương Liệt,,
Ngõ 156 Phố Lê Trọng Tấn - Phương Liệt,Lê Trọng Tấn,Phương Liệt,,
Ngõ 162 Phố Lê Trọng Tấn - Phương Liệt,Lê Trọng Tấn,Phương Liệt,,
Ngõ 164 Phố Lê Trọng Tấn - Phương Liệt,Lê Trọng Tấn,Phương Liệt,,
Ngõ 176 Phố Lê Trọng Tấn - Phương Liệt,Lê Trọng Tấn,Phương Liệt,,
Ngõ 188 Phố Lê Trọng Tấn - Phương Liệt,Lê Trọng Tấn,Phương Liệt,,
Ngõ 192 Phố Lê Trọng Tấn - Phương Liệt,Lê Trọng Tấn,Phương Liệt,,
Ngõ 198 Phố Lê Trọng Tấn - Phương Liệt,Lê Trọng Tấn,Phương Liệt,,
Ngõ 208 Phố Lê Trọng Tấn - Phương Liệt,Lê Trọng Tấn,Phương Liệt,,
Ngõ 210 Phố Lê Trọng Tấn - Phương Liệt,Lê Trọng Tấn,Phương Liệt,,
Ngõ 210A Phố Lê Trọng Tấn - Phương Liệt,Lê Trọng Tấn,Phương Liệt,,
Ngõ 236 Phố Lê Trọng Tấn - Phương Liệt,Lê Trọng Tấn,Phương Liệt,,
Ngõ 240 Phố Lê Trọng Tấn - Phương Liệt,Lê Trọng Tấn,Phương Liệt,,
Ngõ 254 Phố Lê Trọng Tấn - Phương Liệt,Lê Trọng Tấn,Phương Liệt,,
Ngõ 260 Phố Lê Trọng Tấn - Phương Liệt,Lê Trọng Tấn,Phương Liệt,,
Ngõ 268 Phố Lê Trọng Tấn - Phương Liệt,Lê Trọng Tấn,Phương Liệt,,
Ngõ 270 Phố Lê Trọng Tấn - Phương Liệt,Lê Trọng Tấn,Phương Liệt,,
Ngõ 274 Phố Lê Trọng Tấn - Phương Liệt,Lê Trọng Tấn,Phương Liệt,,
Ngõ 28 Phố Lê Trọng Tấn - Phương Liệt,Lê Trọng Tấn,Phương Liệt,,
Ngõ 280 Phố Lê Trọng Tấn - Phương Liệt,Lê Trọng Tấn,Phương Liệt,,
Ngõ 308 Phố Lê Trọng Tấn - Phương Liệt,Lê Trọng Tấn,Phương Liệt,,
Ngõ 316 Phố Lê Trọng Tấn - Phương Liệt,Lê Trọng Tấn,Phương Liệt,,
Ngõ 322 Phố Lê Trọng Tấn - Phương Liệt,Lê Trọng Tấn,Phương Liệt,,
Ngõ 322E Phố Lê Trọng Tấn - Phương Liệt,Lê Trọng Tấn,Phương Liệt,,
Ngõ 52 Phố Lê Trọng Tấn - Phương Liệt,Lê Trọng Tấn,Phương Liệt,,
Ngõ 64 Phố Lê Trọng Tấn - Phương Liệt,Lê Trọng Tấn,Phương Liệt,,
Ngõ 80 Phố Lê Trọng Tấn - Phương Liệt,Lê Trọng Tấn,Phương Liệt,,
Ngõ 86 Phố Lê Trọng Tấn - Phương Liệt,Lê Trọng Tấn,Phương Liệt,,
Phố Lê Trọng Tấn - Phương Liệt,Lê Trọng Tấn,Phương Liệt,"Phố Lê Trọng Tấn được hình thành dựa trên đường phía ngoài của sân bay Bạch Mai. Sân bay Bạch Mai được khởi công xây dựng từ năm 1931, hoàn thành năm 1935, nằm trên đất của làng Khương Trung, là sân bay đầu tiên của Đông Dương. Sau năm 1954, sân bay được sử dụng với mục đích quân sự, được giao cho quân chủng Phòng không - Không quân sử dụng làm căn cứ đóng quân, bảo vệ Hà Nội. Hiện nay phần lớn diện tích sân bay đã được chuyển đổi mục đích sử dụng khác, nhưng vẫn còn doanh trại của binh chủng Phòng không - Không quân cùng Bảo tàng Phòng không - Không quân ở đầu đường Trường Chinh - Tôn Thất Tùng - Lê Trọng Tấn.",
Đường Nam Hồng - Phương Liệt,Nam Hồng,Phương Liệt,,
Đường Nam Phú - Phương Liệt,Nam Phú,Phương Liệt,,
Ngách 168/2 Phố Nguyễn Lân - Phương Liệt,Nguyễn Lân,Phương Liệt,,
Ngõ 108 Phố Nguyễn Lân - Phương Liệt,Nguyễn Lân,Phương Liệt,,
Ngõ 12 Phố Nguyễn Lân - Phương Liệt,Nguyễn Lân,Phương Liệt,,
Ngõ 14 Phố Nguyễn Lân - Phương Liệt,Nguyễn Lân,Phương Liệt,,
Ngõ 168 Phố Nguyễn Lân - Phương Liệt,Nguyễn Lân,Phương Liệt,,
Ngõ 178 Phố Nguyễn Lân - Phương Liệt,Nguyễn Lân,Phương Liệt,,
Ngõ 188 Phố Nguyễn Lân - Phương Liệt,Nguyễn Lân,Phương Liệt,,
Ngõ 200 Phố Nguyễn Lân - Phương Liệt,Nguyễn Lân,Phương Liệt,,
Ngõ 210 Phố Nguyễn Lân - Phương Liệt,Nguyễn Lân,Phương Liệt,,
Ngõ 216 Phố Nguyễn Lân - Phương Liệt,Nguyễn Lân,Phương Liệt,,
Ngõ 226 Phố Nguyễn Lân - Phương Liệt,Nguyễn Lân,Phương Liệt,,
Ngõ 240 Phố Nguyễn Lân - Phương Liệt,Nguyễn Lân,Phương Liệt,,
Ngõ 248 Phố Nguyễn Lân - Phương Liệt,Nguyễn Lân,Phương Liệt,,
Ngõ 274 Phố Nguyễn Lân - Phương Liệt,Nguyễn Lân,Phương Liệt,,
Ngõ 8 Phố Nguyễn Lân - Phương Liệt,Nguyễn Lân,Phương Liệt,,
Ngõ 80 Phố Nguyễn Lân - Phương Liệt,Nguyễn Lân,Phương Liệt,,
Phố Nguyễn Lân - Phương Liệt,Nguyễn Lân,Phương Liệt,,
Ngách 149/25 Phố Nguyễn Ngọc Nại - Phương Liệt,Nguyễn Ngọc Nại,Phương Liệt,,
Ngõ 106 Phố Nguyễn Ngọc Nại - Phương Liệt,Nguyễn Ngọc Nại,Phương Liệt,,
Ngõ 111 Phố Nguyễn Ngọc Nại - Phương Liệt,Nguyễn Ngọc Nại,Phương Liệt,,
Ngõ 12 Phố Nguyễn Ngọc Nại - Phương Liệt,Nguyễn Ngọc Nại,Phương Liệt,,
Ngõ 141 Phố Nguyễn Ngọc Nại - Phương Liệt,Nguyễn Ngọc Nại,Phương Liệt,,
Ngõ 149 Phố Nguyễn Ngọc Nại - Phương Liệt,Nguyễn Ngọc Nại,Phương Liệt,,
Ngõ 164 Phố Nguyễn Ngọc Nại - Phương Liệt,Nguyễn Ngọc Nại,Phương Liệt,,
Ngõ 174 Phố Nguyễn Ngọc Nại - Phương Liệt,Nguyễn Ngọc Nại,Phương Liệt,,
Ngõ 2 Phố Nguyễn Ngọc Nại - Phương Liệt,Nguyễn Ngọc Nại,Phương Liệt,,
Ngõ 21 Phố Nguyễn Ngọc Nại - Phương Liệt,Nguyễn Ngọc Nại,Phương Liệt,,
Ngõ 219 Phố Nguyễn Ngọc Nại - Phương Liệt,Nguyễn Ngọc Nại,Phương Liệt,,
Ngõ 22 Phố Nguyễn Ngọc Nại - Phương Liệt,Nguyễn Ngọc Nại,Phương Liệt,,
Ngõ 235 Phố Nguyễn Ngọc Nại - Phương Liệt,Nguyễn Ngọc Nại,Phương Liệt,,
Ngõ 34 Phố Nguyễn Ngọc Nại - Phương Liệt,Nguyễn Ngọc Nại,Phương Liệt,,
Ngõ 43 Phố Nguyễn Ngọc Nại - Phương Liệt,Nguyễn Ngọc Nại,Phương Liệt,,
Ngõ 55 Phố Nguyễn Ngọc Nại - Phương Liệt,Nguyễn Ngọc Nại,Phương Liệt,,
Ngõ 59 Phố Nguyễn Ngọc Nại - Phương Liệt,Nguyễn Ngọc Nại,Phương Liệt,,
Ngõ 89 Phố Nguyễn Ngọc Nại - Phương Liệt,Nguyễn Ngọc Nại,Phương Liệt,,
Ngõ 97 Phố Nguyễn Ngọc Nại - Phương Liệt,Nguyễn Ngọc Nại,Phương Liệt,,
Ngõ 98 Phố Nguyễn Ngọc Nại - Phương Liệt,Nguyễn Ngọc Nại,Phương Liệt,,
Phố Nguyễn Ngọc Nại - Phương Liệt,Nguyễn Ngọc Nại,Phương Liệt,,
Hẻm 12/36/45 Phố Nguyễn Văn Trỗi - Phương Liệt,Nguyễn Văn Trỗi,Phương Liệt,,
Ngách 12/1 Phố Nguyễn Văn Trỗi - Phương Liệt,Nguyễn Văn Trỗi,Phương Liệt,,
Ngách 12/10 Phố Nguyễn Văn Trỗi - Phương Liệt,Nguyễn Văn Trỗi,Phương Liệt,,
Ngách 12/14 Phố Nguyễn Văn Trỗi - Phương Liệt,Nguyễn Văn Trỗi,Phương Liệt,,
Ngách 12/3 Phố Nguyễn Văn Trỗi - Phương Liệt,Nguyễn Văn Trỗi,Phương Liệt,,
Ngách 12/36 Phố Nguyễn Văn Trỗi - Phương Liệt,Nguyễn Văn Trỗi,Phương Liệt,,
Ngách 12/5 Phố Nguyễn Văn Trỗi - Phương Liệt,Nguyễn Văn Trỗi,Phương Liệt,,
Ngõ 115 Phố Nguyễn Văn Trỗi - Phương Liệt,Nguyễn Văn Trỗi,Phương Liệt,,
Ngõ 116 Phố Nguyễn Văn Trỗi - Phương Liệt,Nguyễn Văn Trỗi,Phương Liệt,,
Ngõ 12 Phố Nguyễn Văn Trỗi - Phương Liệt,Nguyễn Văn Trỗi,Phương Liệt,,
Ngõ 32 Phố Nguyễn Văn Trỗi - Phương Liệt,Nguyễn Văn Trỗi,Phương Liệt,,
Ngõ 34 Phố Nguyễn Văn Trỗi - Phương Liệt,Nguyễn Văn Trỗi,Phương Liệt,,
Ngõ 61 Phố Nguyễn Văn Trỗi - Phương Liệt,Nguyễn Văn Trỗi,Phương Liệt,,
Ngõ 73 Phố Nguyễn Văn Trỗi - Phương Liệt,Nguyễn Văn Trỗi,Phương Liệt,,
Ngõ 91 Phố Nguyễn Văn Trỗi - Phương Liệt,Nguyễn Văn Trỗi,Phương Liệt,,
Phố Nguyễn Văn Trỗi - Phương Liệt,Nguyễn Văn Trỗi,Phương Liệt,,
Ngách 2/10 Phố Nguyễn Viết Xuân - Phương Liệt,Nguyễn Viết Xuân,Phương Liệt,,
Ngách 20/8 Phố Nguyễn Viết Xuân - Phương Liệt,Nguyễn Viết Xuân,Phương Liệt,,
Ngách 36/8 Phố Nguyễn Viết Xuân - Phương Liệt,Nguyễn Viết Xuân,Phương Liệt,,
Ngõ 2 Phố Nguyễn Viết Xuân - Phương Liệt,Nguyễn Viết Xuân,Phương Liệt,,
Ngõ 20 Phố Nguyễn Viết Xuân - Phương Liệt,Nguyễn Viết Xuân,Phương Liệt,,
Ngõ 36 Phố Nguyễn Viết Xuân - Phương Liệt,Nguyễn Viết Xuân,Phương Liệt,,
Ngõ 61 Phố Nguyễn Viết Xuân - Phương Liệt,Nguyễn Viết Xuân,Phương Liệt,,
Phố Nguyễn Viết Xuân - Phương Liệt,Nguyễn Viết Xuân,Phương Liệt,,
Hẻm 1/34/1 Phố Phan Đình Giót - Phương Liệt,Phan Đình Giót,Phương Liệt,,
Hẻm 1/34/7 Phố Phan Đình Giót - Phương Liệt,Phan Đình Giót,Phương Liệt,,
Hẻm 1/44/1 Phố Phan Đình Giót - Phương Liệt,Phan Đình Giót,Phương Liệt,,
Hẻm 31/1/18 Phố Phan Đình Giót - Phương Liệt,Phan Đình Giót,Phương Liệt,,
Hẻm 64/26/7 Phố Phan Đình Giót - Phương Liệt,Phan Đình Giót,Phương Liệt,,
Ngách 1/26 Phố Phan Đình Giót - Phương Liệt,Phan Đình Giót,Phương Liệt,,
Ngách 1/34 Phố Phan Đình Giót - Phương Liệt,Phan Đình Giót,Phương Liệt,,
Ngách 1/36 Phố Phan Đình Giót - Phương Liệt,Phan Đình Giót,Phương Liệt,,
Ngách 1/44 Phố Phan Đình Giót - Phương Liệt,Phan Đình Giót,Phương Liệt,,
Ngách 12/131 Phố Phan Đình Giót - Phương Liệt,Phan Đình Giót,Phương Liệt,,
Ngách 30/25 Phố Phan Đình Giót - Phương Liệt,Phan Đình Giót,Phương Liệt,,
Ngách 31/1 Phố Phan Đình Giót - Phương Liệt,Phan Đình Giót,Phương Liệt,,
Ngách 31/10 Phố Phan Đình Giót - Phương Liệt,Phan Đình Giót,Phương Liệt,,
Ngách 31/11 Phố Phan Đình Giót - Phương Liệt,Phan Đình Giót,Phương Liệt,,
Ngách 31/12 Phố Phan Đình Giót - Phương Liệt,Phan Đình Giót,Phương Liệt,,
Ngách 31/2 Phố Phan Đình Giót - Phương Liệt,Phan Đình Giót,Phương Liệt,,
Ngách 31/3 Phố Phan Đình Giót - Phương Liệt,Phan Đình Giót,Phương Liệt,,
Ngách 31/6 Phố Phan Đình Giót - Phương Liệt,Phan Đình Giót,Phương Liệt,,
Ngách 31/7 Phố Phan Đình Giót - Phương Liệt,Phan Đình Giót,Phương Liệt,,
Ngách 31/8 Phố Phan Đình Giót - Phương Liệt,Phan Đình Giót,Phương Liệt,,
Ngách 64/25 Phố Phan Đình Giót - Phương Liệt,Phan Đình Giót,Phương Liệt,,
Ngách 64/26 Phố Phan Đình Giót - Phương Liệt,Phan Đình Giót,Phương Liệt,,
Ngách 64/28 Phố Phan Đình Giót - Phương Liệt,Phan Đình Giót,Phương Liệt,,
Ngách 64/29 Phố Phan Đình Giót - Phương Liệt,Phan Đình Giót,Phương Liệt,,
Ngách 64/3 Phố Phan Đình Giót - Phương Liệt,Phan Đình Giót,Phương Liệt,,
Ngõ 1 Phố Phan Đình Giót - Phương Liệt,Phan Đình Giót,Phương Liệt,,
Ngõ 12 Phố Phan Đình Giót - Phương Liệt,Phan Đình Giót,Phương Liệt,,
Ngõ 22 Phố Phan Đình Giót - Phương Liệt,Phan Đình Giót,Phương Liệt,,
Ngõ 30 Phố Phan Đình Giót - Phương Liệt,Phan Đình Giót,Phương Liệt,,
Ngõ 31 Phố Phan Đình Giót - Phương Liệt,Phan Đình Giót,Phương Liệt,,
Ngõ 64 Phố Phan Đình Giót - Phương Liệt,Phan Đình Giót,Phương Liệt,,
Phố Phan Đình Giót - Phương Liệt,Phan Đình Giót,Phương Liệt,,
Đường Hồ Phương Liệt - Phương Liệt,Phương Liệt,Phương Liệt,,
Ngách 156/11 Phố Phương Liệt - Phương Liệt,Phương Liệt,Phương Liệt,,
Ngách 156/21 Phố Phương Liệt - Phương Liệt,Phương Liệt,Phương Liệt,,
Ngõ 12 Phố Phương Liệt - Phương Liệt,Phương Liệt,Phương Liệt,,
Ngõ 136 Phố Phương Liệt - Phương Liệt,Phương Liệt,Phương Liệt,,
Ngõ 152 Phố Phương Liệt - Phương Liệt,Phương Liệt,Phương Liệt,,
Ngõ 154 Phố Phương Liệt - Phương Liệt,Phương Liệt,Phương Liệt,,
Ngõ 156 Phố Phương Liệt - Phương Liệt,Phương Liệt,Phương Liệt,,
Ngõ 29 Phố Phương Liệt - Phương Liệt,Phương Liệt,Phương Liệt,,
Ngõ 36 Phố Phương Liệt - Phương Liệt,Phương Liệt,Phương Liệt,,
Ngõ 40 Phố Phương Liệt - Phương Liệt,Phương Liệt,Phương Liệt,,
Ngõ 57 Phố Phương Liệt - Phương Liệt,Phương Liệt,Phương Liệt,,
Phố Phương Liệt - Phương Liệt,Phương Liệt,Phương Liệt,,
Đường Phương Nam - Phương Liệt,Phương Nam,Phương Liệt,,
Đường Tân Hồng - Phương Liệt,Tân Hồng,Phương Liệt,,
Đường Tân Hồng 1 - Phương Liệt,Tân Hồng,Phương Liệt,,
Đường Tân Hồng 2 - Phương Liệt,Tân Hồng,Phương Liệt,,
Phố Tôn Thất Tùng - Phương Liệt,Tôn Thất Tùng,Phương Liệt,,
Ngách 232/52 Phố Trần Điền - Phương Liệt,Trần Điền,Phương Liệt,,
Ngách 36/1 Phố Trần Điền - Phương Liệt,Trần Điền,Phương Liệt,,
Ngách 36/19 Phố Trần Điền - Phương Liệt,Trần Điền,Phương Liệt,,
Ngách 36/7 Phố Trần Điền - Phương Liệt,Trần Điền,Phương Liệt,,
Ngách 51/11 Phố Trần Điền - Phương Liệt,Trần Điền,Phương Liệt,,
Ngõ 14 Phố Trần Điền - Phương Liệt,Trần Điền,Phương Liệt,,
Ngõ 232 Phố Trần Điền - Phương Liệt,Trần Điền,Phương Liệt,,
Ngõ 28 Phố Trần Điền - Phương Liệt,Trần Điền,Phương Liệt,,
Ngõ 298 Phố Trần Điền - Phương Liệt,Trần Điền,Phương Liệt,,
Ngõ 36 Phố Trần Điền - Phương Liệt,Trần Điền,Phương Liệt,,
Ngõ 51 Phố Trần Điền - Phương Liệt,Trần Điền,Phương Liệt,,
Ngõ 51 Trần Điền - Phương Liệt,Trần Điền,Phương Liệt,,
Phố Trần Điền - Phương Liệt,Trần Điền,Phương Liệt,,
Phố Trần Nguyên Đán - Phương Liệt,Trần Nguyên Đán,Phương Liệt,,
Ngách 72/2 Phố Trịnh Đình Cửu - Phương Liệt,Trịnh Đình Cửu,Phương Liệt,,
Ngõ 106 Phố Trịnh Đình Cửu - Phương Liệt,Trịnh Đình Cửu,Phương Liệt,,
Ngõ 14 Phố Trịnh Đình Cửu - Phương Liệt,Trịnh Đình Cửu,Phương Liệt,,
Ngõ 34 Phố Trịnh Đình Cửu - Phương Liệt,Trịnh Đình Cửu,Phương Liệt,,
Ngõ 42 Phố Trịnh Đình Cửu - Phương Liệt,Trịnh Đình Cửu,Phương Liệt,,
Ngõ 48 Phố Trịnh Đình Cửu - Phương Liệt,Trịnh Đình Cửu,Phương Liệt,,
Ngõ 72 Phố Trịnh Đình Cửu - Phương Liệt,Trịnh Đình Cửu,Phương Liệt,,
Ngõ 74 Phố Trịnh Đình Cửu - Phương Liệt,Trịnh Đình Cửu,Phương Liệt,,
Ngõ 76 Phố Trịnh Đình Cửu - Phương Liệt,Trịnh Đình Cửu,Phương Liệt,,
Ngõ 90 Phố Trịnh Đình Cửu - Phương Liệt,Trịnh Đình Cửu,Phương Liệt,,
Ngõ 98 Phố Trịnh Đình Cửu - Phương Liệt,Trịnh Đình Cửu,Phương Liệt,,
Phố Trịnh Đình Cửu - Phương Liệt,Trịnh Đình Cửu,Phương Liệt,,
Đường Trường Chinh - Phương Liệt,Trường Chinh,Phương Liệt,"Đường Trường Chinh là một phần thuộc đường Vành đai 2, kết nối từ cầu Vĩnh Tuy tới cầu Nhật Tân. Trước đây phố là một phần ranh giới giữa huyện Thọ Xương và huyện Thanh Trì.",
Ngách 203/26 Đường Trường Chinh - Phương Liệt,Trường Chinh,Phương Liệt,,
Ngõ 103 Đường Trường Chinh - Phương Liệt,Trường Chinh,Phương Liệt,,
Ngõ 109 Đường Trường Chinh - Phương Liệt,Trường Chinh,Phương Liệt,,
Ngõ 111 Đường Trường Chinh - Phương Liệt,Trường Chinh,Phương Liệt,,
Ngõ 115 Đường Trường Chinh - Phương Liệt,Trường Chinh,Phương Liệt,,
Ngõ 121 Đường Trường Chinh - Phương Liệt,Trường Chinh,Phương Liệt,,
Ngõ 129 Đường Trường Chinh - Phương Liệt,Trường Chinh,Phương Liệt,,
Ngõ 181 Đường Trường Chinh - Phương Liệt,Trường Chinh,Phương Liệt,,
Ngõ 199 Đường Trường Chinh - Phương Liệt,Trường Chinh,Phương Liệt,,
Ngõ 203 Đường Trường Chinh - Phương Liệt,Trường Chinh,Phương Liệt,,
Ngõ 203 Trường Chinh - Phương Liệt,Trường Chinh,Phương Liệt,,
Ngõ 37 Đường Trường Chinh - Phương Liệt,Trường Chinh,Phương Liệt,,
Ngõ 41 Đường Trường Chinh - Phương Liệt,Trường Chinh,Phương Liệt,,
Ngõ 47 Đường Trường Chinh - Phương Liệt,Trường Chinh,Phương Liệt,,
Ngõ 53 Đường Trường Chinh - Phương Liệt,Trường Chinh,Phương Liệt,,
Ngõ 63 Đường Trường Chinh - Phương Liệt,Trường Chinh,Phương Liệt,,
Ngõ 97 Đường Trường Chinh - Phương Liệt,Trường Chinh,Phương Liệt,,
Ngách 93/30 Phố Vương Thừa Vũ - Phương Liệt,Vương Thừa Vũ,Phương Liệt,,
Ngõ 11 Phố Vương Thừa Vũ - Phương Liệt,Vương Thừa Vũ,Phương Liệt,,
Ngõ 117 Phố Vương Thừa Vũ - Phương Liệt,Vương Thừa Vũ,Phương Liệt,,
Ngõ 119 Phố Vương Thừa Vũ - Phương Liệt,Vương Thừa Vũ,Phương Liệt,,
Ngõ 125 Phố Vương Thừa Vũ - Phương Liệt,Vương Thừa Vũ,Phương Liệt,,
Ngõ 25 Vương Thừa Vũ - Phương Liệt,Vương Thừa Vũ,Phương Liệt,,
Ngõ 9 Phố Vương Thừa Vũ - Phương Liệt,Vương Thừa Vũ,Phương Liệt,,
Ngõ 93 Phố Vương Thừa Vũ - Phương Liệt,Vương Thừa Vũ,Phương Liệt,,
Ngõ 97 Phố Vương Thừa Vũ - Phương Liệt,Vương Thừa Vũ,Phương Liệt,,
Phố Vương Thừa Vũ - Phương Liệt,Vương Thừa Vũ,Phương Liệt,,
"Đường Giải Phóng - Phương Liệt, Định Công",Giải Phóng,"Phương Liệt, Định Công",,
"Đường Giáp Bát - Phương Liệt, Tương Mai",Giáp Bát,"Phương Liệt, Tương Mai",,
"Phố Kim Đồng - Phương Liệt, Tương Mai",Kim Đồng,"Phương Liệt, Tương Mai",,
"Đường Trường Chinh - Phương Liệt, Tương Mai",Trường Chinh,"Phương Liệt, Tương Mai","Đường Trường Chinh là một phần thuộc đường Vành đai 2, kết nối từ cầu Vĩnh Tuy tới cầu Nhật Tân. Trước đây phố là một phần ranh giới giữa huyện Thọ Xương và huyện Thanh Trì.",
"Phố Tương Mai - Phương Liệt, Tương Mai",Tương Mai,"Phương Liệt, Tương Mai",,
Đường An Dương Vương - Tây Hồ,An Dương Vương,Tây Hồ,,
Ngõ 1 Đường An Dương Vương - Tây Hồ,An Dương Vương,Tây Hồ,,
Ngách 48 Ngõ Ao Nghè - Tây Hồ,Ao Nghè,Tây Hồ,,
Ngõ Ao Nghè - Tây Hồ,Ao Nghè,Tây Hồ,,
Đường Âu Cơ - Tây Hồ,Âu Cơ,Tây Hồ,,
Ngách 273/2 Đường Âu Cơ - Tây Hồ,Âu Cơ,Tây Hồ,,
Ngõ 109 Đường Âu Cơ - Tây Hồ,Âu Cơ,Tây Hồ,,
Ngõ 113 Đường Âu Cơ - Tây Hồ,Âu Cơ,Tây Hồ,,
Ngõ 123 Đường Âu Cơ - Tây Hồ,Âu Cơ,Tây Hồ,,
Ngõ 273 Đường Âu Cơ - Tây Hồ,Âu Cơ,Tây Hồ,,
Ngõ 273A Đường Âu Cơ - Tây Hồ,Âu Cơ,Tây Hồ,,
Ngõ 275 Đường Âu Cơ - Tây Hồ,Âu Cơ,Tây Hồ,,
Ngõ 279 Đường Âu Cơ - Tây Hồ,Âu Cơ,Tây Hồ,,
Ngõ 313 Đường Âu Cơ - Tây Hồ,Âu Cơ,Tây Hồ,,
Ngõ 327 Đường Âu Cơ - Tây Hồ,Âu Cơ,Tây Hồ,,
Ngõ 333 Đường Âu Cơ - Tây Hồ,Âu Cơ,Tây Hồ,,
Ngõ 337 Đường Âu Cơ - Tây Hồ,Âu Cơ,Tây Hồ,,
Ngõ 343 Đường Âu Cơ - Tây Hồ,Âu Cơ,Tây Hồ,,
Ngõ 347 Đường Âu Cơ - Tây Hồ,Âu Cơ,Tây Hồ,,
Ngõ 351 Đường Âu Cơ - Tây Hồ,Âu Cơ,Tây Hồ,,
Ngõ 359 Đường Âu Cơ - Tây Hồ,Âu Cơ,Tây Hồ,,
Ngõ 39 Đường Âu Cơ - Tây Hồ,Âu Cơ,Tây Hồ,,
Ngõ 399 Đường Âu Cơ - Tây Hồ,Âu Cơ,Tây Hồ,,
Ngõ 431 Đường Âu Cơ - Tây Hồ,Âu Cơ,Tây Hồ,,
Ngõ 433 Đường Âu Cơ - Tây Hồ,Âu Cơ,Tây Hồ,,
Ngõ 61 Đường Âu Cơ - Tây Hồ,Âu Cơ,Tây Hồ,,
Ngõ 99 Đường Âu Cơ - Tây Hồ,Âu Cơ,Tây Hồ,,
Ngõ Cống Xanh - Tây Hồ,Cống Xanh,Tây Hồ,,
Ngách 12/70 Đầm Trị - Tây Hồ,Đầm Trị,Tây Hồ,,
Ngách 2 Ngõ Đầm Trị - Tây Hồ,Đầm Trị,Tây Hồ,,
Ngõ Đầm Trị - Tây Hồ,Đầm Trị,Tây Hồ,,
Hẻm 12/2/5 Phố Đặng Thai Mai - Tây Hồ,Đặng Thai Mai,Tây Hồ,,
Ngách 12/2 Phố Đặng Thai Mai - Tây Hồ,Đặng Thai Mai,Tây Hồ,,
Ngách 12/40 Phố Đặng Thai Mai - Tây Hồ,Đặng Thai Mai,Tây Hồ,,
Ngách 35/17 Phố Đặng Thai Mai - Tây Hồ,Đặng Thai Mai,Tây Hồ,,
Ngách 50/59 Phố Đặng Thai Mai - Tây Hồ,Đặng Thai Mai,Tây Hồ,,
Ngách 50/67 Phố Đặng Thai Mai - Tây Hồ,Đặng Thai Mai,Tây Hồ,,
Ngõ 10 Phố Đặng Thai Mai - Tây Hồ,Đặng Thai Mai,Tây Hồ,,
Ngõ 12 Phố Đặng Thai Mai - Tây Hồ,Đặng Thai Mai,Tây Hồ,,
Ngõ 26 Phố Đặng Thai Mai - Tây Hồ,Đặng Thai Mai,Tây Hồ,,
Ngõ 35 Phố Đặng Thai Mai - Tây Hồ,Đặng Thai Mai,Tây Hồ,,
Ngõ 50 Phố Đặng Thai Mai - Tây Hồ,Đặng Thai Mai,Tây Hồ,,
Ngõ 6 Phố Đặng Thai Mai - Tây Hồ,Đặng Thai Mai,Tây Hồ,,
Ngõ 9 Phố Đặng Thai Mai - Tây Hồ,Đặng Thai Mai,Tây Hồ,,
Phố Đặng Thai Mai - Tây Hồ,Đặng Thai Mai,Tây Hồ,,
Phố Đồng Cổ - Tây Hồ,Đồng Cổ,Tây Hồ,"Phố được hình thành dựa trên lòng sông Tô Lịch cũ. Sông Tô Lịch gốc rẽ nhánh khỏi sông Hồng tại ngã ba Chợ Gạo - Trần Nhật Duật, chảy qua Nguyễn Siêu, ngõ Gạch, chảy chéo lên phố Hàng Lược, Hàng Cót, nhập vào hệ thống hào nước bao quanh Hoàng thành Thăng Long, rồi rẽ chảy qua phía Tây, đi qua Phan Đình Phùng, đi dưới trường THCS Chu Văn An, ngõ 2 dốc La Pho, một phần ngõ 10 đường Hoàng Hoa Thám, ngõ 79 đường Thuỵ Khuê, ngõ 11 dốc Tam Đa, ngõ 6 gốc Tam Đa, phố Đồng Cổ, chảy dưới chợ Bưởi, đi tiếp qua ngõ 24 Võ Chí Công, ngõ 2 đường Hoàng Quốc Việt rồi chảy lộ thiên.",
Đường Hoàng Hoa Thám - Tây Hồ,Hoàng Hoa Thám,Tây Hồ,,
Ngõ 10 Đường Hoàng Hoa Thám - Tây Hồ,Hoàng Hoa Thám,Tây Hồ,"Ngõ được hình thành dựa trên lòng sông Tô Lịch cũ. Sông Tô Lịch gốc rẽ nhánh khỏi sông Hồng tại ngã ba Chợ Gạo - Trần Nhật Duật, chảy qua Nguyễn Siêu, ngõ Gạch, chảy chéo lên phố Hàng Lược, Hàng Cót, nhập vào hệ thống hào nước bao quanh Hoàng thành Thăng Long, rồi rẽ chảy qua phía Tây, đi qua Phan Đình Phùng, đi dưới trường THCS Chu Văn An, ngõ 2 dốc La Pho, một phần ngõ 10 đường Hoàng Hoa Thám, ngõ 79 đường Thuỵ Khuê, ngõ 11 dốc Tam Đa, ngõ 6 gốc Tam Đa, phố Đồng Cổ, chảy dưới chợ Bưởi, đi tiếp qua ngõ 24 Võ Chí Công, ngõ 2 đường Hoàng Quốc Việt rồi chảy lộ thiên.",
Ngõ 120 Đường Hoàng Hoa Thám - Tây Hồ,Hoàng Hoa Thám,Tây Hồ,,
Ngõ 190 Đường Hoàng Hoa Thám - Tây Hồ,Hoàng Hoa Thám,Tây Hồ,,
Ngõ 348 Đường Hoàng Hoa Thám - Tây Hồ,Hoàng Hoa Thám,Tây Hồ,,
Ngõ 364 Đường Hoàng Hoa Thám - Tây Hồ,Hoàng Hoa Thám,Tây Hồ,,
Ngõ 378 Đường Hoàng Hoa Thám - Tây Hồ,Hoàng Hoa Thám,Tây Hồ,,
Ngõ 4 Đường Hoàng Hoa Thám - Tây Hồ,Hoàng Hoa Thám,Tây Hồ,,
Ngõ 400 Đường Hoàng Hoa Thám - Tây Hồ,Hoàng Hoa Thám,Tây Hồ,,
Ngõ 576 Đường Hoàng Hoa Thám - Tây Hồ,Hoàng Hoa Thám,Tây Hồ,,
Đường Lạc Long Quân - Tây Hồ,Lạc Long Quân,Tây Hồ,,
Hẻm 1 Ngách 447/30 Đường Lạc Long Quân - Tây Hồ,Lạc Long Quân,Tây Hồ,,
Hẻm 175/42/30 Đường Lạc Long Quân - Tây Hồ,Lạc Long Quân,Tây Hồ,,
Hẻm 269/22/10 Đường Lạc Long Quân - Tây Hồ,Lạc Long Quân,Tây Hồ,,
Hẻm 269/22/4 Đường Lạc Long Quân - Tây Hồ,Lạc Long Quân,Tây Hồ,,
Hẻm 269/22/4/25 Đường Lạc Long Quân - Tây Hồ,Lạc Long Quân,Tây Hồ,,
Hẻm 269/22/4/25/14 Đường Lạc Long Quân - Tây Hồ,Lạc Long Quân,Tây Hồ,,
Hẻm 445/50/1 Đường Lạc Long Quân - Tây Hồ,Lạc Long Quân,Tây Hồ,,
Hẻm 445/50/18 Đường Lạc Long Quân - Tây Hồ,Lạc Long Quân,Tây Hồ,,
Hẻm 445/50/20 Đường Lạc Long Quân - Tây Hồ,Lạc Long Quân,Tây Hồ,,
Hẻm 445/50/5 Đường Lạc Long Quân - Tây Hồ,Lạc Long Quân,Tây Hồ,,
Hẻm 59/2/51 Đường Lạc Long Quân - Tây Hồ,Lạc Long Quân,Tây Hồ,,
Hẻm 89/2/51 Đường Lạc Long Quân - Tây Hồ,Lạc Long Quân,Tây Hồ,,
Hẻm 89/2/59 Đường Lạc Long Quân - Tây Hồ,Lạc Long Quân,Tây Hồ,,
Hẻm 89/38/35 Đường Lạc Long Quân - Tây Hồ,Lạc Long Quân,Tây Hồ,,
Hẻm 89/38/40 Đường Lạc Long Quân - Tây Hồ,Lạc Long Quân,Tây Hồ,,
Hẻm 89/38/62 Đường Lạc Long Quân - Tây Hồ,Lạc Long Quân,Tây Hồ,,
Hẻm 89/38/63 Đường Lạc Long Quân - Tây Hồ,Lạc Long Quân,Tây Hồ,,
Ngách 175/42 Đường Lạc Long Quân - Tây Hồ,Lạc Long Quân,Tây Hồ,,
Ngách 218/29 Đường Lạc Long Quân - Tây Hồ,Lạc Long Quân,Tây Hồ,,
Ngách 218/54 Đường Lạc Long Quân - Tây Hồ,Lạc Long Quân,Tây Hồ,,
Ngách 218/61 Đường Lạc Long Quân - Tây Hồ,Lạc Long Quân,Tây Hồ,,
Ngách 218/64 Đường Lạc Long Quân - Tây Hồ,Lạc Long Quân,Tây Hồ,,
Ngách 245/8 Đường Lạc Long Quân - Tây Hồ,Lạc Long Quân,Tây Hồ,,
Ngách 269/22 Đường Lạc Long Quân - Tây Hồ,Lạc Long Quân,Tây Hồ,,
Ngách 282/19 Đường Lạc Long Quân - Tây Hồ,Lạc Long Quân,Tây Hồ,,
Ngách 42/175 Đường Lạc Long Quân - Tây Hồ,Lạc Long Quân,Tây Hồ,,
Ngách 445/10 Đường Lạc Long Quân - Tây Hồ,Lạc Long Quân,Tây Hồ,,
Ngách 445/128 Đường Lạc Long Quân - Tây Hồ,Lạc Long Quân,Tây Hồ,,
Ngách 445/17 Đường Lạc Long Quân - Tây Hồ,Lạc Long Quân,Tây Hồ,,
Ngách 445/19B Đường Lạc Long Quân - Tây Hồ,Lạc Long Quân,Tây Hồ,,
Ngách 445/22 Đường Lạc Long Quân - Tây Hồ,Lạc Long Quân,Tây Hồ,,
Ngách 445/30 Đường Lạc Long Quân - Tây Hồ,Lạc Long Quân,Tây Hồ,,
Ngách 445/38 Đường Lạc Long Quân - Tây Hồ,Lạc Long Quân,Tây Hồ,,
Ngách 445/45 Đường Lạc Long Quân - Tây Hồ,Lạc Long Quân,Tây Hồ,,
Ngách 445/46 Đường Lạc Long Quân - Tây Hồ,Lạc Long Quân,Tây Hồ,,
Ngách 445/50 Đường Lạc Long Quân - Tây Hồ,Lạc Long Quân,Tây Hồ,,
Ngách 445/53 Đường Lạc Long Quân - Tây Hồ,Lạc Long Quân,Tây Hồ,,
Ngách 445/55 Đường Lạc Long Quân - Tây Hồ,Lạc Long Quân,Tây Hồ,,
Ngách 445/60 Đường Lạc Long Quân - Tây Hồ,Lạc Long Quân,Tây Hồ,,
Ngách 447/30 Đường Lạc Long Quân - Tây Hồ,Lạc Long Quân,Tây Hồ,,
Ngách 45/106 Đường Lạc Long Quân - Tây Hồ,Lạc Long Quân,Tây Hồ,,
Ngách 508/1 Đường Lạc Long Quân - Tây Hồ,Lạc Long Quân,Tây Hồ,,
Ngách 535/14 Đường Lạc Long Quân - Tây Hồ,Lạc Long Quân,Tây Hồ,,
Ngách 565/29 Đường Lạc Long Quân - Tây Hồ,Lạc Long Quân,Tây Hồ,,
Ngách 565/34 Đường Lạc Long Quân - Tây Hồ,Lạc Long Quân,Tây Hồ,,
Ngách 569/12 Đường Lạc Long Quân - Tây Hồ,Lạc Long Quân,Tây Hồ,,
Ngách 603/54 Đường Lạc Long Quân - Tây Hồ,Lạc Long Quân,Tây Hồ,,
Ngách 603/54A Đường Lạc Long Quân - Tây Hồ,Lạc Long Quân,Tây Hồ,,
Ngách 612/2 Đường Lạc Long Quân - Tây Hồ,Lạc Long Quân,Tây Hồ,,
Ngách 89/2 Đường Lạc Long Quân - Tây Hồ,Lạc Long Quân,Tây Hồ,,
Ngách 89/20 Đường Lạc Long Quân - Tây Hồ,Lạc Long Quân,Tây Hồ,,
Ngách 89/23 Đường Lạc Long Quân - Tây Hồ,Lạc Long Quân,Tây Hồ,,
Ngách 89/29 Đường Lạc Long Quân - Tây Hồ,Lạc Long Quân,Tây Hồ,,
Ngách 89/3 Đường Lạc Long Quân - Tây Hồ,Lạc Long Quân,Tây Hồ,,
Ngách 89/32 Đường Lạc Long Quân - Tây Hồ,Lạc Long Quân,Tây Hồ,,
Ngách 89/36 Đường Lạc Long Quân - Tây Hồ,Lạc Long Quân,Tây Hồ,,
Ngách 89/38 Đường Lạc Long Quân - Tây Hồ,Lạc Long Quân,Tây Hồ,,
Ngách 89/43 Đường Lạc Long Quân - Tây Hồ,Lạc Long Quân,Tây Hồ,,
Ngách 89/46 Đường Lạc Long Quân - Tây Hồ,Lạc Long Quân,Tây Hồ,,
Ngách 89/63 Đường Lạc Long Quân - Tây Hồ,Lạc Long Quân,Tây Hồ,,
Ngõ 105 Đường Lạc Long Quân - Tây Hồ,Lạc Long Quân,Tây Hồ,,
Ngõ 127 Đường Lạc Long Quân - Tây Hồ,Lạc Long Quân,Tây Hồ,,
Ngõ 15 Đường Lạc Long Quân - Tây Hồ,Lạc Long Quân,Tây Hồ,,
Ngõ 160 Đường Lạc Long Quân - Tây Hồ,Lạc Long Quân,Tây Hồ,,
Ngõ 172 Đường Lạc Long Quân - Tây Hồ,Lạc Long Quân,Tây Hồ,,
Ngõ 175 Đường Lạc Long Quân - Tây Hồ,Lạc Long Quân,Tây Hồ,,
Ngõ 197 Đường Lạc Long Quân - Tây Hồ,Lạc Long Quân,Tây Hồ,,
Ngõ 207 Đường Lạc Long Quân - Tây Hồ,Lạc Long Quân,Tây Hồ,,
Ngõ 218 Đường Lạc Long Quân - Tây Hồ,Lạc Long Quân,Tây Hồ,,
Ngõ 225 Đường Lạc Long Quân - Tây Hồ,Lạc Long Quân,Tây Hồ,,
Ngõ 242 Đường Lạc Long Quân - Tây Hồ,Lạc Long Quân,Tây Hồ,,
Ngõ 245 Đường Lạc Long Quân - Tây Hồ,Lạc Long Quân,Tây Hồ,,
Ngõ 269 Đường Lạc Long Quân - Tây Hồ,Lạc Long Quân,Tây Hồ,,
Ngõ 280 Đường Lạc Long Quân - Tây Hồ,Lạc Long Quân,Tây Hồ,,
Ngõ 282 Đường Lạc Long Quân - Tây Hồ,Lạc Long Quân,Tây Hồ,,
Ngõ 314 Đường Lạc Long Quân - Tây Hồ,Lạc Long Quân,Tây Hồ,,
Ngõ 32 Đường Lạc Long Quân - Tây Hồ,Lạc Long Quân,Tây Hồ,,
Ngõ 322 Đường Lạc Long Quân - Tây Hồ,Lạc Long Quân,Tây Hồ,,
Ngõ 33 Đường Lạc Long Quân - Tây Hồ,Lạc Long Quân,Tây Hồ,,
Ngõ 342 Đường Lạc Long Quân - Tây Hồ,Lạc Long Quân,Tây Hồ,,
Ngõ 35 Đường Lạc Long Quân - Tây Hồ,Lạc Long Quân,Tây Hồ,,
Ngõ 354 Đường Lạc Long Quân - Tây Hồ,Lạc Long Quân,Tây Hồ,,
Ngõ 378 Đường Lạc Long Quân - Tây Hồ,Lạc Long Quân,Tây Hồ,,
Ngõ 416 Đường Lạc Long Quân - Tây Hồ,Lạc Long Quân,Tây Hồ,,
Ngõ 43 Đường Lạc Long Quân - Tây Hồ,Lạc Long Quân,Tây Hồ,,
Ngõ 445 Đường Lạc Long Quân - Tây Hồ,Lạc Long Quân,Tây Hồ,,
Ngõ 447 Đường Lạc Long Quân - Tây Hồ,Lạc Long Quân,Tây Hồ,,
Ngõ 472 Đường Lạc Long Quân - Tây Hồ,Lạc Long Quân,Tây Hồ,,
Ngõ 508 Đường Lạc Long Quân - Tây Hồ,Lạc Long Quân,Tây Hồ,,
Ngõ 535 Đường Lạc Long Quân - Tây Hồ,Lạc Long Quân,Tây Hồ,,
Ngõ 553 Đường Lạc Long Quân - Tây Hồ,Lạc Long Quân,Tây Hồ,,
Ngõ 559 Đường Lạc Long Quân - Tây Hồ,Lạc Long Quân,Tây Hồ,,
Ngõ 565 Đường Lạc Long Quân - Tây Hồ,Lạc Long Quân,Tây Hồ,,
Ngõ 566 Đường Lạc Long Quân - Tây Hồ,Lạc Long Quân,Tây Hồ,,
Ngõ 569 Đường Lạc Long Quân - Tây Hồ,Lạc Long Quân,Tây Hồ,,
Ngõ 579 Đường Lạc Long Quân - Tây Hồ,Lạc Long Quân,Tây Hồ,,
Ngõ 591 Đường Lạc Long Quân - Tây Hồ,Lạc Long Quân,Tây Hồ,,
Ngõ 603 Đường Lạc Long Quân - Tây Hồ,Lạc Long Quân,Tây Hồ,,
Ngõ 61 Đường Lạc Long Quân - Tây Hồ,Lạc Long Quân,Tây Hồ,,
Ngõ 612 Đường Lạc Long Quân - Tây Hồ,Lạc Long Quân,Tây Hồ,,
Ngõ 612/24 Đường Lạc Long Quân - Tây Hồ,Lạc Long Quân,Tây Hồ,,
Ngõ 620 Đường Lạc Long Quân - Tây Hồ,Lạc Long Quân,Tây Hồ,,
Ngõ 647 Đường Lạc Long Quân - Tây Hồ,Lạc Long Quân,Tây Hồ,,
Ngõ 656 Đường Lạc Long Quân - Tây Hồ,Lạc Long Quân,Tây Hồ,,
Ngõ 660 Đường Lạc Long Quân - Tây Hồ,Lạc Long Quân,Tây Hồ,,
Ngõ 668 Đường Lạc Long Quân - Tây Hồ,Lạc Long Quân,Tây Hồ,,
Ngõ 675 Đường Lạc Long Quân - Tây Hồ,Lạc Long Quân,Tây Hồ,,
Ngõ 677 Đường Lạc Long Quân - Tây Hồ,Lạc Long Quân,Tây Hồ,,
Ngõ 679 Đường Lạc Long Quân - Tây Hồ,Lạc Long Quân,Tây Hồ,,
Ngõ 682 Đường Lạc Long Quân - Tây Hồ,Lạc Long Quân,Tây Hồ,,
Ngõ 683 Đường Lạc Long Quân - Tây Hồ,Lạc Long Quân,Tây Hồ,,
Ngõ 685 Đường Lạc Long Quân - Tây Hồ,Lạc Long Quân,Tây Hồ,,
Ngõ 689 Đường Lạc Long Quân - Tây Hồ,Lạc Long Quân,Tây Hồ,,
Ngõ 690 Đường Lạc Long Quân - Tây Hồ,Lạc Long Quân,Tây Hồ,,
Ngõ 693 Đường Lạc Long Quân - Tây Hồ,Lạc Long Quân,Tây Hồ,,
Ngõ 698 Đường Lạc Long Quân - Tây Hồ,Lạc Long Quân,Tây Hồ,,
Ngõ 699 Đường Lạc Long Quân - Tây Hồ,Lạc Long Quân,Tây Hồ,,
Ngõ 724 Đường Lạc Long Quân - Tây Hồ,Lạc Long Quân,Tây Hồ,,
Ngõ 76 Đường Lạc Long Quân - Tây Hồ,Lạc Long Quân,Tây Hồ,,
Ngõ 89 Đường Lạc Long Quân - Tây Hồ,Lạc Long Quân,Tây Hồ,,
Ngõ 2 Dốc Lapho - Tây Hồ,Lapho,Tây Hồ,"Ngõ được hình thành dựa trên lòng sông Tô Lịch cũ. Sông Tô Lịch gốc rẽ nhánh khỏi sông Hồng tại ngã ba Chợ Gạo - Trần Nhật Duật, chảy qua Nguyễn Siêu, ngõ Gạch, chảy chéo lên phố Hàng Lược, Hàng Cót, nhập vào hệ thống hào nước bao quanh Hoàng thành Thăng Long, rồi rẽ chảy qua phía Tây, đi qua Phan Đình Phùng, đi dưới trường THCS Chu Văn An, ngõ 2 dốc La Pho, một phần ngõ 10 đường Hoàng Hoa Thám, ngõ 79 đường Thuỵ Khuê, ngõ 11 dốc Tam Đa, ngõ 6 gốc Tam Đa, phố Đồng Cổ, chảy dưới chợ Bưởi, đi tiếp qua ngõ 24 Võ Chí Công, ngõ 2 đường Hoàng Quốc Việt rồi chảy lộ thiên.",
Phố Mai Xuân Thưởng - Tây Hồ,Mai Xuân Thưởng,Tây Hồ,,
Đường Nghi Tàm - Tây Hồ,Nghi Tàm,Tây Hồ,,
Ngõ 193 Đường Nghi Tàm - Tây Hồ,Nghi Tàm,Tây Hồ,,
Ngõ 67 Phố Nguyễn Đình Thi - Tây Hồ,Nguyễn Đình Thi,Tây Hồ,,
Đường Nguyễn Hoàng Tôn - Tây Hồ,Nguyễn Hoàng Tôn,Tây Hồ,,
Ngõ 1 Đường Nguyễn Hoàng Tôn - Tây Hồ,Nguyễn Hoàng Tôn,Tây Hồ,,
Phố Nguyễn Long - Tây Hồ,Nguyễn Long,Tây Hồ,,
Ngõ 89 Phố Nhật Chiêu - Tây Hồ,Nhật Chiêu,Tây Hồ,,
Phố Nhật Chiêu - Tây Hồ,Nhật Chiêu,Tây Hồ,,
Cầu Nhật Tân - Tây Hồ,Nhật Tân,Tây Hồ,,
Phố Phó Đức Chính - Tây Hồ,Phó Đức Chính,Tây Hồ,,
Ngõ 88 Phố Quảng An - Tây Hồ,Quảng An,Tây Hồ,,
Phố Quảng An - Tây Hồ,Quảng An,Tây Hồ,,
Ngõ 1 Phố Quảng Bá - Tây Hồ,Quảng Bá,Tây Hồ,,
Phố Quảng Bá - Tây Hồ,Quảng Bá,Tây Hồ,,
Ngõ 13 Phố Quảng Khánh - Tây Hồ,Quảng Khánh,Tây Hồ,,
Ngõ 51 Phố Quảng Khánh - Tây Hồ,Quảng Khánh,Tây Hồ,,
Ngõ 53 Phố Quảng Khánh - Tây Hồ,Quảng Khánh,Tây Hồ,,
Ngõ 59 Phố Quảng Khánh - Tây Hồ,Quảng Khánh,Tây Hồ,,
Phố Quảng Khánh - Tây Hồ,Quảng Khánh,Tây Hồ,,
Dốc Tam Đa - Tây Hồ,Tam Đa,Tây Hồ,,
Ngõ 11 Dốc Tam Đa - Tây Hồ,Tam Đa,Tây Hồ,"Ngõ được hình thành dựa trên lòng sông Tô Lịch cũ. Sông Tô Lịch gốc rẽ nhánh khỏi sông Hồng tại ngã ba Chợ Gạo - Trần Nhật Duật, chảy qua Nguyễn Siêu, ngõ Gạch, chảy chéo lên phố Hàng Lược, Hàng Cót, nhập vào hệ thống hào nước bao quanh Hoàng thành Thăng Long, rồi rẽ chảy qua phía Tây, đi qua Phan Đình Phùng, đi dưới trường THCS Chu Văn An, ngõ 2 dốc La Pho, một phần ngõ 10 đường Hoàng Hoa Thám, ngõ 79 đường Thuỵ Khuê, ngõ 11 dốc Tam Đa, ngõ 6 dốc Tam Đa, phố Đồng Cổ, chảy dưới chợ Bưởi, đi tiếp qua ngõ 24 Võ Chí Công, ngõ 2 đường Hoàng Quốc Việt rồi chảy lộ thiên.",
Ngõ 13 Dốc Tam Đa - Tây Hồ,Tam Đa,Tây Hồ,,
Ngõ 26 Dốc Tam Đa - Tây Hồ,Tam Đa,Tây Hồ,,
Ngõ 6 Dốc Tam Đa - Tây Hồ,Tam Đa,Tây Hồ,"Ngõ được hình thành dựa trên lòng sông Tô Lịch cũ. Sông Tô Lịch gốc rẽ nhánh khỏi sông Hồng tại ngã ba Chợ Gạo - Trần Nhật Duật, chảy qua Nguyễn Siêu, ngõ Gạch, chảy chéo lên phố Hàng Lược, Hàng Cót, nhập vào hệ thống hào nước bao quanh Hoàng thành Thăng Long, rồi rẽ chảy qua phía Tây, đi qua Phan Đình Phùng, đi dưới trường THCS Chu Văn An, ngõ 2 dốc La Pho, một phần ngõ 10 đường Hoàng Hoa Thám, ngõ 79 đường Thuỵ Khuê, ngõ 11 dốc Tam Đa, ngõ 6 dốc Tam Đa, phố Đồng Cổ, chảy dưới chợ Bưởi, đi tiếp qua ngõ 24 Võ Chí Công, ngõ 2 đường Hoàng Quốc Việt rồi chảy lộ thiên.",
Đường Tây Hồ - Tây Hồ,Tây Hồ,Tây Hồ,,
Ngõ 11 Đường Tây Hồ - Tây Hồ,Tây Hồ,Tây Hồ,,
Ngõ 20 Đường Tây Hồ - Tây Hồ,Tây Hồ,Tây Hồ,,
Ngõ 25 Đường Tây Hồ - Tây Hồ,Tây Hồ,Tây Hồ,,
Ngõ 28 Đường Tây Hồ - Tây Hồ,Tây Hồ,Tây Hồ,,
Ngõ 30 Đường Tây Hồ - Tây Hồ,Tây Hồ,Tây Hồ,,
Ngõ 5 Đường Tây Hồ - Tây Hồ,Tây Hồ,Tây Hồ,,
Đường Thanh Niên - Tây Hồ,Thanh Niên,Tây Hồ,,
Đường Thuỵ Khuê - Tây Hồ,Thuỵ Khuê,Tây Hồ,,
Hẻm 460/7/39 Đường Thuỵ Khuê - Tây Hồ,Thuỵ Khuê,Tây Hồ,,
Hẻm 460/7/42 Đường Thuỵ Khuê - Tây Hồ,Thuỵ Khuê,Tây Hồ,,
Ngách 105/22 Đường Thuỵ Khuê - Tây Hồ,Thuỵ Khuê,Tây Hồ,,
Ngách 105/31 Đường Thuỵ Khuê - Tây Hồ,Thuỵ Khuê,Tây Hồ,,
Ngách 123A/2 Đường Thuỵ Khuê - Tây Hồ,Thuỵ Khuê,Tây Hồ,,
Ngách 130/1 Đường Thuỵ Khuê - Tây Hồ,Thuỵ Khuê,Tây Hồ,,
Ngách 188/9 Đường Thuỵ Khuê - Tây Hồ,Thuỵ Khuê,Tây Hồ,,
Ngách 29/11 Đường Thuỵ Khuê - Tây Hồ,Thuỵ Khuê,Tây Hồ,,
Ngách 29/21 Đường Thuỵ Khuê - Tây Hồ,Thuỵ Khuê,Tây Hồ,,
Ngách 29/8 Đường Thuỵ Khuê - Tây Hồ,Thuỵ Khuê,Tây Hồ,,
Ngách 295/2 Đường Thuỵ Khuê - Tây Hồ,Thuỵ Khuê,Tây Hồ,,
Ngách 324/22 Đường Thuỵ Khuê - Tây Hồ,Thuỵ Khuê,Tây Hồ,,
Ngách 378/58 Đường Thuỵ Khuê - Tây Hồ,Thuỵ Khuê,Tây Hồ,,
Ngách 444/19 Đường Thuỵ Khuê - Tây Hồ,Thuỵ Khuê,Tây Hồ,,
Ngách 46/378 Đường Thuỵ Khuê - Tây Hồ,Thuỵ Khuê,Tây Hồ,,
Ngách 460/63 Thuỵ Khuê - Tây Hồ,Thuỵ Khuê,Tây Hồ,,
Ngách 460/7 Đường Thuỵ Khuê - Tây Hồ,Thuỵ Khuê,Tây Hồ,,
Ngách 530/37 Đường Thuỵ Khuê - Tây Hồ,Thuỵ Khuê,Tây Hồ,,
Ngách 562/33 Đường Thuỵ Khuê - Tây Hồ,Thuỵ Khuê,Tây Hồ,,
Ngách 562/39 Đường Thuỵ Khuê - Tây Hồ,Thuỵ Khuê,Tây Hồ,,
Ngách 58/378 Đường Thuỵ Khuê - Tây Hồ,Thuỵ Khuê,Tây Hồ,,
Ngõ 102 Đường Thuỵ Khuê - Tây Hồ,Thuỵ Khuê,Tây Hồ,,
Ngõ 105 Đường Thuỵ Khuê - Tây Hồ,Thuỵ Khuê,Tây Hồ,,
Ngõ 108 Đường Thuỵ Khuê - Tây Hồ,Thuỵ Khuê,Tây Hồ,,
Ngõ 114 Đường Thuỵ Khuê - Tây Hồ,Thuỵ Khuê,Tây Hồ,,
Ngõ 123 Thuỵ Khuê - Tây Hồ,Thuỵ Khuê,Tây Hồ,,
Ngõ 124 Đường Thuỵ Khuê - Tây Hồ,Thuỵ Khuê,Tây Hồ,,
Ngõ 125 Đường Thuỵ Khuê - Tây Hồ,Thuỵ Khuê,Tây Hồ,,
Ngõ 128 Đường Thuỵ Khuê - Tây Hồ,Thuỵ Khuê,Tây Hồ,,
Ngõ 130 Đường Thuỵ Khuê - Tây Hồ,Thuỵ Khuê,Tây Hồ,,
Ngõ 152 Thuỵ Khuê - Tây Hồ,Thuỵ Khuê,Tây Hồ,,
Ngõ 154 Đường Thuỵ Khuê - Tây Hồ,Thuỵ Khuê,Tây Hồ,,
Ngõ 168 Đường Thuỵ Khuê - Tây Hồ,Thuỵ Khuê,Tây Hồ,,
Ngõ 188 Đường Thuỵ Khuê - Tây Hồ,Thuỵ Khuê,Tây Hồ,,
Ngõ 196 Đường Thuỵ Khuê - Tây Hồ,Thuỵ Khuê,Tây Hồ,,
Ngõ 204 Thuỵ Khuê - Tây Hồ,Thuỵ Khuê,Tây Hồ,,
Ngõ 208 Đường Thuỵ Khuê - Tây Hồ,Thuỵ Khuê,Tây Hồ,,
Ngõ 214 Đường Thuỵ Khuê - Tây Hồ,Thuỵ Khuê,Tây Hồ,,
Ngõ 234 Đường Thuỵ Khuê - Tây Hồ,Thuỵ Khuê,Tây Hồ,,
Ngõ 238 Đường Thuỵ Khuê - Tây Hồ,Thuỵ Khuê,Tây Hồ,,
Ngõ 248 Đường Thuỵ Khuê - Tây Hồ,Thuỵ Khuê,Tây Hồ,,
Ngõ 251C Đường Thuỵ Khuê - Tây Hồ,Thuỵ Khuê,Tây Hồ,,
Ngõ 253 Đường Thuỵ Khuê - Tây Hồ,Thuỵ Khuê,Tây Hồ,,
Ngõ 256 Đường Thuỵ Khuê - Tây Hồ,Thuỵ Khuê,Tây Hồ,,
Ngõ 27 Đường Thuỵ Khuê - Tây Hồ,Thuỵ Khuê,Tây Hồ,,
Ngõ 278 Đường Thuỵ Khuê - Tây Hồ,Thuỵ Khuê,Tây Hồ,,
Ngõ 282 Đường Thuỵ Khuê - Tây Hồ,Thuỵ Khuê,Tây Hồ,,
Ngõ 284 Đường Thuỵ Khuê - Tây Hồ,Thuỵ Khuê,Tây Hồ,,
Ngõ 29 Đường Thuỵ Khuê - Tây Hồ,Thuỵ Khuê,Tây Hồ,,
Ngõ 293 Thuỵ Khuê - Tây Hồ,Thuỵ Khuê,Tây Hồ,,
Ngõ 295 Thuỵ Khuê - Tây Hồ,Thuỵ Khuê,Tây Hồ,,
Ngõ 299 Đường Thuỵ Khuê - Tây Hồ,Thuỵ Khuê,Tây Hồ,,
Ngõ 324 Đường Thuỵ Khuê - Tây Hồ,Thuỵ Khuê,Tây Hồ,,
Ngõ 37 Đường Thuỵ Khuê - Tây Hồ,Thuỵ Khuê,Tây Hồ,,
Ngõ 374 Đường Thuỵ Khuê - Tây Hồ,Thuỵ Khuê,Tây Hồ,,
Ngõ 376 Đường Thuỵ Khuê - Tây Hồ,Thuỵ Khuê,Tây Hồ,,
Ngõ 378 Đường Thuỵ Khuê - Tây Hồ,Thuỵ Khuê,Tây Hồ,,
Ngõ 424 Đường Thuỵ Khuê - Tây Hồ,Thuỵ Khuê,Tây Hồ,,
Ngõ 424 Thuỵ Khuê - Tây Hồ,Thuỵ Khuê,Tây Hồ,,
Ngõ 444 Đường Thuỵ Khuê - Tây Hồ,Thuỵ Khuê,Tây Hồ,,
Ngõ 46 Đường Thuỵ Khuê - Tây Hồ,Thuỵ Khuê,Tây Hồ,,
Ngõ 460 Đường Thuỵ Khuê - Tây Hồ,Thuỵ Khuê,Tây Hồ,,
Ngõ 514 Đường Thuỵ Khuê - Tây Hồ,Thuỵ Khuê,Tây Hồ,,
Ngõ 530 Đường Thuỵ Khuê - Tây Hồ,Thuỵ Khuê,Tây Hồ,,
Ngõ 55 Đường Thuỵ Khuê - Tây Hồ,Thuỵ Khuê,Tây Hồ,,
Ngõ 562 Đường Thuỵ Khuê - Tây Hồ,Thuỵ Khuê,Tây Hồ,,
Ngõ 574 Thuỵ Khuê - Tây Hồ,Thuỵ Khuê,Tây Hồ,,
Ngõ 577 Đường Thuỵ Khuê - Tây Hồ,Thuỵ Khuê,Tây Hồ,,
Ngõ 67 Thuỵ Khuê - Tây Hồ,Thuỵ Khuê,Tây Hồ,,
Ngõ 69 Đường Thuỵ Khuê - Tây Hồ,Thuỵ Khuê,Tây Hồ,,
Ngõ 75 Đường Thuỵ Khuê - Tây Hồ,Thuỵ Khuê,Tây Hồ,,
Ngõ 79 Đường Thuỵ Khuê - Tây Hồ,Thuỵ Khuê,Tây Hồ,"Ngõ được hình thành dựa trên lòng sông Tô Lịch cũ. Sông Tô Lịch gốc rẽ nhánh khỏi sông Hồng tại ngã ba Chợ Gạo - Trần Nhật Duật, chảy qua Nguyễn Siêu, ngõ Gạch, chảy chéo lên phố Hàng Lược, Hàng Cót, nhập vào hệ thống hào nước bao quanh Hoàng thành Thăng Long, rồi rẽ chảy qua phía Tây, đi qua Phan Đình Phùng, đi dưới trường THCS Chu Văn An, ngõ 2 dốc La Pho, một phần ngõ 10 đường Hoàng Hoa Thám, ngõ 79 đường Thuỵ Khuê, ngõ 11 dốc Tam Đa, ngõ 6 gốc Tam Đa, phố Đồng Cổ, chảy dưới chợ Bưởi, đi tiếp qua ngõ 24 Võ Chí Công, ngõ 2 đường Hoàng Quốc Việt rồi chảy lộ thiên.",
Ngõ 93 Đường Thuỵ Khuê - Tây Hồ,Thuỵ Khuê,Tây Hồ,,
Ngõ 97 Đường Thuỵ Khuê - Tây Hồ,Thuỵ Khuê,Tây Hồ,,
Đường Tô Ngọc Vân - Tây Hồ,Tô Ngọc Vân,Tây Hồ,,
Hẻm 11/18/5 Đường Tô Ngọc Vân - Tây Hồ,Tô Ngọc Vân,Tây Hồ,,
Hẻm 52/28/1 Đường Tô Ngọc Vân - Tây Hồ,Tô Ngọc Vân,Tây Hồ,,
Ngách 11/12 Tô Ngọc Vân - Tây Hồ,Tô Ngọc Vân,Tây Hồ,,
Ngách 11/17 Tô Ngọc Vân - Tây Hồ,Tô Ngọc Vân,Tây Hồ,,
Ngách 11/18 Đường Tô Ngọc Vân - Tây Hồ,Tô Ngọc Vân,Tây Hồ,,
Ngách 11/44 Đường Tô Ngọc Vân - Tây Hồ,Tô Ngọc Vân,Tây Hồ,,
Ngách 11/5 Tô Ngọc Vân - Tây Hồ,Tô Ngọc Vân,Tây Hồ,,
Ngách 32/12 Đường Tô Ngọc Vân - Tây Hồ,Tô Ngọc Vân,Tây Hồ,,
Ngách 52/22 Đường Tô Ngọc Vân - Tây Hồ,Tô Ngọc Vân,Tây Hồ,,
Ngách 52/28 Đường Tô Ngọc Vân - Tây Hồ,Tô Ngọc Vân,Tây Hồ,,
Ngách 67/12 Đường Tô Ngọc Vân - Tây Hồ,Tô Ngọc Vân,Tây Hồ,,
Ngõ 11 Đường Tô Ngọc Vân - Tây Hồ,Tô Ngọc Vân,Tây Hồ,,
Ngõ 45 Đường Tô Ngọc Vân - Tây Hồ,Tô Ngọc Vân,Tây Hồ,,
Ngõ 52 Đường Tô Ngọc Vân - Tây Hồ,Tô Ngọc Vân,Tây Hồ,,
Ngõ 67 Tô Ngọc Vân - Tây Hồ,Tô Ngọc Vân,Tây Hồ,,
Ngõ 76 Đường Tô Ngọc Vân - Tây Hồ,Tô Ngọc Vân,Tây Hồ,,
Ngõ 86 Đường Tô Ngọc Vân - Tây Hồ,Tô Ngọc Vân,Tây Hồ,,
Ngõ 94 Đường Tô Ngọc Vân - Tây Hồ,Tô Ngọc Vân,Tây Hồ,,
Ngõ 165 Trích Sài - Tây Hồ,Trích Sài,Tây Hồ,,
Ngõ 237 Trích Sài - Tây Hồ,Trích Sài,Tây Hồ,,
Ngõ 259 Trích Sài - Tây Hồ,Trích Sài,Tây Hồ,,
Phố Trích Sài - Tây Hồ,Trích Sài,Tây Hồ,,
Ngõ 127 Phố Trịnh Công Sơn - Tây Hồ,Trịnh Công Sơn,Tây Hồ,,
Ngõ 25 Trịnh Công Sơn - Tây Hồ,Trịnh Công Sơn,Tây Hồ,,
Ngõ 37 Trịnh Công Sơn - Tây Hồ,Trịnh Công Sơn,Tây Hồ,,
Ngõ 47 Trịnh Công Sơn - Tây Hồ,Trịnh Công Sơn,Tây Hồ,,
Ngõ 59 Phố Trịnh Công Sơn - Tây Hồ,Trịnh Công Sơn,Tây Hồ,,
Ngõ 6 Trịnh Công Sơn - Tây Hồ,Trịnh Công Sơn,Tây Hồ,,
Ngõ 7 Trịnh Công Sơn - Tây Hồ,Trịnh Công Sơn,Tây Hồ,,
Ngõ 77 Trịnh Công Sơn - Tây Hồ,Trịnh Công Sơn,Tây Hồ,,
Ngõ 87 Trịnh Công Sơn - Tây Hồ,Trịnh Công Sơn,Tây Hồ,,
Ngõ 97 Phố Trịnh Công Sơn - Tây Hồ,Trịnh Công Sơn,Tây Hồ,,
Phố Trịnh Công Sơn - Tây Hồ,Trịnh Công Sơn,Tây Hồ,,
Hẻm 1/5/38 Phố Từ Hoa - Tây Hồ,Từ Hoa,Tây Hồ,,
Ngách 1/5 Phố Từ Hoa - Tây Hồ,Từ Hoa,Tây Hồ,,
Ngách 5/38 Phố Từ Hoa - Tây Hồ,Từ Hoa,Tây Hồ,,
Ngách 88/7 Phố Từ Hoa - Tây Hồ,Từ Hoa,Tây Hồ,,
Ngõ 44 Từ Hoa - Tây Hồ,Từ Hoa,Tây Hồ,,
Ngõ 5 Phố Từ Hoa - Tây Hồ,Từ Hoa,Tây Hồ,,
Ngõ 50 Phố Từ Hoa - Tây Hồ,Từ Hoa,Tây Hồ,,
Ngõ 58 Từ Hoa - Tây Hồ,Từ Hoa,Tây Hồ,,
Ngõ 68 Từ Hoa - Tây Hồ,Từ Hoa,Tây Hồ,,
Ngõ 80 Từ Hoa - Tây Hồ,Từ Hoa,Tây Hồ,,
Ngõ 88 Từ Hoa - Tây Hồ,Từ Hoa,Tây Hồ,,
Ngõ 98 Phố Từ Hoa - Tây Hồ,Từ Hoa,Tây Hồ,,
Phố Từ Hoa - Tây Hồ,Từ Hoa,Tây Hồ,,
Đường Văn Cao - Tây Hồ,Văn Cao,Tây Hồ,,
Ngõ 2A Đường Văn Cao - Tây Hồ,Văn Cao,Tây Hồ,,
Ngõ 5 Phố Vệ Hồ - Tây Hồ,Vệ Hồ,Tây Hồ,,
Phố Vệ Hồ - Tây Hồ,Vệ Hồ,Tây Hồ,,
Đường Võ Chí Công - Tây Hồ,Võ Chí Công,Tây Hồ,,
Ngách 28/9 Đường Võ Chí Công - Tây Hồ,Võ Chí Công,Tây Hồ,,
Ngõ 132 Đường Võ Chí Công - Tây Hồ,Võ Chí Công,Tây Hồ,,
Ngõ 152 Đường Võ Chí Công - Tây Hồ,Võ Chí Công,Tây Hồ,,
Ngõ 210A Đường Võ Chí Công - Tây Hồ,Võ Chí Công,Tây Hồ,,
Ngõ 230 Đường Võ Chí Công - Tây Hồ,Võ Chí Công,Tây Hồ,,
Ngõ 24 Đường Võ Chí Công - Tây Hồ,Võ Chí Công,Tây Hồ,"Ngõ được hình thành dựa trên lòng sông Tô Lịch cũ. Sông Tô Lịch gốc rẽ nhánh khỏi sông Hồng tại ngã ba Chợ Gạo - Trần Nhật Duật, chảy qua Nguyễn Siêu, ngõ Gạch, chảy chéo lên phố Hàng Lược, Hàng Cót, nhập vào hệ thống hào nước bao quanh Hoàng thành Thăng Long, rồi rẽ chảy qua phía Tây, đi qua Phan Đình Phùng, đi dưới trường THCS Chu Văn An, ngõ 2 dốc La Pho, một phần ngõ 10 đường Hoàng Hoa Thám, ngõ 79 đường Thuỵ Khuê, ngõ 11 dốc Tam Đa, ngõ 6 gốc Tam Đa, phố Đồng Cổ, chảy dưới chợ Bưởi, đi tiếp qua ngõ 24 Võ Chí Công, ngõ 2 đường Hoàng Quốc Việt rồi chảy lộ thiên.",
Ngõ 28 Đường Võ Chí Công - Tây Hồ,Võ Chí Công,Tây Hồ,,
Ngõ 32 Đường Võ Chí Công - Tây Hồ,Võ Chí Công,Tây Hồ,,
Ngõ 68A Võ Chí Công - Tây Hồ,Võ Chí Công,Tây Hồ,,
Ngõ 76 Võ Chí Công - Tây Hồ,Võ Chí Công,Tây Hồ,,
Ngõ 96 Đường Võ Chí Công - Tây Hồ,Võ Chí Công,Tây Hồ,,
Ngõ 98 Đường Võ Chí Công - Tây Hồ,Võ Chí Công,Tây Hồ,,
Ngõ 27 Phố Võng Thị - Tây Hồ,Võng Thị,Tây Hồ,,
Ngõ 29 Phố Võng Thị - Tây Hồ,Võng Thị,Tây Hồ,,
Ngõ 4 Phố Võng Thị - Tây Hồ,Võng Thị,Tây Hồ,,
Ngõ 43 Phố Võng Thị - Tây Hồ,Võng Thị,Tây Hồ,,
Ngõ 45A Phố Võng Thị - Tây Hồ,Võng Thị,Tây Hồ,,
Ngõ 50 Phố Võng Thị - Tây Hồ,Võng Thị,Tây Hồ,,
Ngõ 57 Phố Võng Thị - Tây Hồ,Võng Thị,Tây Hồ,,
Ngõ 60 Phố Võng Thị - Tây Hồ,Võng Thị,Tây Hồ,,
Ngõ 64 Phố Võng Thị - Tây Hồ,Võng Thị,Tây Hồ,,
Ngõ 65 Phố Võng Thị - Tây Hồ,Võng Thị,Tây Hồ,,
Ngõ 8 Phố Võng Thị - Tây Hồ,Võng Thị,Tây Hồ,,
Phố Võng Thị - Tây Hồ,Võng Thị,Tây Hồ,,
Ngõ 246 Phố Vũ Miên - Tây Hồ,Vũ Miên,Tây Hồ,,
Phố Vũ Miên - Tây Hồ,Vũ Miên,Tây Hồ,,
Phố Vũ Tuấn Chiêu - Tây Hồ,Vũ Tuấn Chiêu,Tây Hồ,,
Xóm Chùa - Tây Hồ,Xóm Chùa,Tây Hồ,,
Đường Xuân Diệu - Tây Hồ,Xuân Diệu,Tây Hồ,,
Ngách 111/3 Đường Xuân Diệu - Tây Hồ,Xuân Diệu,Tây Hồ,,
Ngách 31/46 Xuân Diệu - Tây Hồ,Xuân Diệu,Tây Hồ,,
Ngách 31/75 Đường Xuân Diệu - Tây Hồ,Xuân Diệu,Tây Hồ,,
Ngách 31/79 Đường Xuân Diệu - Tây Hồ,Xuân Diệu,Tây Hồ,,
Ngõ 109 Đường Xuân Diệu - Tây Hồ,Xuân Diệu,Tây Hồ,,
Ngõ 111 Đường Xuân Diệu - Tây Hồ,Xuân Diệu,Tây Hồ,,
Ngõ 26 Đường Xuân Diệu - Tây Hồ,Xuân Diệu,Tây Hồ,,
Ngõ 28 Đường Xuân Diệu - Tây Hồ,Xuân Diệu,Tây Hồ,,
Ngõ 31 Đường Xuân Diệu - Tây Hồ,Xuân Diệu,Tây Hồ,,
Ngõ 31 Xuân Diệu - Tây Hồ,Xuân Diệu,Tây Hồ,,
Ngõ 42 Đường Xuân Diệu - Tây Hồ,Xuân Diệu,Tây Hồ,,
Đường Xuân La - Tây Hồ,Xuân La,Tây Hồ,,
Hẻm 77/25/15 Đường Xuân La - Tây Hồ,Xuân La,Tây Hồ,,
Hẻm 77/47/5 Đường Xuân La - Tây Hồ,Xuân La,Tây Hồ,,
Hẻm 77/47/6 Đường Xuân La - Tây Hồ,Xuân La,Tây Hồ,,
Ngách 23/12A Đường Xuân La - Tây Hồ,Xuân La,Tây Hồ,,
Ngách 23/19 Đường Xuân La - Tây Hồ,Xuân La,Tây Hồ,,
Ngách 23/36 Đường Xuân La - Tây Hồ,Xuân La,Tây Hồ,,
Ngách 23/96 Đường Xuân La - Tây Hồ,Xuân La,Tây Hồ,,
Ngách 28/76 Đường Xuân La - Tây Hồ,Xuân La,Tây Hồ,,
Ngách 28/9 Đường Xuân La - Tây Hồ,Xuân La,Tây Hồ,,
Ngách 77/25 Đường Xuân La - Tây Hồ,Xuân La,Tây Hồ,,
Ngách 77/30 Đường Xuân La - Tây Hồ,Xuân La,Tây Hồ,,
Ngách 77/38 Đường Xuân La - Tây Hồ,Xuân La,Tây Hồ,,
Ngách 77/47 Đường Xuân La - Tây Hồ,Xuân La,Tây Hồ,,
Ngách 99/15 Đường Xuân La - Tây Hồ,Xuân La,Tây Hồ,,
Ngõ 12 Đường Xuân La - Tây Hồ,Xuân La,Tây Hồ,,
Ngõ 23 Đường Xuân La - Tây Hồ,Xuân La,Tây Hồ,,
Ngõ 28 Đường Xuân La - Tây Hồ,Xuân La,Tây Hồ,,
Ngõ 28/78 Đường Xuân La - Tây Hồ,Xuân La,Tây Hồ,,
Ngõ 35 Đường Xuân La - Tây Hồ,Xuân La,Tây Hồ,,
Ngõ 49 Đường Xuân La - Tây Hồ,Xuân La,Tây Hồ,,
Ngõ 69 Đường Xuân La - Tây Hồ,Xuân La,Tây Hồ,,
Ngõ 73 Đường Xuân La - Tây Hồ,Xuân La,Tây Hồ,,
Ngõ 77 Đường Xuân La - Tây Hồ,Xuân La,Tây Hồ,,
Ngõ 81 Đường Xuân La - Tây Hồ,Xuân La,Tây Hồ,,
Ngõ 91 Đường Xuân La - Tây Hồ,Xuân La,Tây Hồ,,
Ngõ 99 Đường Xuân La - Tây Hồ,Xuân La,Tây Hồ,,
Ngõ 162 Yên Hoa - Tây Hồ,Yên Hoa,Tây Hồ,,
Phố Yên Hoa - Tây Hồ,Yên Hoa,Tây Hồ,,
Ngõ 114 Yên Phụ - Tây Hồ,Yên Phụ,Tây Hồ,,
Ngõ 14 Phố Yên Phụ - Tây Hồ,Yên Phụ,Tây Hồ,,
Ngõ 150 Yên Phụ - Tây Hồ,Yên Phụ,Tây Hồ,,
Ngõ 64 Phố Yên Phụ - Tây Hồ,Yên Phụ,Tây Hồ,,
Ngõ 73 Phố Yên Phụ - Tây Hồ,Yên Phụ,Tây Hồ,,
Ngõ 76 Phố Yên Phụ - Tây Hồ,Yên Phụ,Tây Hồ,,
Ngõ 79 Phố Yên Phụ - Tây Hồ,Yên Phụ,Tây Hồ,,
Phố Yên Phụ - Tây Hồ,Yên Phụ,Tây Hồ,,
"Đường Võ Chí Công - Tây Hồ, Xuân Đỉnh",Võ Chí Công,"Tây Hồ, Xuân Đỉnh",,
"Đường Xuân La - Tây Hồ, Xuân Đỉnh",Xuân La,"Tây Hồ, Xuân Đỉnh",,
Âu Lạc 2 - Tây Mỗ,Âu Lạc,Tây Mỗ,,
Âu Lạc 3 - Tây Mỗ,Âu Lạc,Tây Mỗ,,
Âu Lạc 4 - Tây Mỗ,Âu Lạc,Tây Mỗ,,
Âu Lạc 5 - Tây Mỗ,Âu Lạc,Tây Mỗ,,
Đường Âu Lạc - Tây Mỗ,Âu Lạc,Tây Mỗ,,
Hẻm 193/15/24 Phố Cầu Cốc - Tây Mỗ,Cầu Cốc,Tây Mỗ,,
Hẻm 193/17/25 Phố Cầu Cốc - Tây Mỗ,Cầu Cốc,Tây Mỗ,,
Hẻm 193/17/25/1 Phố Cầu Cốc - Tây Mỗ,Cầu Cốc,Tây Mỗ,,
Hẻm 193/17/25/18 Phố Cầu Cốc - Tây Mỗ,Cầu Cốc,Tây Mỗ,,
Hẻm 193/30/12/3 Phố Cầu Cốc - Tây Mỗ,Cầu Cốc,Tây Mỗ,,
Hẻm 193/30/2 Phố Cầu Cốc - Tây Mỗ,Cầu Cốc,Tây Mỗ,,
Ngách 135/38 Phố Cầu Cốc - Tây Mỗ,Cầu Cốc,Tây Mỗ,,
Ngách 135/47 Phố Cầu Cốc - Tây Mỗ,Cầu Cốc,Tây Mỗ,,
Ngách 135/82 Phố Cầu Cốc - Tây Mỗ,Cầu Cốc,Tây Mỗ,,
Ngách 193/1 Phố Cầu Cốc - Tây Mỗ,Cầu Cốc,Tây Mỗ,,
Ngách 193/15 Phố Cầu Cốc - Tây Mỗ,Cầu Cốc,Tây Mỗ,,
Ngách 193/17 Phố Cầu Cốc - Tây Mỗ,Cầu Cốc,Tây Mỗ,,
Ngách 193/30 Phố Cầu Cốc - Tây Mỗ,Cầu Cốc,Tây Mỗ,,
Ngách 193/44 Phố Cầu Cốc - Tây Mỗ,Cầu Cốc,Tây Mỗ,,
Ngách 193/8 Phố Cầu Cốc - Tây Mỗ,Cầu Cốc,Tây Mỗ,,
Ngách 43/12 Phố Cầu Cốc - Tây Mỗ,Cầu Cốc,Tây Mỗ,,
Ngách 43/52 Phố Cầu Cốc - Tây Mỗ,Cầu Cốc,Tây Mỗ,,
Ngách 45/64 Phố Cầu Cốc - Tây Mỗ,Cầu Cốc,Tây Mỗ,,
Ngách 67/26 Phố Cầu Cốc - Tây Mỗ,Cầu Cốc,Tây Mỗ,,
Ngách 67/29 Phố Cầu Cốc - Tây Mỗ,Cầu Cốc,Tây Mỗ,,
Ngách 67/33 Phố Cầu Cốc - Tây Mỗ,Cầu Cốc,Tây Mỗ,,
Ngách 67/34 Phố Cầu Cốc - Tây Mỗ,Cầu Cốc,Tây Mỗ,,
Ngách 67/40 Phố Cầu Cốc - Tây Mỗ,Cầu Cốc,Tây Mỗ,,
Ngách 67/45 Phố Cầu Cốc - Tây Mỗ,Cầu Cốc,Tây Mỗ,,
Ngách 67/49 Phố Cầu Cốc - Tây Mỗ,Cầu Cốc,Tây Mỗ,,
Ngách 67/68 Phố Cầu Cốc - Tây Mỗ,Cầu Cốc,Tây Mỗ,,
Ngách 67/69 Phố Cầu Cốc - Tây Mỗ,Cầu Cốc,Tây Mỗ,,
Ngách 67/8 Phố Cầu Cốc - Tây Mỗ,Cầu Cốc,Tây Mỗ,,
Ngách 67/90 Phố Cầu Cốc - Tây Mỗ,Cầu Cốc,Tây Mỗ,,
Ngõ 111 Phố Cầu Cốc - Tây Mỗ,Cầu Cốc,Tây Mỗ,,
Ngõ 135 Phố Cầu Cốc - Tây Mỗ,Cầu Cốc,Tây Mỗ,,
Ngõ 153 Phố Cầu Cốc - Tây Mỗ,Cầu Cốc,Tây Mỗ,,
Ngõ 163 Phố Cầu Cốc - Tây Mỗ,Cầu Cốc,Tây Mỗ,,
Ngõ 175 Phố Cầu Cốc - Tây Mỗ,Cầu Cốc,Tây Mỗ,,
Ngõ 193 Phố Cầu Cốc - Tây Mỗ,Cầu Cốc,Tây Mỗ,,
Ngõ 201 Phố Cầu Cốc - Tây Mỗ,Cầu Cốc,Tây Mỗ,,
Ngõ 33 Phố Cầu Cốc - Tây Mỗ,Cầu Cốc,Tây Mỗ,,
Ngõ 43 Phố Cầu Cốc - Tây Mỗ,Cầu Cốc,Tây Mỗ,,
Ngõ 45 Phố Cầu Cốc - Tây Mỗ,Cầu Cốc,Tây Mỗ,,
Ngõ 67 Phố Cầu Cốc - Tây Mỗ,Cầu Cốc,Tây Mỗ,,
Ngõ 85 Phố Cầu Cốc - Tây Mỗ,Cầu Cốc,Tây Mỗ,,
Ngõ 91 Phố Cầu Cốc - Tây Mỗ,Cầu Cốc,Tây Mỗ,,
Ngõ 97 Phố Cầu Cốc - Tây Mỗ,Cầu Cốc,Tây Mỗ,,
Phố Cầu Cốc - Tây Mỗ,Cầu Cốc,Tây Mỗ,,
Ngõ Cổng Cái - Tây Mỗ,Cổng Cái,Tây Mỗ,,
Đường Đại Mỗ - Tây Mỗ,Đại Mỗ,Tây Mỗ,,
Hẻm 10 Ngách 196/35 Đường Đại Mỗ - Tây Mỗ,Đại Mỗ,Tây Mỗ,,
Hẻm 437/11/2 Đường Đại Mỗ - Tây Mỗ,Đại Mỗ,Tây Mỗ,,
Ngách 169/18 Đường Đại Mỗ - Tây Mỗ,Đại Mỗ,Tây Mỗ,,
Ngách 169/2 Đường Đại Mỗ - Tây Mỗ,Đại Mỗ,Tây Mỗ,,
Ngách 196/35 Đường Đại Mỗ - Tây Mỗ,Đại Mỗ,Tây Mỗ,,
Ngách 252/21 Đường Đại Mỗ - Tây Mỗ,Đại Mỗ,Tây Mỗ,,
Ngách 252/59 Đường Đại Mỗ - Tây Mỗ,Đại Mỗ,Tây Mỗ,,
Ngách 274/40 Đường Đại Mỗ - Tây Mỗ,Đại Mỗ,Tây Mỗ,,
Ngách 274/50 Đường Đại Mỗ - Tây Mỗ,Đại Mỗ,Tây Mỗ,,
Ngách 299/15 Đường Đại Mỗ - Tây Mỗ,Đại Mỗ,Tây Mỗ,,
Ngách 299/30 Đường Đại Mỗ - Tây Mỗ,Đại Mỗ,Tây Mỗ,,
Ngách 328/25 Đường Đại Mỗ - Tây Mỗ,Đại Mỗ,Tây Mỗ,,
Ngách 371/11 Đường Đại Mỗ - Tây Mỗ,Đại Mỗ,Tây Mỗ,,
Ngách 371/21 Đường Đại Mỗ - Tây Mỗ,Đại Mỗ,Tây Mỗ,,
Ngách 371/23 Đường Đại Mỗ - Tây Mỗ,Đại Mỗ,Tây Mỗ,,
Ngách 371/24 Đường Đại Mỗ - Tây Mỗ,Đại Mỗ,Tây Mỗ,,
Ngách 371/44 Đường Đại Mỗ - Tây Mỗ,Đại Mỗ,Tây Mỗ,,
Ngách 371/53 Đường Đại Mỗ - Tây Mỗ,Đại Mỗ,Tây Mỗ,,
Ngách 371/58 Đường Đại Mỗ - Tây Mỗ,Đại Mỗ,Tây Mỗ,,
Ngách 371/59 Đường Đại Mỗ - Tây Mỗ,Đại Mỗ,Tây Mỗ,,
Ngách 371/90 Đường Đại Mỗ - Tây Mỗ,Đại Mỗ,Tây Mỗ,,
Ngách 437/10 Đường Đại Mỗ - Tây Mỗ,Đại Mỗ,Tây Mỗ,,
Ngách 437/11 Đường Đại Mỗ - Tây Mỗ,Đại Mỗ,Tây Mỗ,,
Ngách 437/6 Đường Đại Mỗ - Tây Mỗ,Đại Mỗ,Tây Mỗ,,
Ngách 437/7 Đường Đại Mỗ - Tây Mỗ,Đại Mỗ,Tây Mỗ,,
Ngách 470/8 Đường Đại Mỗ - Tây Mỗ,Đại Mỗ,Tây Mỗ,,
Ngách 509/19 Đường Đại Mỗ - Tây Mỗ,Đại Mỗ,Tây Mỗ,,
Ngách 509/24 Đường Đại Mỗ - Tây Mỗ,Đại Mỗ,Tây Mỗ,,
Ngách 509/32 Đường Đại Mỗ - Tây Mỗ,Đại Mỗ,Tây Mỗ,,
Ngách 509/41 Đường Đại Mỗ - Tây Mỗ,Đại Mỗ,Tây Mỗ,,
Ngách 509/63 Đường Đại Mỗ - Tây Mỗ,Đại Mỗ,Tây Mỗ,,
Ngách 509/69 Đường Đại Mỗ - Tây Mỗ,Đại Mỗ,Tây Mỗ,,
Ngách 512/3 Đường Đại Mỗ - Tây Mỗ,Đại Mỗ,Tây Mỗ,,
Ngõ 169 Đường Đại Mỗ - Tây Mỗ,Đại Mỗ,Tây Mỗ,,
Ngõ 196 Đường Đại Mỗ - Tây Mỗ,Đại Mỗ,Tây Mỗ,,
Ngõ 223 Đường Đại Mỗ - Tây Mỗ,Đại Mỗ,Tây Mỗ,,
Ngõ 252 Đường Đại Mỗ - Tây Mỗ,Đại Mỗ,Tây Mỗ,,
Ngõ 273 Đường Đại Mỗ - Tây Mỗ,Đại Mỗ,Tây Mỗ,,
Ngõ 274 Đường Đại Mỗ - Tây Mỗ,Đại Mỗ,Tây Mỗ,,
Ngõ 299 Đường Đại Mỗ - Tây Mỗ,Đại Mỗ,Tây Mỗ,,
Ngõ 323 Đường Đại Mỗ - Tây Mỗ,Đại Mỗ,Tây Mỗ,,
Ngõ 328 Đường Đại Mỗ - Tây Mỗ,Đại Mỗ,Tây Mỗ,,
Ngõ 330 Đường Đại Mỗ - Tây Mỗ,Đại Mỗ,Tây Mỗ,,
Ngõ 339 Đường Đại Mỗ - Tây Mỗ,Đại Mỗ,Tây Mỗ,,
Ngõ 342 Đường Đại Mỗ - Tây Mỗ,Đại Mỗ,Tây Mỗ,,
Ngõ 347 Đường Đại Mỗ - Tây Mỗ,Đại Mỗ,Tây Mỗ,,
Ngõ 356 Đường Đại Mỗ - Tây Mỗ,Đại Mỗ,Tây Mỗ,,
Ngõ 357 Đường Đại Mỗ - Tây Mỗ,Đại Mỗ,Tây Mỗ,,
Ngõ 371 Đường Đại Mỗ - Tây Mỗ,Đại Mỗ,Tây Mỗ,,
Ngõ 432 Đường Đại Mỗ - Tây Mỗ,Đại Mỗ,Tây Mỗ,,
Ngõ 437 Đường Đại Mỗ - Tây Mỗ,Đại Mỗ,Tây Mỗ,,
Ngõ 450 Đường Đại Mỗ - Tây Mỗ,Đại Mỗ,Tây Mỗ,,
Ngõ 470 Đường Đại Mỗ - Tây Mỗ,Đại Mỗ,Tây Mỗ,,
Ngõ 478 Đường Đại Mỗ - Tây Mỗ,Đại Mỗ,Tây Mỗ,,
Ngõ 490 Đường Đại Mỗ - Tây Mỗ,Đại Mỗ,Tây Mỗ,,
Ngõ 509 Đường Đại Mỗ - Tây Mỗ,Đại Mỗ,Tây Mỗ,,
Ngõ 512 Đường Đại Mỗ - Tây Mỗ,Đại Mỗ,Tây Mỗ,,
Đại Việt 2 - Tây Mỗ,Đại Việt,Tây Mỗ,,
Đại Việt 3 - Tây Mỗ,Đại Việt,Tây Mỗ,,
Đại Việt 4 - Tây Mỗ,Đại Việt,Tây Mỗ,,
Đường Đại Việt - Tây Mỗ,Đại Việt,Tây Mỗ,,
Ngõ 9 Phố Đại Việt - Tây Mỗ,Đại Việt,Tây Mỗ,,
Đường Hoàng Tùng - Tây Mỗ,Hoàng Tùng,Tây Mỗ,,
Hẻm 159/6/2 Đường Hữu Hưng - Tây Mỗ,Hữu Hưng,Tây Mỗ,,
Hẻm 342/1/2 Đường Hữu Hưng - Tây Mỗ,Hữu Hưng,Tây Mỗ,,
Ngách 159/1 Đường Hữu Hưng - Tây Mỗ,Hữu Hưng,Tây Mỗ,,
Ngách 159/15 Đường Hữu Hưng - Tây Mỗ,Hữu Hưng,Tây Mỗ,,
Ngách 159/25 Đường Hữu Hưng - Tây Mỗ,Hữu Hưng,Tây Mỗ,,
Ngách 159/6 Đường Hữu Hưng - Tây Mỗ,Hữu Hưng,Tây Mỗ,,
Ngách 175/38 Đường Hữu Hưng - Tây Mỗ,Hữu Hưng,Tây Mỗ,,
Ngách 74/22 Đường Hữu Hưng - Tây Mỗ,Hữu Hưng,Tây Mỗ,,
Ngách 74/28 Phố Hữu Hưng - Tây Mỗ,Hữu Hưng,Tây Mỗ,,
Ngách 74/46 Đường Hữu Hưng - Tây Mỗ,Hữu Hưng,Tây Mỗ,,
Ngách 74/54 Đường Hữu Hưng - Tây Mỗ,Hữu Hưng,Tây Mỗ,,
Ngách 74/62 Đường Hữu Hưng - Tây Mỗ,Hữu Hưng,Tây Mỗ,,
Ngách 74/79 Đường Hữu Hưng - Tây Mỗ,Hữu Hưng,Tây Mỗ,,
Ngách 83/10 Đường Hữu Hưng - Tây Mỗ,Hữu Hưng,Tây Mỗ,,
Ngõ 107 Đường Hữu Hưng - Tây Mỗ,Hữu Hưng,Tây Mỗ,,
Ngõ 116 Phố Hữu Hưng - Tây Mỗ,Hữu Hưng,Tây Mỗ,,
Ngõ 140 Phố Hữu Hưng - Tây Mỗ,Hữu Hưng,Tây Mỗ,,
Ngõ 159 Đường Hữu Hưng - Tây Mỗ,Hữu Hưng,Tây Mỗ,,
Ngõ 159 Phố Hữu Hưng - Tây Mỗ,Hữu Hưng,Tây Mỗ,,
Ngõ 164 Phố Hữu Hưng - Tây Mỗ,Hữu Hưng,Tây Mỗ,,
Ngõ 175 Phố Hữu Hưng - Tây Mỗ,Hữu Hưng,Tây Mỗ,,
Ngõ 203 Đường Hữu Hưng - Tây Mỗ,Hữu Hưng,Tây Mỗ,,
Ngõ 242 Phố Hữu Hưng - Tây Mỗ,Hữu Hưng,Tây Mỗ,,
Ngõ 272 Đường Hữu Hưng - Tây Mỗ,Hữu Hưng,Tây Mỗ,,
Ngõ 324 Đường Hữu Hưng - Tây Mỗ,Hữu Hưng,Tây Mỗ,,
Ngõ 54 Phố Hữu Hưng - Tây Mỗ,Hữu Hưng,Tây Mỗ,,
Ngõ 74 Đường Hữu Hưng - Tây Mỗ,Hữu Hưng,Tây Mỗ,,
Ngõ 83 Đường Hữu Hưng - Tây Mỗ,Hữu Hưng,Tây Mỗ,,
Ngõ 83 Phố Hữu Hưng - Tây Mỗ,Hữu Hưng,Tây Mỗ,,
Ngõ 86 Phố Hữu Hưng - Tây Mỗ,Hữu Hưng,Tây Mỗ,,
Đường Quang Tiến - Tây Mỗ,Quang Tiến,Tây Mỗ,,
Đường Quang Tiến 2 - Tây Mỗ,Quang Tiến,Tây Mỗ,,
Hẻm 167/31/31 Đường Quang Tiến - Tây Mỗ,Quang Tiến,Tây Mỗ,,
Hẻm 167/31/31A Đường Quang Tiến - Tây Mỗ,Quang Tiến,Tây Mỗ,,
Hẻm 167/31/35 Đường Quang Tiến - Tây Mỗ,Quang Tiến,Tây Mỗ,,
Hẻm 167/53/6 Đường Quang Tiến - Tây Mỗ,Quang Tiến,Tây Mỗ,,
Hẻm 51/2/17 Đường Quang Tiến - Tây Mỗ,Quang Tiến,Tây Mỗ,,
Ngách 117/1 Đường Quang Tiến - Tây Mỗ,Quang Tiến,Tây Mỗ,,
Ngách 167/2 Đường Quang Tiến - Tây Mỗ,Quang Tiến,Tây Mỗ,,
Ngách 167/31 Đường Quang Tiến - Tây Mỗ,Quang Tiến,Tây Mỗ,,
Ngách 167/43 Đường Quang Tiến - Tây Mỗ,Quang Tiến,Tây Mỗ,,
Ngách 167/45 Đường Quang Tiến - Tây Mỗ,Quang Tiến,Tây Mỗ,,
Ngách 167/5 Đường Quang Tiến - Tây Mỗ,Quang Tiến,Tây Mỗ,,
Ngách 167/53 Đường Quang Tiến - Tây Mỗ,Quang Tiến,Tây Mỗ,,
Ngách 167/75 Đường Quang Tiến - Tây Mỗ,Quang Tiến,Tây Mỗ,,
Ngách 167/87 Đường Quang Tiến - Tây Mỗ,Quang Tiến,Tây Mỗ,,
Ngách 167/91 Đường Quang Tiến - Tây Mỗ,Quang Tiến,Tây Mỗ,,
Ngách 25/49 Quang Tiến - Tây Mỗ,Quang Tiến,Tây Mỗ,,
Ngách 25/76 Đường Quang Tiến - Tây Mỗ,Quang Tiến,Tây Mỗ,,
Ngách 51/2 Đường Quang Tiến - Tây Mỗ,Quang Tiến,Tây Mỗ,,
Ngách 51/29 Đường Quang Tiến - Tây Mỗ,Quang Tiến,Tây Mỗ,,
Ngách 53/8 Đường Quang Tiến - Tây Mỗ,Quang Tiến,Tây Mỗ,,
Ngách 82/C1 Đường Quang Tiến - Tây Mỗ,Quang Tiến,Tây Mỗ,,
Ngách 82/C2 Đường Quang Tiến - Tây Mỗ,Quang Tiến,Tây Mỗ,,
Ngách 85/25 Đường Quang Tiến - Tây Mỗ,Quang Tiến,Tây Mỗ,,
Ngõ 105 Đường Quang Tiến - Tây Mỗ,Quang Tiến,Tây Mỗ,,
Ngõ 114 Quang Tiến - Tây Mỗ,Quang Tiến,Tây Mỗ,,
Ngõ 115 Đường Quang Tiến - Tây Mỗ,Quang Tiến,Tây Mỗ,,
Ngõ 117 Đường Quang Tiến - Tây Mỗ,Quang Tiến,Tây Mỗ,,
Ngõ 125 Đường Quang Tiến - Tây Mỗ,Quang Tiến,Tây Mỗ,,
Ngõ 126 Đường Quang Tiến - Tây Mỗ,Quang Tiến,Tây Mỗ,,
Ngõ 133 Đường Quang Tiến - Tây Mỗ,Quang Tiến,Tây Mỗ,,
Ngõ 135 Đường Quang Tiến - Tây Mỗ,Quang Tiến,Tây Mỗ,,
Ngõ 149 Đường Quang Tiến - Tây Mỗ,Quang Tiến,Tây Mỗ,,
Ngõ 167 Đường Quang Tiến - Tây Mỗ,Quang Tiến,Tây Mỗ,,
Ngõ 169 Đường Quang Tiến - Tây Mỗ,Quang Tiến,Tây Mỗ,,
Ngõ 25 Đường Quang Tiến - Tây Mỗ,Quang Tiến,Tây Mỗ,,
Ngõ 45 Đường Quang Tiến - Tây Mỗ,Quang Tiến,Tây Mỗ,,
Ngõ 51 Đường Quang Tiến - Tây Mỗ,Quang Tiến,Tây Mỗ,,
Ngõ 52 Đường Quang Tiến - Tây Mỗ,Quang Tiến,Tây Mỗ,,
Ngõ 53 Đường Quang Tiến - Tây Mỗ,Quang Tiến,Tây Mỗ,,
Ngõ 55 Đường Quang Tiến - Tây Mỗ,Quang Tiến,Tây Mỗ,,
Ngõ 73 Đường Quang Tiến - Tây Mỗ,Quang Tiến,Tây Mỗ,,
Ngõ 78 Đường Quang Tiến - Tây Mỗ,Quang Tiến,Tây Mỗ,,
Ngõ 8 Đường Quang Tiến - Tây Mỗ,Quang Tiến,Tây Mỗ,,
Ngõ 80 Đường Quang Tiến - Tây Mỗ,Quang Tiến,Tây Mỗ,,
Ngõ 82 Đường Quang Tiến - Tây Mỗ,Quang Tiến,Tây Mỗ,,
Ngõ 83 Đường Quang Tiến - Tây Mỗ,Quang Tiến,Tây Mỗ,,
Ngõ 84 Đường Quang Tiến - Tây Mỗ,Quang Tiến,Tây Mỗ,,
Ngõ 90 Đường Quang Tiến - Tây Mỗ,Quang Tiến,Tây Mỗ,,
Ngõ 91 Đường Quang Tiến - Tây Mỗ,Quang Tiến,Tây Mỗ,,
Cầu Vượt Tây Mỗ - Tây Mỗ,Tây Mỗ,Tây Mỗ,,
Đường Tây Mỗ - Tây Mỗ,Tây Mỗ,Tây Mỗ,,
Hẻm 121/17/11 Đường Tây Mỗ - Tây Mỗ,Tây Mỗ,Tây Mỗ,,
Hẻm 121/35/2 Đường Tây Mỗ - Tây Mỗ,Tây Mỗ,Tây Mỗ,,
Hẻm 121/39/1 Đường Tây Mỗ - Tây Mỗ,Tây Mỗ,Tây Mỗ,,
Hẻm 121/39/47 Đường Tây Mỗ - Tây Mỗ,Tây Mỗ,Tây Mỗ,,
Hẻm 15/31/7 Đường Tây Mỗ - Tây Mỗ,Tây Mỗ,Tây Mỗ,,
Hẻm 180/92/44 Đường Tây Mỗ - Tây Mỗ,Tây Mỗ,Tây Mỗ,,
Hẻm 2/73/71/27 Đường Tây Mỗ - Tây Mỗ,Tây Mỗ,Tây Mỗ,,
Hẻm 27/40/1 Đường Tây Mỗ - Tây Mỗ,Tây Mỗ,Tây Mỗ,,
Hẻm 27/40/2 Đường Tây Mỗ - Tây Mỗ,Tây Mỗ,Tây Mỗ,,
Hẻm 27/41/20 Đường Tây Mỗ - Tây Mỗ,Tây Mỗ,Tây Mỗ,,
Hẻm 27/41/7 Đường Tây Mỗ - Tây Mỗ,Tây Mỗ,Tây Mỗ,,
Hẻm 27/41/9 Đường Tây Mỗ - Tây Mỗ,Tây Mỗ,Tây Mỗ,,
Hẻm 27/54/15 Đường Tây Mỗ - Tây Mỗ,Tây Mỗ,Tây Mỗ,,
Hẻm 27/54/53 Đường Tây Mỗ - Tây Mỗ,Tây Mỗ,Tây Mỗ,,
Hẻm 27/56/12 Đường Tây Mỗ - Tây Mỗ,Tây Mỗ,Tây Mỗ,,
Hẻm 27/56/16 Đường Tây Mỗ - Tây Mỗ,Tây Mỗ,Tây Mỗ,,
Hẻm 27/56/26 Đường Tây Mỗ - Tây Mỗ,Tây Mỗ,Tây Mỗ,,
Hẻm 27/56/30 Đường Tây Mỗ - Tây Mỗ,Tây Mỗ,Tây Mỗ,,
Hẻm 27/71/49 Đường Tây Mỗ - Tây Mỗ,Tây Mỗ,Tây Mỗ,,
Hẻm 27/71/55 Đường Tây Mỗ - Tây Mỗ,Tây Mỗ,Tây Mỗ,,
Hẻm 27/71/73 Đường Tây Mỗ - Tây Mỗ,Tây Mỗ,Tây Mỗ,,
Hẻm 27/71/78 Đường Tây Mỗ - Tây Mỗ,Tây Mỗ,Tây Mỗ,,
Hẻm 27/9/22 Đường Tây Mỗ - Tây Mỗ,Tây Mỗ,Tây Mỗ,,
Hẻm 27/9/27 Đường Tây Mỗ - Tây Mỗ,Tây Mỗ,Tây Mỗ,,
Hẻm 27/9/28 Đường Tây Mỗ - Tây Mỗ,Tây Mỗ,Tây Mỗ,,
Hẻm 27/9/32 Đường Tây Mỗ - Tây Mỗ,Tây Mỗ,Tây Mỗ,,
Hẻm 27/9/34 Đường Tây Mỗ - Tây Mỗ,Tây Mỗ,Tây Mỗ,,
Hẻm 27/9/42 Đường Tây Mỗ - Tây Mỗ,Tây Mỗ,Tây Mỗ,,
Hẻm 27/9/49 Đường Tây Mỗ - Tây Mỗ,Tây Mỗ,Tây Mỗ,,
Hẻm 27/9/50/8 Đường Tây Mỗ - Tây Mỗ,Tây Mỗ,Tây Mỗ,,
Hẻm 27/9/8 Đường Tây Mỗ - Tây Mỗ,Tây Mỗ,Tây Mỗ,,
Hẻm 72/52/2 Phố Tây Mỗ - Tây Mỗ,Tây Mỗ,Tây Mỗ,,
Ngách 1/1 Đường Tây Mỗ - Tây Mỗ,Tây Mỗ,Tây Mỗ,,
Ngách 116/23 Đường Tây Mỗ - Tây Mỗ,Tây Mỗ,Tây Mỗ,,
Ngách 121/119 Đường Tây Mỗ - Tây Mỗ,Tây Mỗ,Tây Mỗ,,
Ngách 121/17 Đường Tây Mỗ - Tây Mỗ,Tây Mỗ,Tây Mỗ,,
Ngách 121/23 Đường Tây Mỗ - Tây Mỗ,Tây Mỗ,Tây Mỗ,,
Ngách 121/33 Đường Tây Mỗ - Tây Mỗ,Tây Mỗ,Tây Mỗ,,
Ngách 121/35 Đường Tây Mỗ - Tây Mỗ,Tây Mỗ,Tây Mỗ,,
Ngách 121/39 Đường Tây Mỗ - Tây Mỗ,Tây Mỗ,Tây Mỗ,,
Ngách 121/42 Đường Tây Mỗ - Tây Mỗ,Tây Mỗ,Tây Mỗ,,
Ngách 121/51 Đường Tây Mỗ - Tây Mỗ,Tây Mỗ,Tây Mỗ,,
Ngách 121/69 Đường Tây Mỗ - Tây Mỗ,Tây Mỗ,Tây Mỗ,,
Ngách 121/8 Đường Tây Mỗ - Tây Mỗ,Tây Mỗ,Tây Mỗ,,
Ngách 121/9 Đường Tây Mỗ - Tây Mỗ,Tây Mỗ,Tây Mỗ,,
Ngách 15/27 Đường Tây Mỗ - Tây Mỗ,Tây Mỗ,Tây Mỗ,,
Ngách 15/3 Đường Tây Mỗ - Tây Mỗ,Tây Mỗ,Tây Mỗ,,
Ngách 15/31 Đường Tây Mỗ - Tây Mỗ,Tây Mỗ,Tây Mỗ,,
Ngách 15/9 Đường Tây Mỗ - Tây Mỗ,Tây Mỗ,Tây Mỗ,,
Ngách 180/25 Đường Tây Mỗ - Tây Mỗ,Tây Mỗ,Tây Mỗ,,
Ngách 180/34 Đường Tây Mỗ - Tây Mỗ,Tây Mỗ,Tây Mỗ,,
Ngách 180/38 Đường Tây Mỗ - Tây Mỗ,Tây Mỗ,Tây Mỗ,,
Ngách 180/43 Đường Tây Mỗ - Tây Mỗ,Tây Mỗ,Tây Mỗ,,
Ngách 180/48 Đường Tây Mỗ - Tây Mỗ,Tây Mỗ,Tây Mỗ,,
Ngách 180/53 Đường Tây Mỗ - Tây Mỗ,Tây Mỗ,Tây Mỗ,,
Ngách 180/56 Đường Tây Mỗ - Tây Mỗ,Tây Mỗ,Tây Mỗ,,
Ngách 180/61 Đường Tây Mỗ - Tây Mỗ,Tây Mỗ,Tây Mỗ,,
Ngách 180/72 Đường Tây Mỗ - Tây Mỗ,Tây Mỗ,Tây Mỗ,,
Ngách 180/73 Đường Tây Mỗ - Tây Mỗ,Tây Mỗ,Tây Mỗ,,
Ngách 180/80 Đường Tây Mỗ - Tây Mỗ,Tây Mỗ,Tây Mỗ,,
Ngách 180/92 Đường Tây Mỗ - Tây Mỗ,Tây Mỗ,Tây Mỗ,,
Ngách 203/42 Đường Tây Mỗ - Tây Mỗ,Tây Mỗ,Tây Mỗ,,
Ngách 242/3 Đường Tây Mỗ - Tây Mỗ,Tây Mỗ,Tây Mỗ,,
Ngách 27/40 Đường Tây Mỗ - Tây Mỗ,Tây Mỗ,Tây Mỗ,,
Ngách 27/41 Đường Tây Mỗ - Tây Mỗ,Tây Mỗ,Tây Mỗ,,
Ngách 27/54 Đường Tây Mỗ - Tây Mỗ,Tây Mỗ,Tây Mỗ,,
Ngách 27/54A Đường Tây Mỗ - Tây Mỗ,Tây Mỗ,Tây Mỗ,,
Ngách 27/71 Đường Tây Mỗ - Tây Mỗ,Tây Mỗ,Tây Mỗ,,
Ngách 27/9 Đường Tây Mỗ - Tây Mỗ,Tây Mỗ,Tây Mỗ,,
Ngách 292/1 Đường Tây Mỗ - Tây Mỗ,Tây Mỗ,Tây Mỗ,,
Ngách 328/19 Đường Tây Mỗ - Tây Mỗ,Tây Mỗ,Tây Mỗ,,
Ngách 328/25 Đường Tây Mỗ - Tây Mỗ,Tây Mỗ,Tây Mỗ,,
Ngách 328/3 Đường Tây Mỗ - Tây Mỗ,Tây Mỗ,Tây Mỗ,,
Ngách 328/9 Đường Tây Mỗ - Tây Mỗ,Tây Mỗ,Tây Mỗ,,
Ngách 72/52 Đường Tây Mỗ - Tây Mỗ,Tây Mỗ,Tây Mỗ,,
Ngách 72/60 Đường Tây Mỗ - Tây Mỗ,Tây Mỗ,Tây Mỗ,,
Ngõ 1 Đường Tây Mỗ - Tây Mỗ,Tây Mỗ,Tây Mỗ,,
Ngõ 116 Đường Tây Mỗ - Tây Mỗ,Tây Mỗ,Tây Mỗ,,
Ngõ 121 Đường Tây Mỗ - Tây Mỗ,Tây Mỗ,Tây Mỗ,,
Ngõ 15 Đường Tây Mỗ - Tây Mỗ,Tây Mỗ,Tây Mỗ,,
Ngõ 160 Đường Tây Mỗ - Tây Mỗ,Tây Mỗ,Tây Mỗ,,
Ngõ 180 Đường Tây Mỗ - Tây Mỗ,Tây Mỗ,Tây Mỗ,,
Ngõ 203 Đường Tây Mỗ - Tây Mỗ,Tây Mỗ,Tây Mỗ,,
Ngõ 22 Đường Tây Mỗ - Tây Mỗ,Tây Mỗ,Tây Mỗ,,
Ngõ 230 Đường Tây Mỗ - Tây Mỗ,Tây Mỗ,Tây Mỗ,,
Ngõ 242 Đường Tây Mỗ - Tây Mỗ,Tây Mỗ,Tây Mỗ,,
Ngõ 27 Đường Tây Mỗ - Tây Mỗ,Tây Mỗ,Tây Mỗ,,
Ngõ 292 Đường Tây Mỗ - Tây Mỗ,Tây Mỗ,Tây Mỗ,,
Ngõ 328 Đường Tây Mỗ - Tây Mỗ,Tây Mỗ,Tây Mỗ,,
Ngõ 34 Đường Tây Mỗ - Tây Mỗ,Tây Mỗ,Tây Mỗ,,
Ngõ 61 Đường Tây Mỗ - Tây Mỗ,Tây Mỗ,Tây Mỗ,,
Ngõ 72 Đường Tây Mỗ - Tây Mỗ,Tây Mỗ,Tây Mỗ,,
Ngõ 8 Đường Tây Mỗ - Tây Mỗ,Tây Mỗ,Tây Mỗ,,
Ngõ 89 Đường Tây Mỗ - Tây Mỗ,Tây Mỗ,Tây Mỗ,,
Đại Lộ Thăng Long - Tây Mỗ,Thăng Long,Tây Mỗ,,
Đại Lộ Thăng Long (Láng - Hoà Lạc) - Tây Mỗ,Thăng Long,Tây Mỗ,,
Thiên Phúc - Tây Mỗ,Thiên Phúc,Tây Mỗ,,
Đường Văn Lang - Tây Mỗ,Văn Lang,Tây Mỗ,,
Văn Lang 2 - Tây Mỗ,Văn Lang,Tây Mỗ,,
Văn Lang 4 - Tây Mỗ,Văn Lang,Tây Mỗ,,
Đường Vạn Xuân - Tây Mỗ,Vạn Xuân,Tây Mỗ,,
"Đường Đại Mỗ - Tây Mỗ, Đại Mỗ",Đại Mỗ,"Tây Mỗ, Đại Mỗ",,
"Ngõ 169 Đường Đại Mỗ - Tây Mỗ, Đại Mỗ",Đại Mỗ,"Tây Mỗ, Đại Mỗ",,
"Ngõ 196 Đường Đại Mỗ - Tây Mỗ, Đại Mỗ",Đại Mỗ,"Tây Mỗ, Đại Mỗ",,
"Phố Sa Đôi - Tây Mỗ, Đại Mỗ",Sa Đôi,"Tây Mỗ, Đại Mỗ",,
"Đại Lộ Thăng Long - Tây Mỗ, Đại Mỗ",Thăng Long,"Tây Mỗ, Đại Mỗ",,
"Đại Lộ Thăng Long (Láng - Hoà Lạc) - Tây Mỗ, Đại Mỗ",Thăng Long,"Tây Mỗ, Đại Mỗ",,
"Cầu Vượt Tây Mỗ - Tây Mỗ, Xuân Phương",Tây Mỗ,"Tây Mỗ, Xuân Phương",,
Đường Cầu Diễn - Tây Tựu,Cầu Diễn,Tây Tựu,,
Hẻm 132/52/1 Đường Cầu Diễn - Tây Tựu,Cầu Diễn,Tây Tựu,,
Hẻm 136/64/12 Đường Cầu Diễn - Tây Tựu,Cầu Diễn,Tây Tựu,,
Hẻm 136/88/9 Đường Cầu Diễn - Tây Tựu,Cầu Diễn,Tây Tựu,,
Ngách 132/12 Đường Cầu Diễn - Tây Tựu,Cầu Diễn,Tây Tựu,,
Ngách 132/34 Đường Cầu Diễn - Tây Tựu,Cầu Diễn,Tây Tựu,,
Ngách 132/49 Đường Cầu Diễn - Tây Tựu,Cầu Diễn,Tây Tựu,,
Ngách 132/52 Đường Cầu Diễn - Tây Tựu,Cầu Diễn,Tây Tựu,,
Ngách 132/78 Đường Cầu Diễn - Tây Tựu,Cầu Diễn,Tây Tựu,,
Ngách 132/82 Đường Cầu Diễn - Tây Tựu,Cầu Diễn,Tây Tựu,,
Ngách 132/85 Đường Cầu Diễn - Tây Tựu,Cầu Diễn,Tây Tựu,,
Ngách 132/86 Đường Cầu Diễn - Tây Tựu,Cầu Diễn,Tây Tựu,,
Ngách 134/22 Đường Cầu Diễn - Tây Tựu,Cầu Diễn,Tây Tựu,,
Ngách 134/38 Đường Cầu Diễn - Tây Tựu,Cầu Diễn,Tây Tựu,,
Ngách 136/11 Đường Cầu Diễn - Tây Tựu,Cầu Diễn,Tây Tựu,,
Ngách 136/15 Đường Cầu Diễn - Tây Tựu,Cầu Diễn,Tây Tựu,,
Ngách 138/64 Đường Cầu Diễn - Tây Tựu,Cầu Diễn,Tây Tựu,,
Ngách 162/87 Đường Cầu Diễn - Tây Tựu,Cầu Diễn,Tây Tựu,,
Ngõ 132 Đường Cầu Diễn - Tây Tựu,Cầu Diễn,Tây Tựu,,
Ngõ 132+134 Đường Cầu Diễn - Tây Tựu,Cầu Diễn,Tây Tựu,,
Ngõ 134 Đường Cầu Diễn - Tây Tựu,Cầu Diễn,Tây Tựu,,
Ngõ 136 Đường Cầu Diễn - Tây Tựu,Cầu Diễn,Tây Tựu,,
Ngõ 296 Đường Cầu Diễn - Tây Tựu,Cầu Diễn,Tây Tựu,,
Cầu Đăm - Tây Tựu,Đăm,Tây Tựu,,
Phố Đăm - Tây Tựu,Đăm,Tây Tựu,,
Đường Đông Kiều - Tây Tựu,Đông Kiều,Tây Tựu,,
Hẻm 53/59/50 Phố Ngoạ Long - Tây Tựu,Ngoạ Long,Tây Tựu,,
Ngách 5/12 Phố Ngoạ Long - Tây Tựu,Ngoạ Long,Tây Tựu,,
Ngách 51/6 Phố Ngoạ Long - Tây Tựu,Ngoạ Long,Tây Tựu,,
"Ngách 52/59 Phố Ngoạ Long, Ngoạ Long 2 - Tây Tựu",Ngoạ Long,Tây Tựu,,
Ngách 53/39 Phố Ngoạ Long - Tây Tựu,Ngoạ Long,Tây Tựu,,
Ngách 53/45 Phố Ngoạ Long - Tây Tựu,Ngoạ Long,Tây Tựu,,
Ngách 53/59 Phố Ngoạ Long - Tây Tựu,Ngoạ Long,Tây Tựu,,
Ngõ 1 Phố Ngoạ Long - Tây Tựu,Ngoạ Long,Tây Tựu,,
Ngõ 5 Phố Ngoạ Long - Tây Tựu,Ngoạ Long,Tây Tựu,,
Ngõ 51 Phố Ngoạ Long - Tây Tựu,Ngoạ Long,Tây Tựu,,
Ngõ 53 Phố Ngoạ Long - Tây Tựu,Ngoạ Long,Tây Tựu,,
Phố Ngoạ Long - Tây Tựu,Ngoạ Long,Tây Tựu,,
Ngách 112/10 Phố Nguyên Xá - Tây Tựu,Nguyên Xá,Tây Tựu,,
Ngách 112/29 Phố Nguyên Xá - Tây Tựu,Nguyên Xá,Tây Tựu,,
Ngách 112/3 Phố Nguyên Xá - Tây Tựu,Nguyên Xá,Tây Tựu,,
Ngõ 11 Phố Nguyên Xá - Tây Tựu,Nguyên Xá,Tây Tựu,,
Ngõ 2 Phố Nguyên Xá - Tây Tựu,Nguyên Xá,Tây Tựu,,
Ngõ 60 Phố Nguyên Xá - Tây Tựu,Nguyên Xá,Tây Tựu,,
Ngõ 7 Phố Nguyên Xá - Tây Tựu,Nguyên Xá,Tây Tựu,,
Ngõ 87 Phố Nguyên Xá - Tây Tựu,Nguyên Xá,Tây Tựu,,
Ngõ 92 Phố Nguyên Xá - Tây Tựu,Nguyên Xá,Tây Tựu,,
Phố Nguyên Xá - Tây Tựu,Nguyên Xá,Tây Tựu,,
Ngõ 30 Phố Nhổn - Tây Tựu,Nhổn,Tây Tựu,,
Ngõ 68 Phố Nhổn - Tây Tựu,Nhổn,Tây Tựu,,
Phố Nhổn - Tây Tựu,Nhổn,Tây Tựu,,
Đường Phú Minh - Tây Tựu,Phú Minh,Tây Tựu,,
Hẻm 20/1/11 Đường Phú Minh - Tây Tựu,Phú Minh,Tây Tựu,,
Hẻm 20/125/27 Đường Phú Minh - Tây Tựu,Phú Minh,Tây Tựu,,
Hẻm 20/41/17 Đường Phú Minh - Tây Tựu,Phú Minh,Tây Tựu,,
Hẻm 20/41/57 Đường Phú Minh - Tây Tựu,Phú Minh,Tây Tựu,,
Hẻm 20/43/25 Đường Phú Minh - Tây Tựu,Phú Minh,Tây Tựu,,
Hẻm 25/106/10 Đường Phú Minh - Tây Tựu,Phú Minh,Tây Tựu,,
Hẻm 25/106/10/6 Đường Phú Minh - Tây Tựu,Phú Minh,Tây Tựu,,
Ngách 20/10 Đường Phú Minh - Tây Tựu,Phú Minh,Tây Tựu,,
Ngách 20/124 Đường Phú Minh - Tây Tựu,Phú Minh,Tây Tựu,,
Ngách 20/125 Đường Phú Minh - Tây Tựu,Phú Minh,Tây Tựu,,
Ngách 20/41A Đường Phú Minh - Tây Tựu,Phú Minh,Tây Tựu,,
Ngách 20/43 Đường Phú Minh - Tây Tựu,Phú Minh,Tây Tựu,,
Ngách 20/53 Đường Phú Minh - Tây Tựu,Phú Minh,Tây Tựu,,
Ngách 20/65 Đường Phú Minh - Tây Tựu,Phú Minh,Tây Tựu,,
Ngách 20/93 Đường Phú Minh - Tây Tựu,Phú Minh,Tây Tựu,,
Ngách 25/106 Đường Phú Minh - Tây Tựu,Phú Minh,Tây Tựu,,
Ngách 25/2 Đường Phú Minh - Tây Tựu,Phú Minh,Tây Tựu,,
Ngách 25/29 Đường Phú Minh - Tây Tựu,Phú Minh,Tây Tựu,,
Ngách 25/36 Đường Phú Minh - Tây Tựu,Phú Minh,Tây Tựu,,
Ngách 25/4 Đường Phú Minh - Tây Tựu,Phú Minh,Tây Tựu,,
Ngõ 20 Đường Phú Minh - Tây Tựu,Phú Minh,Tây Tựu,,
Ngõ 25 Đường Phú Minh - Tây Tựu,Phú Minh,Tây Tựu,,
Phố Phúc Đam - Tây Tựu,Phúc Đam,Tây Tựu,,
Phố Phúc Lý - Tây Tựu,Phúc Lý,Tây Tựu,,
Ngõ 124 Phố Tây Đam - Tây Tựu,Tây Đam,Tây Tựu,,
Ngõ 142 Phố Tây Đam - Tây Tựu,Tây Đam,Tây Tựu,,
Ngõ 52 Phố Tây Đam - Tây Tựu,Tây Đam,Tây Tựu,,
Ngõ 78 Phố Tây Đam - Tây Tựu,Tây Đam,Tây Tựu,,
Phố Tây Đam - Tây Tựu,Tây Đam,Tây Tựu,,
Đường Tây Tựu - Tây Tựu,Tây Tựu,Tây Tựu,,
Hẻm 54/2/33 Đường Tây Tựu - Tây Tựu,Tây Tựu,Tây Tựu,,
Ngách 119/21 Đường Tây Tựu - Tây Tựu,Tây Tựu,Tây Tựu,,
Ngách 119/5 Đường Tây Tựu - Tây Tựu,Tây Tựu,Tây Tựu,,
Ngách 160/48 Đường Tây Tựu - Tây Tựu,Tây Tựu,Tây Tựu,,
Ngách 160/99 Đường Tây Tựu - Tây Tựu,Tây Tựu,Tây Tựu,,
Ngách 163/44 Đường Tây Tựu - Tây Tựu,Tây Tựu,Tây Tựu,,
Ngách 168/29 Đường Tây Tựu - Tây Tựu,Tây Tựu,Tây Tựu,,
Ngách 192/36 Đường Tây Tựu - Tây Tựu,Tây Tựu,Tây Tựu,,
Ngách 192/40 Đường Tây Tựu - Tây Tựu,Tây Tựu,Tây Tựu,,
Ngách 54/30 Đường Tây Tựu - Tây Tựu,Tây Tựu,Tây Tựu,,
Ngách 54/35 Đường Tây Tựu - Tây Tựu,Tây Tựu,Tây Tựu,,
Ngách 54/56 Đường Tây Tựu - Tây Tựu,Tây Tựu,Tây Tựu,,
Ngách 54/65 Đường Tây Tựu - Tây Tựu,Tây Tựu,Tây Tựu,,
Ngách 54/69 Đường Tây Tựu - Tây Tựu,Tây Tựu,Tây Tựu,,
Ngách 87/26 Đường Tây Tựu - Tây Tựu,Tây Tựu,Tây Tựu,,
Ngách 87/5 Đường Tây Tựu - Tây Tựu,Tây Tựu,Tây Tựu,,
Ngõ 119 Phố Tây Tựu - Tây Tựu,Tây Tựu,Tây Tựu,,
Ngõ 136 Đường Tây Tựu - Tây Tựu,Tây Tựu,Tây Tựu,,
Ngõ 160 Đường Tây Tựu - Tây Tựu,Tây Tựu,Tây Tựu,,
Ngõ 160 Tây Tựu - Tây Tựu,Tây Tựu,Tây Tựu,,
Ngõ 163 Tây Tựu - Tây Tựu,Tây Tựu,Tây Tựu,,
Ngõ 192 Đường Tây Tựu - Tây Tựu,Tây Tựu,Tây Tựu,,
Ngõ 54 Đường Tây Tựu - Tây Tựu,Tây Tựu,Tây Tựu,,
Ngõ 59 59A Tây Tựu - Tây Tựu,Tây Tựu,Tây Tựu,,
Ngõ 59 Phố Tây Tựu - Tây Tựu,Tây Tựu,Tây Tựu,,
Ngõ 59A Tây Tựu - Tây Tựu,Tây Tựu,Tây Tựu,,
Ngõ 60 Đường Tây Tựu - Tây Tựu,Tây Tựu,Tây Tựu,,
Ngõ 87 Đường Tây Tựu - Tây Tựu,Tây Tựu,Tây Tựu,,
Ngách 121/35 Phố Trung Kiên - Tây Tựu,Trung Kiên,Tây Tựu,,
Ngách 149/18 Phố Trung Kiên - Tây Tựu,Trung Kiên,Tây Tựu,,
Ngách 149/9 Phố Trung Kiên - Tây Tựu,Trung Kiên,Tây Tựu,,
Ngách 151/22 Phố Trung Kiên - Tây Tựu,Trung Kiên,Tây Tựu,,
Ngách 158/41 Phố Trung Kiên - Tây Tựu,Trung Kiên,Tây Tựu,,
Ngách 197/12 Phố Trung Kiên - Tây Tựu,Trung Kiên,Tây Tựu,,
Ngách 29/1 Phố Trung Kiên - Tây Tựu,Trung Kiên,Tây Tựu,,
Ngách 36/24 Phố Trung Kiên - Tây Tựu,Trung Kiên,Tây Tựu,,
Ngách 41/22 Phố Trung Kiên - Tây Tựu,Trung Kiên,Tây Tựu,,
Ngách 70/85 Phố Trung Kiên - Tây Tựu,Trung Kiên,Tây Tựu,,
Ngách 85/28 Phố Trung Kiên - Tây Tựu,Trung Kiên,Tây Tựu,,
Ngách 85/43 Phố Trung Kiên - Tây Tựu,Trung Kiên,Tây Tựu,,
Ngõ 118 Phố Trung Kiên - Tây Tựu,Trung Kiên,Tây Tựu,,
Ngõ 121 Phố Trung Kiên - Tây Tựu,Trung Kiên,Tây Tựu,,
Ngõ 131 Phố Trung Kiên - Tây Tựu,Trung Kiên,Tây Tựu,,
Ngõ 150 Phố Trung Kiên - Tây Tựu,Trung Kiên,Tây Tựu,,
Ngõ 164 Phố Trung Kiên - Tây Tựu,Trung Kiên,Tây Tựu,,
Ngõ 182 Phố Trung Kiên - Tây Tựu,Trung Kiên,Tây Tựu,,
Ngõ 185 Phố Trung Kiên - Tây Tựu,Trung Kiên,Tây Tựu,,
Ngõ 196 Phố Trung Kiên - Tây Tựu,Trung Kiên,Tây Tựu,,
Ngõ 208 Phố Trung Kiên - Tây Tựu,Trung Kiên,Tây Tựu,,
Ngõ 212 Phố Trung Kiên - Tây Tựu,Trung Kiên,Tây Tựu,,
Ngõ 22 Phố Trung Kiên - Tây Tựu,Trung Kiên,Tây Tựu,,
Ngõ 222 Phố Trung Kiên - Tây Tựu,Trung Kiên,Tây Tựu,,
Ngõ 238 Phố Trung Kiên - Tây Tựu,Trung Kiên,Tây Tựu,,
Ngõ 26 Phố Trung Kiên - Tây Tựu,Trung Kiên,Tây Tựu,,
Ngõ 264 Phố Trung Kiên - Tây Tựu,Trung Kiên,Tây Tựu,,
Ngõ 276 Phố Trung Kiên - Tây Tựu,Trung Kiên,Tây Tựu,,
Ngõ 36 Phố Trung Kiên - Tây Tựu,Trung Kiên,Tây Tựu,,
Ngõ 4 Phố Trung Kiên - Tây Tựu,Trung Kiên,Tây Tựu,,
Ngõ 74 Phố Trung Kiên - Tây Tựu,Trung Kiên,Tây Tựu,,
Ngõ 80 Phố Trung Kiên - Tây Tựu,Trung Kiên,Tây Tựu,,
Ngõ 85 Phố Trung Kiên - Tây Tựu,Trung Kiên,Tây Tựu,,
Ngõ 9 Phố Trung Kiên - Tây Tựu,Trung Kiên,Tây Tựu,,
Phố Trung Kiên - Tây Tựu,Trung Kiên,Tây Tựu,,
Đường Trung Tựu - Tây Tựu,Trung Tựu,Tây Tựu,,
Ngõ 118 Phố Trung Tựu - Tây Tựu,Trung Tựu,Tây Tựu,,
Ngõ 16 Phố Trung Tựu - Tây Tựu,Trung Tựu,Tây Tựu,,
Ngõ 26 Phố Trung Tựu - Tây Tựu,Trung Tựu,Tây Tựu,,
Ngõ 27 Phố Trung Tựu - Tây Tựu,Trung Tựu,Tây Tựu,,
Ngõ 82 Phố Trung Tựu - Tây Tựu,Trung Tựu,Tây Tựu,,
Ngõ 94 Phố Trung Tựu - Tây Tựu,Trung Tựu,Tây Tựu,,
Phố Trung Tựu - Tây Tựu,Trung Tựu,Tây Tựu,,
Đường Tựu Phúc - Tây Tựu,Tựu Phúc,Tây Tựu,,
Ngách 1/16 Đường Tựu Phúc - Tây Tựu,Tựu Phúc,Tây Tựu,,
Ngõ 1 Đường Tựu Phúc - Tây Tựu,Tựu Phúc,Tây Tựu,,
Đường Văn Tiến Dũng - Tây Tựu,Văn Tiến Dũng,Tây Tựu,,TRUE
Hẻm 2/33/17 Phố Văn Trì - Tây Tựu,Văn Trì,Tây Tựu,,
Hẻm 25/106/47 Phố Văn trì - Tây Tựu,Văn Trì,Tây Tựu,,
Ngách 2/33 Phố Văn Trì - Tây Tựu,Văn Trì,Tây Tựu,,
Ngách 48/19 Phố Văn Trì - Tây Tựu,Văn Trì,Tây Tựu,,
Ngách 70/43 Phố Văn Trì - Tây Tựu,Văn Trì,Tây Tựu,,
Ngách 70/58 Phố Văn Trì - Tây Tựu,Văn Trì,Tây Tựu,,
Ngách 70/79 Phố Văn Trì - Tây Tựu,Văn Trì,Tây Tựu,,
Ngõ 2 Phố Văn Trì - Tây Tựu,Văn Trì,Tây Tựu,,
Ngõ 26 Phố Văn Trì - Tây Tựu,Văn Trì,Tây Tựu,,
Ngõ 2A Phố Văn Trì - Tây Tựu,Văn Trì,Tây Tựu,,
Ngõ 37 Phố Văn Trì - Tây Tựu,Văn Trì,Tây Tựu,,
Ngõ 41 Phố Văn Trì - Tây Tựu,Văn Trì,Tây Tựu,,
Ngõ 48 Phố Văn Trì - Tây Tựu,Văn Trì,Tây Tựu,,
Ngõ 51 Phố Văn Trì - Tây Tựu,Văn Trì,Tây Tựu,,
Ngõ 59 Phố Văn Trì - Tây Tựu,Văn Trì,Tây Tựu,,
Ngõ 70 Phố Văn Trì - Tây Tựu,Văn Trì,Tây Tựu,,
Phố Văn Trì - Tây Tựu,Văn Trì,Tây Tựu,,
"Đường Xuân Phương - Tây Tựu, Xuân Phương",Xuân Phương,"Tây Tựu, Xuân Phương",,
Ngõ 1 Đường Cầu Bươu - Thanh Liệt,Cầu Bươu,Thanh Liệt,,
Ngõ 3 Đường Cầu Bươu - Thanh Liệt,Cầu Bươu,Thanh Liệt,,
Ngõ 4 Đường Cầu Bươu - Thanh Liệt,Cầu Bươu,Thanh Liệt,,
Ngõ 6 Đường Cầu Bươu - Thanh Liệt,Cầu Bươu,Thanh Liệt,,
Ngõ 94 Đường Cầu Bươu - Thanh Liệt,Cầu Bươu,Thanh Liệt,,
Đường Chiến Thắng - Thanh Liệt,Chiến Thắng (Hà Đông),Thanh Liệt,,
Ngõ 105 Đường Chiến Thắng - Thanh Liệt,Chiến Thắng (Hà Đông),Thanh Liệt,,
Ngõ 115 Đường Chiến Thắng - Thanh Liệt,Chiến Thắng (Hà Đông),Thanh Liệt,,
Ngõ 51 Đường Chiến Thắng - Thanh Liệt,Chiến Thắng (Hà Đông),Thanh Liệt,,
Ngõ 95 Đường Chiến Thắng - Thanh Liệt,Chiến Thắng (Hà Đông),Thanh Liệt,,
Dãy Nhà 6A Ngõ 858 Đường Kim Giang - Thanh Liệt,Kim Giang,Thanh Liệt,,
Đường Kim Giang - Thanh Liệt,Kim Giang,Thanh Liệt,,
Hẻm 482/2/20 Đường Kim Giang - Thanh Liệt,Kim Giang,Thanh Liệt,,
Hẻm 634/29/12 Đường Kim Giang - Thanh Liệt,Kim Giang,Thanh Liệt,,
Hẻm 734/12/7 Đường Kim Giang - Thanh Liệt,Kim Giang,Thanh Liệt,,
Hẻm 816/51/24 Đường Kim Giang - Thanh Liệt,Kim Giang,Thanh Liệt,,
Hẻm 816/51/33 Đường Kim Giang - Thanh Liệt,Kim Giang,Thanh Liệt,,
Hẻm 858/12/10 Đường Kim Giang - Thanh Liệt,Kim Giang,Thanh Liệt,,
Ngách 482/2 Đường Kim Giang - Thanh Liệt,Kim Giang,Thanh Liệt,,
Ngách 634/141 Đường Kim Giang - Thanh Liệt,Kim Giang,Thanh Liệt,,
Ngách 634/29 Đường Kim Giang - Thanh Liệt,Kim Giang,Thanh Liệt,,
Ngách 634/29/1 Đường Kim Giang - Thanh Liệt,Kim Giang,Thanh Liệt,,
Ngách 686/27 Đường Kim Giang - Thanh Liệt,Kim Giang,Thanh Liệt,,
Ngách 686/40 Đường Kim Giang - Thanh Liệt,Kim Giang,Thanh Liệt,,
Ngách 734/1 Đường Kim Giang - Thanh Liệt,Kim Giang,Thanh Liệt,,
Ngách 734/12 Đường Kim Giang - Thanh Liệt,Kim Giang,Thanh Liệt,,
Ngách 734/26 Đường Kim Giang - Thanh Liệt,Kim Giang,Thanh Liệt,,
Ngách 750/102 Đường Kim Giang - Thanh Liệt,Kim Giang,Thanh Liệt,,
Ngách 750/152 Đường Kim Giang - Thanh Liệt,Kim Giang,Thanh Liệt,,
Ngách 750/165 Đường Kim Giang - Thanh Liệt,Kim Giang,Thanh Liệt,,
Ngách 750/183 Đường Kim Giang - Thanh Liệt,Kim Giang,Thanh Liệt,,
Ngách 788/11 Đường Kim Giang - Thanh Liệt,Kim Giang,Thanh Liệt,,
Ngách 816/51 Đường Kim Giang - Thanh Liệt,Kim Giang,Thanh Liệt,,
Ngách 858/12 Đường Kim Giang - Thanh Liệt,Kim Giang,Thanh Liệt,,
Ngách 858/17 Đường Kim Giang - Thanh Liệt,Kim Giang,Thanh Liệt,,
Ngách 858/24 Đường Kim Giang - Thanh Liệt,Kim Giang,Thanh Liệt,,
Ngách 858/28 Đường Kim Giang - Thanh Liệt,Kim Giang,Thanh Liệt,,
Ngách 858/3 Đường Kim Giang - Thanh Liệt,Kim Giang,Thanh Liệt,,
Ngách 858/46 Đường Kim Giang - Thanh Liệt,Kim Giang,Thanh Liệt,,
Ngách 902/18 Đường Kim Giang - Thanh Liệt,Kim Giang,Thanh Liệt,,
Ngách 908/16 Đường Kim Giang - Thanh Liệt,Kim Giang,Thanh Liệt,,
Ngách 908/18 Đường Kim Giang - Thanh Liệt,Kim Giang,Thanh Liệt,,
Ngách 908/20 Đường Kim Giang - Thanh Liệt,Kim Giang,Thanh Liệt,,
Ngách 908/6 Đường Kim Giang - Thanh Liệt,Kim Giang,Thanh Liệt,,
Ngõ 482 Đường Kim Giang - Thanh Liệt,Kim Giang,Thanh Liệt,,
Ngõ 506 Đường Kim Giang - Thanh Liệt,Kim Giang,Thanh Liệt,,
Ngõ 570 Đường Kim Giang - Thanh Liệt,Kim Giang,Thanh Liệt,,
Ngõ 586 Đường Kim Giang - Thanh Liệt,Kim Giang,Thanh Liệt,,
Ngõ 596 Đường Kim Giang - Thanh Liệt,Kim Giang,Thanh Liệt,,
Ngõ 602 Đường Kim Giang - Thanh Liệt,Kim Giang,Thanh Liệt,,
Ngõ 616 Đường Kim Giang - Thanh Liệt,Kim Giang,Thanh Liệt,,
Ngõ 628 Đường Kim Giang - Thanh Liệt,Kim Giang,Thanh Liệt,,
Ngõ 634 Đường Kim Giang - Thanh Liệt,Kim Giang,Thanh Liệt,,
Ngõ 656 Đường Kim Giang - Thanh Liệt,Kim Giang,Thanh Liệt,,
Ngõ 660 Đường Kim Giang - Thanh Liệt,Kim Giang,Thanh Liệt,,
Ngõ 686 Đường Kim Giang - Thanh Liệt,Kim Giang,Thanh Liệt,,
Ngõ 704 Đường Kim Giang - Thanh Liệt,Kim Giang,Thanh Liệt,,
Ngõ 734 Đường Kim Giang - Thanh Liệt,Kim Giang,Thanh Liệt,,
Ngõ 748 Đường Kim Giang - Thanh Liệt,Kim Giang,Thanh Liệt,,
Ngõ 750 Đường Kim Giang - Thanh Liệt,Kim Giang,Thanh Liệt,,
Ngõ 772 Đường Kim Giang - Thanh Liệt,Kim Giang,Thanh Liệt,,
Ngõ 774 Đường Kim Giang - Thanh Liệt,Kim Giang,Thanh Liệt,,
Ngõ 786 Đường Kim Giang - Thanh Liệt,Kim Giang,Thanh Liệt,,
Ngõ 788 Đường Kim Giang - Thanh Liệt,Kim Giang,Thanh Liệt,,
Ngõ 806 Đường Kim Giang - Thanh Liệt,Kim Giang,Thanh Liệt,,
Ngõ 816 Đường Kim Giang - Thanh Liệt,Kim Giang,Thanh Liệt,,
Ngõ 858 Đường Kim Giang - Thanh Liệt,Kim Giang,Thanh Liệt,,
Ngõ 902 Đường Kim Giang - Thanh Liệt,Kim Giang,Thanh Liệt,,
Ngõ 908 Đường Kim Giang - Thanh Liệt,Kim Giang,Thanh Liệt,,
Ngách 60/7 Phố Lương Ngọc Quyến - Thanh Liệt,Lương Ngọc Quyến,Thanh Liệt,,
Ngõ 18 Phố Lương Ngọc Quyến - Thanh Liệt,Lương Ngọc Quyến,Thanh Liệt,,
Ngõ 3 Phố Lương Ngọc Quyến - Thanh Liệt,Lương Ngọc Quyến,Thanh Liệt,,
Ngõ 31 Phố Lương Ngọc Quyến - Thanh Liệt,Lương Ngọc Quyến,Thanh Liệt,,
Ngõ 33 Phố Lương Ngọc Quyến - Thanh Liệt,Lương Ngọc Quyến,Thanh Liệt,,
Ngõ 6 Phố Lương Ngọc Quyến - Thanh Liệt,Lương Ngọc Quyến,Thanh Liệt,,
Ngõ 60 Phố Lương Ngọc Quyến - Thanh Liệt,Lương Ngọc Quyến,Thanh Liệt,,
Phố Lương Ngọc Quyến - Thanh Liệt,Lương Ngọc Quyến,Thanh Liệt,,
Đường Nghiêm Xuân Yêm - Thanh Liệt,Nghiêm Xuân Yêm,Thanh Liệt,,
Ngách 40/1 Đường Nghiêm Xuân Yêm - Thanh Liệt,Nghiêm Xuân Yêm,Thanh Liệt,,
Ngõ 40 Đường Nghiêm Xuân Yêm - Thanh Liệt,Nghiêm Xuân Yêm,Thanh Liệt,,
Đường Nguyễn Trãi - Thanh Liệt,Nguyễn Trãi,Thanh Liệt,,
Hẻm 475/20/63 Đường Nguyễn Trãi - Thanh Liệt,Nguyễn Trãi,Thanh Liệt,,
Hẻm 565/7/6 Đường Nguyễn Trãi - Thanh Liệt,Nguyễn Trãi,Thanh Liệt,,
Ngách 475/20 Đường Nguyễn Trãi - Thanh Liệt,Nguyễn Trãi,Thanh Liệt,,
Ngách 475/25 Đường Nguyễn Trãi - Thanh Liệt,Nguyễn Trãi,Thanh Liệt,,
Ngách 475/33 Đường Nguyễn Trãi - Thanh Liệt,Nguyễn Trãi,Thanh Liệt,,
Ngách 475/41 Đường Nguyễn Trãi - Thanh Liệt,Nguyễn Trãi,Thanh Liệt,,
Ngách 475/49 Đường Nguyễn Trãi - Thanh Liệt,Nguyễn Trãi,Thanh Liệt,,
Ngách 477/1 Đường Nguyễn Trãi - Thanh Liệt,Nguyễn Trãi,Thanh Liệt,,
Ngách 477/12 Đường Nguyễn Trãi - Thanh Liệt,Nguyễn Trãi,Thanh Liệt,,
Ngách 477/17 Đường Nguyễn Trãi - Thanh Liệt,Nguyễn Trãi,Thanh Liệt,,
Ngách 477/50 Đường Nguyễn Trãi - Thanh Liệt,Nguyễn Trãi,Thanh Liệt,,
Ngách 495/1 Đường Nguyễn Trãi - Thanh Liệt,Nguyễn Trãi,Thanh Liệt,,
Ngách 565/1 Đường Nguyễn Trãi - Thanh Liệt,Nguyễn Trãi,Thanh Liệt,,
Ngách 565/11 Đường Nguyễn Trãi - Thanh Liệt,Nguyễn Trãi,Thanh Liệt,,
Ngách 565/7 Đường Nguyễn Trãi - Thanh Liệt,Nguyễn Trãi,Thanh Liệt,,
Ngách 583/3 Đường Nguyễn Trãi - Thanh Liệt,Nguyễn Trãi,Thanh Liệt,,
Ngõ 445 Đường Nguyễn Trãi - Thanh Liệt,Nguyễn Trãi,Thanh Liệt,,
Ngõ 469 Đường Nguyễn Trãi - Thanh Liệt,Nguyễn Trãi,Thanh Liệt,,
Ngõ 475 Đường Nguyễn Trãi - Thanh Liệt,Nguyễn Trãi,Thanh Liệt,,
Ngõ 477 Đường Nguyễn Trãi - Thanh Liệt,Nguyễn Trãi,Thanh Liệt,,
Ngõ 489 Đường Nguyễn Trãi - Thanh Liệt,Nguyễn Trãi,Thanh Liệt,,
Ngõ 495 Đường Nguyễn Trãi - Thanh Liệt,Nguyễn Trãi,Thanh Liệt,,
Ngõ 497 Đường Nguyễn Trãi - Thanh Liệt,Nguyễn Trãi,Thanh Liệt,,
Ngõ 521 Đường Nguyễn Trãi - Thanh Liệt,Nguyễn Trãi,Thanh Liệt,,
Ngõ 539 Đường Nguyễn Trãi - Thanh Liệt,Nguyễn Trãi,Thanh Liệt,,
Ngõ 543 Đường Nguyễn Trãi - Thanh Liệt,Nguyễn Trãi,Thanh Liệt,,
Ngõ 565 Đường Nguyễn Trãi - Thanh Liệt,Nguyễn Trãi,Thanh Liệt,,
Ngõ 583 Đường Nguyễn Trãi - Thanh Liệt,Nguyễn Trãi,Thanh Liệt,,
Ngõ 597 Đường Nguyễn Trãi - Thanh Liệt,Nguyễn Trãi,Thanh Liệt,,
Ngõ 599 Đường Nguyễn Trãi - Thanh Liệt,Nguyễn Trãi,Thanh Liệt,,
Đường Nguyễn Xiển - Thanh Liệt,Nguyễn Xiển,Thanh Liệt,,
Ngách 116/71 Đường Nguyễn Xiển - Thanh Liệt,Nguyễn Xiển,Thanh Liệt,,
Ngách 140/1 Đường Nguyễn Xiển - Thanh Liệt,Nguyễn Xiển,Thanh Liệt,,
Ngách 214/20 Đường Nguyễn Xiển - Thanh Liệt,Nguyễn Xiển,Thanh Liệt,,
Ngách 214/23 Đường Nguyễn Xiển - Thanh Liệt,Nguyễn Xiển,Thanh Liệt,,
Ngách 214/32 Đường Nguyễn Xiển - Thanh Liệt,Nguyễn Xiển,Thanh Liệt,,
Ngách 214/33 Đường Nguyễn Xiển - Thanh Liệt,Nguyễn Xiển,Thanh Liệt,,
Ngách 214/35 Đường Nguyễn Xiển - Thanh Liệt,Nguyễn Xiển,Thanh Liệt,,
Ngách 214/45 Đường Nguyễn Xiển - Thanh Liệt,Nguyễn Xiển,Thanh Liệt,,
Ngách 214/55 Đường Nguyễn Xiển - Thanh Liệt,Nguyễn Xiển,Thanh Liệt,,
Ngõ 100 Đường Nguyễn Xiển - Thanh Liệt,Nguyễn Xiển,Thanh Liệt,,
Ngõ 116 Đường Nguyễn Xiển - Thanh Liệt,Nguyễn Xiển,Thanh Liệt,,
Ngõ 124 Đường Nguyễn Xiển - Thanh Liệt,Nguyễn Xiển,Thanh Liệt,,
Ngõ 132 Đường Nguyễn Xiển - Thanh Liệt,Nguyễn Xiển,Thanh Liệt,,
Ngõ 140 Đường Nguyễn Xiển - Thanh Liệt,Nguyễn Xiển,Thanh Liệt,,
Ngõ 214 Đường Nguyễn Xiển - Thanh Liệt,Nguyễn Xiển,Thanh Liệt,,
Ngõ 250 Đường Nguyễn Xiển - Thanh Liệt,Nguyễn Xiển,Thanh Liệt,,
Ngõ 270 Đường Nguyễn Xiển - Thanh Liệt,Nguyễn Xiển,Thanh Liệt,,
Ngõ 286 Đường Nguyễn Xiển - Thanh Liệt,Nguyễn Xiển,Thanh Liệt,,
Đường Phạm Tu - Thanh Liệt,Phạm Tu,Thanh Liệt,,TRUE
Đường Phan Trọng Tuệ - Thanh Liệt,Phan Trọng Tuệ,Thanh Liệt,,
Hẻm 250/60/103 Đường Phan Trọng Tuệ - Thanh Liệt,Phan Trọng Tuệ,Thanh Liệt,,
Hẻm 250/60/27 Đường Phan Trọng Tuệ - Thanh Liệt,Phan Trọng Tuệ,Thanh Liệt,,
Hẻm 250/60/41 Đường Phan Trọng Tuệ - Thanh Liệt,Phan Trọng Tuệ,Thanh Liệt,,
Hẻm 250/60/41/26 Đường Phan Trọng Tuệ - Thanh Liệt,Phan Trọng Tuệ,Thanh Liệt,,
Hẻm 250/60/55 Đường Phan Trọng Tuệ - Thanh Liệt,Phan Trọng Tuệ,Thanh Liệt,,
Hẻm 250/60/79 Đường Phan Trọng Tuệ - Thanh Liệt,Phan Trọng Tuệ,Thanh Liệt,,
Hẻm 250/80/42 Đường Phan Trọng Tuệ - Thanh Liệt,Phan Trọng Tuệ,Thanh Liệt,,
Ngách 250/60 Đường Phan Trọng Tuệ - Thanh Liệt,Phan Trọng Tuệ,Thanh Liệt,,
Ngách 250/78 Đường Phan Trọng Tuệ - Thanh Liệt,Phan Trọng Tuệ,Thanh Liệt,,
Ngách 250/80 Đường Phan Trọng Tuệ - Thanh Liệt,Phan Trọng Tuệ,Thanh Liệt,,
Ngõ 250 Đường Phan Trọng Tuệ - Thanh Liệt,Phan Trọng Tuệ,Thanh Liệt,,
Ngõ 284 Đường Phan Trọng Tuệ - Thanh Liệt,Phan Trọng Tuệ,Thanh Liệt,,
Ngõ 308 Đường Phan Trọng Tuệ - Thanh Liệt,Phan Trọng Tuệ,Thanh Liệt,,
Ngõ 356 Đường Phan Trọng Tuệ - Thanh Liệt,Phan Trọng Tuệ,Thanh Liệt,,
Ngõ 469 Đường Phan Trọng Tuệ - Thanh Liệt,Phan Trọng Tuệ,Thanh Liệt,,
Đường Tân Triều - Thanh Liệt,Tân Triều,Thanh Liệt,,
Hẻm 138/58/17 Đường Tân Triều - Thanh Liệt,Tân Triều,Thanh Liệt,,
Hẻm 138/58/29 Đường Tân Triều - Thanh Liệt,Tân Triều,Thanh Liệt,,
Ngách 138/36 Đường Tân Triều - Thanh Liệt,Tân Triều,Thanh Liệt,,
Ngách 138/58 Đường Tân Triều - Thanh Liệt,Tân Triều,Thanh Liệt,,
Ngách 138/58 Tân Triều - Thanh Liệt,Tân Triều,Thanh Liệt,,
Ngách 18/180 Đường Tân Triều - Thanh Liệt,Tân Triều,Thanh Liệt,,
Ngách 20/22 Đường Tân Triều - Thanh Liệt,Tân Triều,Thanh Liệt,,
Ngách 5/12 Đường Tân Triều - Thanh Liệt,Tân Triều,Thanh Liệt,,
Ngách 5/22 Đường Tân Triều - Thanh Liệt,Tân Triều,Thanh Liệt,,
Ngách 5/30 Đường Tân Triều - Thanh Liệt,Tân Triều,Thanh Liệt,,
Ngách 53/1 Đường Tân Triều - Thanh Liệt,Tân Triều,Thanh Liệt,,
Ngách 73/59 Đường Tân Triều - Thanh Liệt,Tân Triều,Thanh Liệt,,
Ngách 75/1 Đường Tân Triều - Thanh Liệt,Tân Triều,Thanh Liệt,,
Ngách 75/2 Đường Tân Triều - Thanh Liệt,Tân Triều,Thanh Liệt,,
Ngách 83/10 Đường Tân Triều - Thanh Liệt,Tân Triều,Thanh Liệt,,
Ngách 83/14 Đường Tân Triều - Thanh Liệt,Tân Triều,Thanh Liệt,,
Ngách 83/71 Đường Tân Triều - Thanh Liệt,Tân Triều,Thanh Liệt,,
Ngách 98/17 Đường Tân Triều - Thanh Liệt,Tân Triều,Thanh Liệt,,
Ngách 98/20 Đường Tân Triều - Thanh Liệt,Tân Triều,Thanh Liệt,,
Ngách 98/5 Đường Tân Triều - Thanh Liệt,Tân Triều,Thanh Liệt,,
Ngõ 105 Đường Tân Triều - Thanh Liệt,Tân Triều,Thanh Liệt,,
Ngõ 118 Đường Tân Triều - Thanh Liệt,Tân Triều,Thanh Liệt,,
Ngõ 124 Đường Tân Triều - Thanh Liệt,Tân Triều,Thanh Liệt,,
Ngõ 138 Đường Tân Triều - Thanh Liệt,Tân Triều,Thanh Liệt,,
Ngõ 138 Tân Triều - Thanh Liệt,Tân Triều,Thanh Liệt,,
Ngõ 145 Đường Tân Triều - Thanh Liệt,Tân Triều,Thanh Liệt,,
Ngõ 156 Tân Triều - Thanh Liệt,Tân Triều,Thanh Liệt,,
Ngõ 170 Tân Triều - Thanh Liệt,Tân Triều,Thanh Liệt,,
Ngõ 2 Đường Tân Triều - Thanh Liệt,Tân Triều,Thanh Liệt,,
Ngõ 2 Tân Triều - Thanh Liệt,Tân Triều,Thanh Liệt,,
Ngõ 20 Đường Tân Triều - Thanh Liệt,Tân Triều,Thanh Liệt,,
Ngõ 48 Đường Tân Triều - Thanh Liệt,Tân Triều,Thanh Liệt,,
Ngõ 5 Đường Tân Triều - Thanh Liệt,Tân Triều,Thanh Liệt,,
Ngõ 53 Đường Tân Triều - Thanh Liệt,Tân Triều,Thanh Liệt,,
Ngõ 60 Đường Tân Triều - Thanh Liệt,Tân Triều,Thanh Liệt,,
Ngõ 68 Đường Tân Triều - Thanh Liệt,Tân Triều,Thanh Liệt,,
Ngõ 73 Đường Tân Triều - Thanh Liệt,Tân Triều,Thanh Liệt,,
Ngõ 74 Đường Tân Triều - Thanh Liệt,Tân Triều,Thanh Liệt,,
Ngõ 75 Đường Tân Triều - Thanh Liệt,Tân Triều,Thanh Liệt,,
Ngõ 83 Đường Tân Triều - Thanh Liệt,Tân Triều,Thanh Liệt,,
Ngõ 98 Đường Tân Triều - Thanh Liệt,Tân Triều,Thanh Liệt,,
Ngõ 99 Đường Tân Triều - Thanh Liệt,Tân Triều,Thanh Liệt,,
Cầu Thanh Liệt - Thanh Liệt,Thanh Liệt,Thanh Liệt,,
Đường Thanh Liệt - Thanh Liệt,Thanh Liệt,Thanh Liệt,,
Ngách 59/25 Đường Thanh Liệt - Thanh Liệt,Thanh Liệt,Thanh Liệt,,
Ngõ 37 Đường Thanh Liệt - Thanh Liệt,Thanh Liệt,Thanh Liệt,,
Ngõ 49A Đường Thanh Liệt - Thanh Liệt,Thanh Liệt,Thanh Liệt,,
Ngõ 51 Đường Thanh Liệt - Thanh Liệt,Thanh Liệt,Thanh Liệt,,
Ngõ 53 Đường Thanh Liệt - Thanh Liệt,Thanh Liệt,Thanh Liệt,,
Ngõ 55 Đường Thanh Liệt - Thanh Liệt,Thanh Liệt,Thanh Liệt,,
Ngõ 57 Đường Thanh Liệt - Thanh Liệt,Thanh Liệt,Thanh Liệt,,
Ngõ 59 Đường Thanh Liệt - Thanh Liệt,Thanh Liệt,Thanh Liệt,,
Ngõ 9 Đường Thanh Liệt - Thanh Liệt,Thanh Liệt,Thanh Liệt,,
Ngõ 27 Đường Trần Phú - Thanh Liệt,Trần Phú,Thanh Liệt,,
Ngõ 55 Đường Trần Phú - Thanh Liệt,Trần Phú,Thanh Liệt,,
Hẻm 111/18/1 Phố Triều Khúc - Thanh Liệt,Triều Khúc,Thanh Liệt,,
Hẻm 136/6/33 Phố Triều Khúc - Thanh Liệt,Triều Khúc,Thanh Liệt,,
Hẻm 147/37/10 Phố Triều Khúc - Thanh Liệt,Triều Khúc,Thanh Liệt,,
Hẻm 147/37/39 Phố Triều Khúc - Thanh Liệt,Triều Khúc,Thanh Liệt,,
Hẻm 215/17/27 Phố Triều Khúc - Thanh Liệt,Triều Khúc,Thanh Liệt,,
Hẻm 42/62/14 Phố Triều Khúc - Thanh Liệt,Triều Khúc,Thanh Liệt,,
Ngách 111/11 Phố Triều Khúc - Thanh Liệt,Triều Khúc,Thanh Liệt,,
Ngách 111/18 Phố Triều Khúc - Thanh Liệt,Triều Khúc,Thanh Liệt,,
Ngách 111/19 Phố Triều Khúc - Thanh Liệt,Triều Khúc,Thanh Liệt,,
Ngách 136/6 Phố Triều Khúc - Thanh Liệt,Triều Khúc,Thanh Liệt,,
Ngách 147/37 Phố Triều Khúc - Thanh Liệt,Triều Khúc,Thanh Liệt,,
Ngách 147/49 Phố Triều Khúc - Thanh Liệt,Triều Khúc,Thanh Liệt,,
Ngách 147/57 Phố Triều Khúc - Thanh Liệt,Triều Khúc,Thanh Liệt,,
Ngách 147/65 Phố Triều Khúc - Thanh Liệt,Triều Khúc,Thanh Liệt,,
Ngách 215/17 Phố Triều Khúc - Thanh Liệt,Triều Khúc,Thanh Liệt,,
Ngách 215/55 Phố Triều Khúc - Thanh Liệt,Triều Khúc,Thanh Liệt,,
Ngách 42/62 Phố Triều Khúc - Thanh Liệt,Triều Khúc,Thanh Liệt,,
Ngách 54/1 Phố Triều Khúc - Thanh Liệt,Triều Khúc,Thanh Liệt,,
Ngách 68/102 Phố Triều Khúc - Thanh Liệt,Triều Khúc,Thanh Liệt,,
Ngách 68/108 Phố Triều Khúc - Thanh Liệt,Triều Khúc,Thanh Liệt,,
Ngách 68/19 Phố Triều Khúc - Thanh Liệt,Triều Khúc,Thanh Liệt,,
Ngõ 103 Phố Triều Khúc - Thanh Liệt,Triều Khúc,Thanh Liệt,,
Ngõ 111 Phố Triều Khúc - Thanh Liệt,Triều Khúc,Thanh Liệt,,
Ngõ 136 Phố Triều Khúc - Thanh Liệt,Triều Khúc,Thanh Liệt,,
Ngõ 137 Phố Triều Khúc - Thanh Liệt,Triều Khúc,Thanh Liệt,,
Ngõ 147 Phố Triều Khúc - Thanh Liệt,Triều Khúc,Thanh Liệt,,
Ngõ 150 Phố Triều Khúc - Thanh Liệt,Triều Khúc,Thanh Liệt,,
Ngõ 151 Phố Triều Khúc - Thanh Liệt,Triều Khúc,Thanh Liệt,,
Ngõ 153 Phố Triều Khúc - Thanh Liệt,Triều Khúc,Thanh Liệt,,
Ngõ 159 Phố Triều Khúc - Thanh Liệt,Triều Khúc,Thanh Liệt,,
Ngõ 179 Phố Triều Khúc - Thanh Liệt,Triều Khúc,Thanh Liệt,,
Ngõ 180 Phố Triều Khúc - Thanh Liệt,Triều Khúc,Thanh Liệt,,
Ngõ 188 Phố Triều Khúc - Thanh Liệt,Triều Khúc,Thanh Liệt,,
Ngõ 207 Phố Triều Khúc - Thanh Liệt,Triều Khúc,Thanh Liệt,,
Ngõ 215 Phố Triều Khúc - Thanh Liệt,Triều Khúc,Thanh Liệt,,
Ngõ 36 Phố Triều Khúc - Thanh Liệt,Triều Khúc,Thanh Liệt,,
Ngõ 42 Phố Triều Khúc - Thanh Liệt,Triều Khúc,Thanh Liệt,,
Ngõ 44 Phố Triều Khúc - Thanh Liệt,Triều Khúc,Thanh Liệt,,
Ngõ 49 Phố Triều Khúc - Thanh Liệt,Triều Khúc,Thanh Liệt,,
Ngõ 52 Phố Triều Khúc - Thanh Liệt,Triều Khúc,Thanh Liệt,,
Ngõ 54 Phố Triều Khúc - Thanh Liệt,Triều Khúc,Thanh Liệt,,
Ngõ 58 Phố Triều Khúc - Thanh Liệt,Triều Khúc,Thanh Liệt,,
Ngõ 62 Phố Triều Khúc - Thanh Liệt,Triều Khúc,Thanh Liệt,,
Ngõ 64 Phố Triều Khúc - Thanh Liệt,Triều Khúc,Thanh Liệt,,
Ngõ 66A Phố Triều Khúc - Thanh Liệt,Triều Khúc,Thanh Liệt,,
Ngõ 66B Phố Triều Khúc - Thanh Liệt,Triều Khúc,Thanh Liệt,,
Ngõ 68 Phố Triều Khúc - Thanh Liệt,Triều Khúc,Thanh Liệt,,
Ngõ 79 Phố Triều Khúc - Thanh Liệt,Triều Khúc,Thanh Liệt,,
Ngõ 97 Phố Triều Khúc - Thanh Liệt,Triều Khúc,Thanh Liệt,,
Phố Triều Khúc - Thanh Liệt,Triều Khúc,Thanh Liệt,,
Phố Tưởng Dân Bảo - Thanh Liệt,Tưởng Dân Bảo,Thanh Liệt,,
Ngõ 1 Phố Vũ Đức Uý - Thanh Liệt,Vũ Đức Uý,Thanh Liệt,"Tên ông được đặt cho một con phố ở làng Triều Khúc, là nơi ông đã truyền nghề làm chổi lông gà, hoa lông vịt, tóc độn, chân chỉ y môn, dây đàn bằng tơ tằm và quai thao cho nón thúng, nón ba tầm. Vì vậy dân làng đã lập ban phối thờ ông tại đình làng.",TRUE
Ngõ 83B Phố Vũ Đức Uý - Thanh Liệt,Vũ Đức Uý,Thanh Liệt,"Tên ông được đặt cho một con phố ở làng Triều Khúc, là nơi ông đã truyền nghề làm chổi lông gà, hoa lông vịt, tóc độn, chân chỉ y môn, dây đàn bằng tơ tằm và quai thao cho nón thúng, nón ba tầm. Vì vậy dân làng đã lập ban phối thờ ông tại đình làng.",TRUE
Phố Vũ Đức Uý - Thanh Liệt,Vũ Đức Uý,Thanh Liệt,"Tên ông được đặt cho một con phố ở làng Triều Khúc, là nơi ông đã truyền nghề làm chổi lông gà, hoa lông vịt, tóc độn, chân chỉ y môn, dây đàn bằng tơ tằm và quai thao cho nón thúng, nón ba tầm. Vì vậy dân làng đã lập ban phối thờ ông tại đình làng.",TRUE
Đường Yên Xá - Thanh Liệt,Yên Xá,Thanh Liệt,,
Hẻm 21/50/7 Đường Yên Xá - Thanh Liệt,Yên Xá,Thanh Liệt,,
Hẻm 87/46/9 Đường Yên Xá - Thanh Liệt,Yên Xá,Thanh Liệt,,
Hẻm 87/59/24 Đường Yên Xá - Thanh Liệt,Yên Xá,Thanh Liệt,,
Ngách 117/2 Đường Yên Xá - Thanh Liệt,Yên Xá,Thanh Liệt,,
Ngách 123/10 Đường Yên Xá - Thanh Liệt,Yên Xá,Thanh Liệt,,
Ngách 123/16 Đường Yên Xá - Thanh Liệt,Yên Xá,Thanh Liệt,,
Ngách 123/21 Đường Yên Xá - Thanh Liệt,Yên Xá,Thanh Liệt,,
Ngách 123/22 Đường Yên Xá - Thanh Liệt,Yên Xá,Thanh Liệt,,
Ngách 123/32 Đường Yên Xá - Thanh Liệt,Yên Xá,Thanh Liệt,,
Ngách 123/35 Đường Yên Xá - Thanh Liệt,Yên Xá,Thanh Liệt,,
Ngách 123/40 Đường Yên Xá - Thanh Liệt,Yên Xá,Thanh Liệt,,
Ngách 123/42 Đường Yên Xá - Thanh Liệt,Yên Xá,Thanh Liệt,,
Ngách 123/43 Đường Yên Xá - Thanh Liệt,Yên Xá,Thanh Liệt,,
Ngách 123/45 Đường Yên Xá - Thanh Liệt,Yên Xá,Thanh Liệt,,
Ngách 123/71 Đường Yên Xá - Thanh Liệt,Yên Xá,Thanh Liệt,,
Ngách 21/50 Đường Yên Xá - Thanh Liệt,Yên Xá,Thanh Liệt,,
Ngách 21/80 Đường Yên Xá - Thanh Liệt,Yên Xá,Thanh Liệt,,
Ngách 21/84 Đường Yên Xá - Thanh Liệt,Yên Xá,Thanh Liệt,,
Ngách 39/9 Đường Yên Xá - Thanh Liệt,Yên Xá,Thanh Liệt,,
Ngách 73/1 Đường Yên Xá - Thanh Liệt,Yên Xá,Thanh Liệt,,
Ngách 73/2 Đường Yên Xá - Thanh Liệt,Yên Xá,Thanh Liệt,,
Ngách 87/10 Đường Yên Xá - Thanh Liệt,Yên Xá,Thanh Liệt,,
Ngách 87/28 Đường Yên Xá - Thanh Liệt,Yên Xá,Thanh Liệt,,
Ngách 87/46 Đường Yên Xá - Thanh Liệt,Yên Xá,Thanh Liệt,,
Ngách 87/59 Đường Yên Xá - Thanh Liệt,Yên Xá,Thanh Liệt,,
Ngõ 117 Đường Yên Xá - Thanh Liệt,Yên Xá,Thanh Liệt,,
Ngõ 123 Đường Yên Xá - Thanh Liệt,Yên Xá,Thanh Liệt,,
Ngõ 167 Đường Yên Xá - Thanh Liệt,Yên Xá,Thanh Liệt,,
Ngõ 181 Đường Yên Xá - Thanh Liệt,Yên Xá,Thanh Liệt,,
Ngõ 21 Đường Yên Xá - Thanh Liệt,Yên Xá,Thanh Liệt,,
Ngõ 241 Đường Yên Xá - Thanh Liệt,Yên Xá,Thanh Liệt,,
Ngõ 31 Đường Yên Xá - Thanh Liệt,Yên Xá,Thanh Liệt,,
Ngõ 39 Đường Yên Xá - Thanh Liệt,Yên Xá,Thanh Liệt,,
Ngõ 73 Đường Yên Xá - Thanh Liệt,Yên Xá,Thanh Liệt,,
Ngõ 87 Đường Yên Xá - Thanh Liệt,Yên Xá,Thanh Liệt,,
"Cầu Dậu - Thanh Liệt, Định Công",Cầu Dậu,"Thanh Liệt, Định Công",,
"Đường Kim Giang - Thanh Liệt, Định Công",Kim Giang,"Thanh Liệt, Định Công",,
"Đường Nghiêm Xuân Yêm - Thanh Liệt, Định Công",Nghiêm Xuân Yêm,"Thanh Liệt, Định Công",,
"Đường Nguyễn Xiển - Thanh Liệt, Định Công",Nguyễn Xiển,"Thanh Liệt, Định Công",,
"Ngõ 300 Đường Nguyễn Xiển - Thanh Liệt, Định Công",Nguyễn Xiển,"Thanh Liệt, Định Công",,
"Đường Phạm Tu - Thanh Liệt, Định Công",Phạm Tu,"Thanh Liệt, Định Công",,TRUE
"Đường Quang Liệt - Thanh Liệt, Định Công",Quang Liệt,"Thanh Liệt, Định Công",,
"Đường Tân Triều - Thanh Liệt, Định Công",Tân Triều,"Thanh Liệt, Định Công",,
"Ngõ 1 Đường Tân Triều - Thanh Liệt, Định Công",Tân Triều,"Thanh Liệt, Định Công",,
"Đường Thanh Liệt - Thanh Liệt, Định Công",Thanh Liệt,"Thanh Liệt, Định Công",,
"Đường Nguyễn Xiển - Thanh Liệt, Thanh Xuân",Nguyễn Xiển,"Thanh Liệt, Thanh Xuân",,
Ngách 12/101 Phố Chính Kinh - Thanh Xuân,Chính Kinh,Thanh Xuân,,
Ngách 12/61 Phố Chính Kinh - Thanh Xuân,Chính Kinh,Thanh Xuân,,
Ngách 12/63 Phố Chính Kinh - Thanh Xuân,Chính Kinh,Thanh Xuân,,
Ngách 12/87 Phố Chính Kinh - Thanh Xuân,Chính Kinh,Thanh Xuân,,
Ngách 12/93 Phố Chính Kinh - Thanh Xuân,Chính Kinh,Thanh Xuân,,
Ngách 55/17 Phố Chính Kinh - Thanh Xuân,Chính Kinh,Thanh Xuân,,
Ngách 55/20 Phố Chính Kinh - Thanh Xuân,Chính Kinh,Thanh Xuân,,
Ngách 55/38 Phố Chính Kinh - Thanh Xuân,Chính Kinh,Thanh Xuân,,
Ngách 55/46 Phố Chính Kinh - Thanh Xuân,Chính Kinh,Thanh Xuân,,
Ngách 90/16 Phố Chính Kinh - Thanh Xuân,Chính Kinh,Thanh Xuân,,
Ngõ 12 Phố Chính Kinh - Thanh Xuân,Chính Kinh,Thanh Xuân,,
Ngõ 55 Phố Chính Kinh - Thanh Xuân,Chính Kinh,Thanh Xuân,,
Ngõ 66 Phố Chính Kinh - Thanh Xuân,Chính Kinh,Thanh Xuân,,
Ngõ 72 Phố Chính Kinh - Thanh Xuân,Chính Kinh,Thanh Xuân,,
Ngõ 90 Phố Chính Kinh - Thanh Xuân,Chính Kinh,Thanh Xuân,,
Phố Chính Kinh - Thanh Xuân,Chính Kinh,Thanh Xuân,,
Ngách 149/3 Phố Cự Lộc - Thanh Xuân,Cự Lộc,Thanh Xuân,,
Ngách 25/8 Phố Cự Lộc - Thanh Xuân,Cự Lộc,Thanh Xuân,,
Ngách 95/10 Phố Cự Lộc - Thanh Xuân,Cự Lộc,Thanh Xuân,,
Ngách 95/12 Phố Cự Lộc - Thanh Xuân,Cự Lộc,Thanh Xuân,,
Ngõ 113 Phố Cự Lộc - Thanh Xuân,Cự Lộc,Thanh Xuân,,
Ngõ 137 Phố Cự Lộc - Thanh Xuân,Cự Lộc,Thanh Xuân,,
Ngõ 149 Phố Cự Lộc - Thanh Xuân,Cự Lộc,Thanh Xuân,,
Ngõ 155 Phố Cự Lộc - Thanh Xuân,Cự Lộc,Thanh Xuân,,
Ngõ 171 Phố Cự Lộc - Thanh Xuân,Cự Lộc,Thanh Xuân,,
Ngõ 19 Phố Cự Lộc - Thanh Xuân,Cự Lộc,Thanh Xuân,,
Ngõ 20 Phố Cự Lộc - Thanh Xuân,Cự Lộc,Thanh Xuân,,
Ngõ 23 Phố Cự Lộc - Thanh Xuân,Cự Lộc,Thanh Xuân,,
Ngõ 25 Phố Cự Lộc - Thanh Xuân,Cự Lộc,Thanh Xuân,,
Ngõ 26 Phố Cự Lộc - Thanh Xuân,Cự Lộc,Thanh Xuân,,
Ngõ 33 Phố Cự Lộc - Thanh Xuân,Cự Lộc,Thanh Xuân,,
Ngõ 40 Phố Cự Lộc - Thanh Xuân,Cự Lộc,Thanh Xuân,,
Ngõ 45 Phố Cự Lộc - Thanh Xuân,Cự Lộc,Thanh Xuân,,
Ngõ 95 Phố Cự Lộc - Thanh Xuân,Cự Lộc,Thanh Xuân,,
Phố Cự Lộc - Thanh Xuân,Cự Lộc,Thanh Xuân,,
Cầu Giáp Nhất - Thanh Xuân,Giáp Nhất,Thanh Xuân,,
Hẻm 213/78/5 Phố Giáp Nhất - Thanh Xuân,Giáp Nhất,Thanh Xuân,,
Ngách 213/44 Phố Giáp Nhất - Thanh Xuân,Giáp Nhất,Thanh Xuân,,
Ngách 213/78 Phố Giáp Nhất - Thanh Xuân,Giáp Nhất,Thanh Xuân,,
Ngõ 153 Phố Giáp Nhất - Thanh Xuân,Giáp Nhất,Thanh Xuân,,
Ngõ 211 Phố Giáp Nhất - Thanh Xuân,Giáp Nhất,Thanh Xuân,,
Ngõ 213 Phố Giáp Nhất - Thanh Xuân,Giáp Nhất,Thanh Xuân,,
Phố Giáp Nhất - Thanh Xuân,Giáp Nhất,Thanh Xuân,,
Ngõ 8 Phố Hoàng Đạo Thuý - Thanh Xuân,Hoàng Đạo Thuý,Thanh Xuân,,
Ngõ 9 Phố Hoàng Đạo Thuý - Thanh Xuân,Hoàng Đạo Thuý,Thanh Xuân,,
Phố Hoàng Đạo Thuý - Thanh Xuân,Hoàng Đạo Thuý,Thanh Xuân,,
Phố Hoàng Minh Giám - Thanh Xuân,Hoàng Minh Giám,Thanh Xuân,,
Ngách 73/10 Phố Hoàng Ngân - Thanh Xuân,Hoàng Ngân,Thanh Xuân,,
Ngách 73/30 Phố Hoàng Ngân - Thanh Xuân,Hoàng Ngân,Thanh Xuân,,
Ngách 73/59 Phố Hoàng Ngân - Thanh Xuân,Hoàng Ngân,Thanh Xuân,,
Ngách 73/92 Phố Hoàng Ngân - Thanh Xuân,Hoàng Ngân,Thanh Xuân,,
Ngõ 101 Phố Hoàng Ngân - Thanh Xuân,Hoàng Ngân,Thanh Xuân,,
Ngõ 109 Phố Hoàng Ngân - Thanh Xuân,Hoàng Ngân,Thanh Xuân,,
Ngõ 125 Phố Hoàng Ngân - Thanh Xuân,Hoàng Ngân,Thanh Xuân,,
Ngõ 45 Phố Hoàng Ngân - Thanh Xuân,Hoàng Ngân,Thanh Xuân,,
Ngõ 66 Phố Hoàng Ngân - Thanh Xuân,Hoàng Ngân,Thanh Xuân,,
Ngõ 70 Phố Hoàng Ngân - Thanh Xuân,Hoàng Ngân,Thanh Xuân,,
Ngõ 73 Phố Hoàng Ngân - Thanh Xuân,Hoàng Ngân,Thanh Xuân,,
Ngõ 87 Phố Hoàng Ngân - Thanh Xuân,Hoàng Ngân,Thanh Xuân,,
Ngõ 95 Phố Hoàng Ngân - Thanh Xuân,Hoàng Ngân,Thanh Xuân,,
Phố Hoàng Ngân - Thanh Xuân,Hoàng Ngân,Thanh Xuân,,
Đường Khuất Duy Tiến - Thanh Xuân,Khuất Duy Tiến,Thanh Xuân,,
Ngách 13/28 Đường Khuất Duy Tiến - Thanh Xuân,Khuất Duy Tiến,Thanh Xuân,,
Ngách 13/42 Đường Khuất Duy Tiến - Thanh Xuân,Khuất Duy Tiến,Thanh Xuân,,
Ngách 13/60 Đường Khuất Duy Tiến - Thanh Xuân,Khuất Duy Tiến,Thanh Xuân,,
Ngách 13/84 Đường Khuất Duy Tiến - Thanh Xuân,Khuất Duy Tiến,Thanh Xuân,,
Ngách 29/2 Đường Khuất Duy Tiến - Thanh Xuân,Khuất Duy Tiến,Thanh Xuân,,
Ngách 29/4 Đường Khuất Duy Tiến - Thanh Xuân,Khuất Duy Tiến,Thanh Xuân,,
Ngõ 1 Đường Khuất Duy Tiến - Thanh Xuân,Khuất Duy Tiến,Thanh Xuân,,
Ngõ 102 Đường Khuất Duy Tiến - Thanh Xuân,Khuất Duy Tiến,Thanh Xuân,,
Ngõ 11 Đường Khuất Duy Tiến - Thanh Xuân,Khuất Duy Tiến,Thanh Xuân,,
Ngõ 12 Đường Khuất Duy Tiến - Thanh Xuân,Khuất Duy Tiến,Thanh Xuân,,
Ngõ 126 Đường Khuất Duy Tiến - Thanh Xuân,Khuất Duy Tiến,Thanh Xuân,,
Ngõ 13 Đường Khuất Duy Tiến - Thanh Xuân,Khuất Duy Tiến,Thanh Xuân,,
Ngõ 140 Đường Khuất Duy Tiến - Thanh Xuân,Khuất Duy Tiến,Thanh Xuân,,
Ngõ 164 Đường Khuất Duy Tiến - Thanh Xuân,Khuất Duy Tiến,Thanh Xuân,,
Ngõ 2 Đường Khuất Duy Tiến - Thanh Xuân,Khuất Duy Tiến,Thanh Xuân,,
Ngõ 29 Đường Khuất Duy Tiến - Thanh Xuân,Khuất Duy Tiến,Thanh Xuân,,
Ngõ 3 Đường Khuất Duy Tiến - Thanh Xuân,Khuất Duy Tiến,Thanh Xuân,,
Ngõ 5 Đường Khuất Duy Tiến - Thanh Xuân,Khuất Duy Tiến,Thanh Xuân,,
Ngõ 67 Đường Khuất Duy Tiến - Thanh Xuân,Khuất Duy Tiến,Thanh Xuân,,
Ngõ 7 Đường Khuất Duy Tiến - Thanh Xuân,Khuất Duy Tiến,Thanh Xuân,,
Ngõ 9 Đường Khuất Duy Tiến - Thanh Xuân,Khuất Duy Tiến,Thanh Xuân,,
Ngõ 90 Đường Khuất Duy Tiến - Thanh Xuân,Khuất Duy Tiến,Thanh Xuân,,
Đường Lê Văn Lương - Thanh Xuân,Lê Văn Lương,Thanh Xuân,,
Ngõ 21 Đường Lê Văn Lương - Thanh Xuân,Lê Văn Lương,Thanh Xuân,,
Ngõ 23 Đường Lê Văn Lương - Thanh Xuân,Lê Văn Lương,Thanh Xuân,,
Ngõ 25A Đường Lê Văn Lương - Thanh Xuân,Lê Văn Lương,Thanh Xuân,,
Ngõ 27 Đường Lê Văn Lương - Thanh Xuân,Lê Văn Lương,Thanh Xuân,,
Ngõ 39 Đường Lê Văn Lương - Thanh Xuân,Lê Văn Lương,Thanh Xuân,,
Ngõ 17 Phố Lê Văn Thiêm - Thanh Xuân,Lê Văn Thiêm,Thanh Xuân,,
Ngõ 23 Phố Lê Văn Thiêm - Thanh Xuân,Lê Văn Thiêm,Thanh Xuân,,
Ngõ 29 Phố Lê Văn Thiêm - Thanh Xuân,Lê Văn Thiêm,Thanh Xuân,,
Ngõ 33 Phố Lê Văn Thiêm - Thanh Xuân,Lê Văn Thiêm,Thanh Xuân,,
Phố Lê Văn Thiêm - Thanh Xuân,Lê Văn Thiêm,Thanh Xuân,,
Đường Lương Thế Vinh - Thanh Xuân,Lương Thế Vinh,Thanh Xuân,,
Đường TT3C Lương Thế Vinh - Thanh Xuân,Lương Thế Vinh,Thanh Xuân,,
Đường TT4 Lương Thế Vinh - Thanh Xuân,Lương Thế Vinh,Thanh Xuân,,
Ngách 160/12 Đường Lương Thế Vinh - Thanh Xuân,Lương Thế Vinh,Thanh Xuân,,
Ngách 160/7 Đường Lương Thế Vinh - Thanh Xuân,Lương Thế Vinh,Thanh Xuân,,
Ngách 160/8 Đường Lương Thế Vinh - Thanh Xuân,Lương Thế Vinh,Thanh Xuân,,
Ngõ 160 Đường Lương Thế Vinh - Thanh Xuân,Lương Thế Vinh,Thanh Xuân,,
Ngõ 182 Đường Lương Thế Vinh - Thanh Xuân,Lương Thế Vinh,Thanh Xuân,,
Ngõ 252 Đường Lương Thế Vinh - Thanh Xuân,Lương Thế Vinh,Thanh Xuân,,
Ngõ 102 Phố Nguỵ Như Kon Tum - Thanh Xuân,Nguỵ Như Kon Tum,Thanh Xuân,,
Ngõ 20 Phố Nguỵ Như Kon Tum - Thanh Xuân,Nguỵ Như Kon Tum,Thanh Xuân,,
Ngõ 23 Phố Nguỵ Như Kon Tum - Thanh Xuân,Nguỵ Như Kon Tum,Thanh Xuân,,
Ngõ 40 Phố Nguỵ Như Kon Tum - Thanh Xuân,Nguỵ Như Kon Tum,Thanh Xuân,,
Ngõ 41 Phố Nguỵ Như Kon Tum - Thanh Xuân,Nguỵ Như Kon Tum,Thanh Xuân,,
Ngõ 54 Phố Nguỵ Như Kon Tum - Thanh Xuân,Nguỵ Như Kon Tum,Thanh Xuân,,
Ngõ 55 Phố Nguỵ Như Kon Tum - Thanh Xuân,Nguỵ Như Kon Tum,Thanh Xuân,,
Ngõ 61 Phố Nguỵ Như Kon Tum - Thanh Xuân,Nguỵ Như Kon Tum,Thanh Xuân,,
Ngõ 68 Phố Nguỵ Như Kon Tum - Thanh Xuân,Nguỵ Như Kon Tum,Thanh Xuân,,
Ngõ 69 Phố Nguỵ Như Kon Tum - Thanh Xuân,Nguỵ Như Kon Tum,Thanh Xuân,,
Ngõ 80 Phố Nguỵ Như Kon Tum - Thanh Xuân,Nguỵ Như Kon Tum,Thanh Xuân,,
Ngõ 90 Phố Nguỵ Như Kon Tum - Thanh Xuân,Nguỵ Như Kon Tum,Thanh Xuân,,
Phố Nguỵ Như Kon Tum - Thanh Xuân,Nguỵ Như Kon Tum,Thanh Xuân,,
Ngõ 123 Phố Nguyễn Huy Tưởng - Thanh Xuân,Nguyễn Huy Tưởng,Thanh Xuân,,
Ngõ 282 Phố Nguyễn Huy Tưởng - Thanh Xuân,Nguyễn Huy Tưởng,Thanh Xuân,,
Phố Nguyễn Huy Tưởng - Thanh Xuân,Nguyễn Huy Tưởng,Thanh Xuân,,
Đường Nguyễn Ngọc Vũ - Thanh Xuân,Nguyễn Ngọc Vũ,Thanh Xuân,,
Ngách 53/1 Đường Nguyễn Ngọc Vũ - Thanh Xuân,Nguyễn Ngọc Vũ,Thanh Xuân,,
Ngõ 53 Đường Nguyễn Ngọc Vũ - Thanh Xuân,Nguyễn Ngọc Vũ,Thanh Xuân,,
Ngách 11/1 Phố Nguyễn Quý Đức - Thanh Xuân,Nguyễn Quý Đức,Thanh Xuân,,
Ngõ 11 Phố Nguyễn Quý Đức - Thanh Xuân,Nguyễn Quý Đức,Thanh Xuân,,
Ngõ 2 Phố Nguyễn Quý Đức - Thanh Xuân,Nguyễn Quý Đức,Thanh Xuân,,
Ngõ 4 Phố Nguyễn Quý Đức - Thanh Xuân,Nguyễn Quý Đức,Thanh Xuân,,
Ngõ 67 Phố Nguyễn Quý Đức - Thanh Xuân,Nguyễn Quý Đức,Thanh Xuân,,
Ngõ 71 Phố Nguyễn Quý Đức - Thanh Xuân,Nguyễn Quý Đức,Thanh Xuân,,
Nguyễn Quý Đức - Thanh Xuân,Nguyễn Quý Đức,Thanh Xuân,,
Phố Nguyễn Quý Đức - Thanh Xuân,Nguyễn Quý Đức,Thanh Xuân,,
Đường Nguyễn Trãi - Thanh Xuân,Nguyễn Trãi,Thanh Xuân,,
Hẻm 72/1/101 Đường Nguyễn Trãi - Thanh Xuân,Nguyễn Trãi,Thanh Xuân,,
Hẻm 72/1/12 Đường Nguyễn Trãi - Thanh Xuân,Nguyễn Trãi,Thanh Xuân,,
Hẻm 72/1/141 Đường Nguyễn Trãi - Thanh Xuân,Nguyễn Trãi,Thanh Xuân,,
Hẻm 72/1/64 Đường Nguyễn Trãi - Thanh Xuân,Nguyễn Trãi,Thanh Xuân,,
Hẻm 72/1/77 Đường Nguyễn Trãi - Thanh Xuân,Nguyễn Trãi,Thanh Xuân,,
Ngách 108/42 Đường Nguyễn Trãi - Thanh Xuân,Nguyễn Trãi,Thanh Xuân,,
Ngách 17/35 Đường Nguyễn Trãi - Thanh Xuân,Nguyễn Trãi,Thanh Xuân,,
Ngách 190/7 Đường Nguyễn Trãi - Thanh Xuân,Nguyễn Trãi,Thanh Xuân,,
Ngách 262A/35 Đường Nguyễn Trãi - Thanh Xuân,Nguyễn Trãi,Thanh Xuân,,
Ngách 262A/39 Đường Nguyễn Trãi - Thanh Xuân,Nguyễn Trãi,Thanh Xuân,,
Ngách 262B/30 Đường Nguyễn Trãi - Thanh Xuân,Nguyễn Trãi,Thanh Xuân,,
Ngách 262B/44 Đường Nguyễn Trãi - Thanh Xuân,Nguyễn Trãi,Thanh Xuân,,
Ngách 336/9 Đường Nguyễn Trãi - Thanh Xuân,Nguyễn Trãi,Thanh Xuân,,
Ngách 470/12 Đường Nguyễn Trãi - Thanh Xuân,Nguyễn Trãi,Thanh Xuân,,
Ngách 470/49 Đường Nguyễn Trãi - Thanh Xuân,Nguyễn Trãi,Thanh Xuân,,
Ngách 470/59 Đường Nguyễn Trãi - Thanh Xuân,Nguyễn Trãi,Thanh Xuân,,
Ngách 470/61 Đường Nguyễn Trãi - Thanh Xuân,Nguyễn Trãi,Thanh Xuân,,
Ngách 72/1 Đường Nguyễn Trãi - Thanh Xuân,Nguyễn Trãi,Thanh Xuân,,
Ngách 72/136 Đường Nguyễn Trãi - Thanh Xuân,Nguyễn Trãi,Thanh Xuân,,
Ngách 72/50 Đường Nguyễn Trãi - Thanh Xuân,Nguyễn Trãi,Thanh Xuân,,
Ngõ 108 Đường Nguyễn Trãi - Thanh Xuân,Nguyễn Trãi,Thanh Xuân,,
Ngõ 166 Đường Nguyễn Trãi - Thanh Xuân,Nguyễn Trãi,Thanh Xuân,,
Ngõ 190 Đường Nguyễn Trãi - Thanh Xuân,Nguyễn Trãi,Thanh Xuân,,
Ngõ 210 Đường Nguyễn Trãi - Thanh Xuân,Nguyễn Trãi,Thanh Xuân,,
Ngõ 254 Đường Nguyễn Trãi - Thanh Xuân,Nguyễn Trãi,Thanh Xuân,,
Ngõ 262A Đường Nguyễn Trãi - Thanh Xuân,Nguyễn Trãi,Thanh Xuân,,
Ngõ 262A+B Đường Nguyễn Trãi - Thanh Xuân,Nguyễn Trãi,Thanh Xuân,,
Ngõ 262B Đường Nguyễn Trãi - Thanh Xuân,Nguyễn Trãi,Thanh Xuân,,
Ngõ 312 Đường Nguyễn Trãi - Thanh Xuân,Nguyễn Trãi,Thanh Xuân,,
Ngõ 326 Đường Nguyễn Trãi - Thanh Xuân,Nguyễn Trãi,Thanh Xuân,,
Ngõ 328 Đường Nguyễn Trãi - Thanh Xuân,Nguyễn Trãi,Thanh Xuân,,
Ngõ 330 Đường Nguyễn Trãi - Thanh Xuân,Nguyễn Trãi,Thanh Xuân,,
Ngõ 332 Đường Nguyễn Trãi - Thanh Xuân,Nguyễn Trãi,Thanh Xuân,,
Ngõ 336 Đường Nguyễn Trãi - Thanh Xuân,Nguyễn Trãi,Thanh Xuân,,
Ngõ 470 Đường Nguyễn Trãi - Thanh Xuân,Nguyễn Trãi,Thanh Xuân,,
Ngõ 72 Đường Nguyễn Trãi - Thanh Xuân,Nguyễn Trãi,Thanh Xuân,,
Đường Nguyễn Tuân - Thanh Xuân,Nguyễn Tuân,Thanh Xuân,,
Ngõ 143 Đường Nguyễn Tuân - Thanh Xuân,Nguyễn Tuân,Thanh Xuân,,
Ngõ 149 Đường Nguyễn Tuân - Thanh Xuân,Nguyễn Tuân,Thanh Xuân,,
Ngõ 162 Phố Nguyễn Tuân - Thanh Xuân,Nguyễn Tuân,Thanh Xuân,,
Ngõ 172 Phố Nguyễn Tuân - Thanh Xuân,Nguyễn Tuân,Thanh Xuân,,
Ngõ 187 Đường Nguyễn Tuân - Thanh Xuân,Nguyễn Tuân,Thanh Xuân,,
Ngõ 198B Đường Nguyễn Tuân - Thanh Xuân,Nguyễn Tuân,Thanh Xuân,,
Ngõ 90 Đường Nguyễn Tuân - Thanh Xuân,Nguyễn Tuân,Thanh Xuân,,
Ngõ 99 Đường Nguyễn Tuân - Thanh Xuân,Nguyễn Tuân,Thanh Xuân,,
Ngách 2/5 Phố Nhân Hoà - Thanh Xuân,Nhân Hoà,Thanh Xuân,,
Ngõ 1 Phố Nhân Hoà - Thanh Xuân,Nhân Hoà,Thanh Xuân,,
Ngõ 116 Phố Nhân Hoà - Thanh Xuân,Nhân Hoà,Thanh Xuân,,
Ngõ 1A Phố Nhân Hoà - Thanh Xuân,Nhân Hoà,Thanh Xuân,,
Ngõ 2 Phố Nhân Hoà - Thanh Xuân,Nhân Hoà,Thanh Xuân,,
Ngõ 26 Phố Nhân Hoà - Thanh Xuân,Nhân Hoà,Thanh Xuân,,
Ngõ 35 Phố Nhân Hoà - Thanh Xuân,Nhân Hoà,Thanh Xuân,,
Ngõ 44 Phố Nhân Hoà - Thanh Xuân,Nhân Hoà,Thanh Xuân,,
Ngõ 47 Phố Nhân Hoà - Thanh Xuân,Nhân Hoà,Thanh Xuân,,
Ngõ 80 Phố Nhân Hoà - Thanh Xuân,Nhân Hoà,Thanh Xuân,,
Ngõ 80/9 Phố Nhân Hoà - Thanh Xuân,Nhân Hoà,Thanh Xuân,,
Ngõ 86 Phố Nhân Hoà - Thanh Xuân,Nhân Hoà,Thanh Xuân,,
Ngõ 90 Phố Nhân Hoà - Thanh Xuân,Nhân Hoà,Thanh Xuân,,
Ngõ 94 Phố Nhân Hoà - Thanh Xuân,Nhân Hoà,Thanh Xuân,,
Nhân Hoà - Thanh Xuân,Nhân Hoà,Thanh Xuân,,
Phố Nhân Hoà - Thanh Xuân,Nhân Hoà,Thanh Xuân,,
Hẻm 144/8/10 Phố Quan Nhân - Thanh Xuân,Quan Nhân,Thanh Xuân,,
Hẻm 144/8/19 Phố Quan Nhân - Thanh Xuân,Quan Nhân,Thanh Xuân,,
Ngách 1/74 Phố Quan Nhân - Thanh Xuân,Quan Nhân,Thanh Xuân,,
Ngách 109/30 Phố Quan Nhân - Thanh Xuân,Quan Nhân,Thanh Xuân,,
Ngách 109/9 Phố Quan Nhân - Thanh Xuân,Quan Nhân,Thanh Xuân,,
Ngách 141/8 Phố Quan Nhân - Thanh Xuân,Quan Nhân,Thanh Xuân,,
Ngách 144/4 Phố Quan Nhân - Thanh Xuân,Quan Nhân,Thanh Xuân,,
Ngách 144/48 Phố Quan Nhân - Thanh Xuân,Quan Nhân,Thanh Xuân,,
Ngách 144/56 Phố Quan Nhân - Thanh Xuân,Quan Nhân,Thanh Xuân,,
Ngách 144/8 Phố Quan Nhân - Thanh Xuân,Quan Nhân,Thanh Xuân,,
Ngách 178/2 Phố Quan Nhân - Thanh Xuân,Quan Nhân,Thanh Xuân,,
Ngách 178/36 Phố Quan Nhân - Thanh Xuân,Quan Nhân,Thanh Xuân,,
Ngách 181/8 Phố Quan Nhân - Thanh Xuân,Quan Nhân,Thanh Xuân,,
Ngách 32/145 Phố Quan Nhân - Thanh Xuân,Quan Nhân,Thanh Xuân,,
Ngách 46/15 Phố Quan Nhân - Thanh Xuân,Quan Nhân,Thanh Xuân,,
Ngách 46/35 Phố Quan Nhân - Thanh Xuân,Quan Nhân,Thanh Xuân,,
Ngách 52/11 Phố Quan Nhân - Thanh Xuân,Quan Nhân,Thanh Xuân,,
Ngách 52/19 Phố Quan Nhân - Thanh Xuân,Quan Nhân,Thanh Xuân,,
Ngách 52/27 Phố Quan Nhân - Thanh Xuân,Quan Nhân,Thanh Xuân,,
Ngách 52/3 Phố Quan Nhân - Thanh Xuân,Quan Nhân,Thanh Xuân,,
Ngõ 1 Phố Quan Nhân - Thanh Xuân,Quan Nhân,Thanh Xuân,,
Ngõ 109 Phố Quan Nhân - Thanh Xuân,Quan Nhân,Thanh Xuân,,
Ngõ 110 Phố Quan Nhân - Thanh Xuân,Quan Nhân,Thanh Xuân,,
Ngõ 132 Phố Quan Nhân - Thanh Xuân,Quan Nhân,Thanh Xuân,,
Ngõ 134 Phố Quan Nhân - Thanh Xuân,Quan Nhân,Thanh Xuân,,
Ngõ 141 Phố Quan Nhân - Thanh Xuân,Quan Nhân,Thanh Xuân,,
Ngõ 142 Phố Quan Nhân - Thanh Xuân,Quan Nhân,Thanh Xuân,,
Ngõ 144 Phố Quan Nhân - Thanh Xuân,Quan Nhân,Thanh Xuân,,
Ngõ 145 Phố Quan Nhân - Thanh Xuân,Quan Nhân,Thanh Xuân,,
Ngõ 178 Phố Quan Nhân - Thanh Xuân,Quan Nhân,Thanh Xuân,,
Ngõ 181 Phố Quan Nhân - Thanh Xuân,Quan Nhân,Thanh Xuân,,
Ngõ 21 Phố Quan Nhân - Thanh Xuân,Quan Nhân,Thanh Xuân,,
Ngõ 24 Phố Quan Nhân - Thanh Xuân,Quan Nhân,Thanh Xuân,,
Ngõ 261 Phố Quan Nhân - Thanh Xuân,Quan Nhân,Thanh Xuân,,
Ngõ 275 Phố Quan Nhân - Thanh Xuân,Quan Nhân,Thanh Xuân,,
Ngõ 313 Phố Quan Nhân - Thanh Xuân,Quan Nhân,Thanh Xuân,,
Ngõ 341 Phố Quan Nhân - Thanh Xuân,Quan Nhân,Thanh Xuân,,
Ngõ 44 Phố Quan Nhân - Thanh Xuân,Quan Nhân,Thanh Xuân,,
Ngõ 46 Phố Quan Nhân - Thanh Xuân,Quan Nhân,Thanh Xuân,,
Ngõ 52 Phố Quan Nhân - Thanh Xuân,Quan Nhân,Thanh Xuân,,
Ngõ 53 Phố Quan Nhân - Thanh Xuân,Quan Nhân,Thanh Xuân,,
Ngõ 65 Phố Quan Nhân - Thanh Xuân,Quan Nhân,Thanh Xuân,,
Ngõ 68 Phố Quan Nhân - Thanh Xuân,Quan Nhân,Thanh Xuân,,
Ngõ 73 Phố Quan Nhân - Thanh Xuân,Quan Nhân,Thanh Xuân,,
Ngõ 89 Phố Quan Nhân - Thanh Xuân,Quan Nhân,Thanh Xuân,,
Phố Quan Nhân - Thanh Xuân,Quan Nhân,Thanh Xuân,,
Ngõ 19 Phố Tố Hữu - Thanh Xuân,Tố Hữu,Thanh Xuân,,
Phố Tố Hữu - Thanh Xuân,Tố Hữu,Thanh Xuân,,
Lô A Ngõ 172 Vũ Hữu - Thanh Xuân,Vũ Hữu,Thanh Xuân,,
Lô B Ngõ 172 Vũ Hữu - Thanh Xuân,Vũ Hữu,Thanh Xuân,,
Lô C Ngõ 172 Vũ Hữu - Thanh Xuân,Vũ Hữu,Thanh Xuân,,
Ngõ 167 Phố Vũ Hữu - Thanh Xuân,Vũ Hữu,Thanh Xuân,,
Ngõ 168 Phố Vũ Hữu - Thanh Xuân,Vũ Hữu,Thanh Xuân,,
Ngõ 273 Phố Vũ Hữu - Thanh Xuân,Vũ Hữu,Thanh Xuân,,
Ngõ 307 Phố Vũ Hữu - Thanh Xuân,Vũ Hữu,Thanh Xuân,,
Ngõ 441 Phố Vũ Hữu - Thanh Xuân,Vũ Hữu,Thanh Xuân,,
Ngõ 93 Phố Vũ Hữu - Thanh Xuân,Vũ Hữu,Thanh Xuân,,
Phố Vũ Hữu - Thanh Xuân,Vũ Hữu,Thanh Xuân,,
Đường Vũ Trọng Phụng - Thanh Xuân,Vũ Trọng Phụng,Thanh Xuân,,
Ngách 64/39 Phố Vũ Trọng Phụng - Thanh Xuân,Vũ Trọng Phụng,Thanh Xuân,,
Ngõ 104 Phố Vũ Trọng Phụng - Thanh Xuân,Vũ Trọng Phụng,Thanh Xuân,,
Ngõ 114 Vũ Trọng Phụng - Thanh Xuân,Vũ Trọng Phụng,Thanh Xuân,,
Ngõ 122 Phố Vũ Trọng Phụng - Thanh Xuân,Vũ Trọng Phụng,Thanh Xuân,,
Ngõ 128 Phố Vũ Trọng Phụng - Thanh Xuân,Vũ Trọng Phụng,Thanh Xuân,,
Ngõ 20 Phố Vũ Trọng Phụng - Thanh Xuân,Vũ Trọng Phụng,Thanh Xuân,,
Ngõ 30 Phố Vũ Trọng Phụng - Thanh Xuân,Vũ Trọng Phụng,Thanh Xuân,,
Ngõ 36 Phố Vũ Trọng Phụng - Thanh Xuân,Vũ Trọng Phụng,Thanh Xuân,,
Ngõ 44 Phố Vũ Trọng Phụng - Thanh Xuân,Vũ Trọng Phụng,Thanh Xuân,,
Ngõ 51 Phố Vũ Trọng Phụng - Thanh Xuân,Vũ Trọng Phụng,Thanh Xuân,,
Ngõ 53 Phố Vũ Trọng Phụng - Thanh Xuân,Vũ Trọng Phụng,Thanh Xuân,,
Ngõ 58 Phố Vũ Trọng Phụng - Thanh Xuân,Vũ Trọng Phụng,Thanh Xuân,,
Ngõ 63 Phố Vũ Trọng Phụng - Thanh Xuân,Vũ Trọng Phụng,Thanh Xuân,,
Ngõ 64 Phố Vũ Trọng Phụng - Thanh Xuân,Vũ Trọng Phụng,Thanh Xuân,,
Ngõ 64 Vũ Trọng Phụng - Thanh Xuân,Vũ Trọng Phụng,Thanh Xuân,,
Ngõ 69 Phố Vũ Trọng Phụng - Thanh Xuân,Vũ Trọng Phụng,Thanh Xuân,,
Ngõ 78 Phố Vũ Trọng Phụng - Thanh Xuân,Vũ Trọng Phụng,Thanh Xuân,,
Ngõ 92 Phố Vũ Trọng Phụng - Thanh Xuân,Vũ Trọng Phụng,Thanh Xuân,,
Ngõ 98 Vũ Trọng Phụng - Thanh Xuân,Vũ Trọng Phụng,Thanh Xuân,,
"Đường Khuất Duy Tiến - Thanh Xuân, Đại Mỗ",Khuất Duy Tiến,"Thanh Xuân, Đại Mỗ",,
"Đường Lương Thế Vinh - Thanh Xuân, Đại Mỗ",Lương Thế Vinh,"Thanh Xuân, Đại Mỗ",,
"Ngõ 116 Đường Lương Thế Vinh - Thanh Xuân, Đại Mỗ",Lương Thế Vinh,"Thanh Xuân, Đại Mỗ",,
"Ngõ 182 Đường Lương Thế Vinh - Thanh Xuân, Đại Mỗ",Lương Thế Vinh,"Thanh Xuân, Đại Mỗ",,
"Ngõ 211 Đường Lương Thế Vinh - Thanh Xuân, Đại Mỗ",Lương Thế Vinh,"Thanh Xuân, Đại Mỗ",,
"Ngõ 265 Đường Lương Thế Vinh - Thanh Xuân, Đại Mỗ",Lương Thế Vinh,"Thanh Xuân, Đại Mỗ",,
"Ngõ 289 Đường Lương Thế Vinh - Thanh Xuân, Đại Mỗ",Lương Thế Vinh,"Thanh Xuân, Đại Mỗ",,
"Ngõ 375 Đường Lương Thế Vinh - Thanh Xuân, Đại Mỗ",Lương Thế Vinh,"Thanh Xuân, Đại Mỗ",,
"Ngõ 385 Đường Lương Thế Vinh - Thanh Xuân, Đại Mỗ",Lương Thế Vinh,"Thanh Xuân, Đại Mỗ",,
"Đường Nguyễn Trãi - Thanh Xuân, Đại Mỗ",Nguyễn Trãi,"Thanh Xuân, Đại Mỗ",,
"Đường Phùng Khoang - Thanh Xuân, Đại Mỗ",Phùng Khoang,"Thanh Xuân, Đại Mỗ",,
"Ngõ 19 Phố Tố Hữu - Thanh Xuân, Đại Mỗ",Tố Hữu,"Thanh Xuân, Đại Mỗ",,
"Phố Tố Hữu - Thanh Xuân, Đại Mỗ",Tố Hữu,"Thanh Xuân, Đại Mỗ",,
"Đường Trung Văn - Thanh Xuân, Đại Mỗ",Trung Văn,"Thanh Xuân, Đại Mỗ",,
"Cầu Giáp Nhất - Thanh Xuân, Đống Đa",Giáp Nhất,"Thanh Xuân, Đống Đa",,
"Cầu Hoà Mục - Thanh Xuân, Đống Đa",Hoà Mục,"Thanh Xuân, Đống Đa",,
"Cầu Mọc - Thanh Xuân, Đống Đa",Mọc,"Thanh Xuân, Đống Đa","Trước khi có đường Nguyễn Trãi thì Cầu Mọc là một phần con đường thiên lý nối Hà Nội đi Hà Đông và các tỉnh phía Tây Nam. Từ Hà Nội đi Hà Đông sẽ đi từ Ô Chợ Dừa, đi qua cánh đồng của làng Thịnh Quang, đi theo phố Yên Lãng hiện nay, qua Cầu Mọc, phố Quan Nhân rồi rẽ ra tới đường cái quan (đường Nguyễn Trãi hiện nay). Sau đó, khi Hoàng Cao Khải xây Ấp Thái Hà và người Pháp cho làm tuyến tàu điện Bờ Hồ - Hà Đông và xây Cầu Mới (cầu tại vị trí chân cầu vượt Ngã tư Sở, bắc qua sông Tô Lịch) thì cầu Mọc mới mất đi chức năng đường thiên lý của mình.",
"Đường Nguyễn Trãi - Thanh Xuân, Đống Đa",Nguyễn Trãi,"Thanh Xuân, Đống Đa",,
"Phố Hoàng Đạo Thuý - Thanh Xuân, Yên Hoà",Hoàng Đạo Thuý,"Thanh Xuân, Yên Hoà",,
"Ngõ 7 Phố Hoàng Minh Giám - Thanh Xuân, Yên Hoà",Hoàng Minh Giám,"Thanh Xuân, Yên Hoà",,
"Phố Hoàng Minh Giám - Thanh Xuân, Yên Hoà",Hoàng Minh Giám,"Thanh Xuân, Yên Hoà",,
"Đường Khuất Duy Tiến - Thanh Xuân, Yên Hoà",Khuất Duy Tiến,"Thanh Xuân, Yên Hoà",,
"Đường Lê Văn Lương - Thanh Xuân, Yên Hoà",Lê Văn Lương,"Thanh Xuân, Yên Hoà",,
"Đường Nguyễn Ngọc Vũ - Thanh Xuân, Yên Hoà",Nguyễn Ngọc Vũ,"Thanh Xuân, Yên Hoà",,
"Phố Nguyễn Thị Thập - Thanh Xuân, Yên Hoà",Nguyễn Thị Thập,"Thanh Xuân, Yên Hoà",,
"Đường Nguyễn Tuân - Thanh Xuân, Yên Hoà",Nguyễn Tuân,"Thanh Xuân, Yên Hoà",,
Ngách 80/47 Phố Châu Đài - Thượng Cát,Châu Đài,Thượng Cát,,
Ngõ 12 Phố Châu Đài - Thượng Cát,Châu Đài,Thượng Cát,,
Ngõ 14 Phố Châu Đài - Thượng Cát,Châu Đài,Thượng Cát,,
Ngõ 16 Phố Châu Đài - Thượng Cát,Châu Đài,Thượng Cát,,
Ngõ 18 Phố Châu Đài - Thượng Cát,Châu Đài,Thượng Cát,,
Ngõ 25 Phố Châu Đài - Thượng Cát,Châu Đài,Thượng Cát,,
Ngõ 50 Phố Châu Đài - Thượng Cát,Châu Đài,Thượng Cát,,
Ngõ 70 Phố Châu Đài - Thượng Cát,Châu Đài,Thượng Cát,,
Ngõ 80 Phố Châu Đài - Thượng Cát,Châu Đài,Thượng Cát,,
Ngõ 9 Phố Châu Đài - Thượng Cát,Châu Đài,Thượng Cát,,
Phố Châu Đài - Thượng Cát,Châu Đài,Thượng Cát,,
Đường Đại Cát - Thượng Cát,Đại Cát,Thượng Cát,,
Đường Đống Ba - Thượng Cát,Đống Ba,Thượng Cát,,
Ngách 105/17 Phố Hoàng Liên - Thượng Cát,Hoàng Liên,Thượng Cát,,
Ngách 7/43 Phố Hoàng Liên - Thượng Cát,Hoàng Liên,Thượng Cát,,
Ngõ 105 Phố Hoàng Liên - Thượng Cát,Hoàng Liên,Thượng Cát,,
Ngõ 46 Phố Hoàng Liên - Thượng Cát,Hoàng Liên,Thượng Cát,,
Ngõ 58 Phố Hoàng Liên - Thượng Cát,Hoàng Liên,Thượng Cát,,
Ngõ 7 Phố Hoàng Liên - Thượng Cát,Hoàng Liên,Thượng Cát,,
Ngõ 91 Phố Hoàng Liên - Thượng Cát,Hoàng Liên,Thượng Cát,,
Phố Hoàng Liên - Thượng Cát,Hoàng Liên,Thượng Cát,,
Phố Kỳ Vũ - Thượng Cát,Kỳ Vũ,Thượng Cát,,
Đường Liên Mạc - Thượng Cát,Liên Mạc,Thượng Cát,,
Hẻm 199/3/1 Đường Liên Mạc - Thượng Cát,Liên Mạc,Thượng Cát,,
Hẻm 241/38/15 Đường Liên Mạc - Thượng Cát,Liên Mạc,Thượng Cát,,
Hẻm 241/50/30 Đường Liên Mạc - Thượng Cát,Liên Mạc,Thượng Cát,,
Hẻm 5/60/16 Đường Liên Mạc - Thượng Cát,Liên Mạc,Thượng Cát,,
Hẻm 5/60/18 Đường Liên Mạc - Thượng Cát,Liên Mạc,Thượng Cát,,
Hẻm 5/60/9 Đường Liên Mạc - Thượng Cát,Liên Mạc,Thượng Cát,,
Ngách 15/32 Đường Liên Mạc - Thượng Cát,Liên Mạc,Thượng Cát,,
Ngách 15/45 Đường Liên Mạc - Thượng Cát,Liên Mạc,Thượng Cát,,
Ngách 15/59 Đường Liên Mạc - Thượng Cát,Liên Mạc,Thượng Cát,,
Ngách 199/3 Đường Liên Mạc - Thượng Cát,Liên Mạc,Thượng Cát,,
Ngách 241/25 Đường Liên Mạc - Thượng Cát,Liên Mạc,Thượng Cát,,
Ngách 241/57 Đường Liên Mạc - Thượng Cát,Liên Mạc,Thượng Cát,,
Ngách 241/68 Đường Liên Mạc - Thượng Cát,Liên Mạc,Thượng Cát,,
Ngách 241/79 Đường Liên Mạc - Thượng Cát,Liên Mạc,Thượng Cát,,
Ngách 5/10 Đường Liên Mạc - Thượng Cát,Liên Mạc,Thượng Cát,,
Ngách 5/13 Đường Liên Mạc - Thượng Cát,Liên Mạc,Thượng Cát,,
Ngách 5/20 Đường Liên Mạc - Thượng Cát,Liên Mạc,Thượng Cát,,
Ngách 5/35 Đường Liên Mạc - Thượng Cát,Liên Mạc,Thượng Cát,,
Ngách 5/56 Đường Liên Mạc - Thượng Cát,Liên Mạc,Thượng Cát,,
Ngách 5/59 Đường Liên Mạc - Thượng Cát,Liên Mạc,Thượng Cát,,
Ngách 5/60 Đường Liên Mạc - Thượng Cát,Liên Mạc,Thượng Cát,,
Ngách 5/74 Đường Liên Mạc - Thượng Cát,Liên Mạc,Thượng Cát,,
Ngõ 1 Đường Liên Mạc - Thượng Cát,Liên Mạc,Thượng Cát,,
Ngõ 101 Đường Liên Mạc - Thượng Cát,Liên Mạc,Thượng Cát,,
Ngõ 145 Đường Liên Mạc - Thượng Cát,Liên Mạc,Thượng Cát,,
Ngõ 15 Đường Liên Mạc - Thượng Cát,Liên Mạc,Thượng Cát,,
Ngõ 15/2 Đường Liên Mạc - Thượng Cát,Liên Mạc,Thượng Cát,,
Ngõ 203 Đường Liên Mạc - Thượng Cát,Liên Mạc,Thượng Cát,,
Ngõ 241 Đường Liên Mạc - Thượng Cát,Liên Mạc,Thượng Cát,,
Ngõ 3 Đường Liên Mạc - Thượng Cát,Liên Mạc,Thượng Cát,,
Ngõ 36 Đường Liên Mạc - Thượng Cát,Liên Mạc,Thượng Cát,,
Ngõ 5 Đường Liên Mạc - Thượng Cát,Liên Mạc,Thượng Cát,,
Ngõ 5 Liên Mạc - Thượng Cát,Liên Mạc,Thượng Cát,,
Ngõ 36 Phố Mạc Xá - Thượng Cát,Mạc Xá,Thượng Cát,,
Phố Mạc Xá - Thượng Cát,Mạc Xá,Thượng Cát,,
Đường Bờ Tây Sông Nhuệ - Thượng Cát,Sông Nhuệ,Thượng Cát,,
Ngõ 202 Bờ Tây Sông Nhuệ - Thượng Cát,Sông Nhuệ,Thượng Cát,,
Ngõ 286 Bờ Tây Sông Nhuệ - Thượng Cát,Sông Nhuệ,Thượng Cát,,
Đường Sùng Khang - Thượng Cát,Sùng Khang,Thượng Cát,,
Đường Tân Dân - Thượng Cát,Tân Dân,Thượng Cát,,
Ngách 114/62 Phố Tân Phong - Thượng Cát,Tân Phong,Thượng Cát,,
Ngách 150/53 Phố Tân Phong - Thượng Cát,Tân Phong,Thượng Cát,,
Ngõ 114 Phố Tân Phong - Thượng Cát,Tân Phong,Thượng Cát,,
Ngõ 123 Phố Tân Phong - Thượng Cát,Tân Phong,Thượng Cát,,
Ngõ 126 Phố Tân Phong - Thượng Cát,Tân Phong,Thượng Cát,,
Ngõ 14 Phố Tân Phong - Thượng Cát,Tân Phong,Thượng Cát,,
Ngõ 149 Phố Tân Phong - Thượng Cát,Tân Phong,Thượng Cát,,
Ngõ 153 Phố Tân Phong - Thượng Cát,Tân Phong,Thượng Cát,,
Ngõ 186 Tân Phong - Thượng Cát,Tân Phong,Thượng Cát,,
Ngõ 24 Phố Tân Phong - Thượng Cát,Tân Phong,Thượng Cát,,
Ngõ 34 Phố Tân Phong - Thượng Cát,Tân Phong,Thượng Cát,,
Ngõ 36 Phố Tân Phong - Thượng Cát,Tân Phong,Thượng Cát,,
Ngõ 48 Phố Tân Phong - Thượng Cát,Tân Phong,Thượng Cát,,
Phố Tân Phong - Thượng Cát,Tân Phong,Thượng Cát,,
Đường Tây Tựu - Thượng Cát,Tây Tựu,Thượng Cát,,
Cầu Thượng Cát - Thượng Cát,Thượng Cát,Thượng Cát,,
Đường Thượng Cát - Thượng Cát,Thượng Cát,Thượng Cát,,
Ngách 4/6 Đường Thượng Cát - Thượng Cát,Thượng Cát,Thượng Cát,,
Ngõ 211 Đường Thượng Cát - Thượng Cát,Thượng Cát,Thượng Cát,,
Ngõ 252 Đường Thượng Cát - Thượng Cát,Thượng Cát,Thượng Cát,,
Ngõ 256 Đường Thượng Cát - Thượng Cát,Thượng Cát,Thượng Cát,,
Ngõ 262 Đường Thượng Cát - Thượng Cát,Thượng Cát,Thượng Cát,,
Ngõ 27A Đường Thượng Cát - Thượng Cát,Thượng Cát,Thượng Cát,,
Ngõ 65 Đường Thượng Cát - Thượng Cát,Thượng Cát,Thượng Cát,,
Ngõ 95 Đường Thượng Cát - Thượng Cát,Thượng Cát,Thượng Cát,,
Ngõ Thượng Cát - Thượng Cát,Thượng Cát,Thượng Cát,,
Phố Viên - Thượng Cát,Viên,Thượng Cát,,
Ngách 11/2 Đường Yên Nội - Thượng Cát,Yên Nội,Thượng Cát,,
Ngách 11/40 Đường Yên Nội - Thượng Cát,Yên Nội,Thượng Cát,,
Ngách 11/75 Đường Yên Nội - Thượng Cát,Yên Nội,Thượng Cát,,
Ngách 7/71 Đường Yên Nội - Thượng Cát,Yên Nội,Thượng Cát,,
Ngõ 11 Đường Yên Nội - Thượng Cát,Yên Nội,Thượng Cát,,
Yên Nội - Thượng Cát,Yên Nội,Thượng Cát,,
"Cầu Liên Mạc 2 - Thượng Cát, Đông Ngạc",Liên Mạc,"Thượng Cát, Đông Ngạc",,
"Cống Liên Mạc - Thượng Cát, Đông Ngạc",Liên Mạc,"Thượng Cát, Đông Ngạc",,
"Đường Phạm Văn Nghị - Thượng Cát, Đông Ngạc",Phạm Văn Nghị,"Thượng Cát, Đông Ngạc",,
"Đường Bờ Tây Sông Nhuệ - Thượng Cát, Đông Ngạc",Sông Nhuệ,"Thượng Cát, Đông Ngạc",,
"Phố Tân Phong - Thượng Cát, Đông Ngạc",Tân Phong,"Thượng Cát, Đông Ngạc",,
"Phố Viên - Thượng Cát, Đông Ngạc",Viên,"Thượng Cát, Đông Ngạc",,
"Ngõ 20 Đường Phú Minh - Thượng Cát, Tây Tựu",Phú Minh,"Thượng Cát, Tây Tựu",,
"Đường Tây Tựu - Thượng Cát, Tây Tựu",Tây Tựu,"Thượng Cát, Tây Tựu",,
"Đường Văn Tiến Dũng - Thượng Cát, Tây Tựu",Văn Tiến Dũng,"Thượng Cát, Tây Tựu",,TRUE
"Đường Yên Nội - Thượng Cát, Tây Tựu",Yên Nội,"Thượng Cát, Tây Tựu",,
Phố Bùi Xuân Phái - Từ Liêm,Bùi Xuân Phái,Từ Liêm,,
Ngõ 3 Phố Cao Xuân Huy - Từ Liêm,Cao Xuân Huy,Từ Liêm,,
Phố Cao Xuân Huy - Từ Liêm,Cao Xuân Huy,Từ Liêm,,
Đường Châu Văn Liêm - Từ Liêm,Châu Văn Liêm,Từ Liêm,,
Đường Đình Thôn - Từ Liêm,Đình Thôn,Từ Liêm,,
Ngách 1/8 Đường Đình Thôn - Từ Liêm,Đình Thôn,Từ Liêm,,
Ngách 145/3 Đường Đình Thôn - Từ Liêm,Đình Thôn,Từ Liêm,,
Ngách 145/9 Đường Đình Thôn - Từ Liêm,Đình Thôn,Từ Liêm,,
Ngách 154/26 Đường Đình Thôn - Từ Liêm,Đình Thôn,Từ Liêm,,
Ngách 180/11 Đường Đình Thôn - Từ Liêm,Đình Thôn,Từ Liêm,,
Ngách 180/25 Đường Đình Thôn - Từ Liêm,Đình Thôn,Từ Liêm,,
Ngõ 1 Đường Đình Thôn - Từ Liêm,Đình Thôn,Từ Liêm,,
Ngõ 105 Đường Đình Thôn - Từ Liêm,Đình Thôn,Từ Liêm,,
Ngõ 119 Đường Đình Thôn - Từ Liêm,Đình Thôn,Từ Liêm,,
Ngõ 128 Đường Đình Thôn - Từ Liêm,Đình Thôn,Từ Liêm,,
Ngõ 137 Đường Đình Thôn - Từ Liêm,Đình Thôn,Từ Liêm,,
Ngõ 138 Đường Đình Thôn - Từ Liêm,Đình Thôn,Từ Liêm,,
Ngõ 145 Đường Đình Thôn - Từ Liêm,Đình Thôn,Từ Liêm,,
Ngõ 154 Đường Đình Thôn - Từ Liêm,Đình Thôn,Từ Liêm,,
Ngõ 17 Đường Đình Thôn - Từ Liêm,Đình Thôn,Từ Liêm,,
Ngõ 179 Đường Đình Thôn - Từ Liêm,Đình Thôn,Từ Liêm,,
Ngõ 18 Đường Đình Thôn - Từ Liêm,Đình Thôn,Từ Liêm,,
Ngõ 180 Đường Đình Thôn - Từ Liêm,Đình Thôn,Từ Liêm,,
Ngõ 182 Đường Đình Thôn - Từ Liêm,Đình Thôn,Từ Liêm,,
Ngõ 2 Đường Đình Thôn - Từ Liêm,Đình Thôn,Từ Liêm,,
Ngõ 23 Đường Đình Thôn - Từ Liêm,Đình Thôn,Từ Liêm,,
Ngõ 31 Đường Đình Thôn - Từ Liêm,Đình Thôn,Từ Liêm,,
Ngõ 35 Đường Đình Thôn - Từ Liêm,Đình Thôn,Từ Liêm,,
Ngõ 36 Đường Đình Thôn - Từ Liêm,Đình Thôn,Từ Liêm,,
Ngõ 39 Đường Đình Thôn - Từ Liêm,Đình Thôn,Từ Liêm,,
Ngõ 50 Đường Đình Thôn - Từ Liêm,Đình Thôn,Từ Liêm,,
Ngõ 67 Đường Đình Thôn - Từ Liêm,Đình Thôn,Từ Liêm,,
Ngõ 97 Đường Đình Thôn - Từ Liêm,Đình Thôn,Từ Liêm,,
Phố Đỗ Đình Thiện - Từ Liêm,Đỗ Đình Thiện,Từ Liêm,,
Hẻm 32/101/2 Phố Đỗ Đức Dục - Từ Liêm,Đỗ Đức Dục,Từ Liêm,,
Hẻm 32/101/9 Phố Đỗ Đức Dục - Từ Liêm,Đỗ Đức Dục,Từ Liêm,,
Hẻm 32/101/9/8 Phố Đỗ Đức Dục - Từ Liêm,Đỗ Đức Dục,Từ Liêm,,
Hẻm 32/39/7 Phố Đỗ Đức Dục - Từ Liêm,Đỗ Đức Dục,Từ Liêm,,
Hẻm 32/48/23 Phố Đỗ Đức Dục - Từ Liêm,Đỗ Đức Dục,Từ Liêm,,
Hẻm 32/48/28 Phố Đỗ Đức Dục - Từ Liêm,Đỗ Đức Dục,Từ Liêm,,
Hẻm 32/71/8 Phố Đỗ Đức Dục - Từ Liêm,Đỗ Đức Dục,Từ Liêm,,
Hẻm 32/84/27 Phố Đỗ Đức Dục - Từ Liêm,Đỗ Đức Dục,Từ Liêm,,
Hẻm 32/84/38 Phố Đỗ Đức Dục - Từ Liêm,Đỗ Đức Dục,Từ Liêm,,
Hẻm 32/84/57 Phố Đỗ Đức Dục - Từ Liêm,Đỗ Đức Dục,Từ Liêm,,
Ngách 32/101 Phố Đỗ Đức Dục - Từ Liêm,Đỗ Đức Dục,Từ Liêm,,
Ngách 32/103 Phố Đỗ Đức Dục - Từ Liêm,Đỗ Đức Dục,Từ Liêm,,
Ngách 32/110 Phố Đỗ Đức Dục - Từ Liêm,Đỗ Đức Dục,Từ Liêm,,
Ngách 32/117 Phố Đỗ Đức Dục - Từ Liêm,Đỗ Đức Dục,Từ Liêm,,
Ngách 32/18 Phố Đỗ Đức Dục - Từ Liêm,Đỗ Đức Dục,Từ Liêm,,
Ngách 32/39 Phố Đỗ Đức Dục - Từ Liêm,Đỗ Đức Dục,Từ Liêm,,
Ngách 32/48 Phố Đỗ Đức Dục - Từ Liêm,Đỗ Đức Dục,Từ Liêm,,
Ngách 32/49 Phố Đỗ Đức Dục - Từ Liêm,Đỗ Đức Dục,Từ Liêm,,
Ngách 32/65 Phố Đỗ Đức Dục - Từ Liêm,Đỗ Đức Dục,Từ Liêm,,
Ngách 32/71 Phố Đỗ Đức Dục - Từ Liêm,Đỗ Đức Dục,Từ Liêm,,
Ngách 32/84 Phố Đỗ Đức Dục - Từ Liêm,Đỗ Đức Dục,Từ Liêm,,
Ngách 32/96 Phố Đỗ Đức Dục - Từ Liêm,Đỗ Đức Dục,Từ Liêm,,
Ngõ 32 Phố Đỗ Đức Dục - Từ Liêm,Đỗ Đức Dục,Từ Liêm,,
Ngõ 4 Phố Đỗ Đức Dục - Từ Liêm,Đỗ Đức Dục,Từ Liêm,,
Ngõ 68A Phố Đỗ Đức Dục - Từ Liêm,Đỗ Đức Dục,Từ Liêm,,
Phố Đỗ Đức Dục - Từ Liêm,Đỗ Đức Dục,Từ Liêm,,
Hẻm 16/47/66 Phố Đỗ Xuân Hợp - Từ Liêm,Đỗ Xuân Hợp,Từ Liêm,,
Ngách 16/33 Phố Đỗ Xuân Hợp - Từ Liêm,Đỗ Xuân Hợp,Từ Liêm,,
Ngách 16/47 Phố Đỗ Xuân Hợp - Từ Liêm,Đỗ Xuân Hợp,Từ Liêm,,
Ngõ 3 Phố Đỗ Xuân Hợp - Từ Liêm,Đỗ Xuân Hợp,Từ Liêm,,
Phố Đỗ Xuân Hợp - Từ Liêm,Đỗ Xuân Hợp,Từ Liêm,,
Đường Đồng Bát A - Từ Liêm,Đồng Bát,Từ Liêm,,
Phố Đồng Bát - Từ Liêm,Đồng Bát,Từ Liêm,,
Ngách 32/136 Phố Đồng Me - Từ Liêm,Đồng Me,Từ Liêm,,
Ngách 32/150 Phố Đồng Me - Từ Liêm,Đồng Me,Từ Liêm,,
Ngõ 1 Phố Đồng Me - Từ Liêm,Đồng Me,Từ Liêm,,
Ngõ 32 Phố Đồng Me - Từ Liêm,Đồng Me,Từ Liêm,,
Ngõ 4 Phố Đồng Me - Từ Liêm,Đồng Me,Từ Liêm,,
Ngõ 45 Phố Đồng Me - Từ Liêm,Đồng Me,Từ Liêm,,
Ngõ 59 Phố Đồng Me - Từ Liêm,Đồng Me,Từ Liêm,,
Phố Đồng Me - Từ Liêm,Đồng Me,Từ Liêm,,
Ngách 28/11 Phố Dương Khuê - Từ Liêm,Dương Khuê,Từ Liêm,,
Ngách 4/3 Phố Dương Khuê - Từ Liêm,Dương Khuê,Từ Liêm,,
Ngách 4/9 Phố Dương Khuê - Từ Liêm,Dương Khuê,Từ Liêm,,
Ngách 59/36 Phố Dương Khuê - Từ Liêm,Dương Khuê,Từ Liêm,,
Ngõ 28 Phố Dương Khuê - Từ Liêm,Dương Khuê,Từ Liêm,,
Ngõ 29 Phố Dương Khuê - Từ Liêm,Dương Khuê,Từ Liêm,,
Ngõ 4 Phố Dương Khuê - Từ Liêm,Dương Khuê,Từ Liêm,,
Ngõ 59 Phố Dương Khuê - Từ Liêm,Dương Khuê,Từ Liêm,,
Ngõ 60 Phố Dương Khuê - Từ Liêm,Dương Khuê,Từ Liêm,,
Ngõ 69 Phố Dương Khuê - Từ Liêm,Dương Khuê,Từ Liêm,,
Ngõ 72 Phố Dương Khuê - Từ Liêm,Dương Khuê,Từ Liêm,,
Phố Dương Khuê - Từ Liêm,Dương Khuê,Từ Liêm,,
Ngách 12/25 Phố Hàm Nghi - Từ Liêm,Hàm Nghi,Từ Liêm,,
Ngách 12/31 Phố Hàm Nghi - Từ Liêm,Hàm Nghi,Từ Liêm,,
Ngách 12/35 Phố Hàm Nghi - Từ Liêm,Hàm Nghi,Từ Liêm,,
Ngõ 11 Phố Hàm Nghi - Từ Liêm,Hàm Nghi,Từ Liêm,,
Ngõ 12 Phố Hàm Nghi - Từ Liêm,Hàm Nghi,Từ Liêm,,
Ngõ 19 Phố Hàm Nghi - Từ Liêm,Hàm Nghi,Từ Liêm,,
Ngõ 2 Phố Hàm Nghi - Từ Liêm,Hàm Nghi,Từ Liêm,,
Ngõ 36 Phố Hàm Nghi - Từ Liêm,Hàm Nghi,Từ Liêm,,
Ngõ 4 Phố Hàm Nghi - Từ Liêm,Hàm Nghi,Từ Liêm,,
Ngõ 57 K2 Phố Hàm Nghi - Từ Liêm,Hàm Nghi,Từ Liêm,,
Phố Hàm Nghi - Từ Liêm,Hàm Nghi,Từ Liêm,,
Đường Hồ Tùng Mậu - Từ Liêm,Hồ Tùng Mậu,Từ Liêm,,
Hẻm 199/18/12 Đường Hồ Tùng Mậu - Từ Liêm,Hồ Tùng Mậu,Từ Liêm,,
Hẻm 199/18/12/1 Đường Hồ Tùng Mậu - Từ Liêm,Hồ Tùng Mậu,Từ Liêm,,
Hẻm 199/18/12/3 Đường Hồ Tùng Mậu - Từ Liêm,Hồ Tùng Mậu,Từ Liêm,,
Ngách 199/1 Đường Hồ Tùng Mậu - Từ Liêm,Hồ Tùng Mậu,Từ Liêm,,
Ngách 199/3 Đường Hồ Tùng Mậu - Từ Liêm,Hồ Tùng Mậu,Từ Liêm,,
Ngách 199/41 Đường Hồ Tùng Mậu - Từ Liêm,Hồ Tùng Mậu,Từ Liêm,,
Ngách 199/59 Đường Hồ Tùng Mậu - Từ Liêm,Hồ Tùng Mậu,Từ Liêm,,
Ngách 267/1 Đường Hồ Tùng Mậu - Từ Liêm,Hồ Tùng Mậu,Từ Liêm,,
Ngách 39/7 Đường Hồ Tùng Mậu - Từ Liêm,Hồ Tùng Mậu,Từ Liêm,,
Ngách 75/16 Đường Hồ Tùng Mậu - Từ Liêm,Hồ Tùng Mậu,Từ Liêm,,
Ngách 75/39 Đường Hồ Tùng Mậu - Từ Liêm,Hồ Tùng Mậu,Từ Liêm,,
Ngõ 199 Đường Hồ Tùng Mậu - Từ Liêm,Hồ Tùng Mậu,Từ Liêm,,
Ngõ 267 Đường Hồ Tùng Mậu - Từ Liêm,Hồ Tùng Mậu,Từ Liêm,,
Ngõ 39 Đường Hồ Tùng Mậu - Từ Liêm,Hồ Tùng Mậu,Từ Liêm,,
Ngõ 59 Đường Hồ Tùng Mậu - Từ Liêm,Hồ Tùng Mậu,Từ Liêm,,
Ngõ 75 Đường Hồ Tùng Mậu - Từ Liêm,Hồ Tùng Mậu,Từ Liêm,,
Phố Hoài Thanh - Từ Liêm,Hoài Thanh,Từ Liêm,,
Phố Hoàng Trọng Mậu - Từ Liêm,Hoàng Trọng Mậu,Từ Liêm,,
Ngõ 185 Phố Hồng Đô - Từ Liêm,Hồng Đô,Từ Liêm,,
Phố Hồng Đô - Từ Liêm,Hồng Đô,Từ Liêm,,
Ngách 26/29 Phố Huy Du - Từ Liêm,Huy Du,Từ Liêm,,
Ngách 3/11 Phố Huy Du - Từ Liêm,Huy Du,Từ Liêm,,
Ngách 3/7 Phố Huy Du - Từ Liêm,Huy Du,Từ Liêm,,
Ngách 5/14 Phố Huy Du - Từ Liêm,Huy Du,Từ Liêm,,
Ngách 5/2 Phố Huy Du - Từ Liêm,Huy Du,Từ Liêm,,
Ngõ 1 Phố Huy Du - Từ Liêm,Huy Du,Từ Liêm,,
Ngõ 10 Phố Huy Du - Từ Liêm,Huy Du,Từ Liêm,,
Ngõ 14 Phố Huy Du - Từ Liêm,Huy Du,Từ Liêm,,
Ngõ 20 Phố Huy Du - Từ Liêm,Huy Du,Từ Liêm,,
Ngõ 5 Phố Huy Du - Từ Liêm,Huy Du,Từ Liêm,,
Phố Huy Du - Từ Liêm,Huy Du,Từ Liêm,,
Đường Lê Đức Thọ - Từ Liêm,Lê Đức Thọ,Từ Liêm,,
Ngách 35/27 Đường Lê Đức Thọ - Từ Liêm,Lê Đức Thọ,Từ Liêm,,
Ngách 9/2 Đường Lê Đức Thọ - Từ Liêm,Lê Đức Thọ,Từ Liêm,,
Ngách 9/4 Đường Lê Đức Thọ - Từ Liêm,Lê Đức Thọ,Từ Liêm,,
Ngõ 35 Đường Lê Đức Thọ - Từ Liêm,Lê Đức Thọ,Từ Liêm,,
Ngõ 49 Đường Lê Đức Thọ - Từ Liêm,Lê Đức Thọ,Từ Liêm,,
Ngõ 5 Đường Lê Đức Thọ - Từ Liêm,Lê Đức Thọ,Từ Liêm,,
Ngõ 59 Đường Lê Đức Thọ - Từ Liêm,Lê Đức Thọ,Từ Liêm,,
Ngõ 7 Đường Lê Đức Thọ - Từ Liêm,Lê Đức Thọ,Từ Liêm,,
Ngõ 89 Đường Lê Đức Thọ - Từ Liêm,Lê Đức Thọ,Từ Liêm,,
Ngõ 9 Đường Lê Đức Thọ - Từ Liêm,Lê Đức Thọ,Từ Liêm,,
Đường Lê Quang Đạo - Từ Liêm,Lê Quang Đạo,Từ Liêm,,
Hẻm 8/11/112 Đường Lê Quang Đạo - Từ Liêm,Lê Quang Đạo,Từ Liêm,,
Hẻm 8/11/150 Đường Lê Quang Đạo - Từ Liêm,Lê Quang Đạo,Từ Liêm,,
Hẻm 8/11/150/4 Đường Lê Quang Đạo - Từ Liêm,Lê Quang Đạo,Từ Liêm,,
Hẻm 8/11/186 Đường Lê Quang Đạo - Từ Liêm,Lê Quang Đạo,Từ Liêm,,
Hẻm 8/11/186/17 Đường Lê Quang Đạo - Từ Liêm,Lê Quang Đạo,Từ Liêm,,
Hẻm 8/11/186/34 Đường Lê Quang Đạo - Từ Liêm,Lê Quang Đạo,Từ Liêm,,
Hẻm 8/11/186/58 Đường Lê Quang Đạo - Từ Liêm,Lê Quang Đạo,Từ Liêm,,
Hẻm 8/11/186/64 Đường Lê Quang Đạo - Từ Liêm,Lê Quang Đạo,Từ Liêm,,
Hẻm 8/11/186/71 Đường Lê Quang Đạo - Từ Liêm,Lê Quang Đạo,Từ Liêm,,
Hẻm 8/11/36 Đường Lê Quang Đạo - Từ Liêm,Lê Quang Đạo,Từ Liêm,,
Hẻm 8/11/36/105 Đường Lê Quang Đạo - Từ Liêm,Lê Quang Đạo,Từ Liêm,,
Hẻm 8/11/36/59 Đường Lê Quang Đạo - Từ Liêm,Lê Quang Đạo,Từ Liêm,,
Hẻm 8/11/36/59/30 Đường Lê Quang Đạo - Từ Liêm,Lê Quang Đạo,Từ Liêm,,
Hẻm 8/11/36/59/33 Đường Lê Quang Đạo - Từ Liêm,Lê Quang Đạo,Từ Liêm,,
Hẻm 8/11/36/74 Đường Lê Quang Đạo - Từ Liêm,Lê Quang Đạo,Từ Liêm,,
Hẻm 8/11/36/89 Đường Lê Quang Đạo - Từ Liêm,Lê Quang Đạo,Từ Liêm,,
Hẻm 8/11/56 Đường Lê Quang Đạo - Từ Liêm,Lê Quang Đạo,Từ Liêm,,
Hẻm 8/11/92 Đường Lê Quang Đạo - Từ Liêm,Lê Quang Đạo,Từ Liêm,,
Hẻm 8/151/24 Đường Lê Quang Đạo - Từ Liêm,Lê Quang Đạo,Từ Liêm,,
Hẻm 8/192/40 Đường Lê Quang Đạo - Từ Liêm,Lê Quang Đạo,Từ Liêm,,
Hẻm 8/236/11 Đường Lê Quang Đạo - Từ Liêm,Lê Quang Đạo,Từ Liêm,,
Hẻm 8/236/38 Đường Lê Quang Đạo - Từ Liêm,Lê Quang Đạo,Từ Liêm,,
Hẻm 8/236/38/25 Đường Lê Quang Đạo - Từ Liêm,Lê Quang Đạo,Từ Liêm,,
Lê Quang Đạo - Từ Liêm,Lê Quang Đạo,Từ Liêm,,
Ngách 26B/56 Đường Lê Quang Đạo - Từ Liêm,Lê Quang Đạo,Từ Liêm,,
Ngách 26C/56 Đường Lê Quang Đạo - Từ Liêm,Lê Quang Đạo,Từ Liêm,,
Ngách 56/2 Đường Lê Quang Đạo - Từ Liêm,Lê Quang Đạo,Từ Liêm,,
Ngách 56/26 Đường Lê Quang Đạo - Từ Liêm,Lê Quang Đạo,Từ Liêm,,
Ngách 8/11 Đường Lê Quang Đạo - Từ Liêm,Lê Quang Đạo,Từ Liêm,,
Ngách 8/11/36/30 Đường Lê Quang Đạo - Từ Liêm,Lê Quang Đạo,Từ Liêm,,
Ngách 8/115 Đường Lê Quang Đạo - Từ Liêm,Lê Quang Đạo,Từ Liêm,,
Ngách 8/151 Đường Lê Quang Đạo - Từ Liêm,Lê Quang Đạo,Từ Liêm,,
Ngách 8/167 Đường Lê Quang Đạo - Từ Liêm,Lê Quang Đạo,Từ Liêm,,
Ngách 8/172 Đường Lê Quang Đạo - Từ Liêm,Lê Quang Đạo,Từ Liêm,,
Ngách 8/174 Đường Lê Quang Đạo - Từ Liêm,Lê Quang Đạo,Từ Liêm,,
Ngách 8/191 Đường Lê Quang Đạo - Từ Liêm,Lê Quang Đạo,Từ Liêm,,
Ngách 8/201 Đường Lê Quang Đạo - Từ Liêm,Lê Quang Đạo,Từ Liêm,,
Ngách 8/208 Đường Lê Quang Đạo - Từ Liêm,Lê Quang Đạo,Từ Liêm,,
Ngách 8/23 Đường Lê Quang Đạo - Từ Liêm,Lê Quang Đạo,Từ Liêm,,
Ngách 8/236 Đường Lê Quang Đạo - Từ Liêm,Lê Quang Đạo,Từ Liêm,,
Ngách 8/43 Đường Lê Quang Đạo - Từ Liêm,Lê Quang Đạo,Từ Liêm,,
Ngõ 52 Đường Lê Quang Đạo - Từ Liêm,Lê Quang Đạo,Từ Liêm,,
Ngõ 54 Đường Lê Quang Đạo - Từ Liêm,Lê Quang Đạo,Từ Liêm,,
Ngõ 56 Đường Lê Quang Đạo - Từ Liêm,Lê Quang Đạo,Từ Liêm,,
Ngõ 8 Đường Lê Quang Đạo - Từ Liêm,Lê Quang Đạo,Từ Liêm,,
Hẻm 15/1/18 Phố Lưu Hữu Phước - Từ Liêm,Lưu Hữu Phước,Từ Liêm,,
Hẻm 33/2/1 Phố Lưu Hữu Phước - Từ Liêm,Lưu Hữu Phước,Từ Liêm,,
Hẻm 64/12/3 Phố Lưu Hữu Phước - Từ Liêm,Lưu Hữu Phước,Từ Liêm,,
Hẻm 64/14/3 Phố Lưu Hữu Phước - Từ Liêm,Lưu Hữu Phước,Từ Liêm,,
Ngách 33/1 Phố Lưu Hữu Phước - Từ Liêm,Lưu Hữu Phước,Từ Liêm,,
Ngách 33/11 Phố Lưu Hữu Phước - Từ Liêm,Lưu Hữu Phước,Từ Liêm,,
Ngách 33/15 Phố Lưu Hữu Phước - Từ Liêm,Lưu Hữu Phước,Từ Liêm,,
Ngách 33/2 Phố Lưu Hữu Phước - Từ Liêm,Lưu Hữu Phước,Từ Liêm,,
Ngách 33/3 Phố Lưu Hữu Phước - Từ Liêm,Lưu Hữu Phước,Từ Liêm,,
Ngách 33/6 Phố Lưu Hữu Phước - Từ Liêm,Lưu Hữu Phước,Từ Liêm,,
Ngách 43/19 Phố Lưu Hữu Phước - Từ Liêm,Lưu Hữu Phước,Từ Liêm,,
Ngách 43/21 Phố Lưu Hữu Phước - Từ Liêm,Lưu Hữu Phước,Từ Liêm,,
Ngách 44/65 Phố Lưu Hữu Phước - Từ Liêm,Lưu Hữu Phước,Từ Liêm,,
Ngách 64/12 Phố Lưu Hữu Phước - Từ Liêm,Lưu Hữu Phước,Từ Liêm,,
Ngách 64/14 Phố Lưu Hữu Phước - Từ Liêm,Lưu Hữu Phước,Từ Liêm,,
Ngách 64/22 Phố Lưu Hữu Phước - Từ Liêm,Lưu Hữu Phước,Từ Liêm,,
Ngách 64/4 Phố Lưu Hữu Phước - Từ Liêm,Lưu Hữu Phước,Từ Liêm,,
Ngách 64/8 Phố Lưu Hữu Phước - Từ Liêm,Lưu Hữu Phước,Từ Liêm,,
Ngách 68/17 Phố Lưu Hữu Phước - Từ Liêm,Lưu Hữu Phước,Từ Liêm,,
Ngõ 28 Phố Lưu Hữu Phước - Từ Liêm,Lưu Hữu Phước,Từ Liêm,,
Ngõ 33 Phố Lưu Hữu Phước - Từ Liêm,Lưu Hữu Phước,Từ Liêm,,
Ngõ 43 Phố Lưu Hữu Phước - Từ Liêm,Lưu Hữu Phước,Từ Liêm,,
Ngõ 47 Phố Lưu Hữu Phước - Từ Liêm,Lưu Hữu Phước,Từ Liêm,,
Ngõ 64 Phố Lưu Hữu Phước - Từ Liêm,Lưu Hữu Phước,Từ Liêm,,
Ngõ 68 Phố Lưu Hữu Phước - Từ Liêm,Lưu Hữu Phước,Từ Liêm,,
Ngõ 70 Phố Lưu Hữu Phước - Từ Liêm,Lưu Hữu Phước,Từ Liêm,,
Phố Lưu Hữu Phước - Từ Liêm,Lưu Hữu Phước,Từ Liêm,,
Đường Mễ Trì - Từ Liêm,Mễ Trì,Từ Liêm,,
Hẻm 59/130/5 Đường Mễ Trì - Từ Liêm,Mễ Trì,Từ Liêm,,
Hẻm 59/93/25 Đường Mễ Trì - Từ Liêm,Mễ Trì,Từ Liêm,,
Ngách 57/80 Đường Mễ Trì - Từ Liêm,Mễ Trì,Từ Liêm,,
Ngách 57/88 Đường Mễ Trì - Từ Liêm,Mễ Trì,Từ Liêm,,
Ngách 59/130 Đường Mễ Trì - Từ Liêm,Mễ Trì,Từ Liêm,,
Ngách 59/20 Đường Mễ Trì - Từ Liêm,Mễ Trì,Từ Liêm,,
Ngách 59/31 Đường Mễ Trì - Từ Liêm,Mễ Trì,Từ Liêm,,
Ngách 59/33 Đường Mễ Trì - Từ Liêm,Mễ Trì,Từ Liêm,,
Ngách 59/43 Đường Mễ Trì - Từ Liêm,Mễ Trì,Từ Liêm,,
Ngách 59/57 Đường Mễ Trì - Từ Liêm,Mễ Trì,Từ Liêm,,
Ngách 59/77 Đường Mễ Trì - Từ Liêm,Mễ Trì,Từ Liêm,,
Ngách 59/93 Đường Mễ Trì - Từ Liêm,Mễ Trì,Từ Liêm,,
Ngõ 57 Đường Mễ Trì - Từ Liêm,Mễ Trì,Từ Liêm,,
Ngõ 59 Đường Mễ Trì - Từ Liêm,Mễ Trì,Từ Liêm,,
Ngách 14/14 Phố Mễ Trì Hạ - Từ Liêm,Mễ Trì Hạ,Từ Liêm,,
Ngách 14/27 Phố Mễ Trì Hạ - Từ Liêm,Mễ Trì Hạ,Từ Liêm,,
Ngách 14/30 Phố Mễ Trì Hạ - Từ Liêm,Mễ Trì Hạ,Từ Liêm,,
Ngõ 12 Phố Mễ Trì Hạ - Từ Liêm,Mễ Trì Hạ,Từ Liêm,,
Ngõ 126 Phố Mễ Trì Hạ - Từ Liêm,Mễ Trì Hạ,Từ Liêm,,
Ngõ 14 Phố Mễ Trì Hạ - Từ Liêm,Mễ Trì Hạ,Từ Liêm,,
Ngõ 2 Phố Mễ Trì Hạ - Từ Liêm,Mễ Trì Hạ,Từ Liêm,,
Ngõ 82 Phố Mễ Trì Hạ - Từ Liêm,Mễ Trì Hạ,Từ Liêm,,
Phố Mễ Trì Hạ - Từ Liêm,Mễ Trì Hạ,Từ Liêm,,
Hẻm 230/21/15 Phố Mễ Trì Thượng - Từ Liêm,Mễ Trì Thượng,Từ Liêm,,
Hẻm 230/21/21 Phố Mễ Trì Thượng - Từ Liêm,Mễ Trì Thượng,Từ Liêm,,
Hẻm 230/21/32 Phố Mễ Trì Thượng - Từ Liêm,Mễ Trì Thượng,Từ Liêm,,
Hẻm 230/21/33 Phố Mễ Trì Thượng - Từ Liêm,Mễ Trì Thượng,Từ Liêm,,
Hẻm 50/71/4 Phố Mễ Trì Thượng - Từ Liêm,Mễ Trì Thượng,Từ Liêm,,
Ngách 106/50 Phố Mễ Trì Thượng - Từ Liêm,Mễ Trì Thượng,Từ Liêm,,
Ngách 112/61 Phố Mễ Trì Thượng - Từ Liêm,Mễ Trì Thượng,Từ Liêm,,
Ngách 138/24 Phố Mễ Trì Thượng - Từ Liêm,Mễ Trì Thượng,Từ Liêm,,
Ngách 138/41 Phố Mễ Trì Thượng - Từ Liêm,Mễ Trì Thượng,Từ Liêm,,
Ngách 230/21 Phố Mễ Trì Thượng - Từ Liêm,Mễ Trì Thượng,Từ Liêm,,
Ngách 230/40 Phố Mễ Trì Thượng - Từ Liêm,Mễ Trì Thượng,Từ Liêm,,
Ngách 230/55 Phố Mễ Trì Thượng - Từ Liêm,Mễ Trì Thượng,Từ Liêm,,
Ngách 230/85 Phố Mễ Trì Thượng - Từ Liêm,Mễ Trì Thượng,Từ Liêm,,
Ngách 50/142 Phố Mễ Trì Thượng - Từ Liêm,Mễ Trì Thượng,Từ Liêm,,
Ngách 50/2 Phố Mễ Trì Thượng - Từ Liêm,Mễ Trì Thượng,Từ Liêm,,
Ngách 50/20 Phố Mễ Trì Thượng - Từ Liêm,Mễ Trì Thượng,Từ Liêm,,
Ngách 50/30 Phố Mễ Trì Thượng - Từ Liêm,Mễ Trì Thượng,Từ Liêm,,
Ngách 50/40 Phố Mễ Trì Thượng - Từ Liêm,Mễ Trì Thượng,Từ Liêm,,
Ngõ 11 Phố Mễ Trì Thượng - Từ Liêm,Mễ Trì Thượng,Từ Liêm,,
Ngõ 112 Phố Mễ Trì Thượng - Từ Liêm,Mễ Trì Thượng,Từ Liêm,,
Ngõ 138 Phố Mễ Trì Thượng - Từ Liêm,Mễ Trì Thượng,Từ Liêm,,
Ngõ 17 Phố Mễ Trì Thượng - Từ Liêm,Mễ Trì Thượng,Từ Liêm,,
Ngõ 204 Phố Mễ Trì Thượng - Từ Liêm,Mễ Trì Thượng,Từ Liêm,,
Ngõ 230 Phố Mễ Trì Thượng - Từ Liêm,Mễ Trì Thượng,Từ Liêm,,
Ngõ 36 Phố Mễ Trì Thượng - Từ Liêm,Mễ Trì Thượng,Từ Liêm,,
Ngõ 50 Phố Mễ Trì Thượng - Từ Liêm,Mễ Trì Thượng,Từ Liêm,,
Ngõ 68 Phố Mễ Trì Thượng - Từ Liêm,Mễ Trì Thượng,Từ Liêm,,
Ngõ 73 Phố Mễ Trì Thượng - Từ Liêm,Mễ Trì Thượng,Từ Liêm,,
Ngõ 78 Phố Mễ Trì Thượng - Từ Liêm,Mễ Trì Thượng,Từ Liêm,,
Ngõ 79 Phố Mễ Trì Thượng - Từ Liêm,Mễ Trì Thượng,Từ Liêm,,
Ngõ 8 Phố Mễ Trì Thượng - Từ Liêm,Mễ Trì Thượng,Từ Liêm,,
Ngõ 81 Phố Mễ Trì Thượng - Từ Liêm,Mễ Trì Thượng,Từ Liêm,,
Ngõ 89 Phố Mễ Trì Thượng - Từ Liêm,Mễ Trì Thượng,Từ Liêm,,
Ngõ 97 Phố Mễ Trì Thượng - Từ Liêm,Mễ Trì Thượng,Từ Liêm,,
Ngõ 98 Phố Mễ Trì Thượng - Từ Liêm,Mễ Trì Thượng,Từ Liêm,,
Phố Mễ Trì Thượng - Từ Liêm,Mễ Trì Thượng,Từ Liêm,,
Hẻm 36/23/17 Phố Miếu Đầm - Từ Liêm,Miếu Đầm,Từ Liêm,,
Ngách 116/15 Phố Miếu Đầm - Từ Liêm,Miếu Đầm,Từ Liêm,,
Ngách 36/22 Phố Miếu Đầm - Từ Liêm,Miếu Đầm,Từ Liêm,,
Ngõ 116 Phố Miếu Đầm - Từ Liêm,Miếu Đầm,Từ Liêm,,
Ngõ 36 Phố Miếu Đầm - Từ Liêm,Miếu Đầm,Từ Liêm,,
Ngõ 38 Phố Miếu Đầm - Từ Liêm,Miếu Đầm,Từ Liêm,,
Ngõ 72 Phố Miếu Đầm - Từ Liêm,Miếu Đầm,Từ Liêm,,
Ngõ 82 Phố Miếu Đầm - Từ Liêm,Miếu Đầm,Từ Liêm,,
Phố Miếu Đầm - Từ Liêm,Miếu Đầm,Từ Liêm,,
Đường Mỹ Đình - Từ Liêm,Mỹ Đình,Từ Liêm,,
Đường Mỹ Đình 2 - Từ Liêm,Mỹ Đình,Từ Liêm,,
Hẻm 322/17/17 Đường Mỹ Đình - Từ Liêm,Mỹ Đình,Từ Liêm,,
Hẻm 322/17/8 Đường Mỹ Đình - Từ Liêm,Mỹ Đình,Từ Liêm,,
Hẻm 322/76/18 Đường Mỹ Đình - Từ Liêm,Mỹ Đình,Từ Liêm,,
Hẻm 322/76/33 Đường Mỹ Đình - Từ Liêm,Mỹ Đình,Từ Liêm,,
Hẻm 322/76/53 Đường Mỹ Đình - Từ Liêm,Mỹ Đình,Từ Liêm,,
Hẻm 322/76/54 Đường Mỹ Đình - Từ Liêm,Mỹ Đình,Từ Liêm,,
Hẻm 322/76/66 Đường Mỹ Đình - Từ Liêm,Mỹ Đình,Từ Liêm,,
Hẻm 322/95/1 Đường Mỹ Đình - Từ Liêm,Mỹ Đình,Từ Liêm,,
Hẻm 322/95/14 Đường Mỹ Đình - Từ Liêm,Mỹ Đình,Từ Liêm,,
Hẻm 322/95/29 Đường Mỹ Đình - Từ Liêm,Mỹ Đình,Từ Liêm,,
Hẻm 322/95/29/14 Đường Mỹ Đình - Từ Liêm,Mỹ Đình,Từ Liêm,,
Hẻm 322/95/29/30 Đường Mỹ Đình - Từ Liêm,Mỹ Đình,Từ Liêm,,
Hẻm 322/95/30 Đường Mỹ Đình - Từ Liêm,Mỹ Đình,Từ Liêm,,
Hẻm 322/95/43 Đường Mỹ Đình - Từ Liêm,Mỹ Đình,Từ Liêm,,
Hẻm 394/16/24 Đường Mỹ Đình - Từ Liêm,Mỹ Đình,Từ Liêm,,
Hẻm 394/16/26 Đường Mỹ Đình - Từ Liêm,Mỹ Đình,Từ Liêm,,
Hẻm 394/16/33 Đường Mỹ Đình - Từ Liêm,Mỹ Đình,Từ Liêm,,
Hẻm 394/26/22 Đường Mỹ Đình - Từ Liêm,Mỹ Đình,Từ Liêm,,
Hẻm 402/42/14 Đường Mỹ Đình - Từ Liêm,Mỹ Đình,Từ Liêm,,
Hẻm 402/42/22 Đường Mỹ Đình - Từ Liêm,Mỹ Đình,Từ Liêm,,
Hẻm 402/42/28 Đường Mỹ Đình - Từ Liêm,Mỹ Đình,Từ Liêm,,
Hẻm 52/25/19 Đường Mỹ Đình - Từ Liêm,Mỹ Đình,Từ Liêm,,
Hẻm 52/25/21 Đường Mỹ Đình - Từ Liêm,Mỹ Đình,Từ Liêm,,
Hẻm 52/25/38 Đường Mỹ Đình - Từ Liêm,Mỹ Đình,Từ Liêm,,
Hẻm 52/25/43 Đường Mỹ Đình - Từ Liêm,Mỹ Đình,Từ Liêm,,
Hẻm 52/25/45 Đường Mỹ Đình - Từ Liêm,Mỹ Đình,Từ Liêm,,
Ngách 170/10 Đường Mỹ Đình - Từ Liêm,Mỹ Đình,Từ Liêm,,
Ngách 20/117 Đường Mỹ Đình - Từ Liêm,Mỹ Đình,Từ Liêm,,
Ngách 20/26 Đường Mỹ Đình - Từ Liêm,Mỹ Đình,Từ Liêm,,
Ngách 20/39 Đường Mỹ Đình - Từ Liêm,Mỹ Đình,Từ Liêm,,
Ngách 322/141 Đường Mỹ Đình - Từ Liêm,Mỹ Đình,Từ Liêm,,
Ngách 322/158 Đường Mỹ Đình - Từ Liêm,Mỹ Đình,Từ Liêm,,
Ngách 322/17 Đường Mỹ Đình - Từ Liêm,Mỹ Đình,Từ Liêm,,
Ngách 322/76 Đường Mỹ Đình - Từ Liêm,Mỹ Đình,Từ Liêm,,
Ngách 322/95 Đường Mỹ Đình - Từ Liêm,Mỹ Đình,Từ Liêm,,
Ngách 378/36 Đường Mỹ Đình - Từ Liêm,Mỹ Đình,Từ Liêm,,
Ngách 394/16 Đường Mỹ Đình - Từ Liêm,Mỹ Đình,Từ Liêm,,
Ngách 394/26 Đường Mỹ Đình - Từ Liêm,Mỹ Đình,Từ Liêm,,
Ngách 402/42 Đường Mỹ Đình - Từ Liêm,Mỹ Đình,Từ Liêm,,
Ngách 402/7 Đường Mỹ Đình - Từ Liêm,Mỹ Đình,Từ Liêm,,
Ngách 402/76 Đường Mỹ Đình - Từ Liêm,Mỹ Đình,Từ Liêm,,
Ngách 402/90 Đường Mỹ Đình - Từ Liêm,Mỹ Đình,Từ Liêm,,
Ngách 52/25 Đường Mỹ Đình - Từ Liêm,Mỹ Đình,Từ Liêm,,
Ngách 71/1 Đường Mỹ Đình - Từ Liêm,Mỹ Đình,Từ Liêm,,
Ngõ 110 Đường Mỹ Đình - Từ Liêm,Mỹ Đình,Từ Liêm,,
Ngõ 139 Đường Mỹ Đình - Từ Liêm,Mỹ Đình,Từ Liêm,,
Ngõ 170 Đường Mỹ Đình - Từ Liêm,Mỹ Đình,Từ Liêm,,
Ngõ 20 Đường Mỹ Đình - Từ Liêm,Mỹ Đình,Từ Liêm,,
Ngõ 252 Đường Mỹ Đình - Từ Liêm,Mỹ Đình,Từ Liêm,,
Ngõ 322 Đường Mỹ Đình - Từ Liêm,Mỹ Đình,Từ Liêm,,
Ngõ 366 Đường Mỹ Đình - Từ Liêm,Mỹ Đình,Từ Liêm,,
Ngõ 378 Đường Mỹ Đình - Từ Liêm,Mỹ Đình,Từ Liêm,,
Ngõ 392 Đường Mỹ Đình - Từ Liêm,Mỹ Đình,Từ Liêm,,
Ngõ 394 Đường Mỹ Đình - Từ Liêm,Mỹ Đình,Từ Liêm,,
Ngõ 402 Đường Mỹ Đình - Từ Liêm,Mỹ Đình,Từ Liêm,,
Ngõ 52 Đường Mỹ Đình - Từ Liêm,Mỹ Đình,Từ Liêm,,
Ngõ 71 Đường Mỹ Đình - Từ Liêm,Mỹ Đình,Từ Liêm,,
Ngách 18/1 Phố Nguyễn Cơ Thạch - Từ Liêm,Nguyễn Cơ Thạch,Từ Liêm,,
Ngách 44/11 Phố Nguyễn Cơ Thạch - Từ Liêm,Nguyễn Cơ Thạch,Từ Liêm,,
Ngách 44/15 Phố Nguyễn Cơ Thạch - Từ Liêm,Nguyễn Cơ Thạch,Từ Liêm,,
Ngách 44/27 Phố Nguyễn Cơ Thạch - Từ Liêm,Nguyễn Cơ Thạch,Từ Liêm,,
Ngách 44/28 Phố Nguyễn Cơ Thạch - Từ Liêm,Nguyễn Cơ Thạch,Từ Liêm,,
Ngách 44/3 Phố Nguyễn Cơ Thạch - Từ Liêm,Nguyễn Cơ Thạch,Từ Liêm,,
Ngách 44/33 Phố Nguyễn Cơ Thạch - Từ Liêm,Nguyễn Cơ Thạch,Từ Liêm,,
Ngõ 1 Phố Nguyễn Cơ Thạch - Từ Liêm,Nguyễn Cơ Thạch,Từ Liêm,,
Ngõ 18 Phố Nguyễn Cơ Thạch - Từ Liêm,Nguyễn Cơ Thạch,Từ Liêm,,
Ngõ 1A Phố Nguyễn Cơ Thạch - Từ Liêm,Nguyễn Cơ Thạch,Từ Liêm,,
Ngõ 25 Phố Nguyễn Cơ Thạch - Từ Liêm,Nguyễn Cơ Thạch,Từ Liêm,,
Ngõ 44 Phố Nguyễn Cơ Thạch - Từ Liêm,Nguyễn Cơ Thạch,Từ Liêm,,
Ngõ 6 Phố Nguyễn Cơ Thạch - Từ Liêm,Nguyễn Cơ Thạch,Từ Liêm,,
Phố Nguyễn Cơ Thạch - Từ Liêm,Nguyễn Cơ Thạch,Từ Liêm,,
Ngách 58/1 Phố Nguyễn Đổng Chi - Từ Liêm,Nguyễn Đổng Chi,Từ Liêm,,
Ngách 65/28 Phố Nguyễn Đổng Chi - Từ Liêm,Nguyễn Đổng Chi,Từ Liêm,,
Ngõ 126 Phố Nguyễn Đổng Chi - Từ Liêm,Nguyễn Đổng Chi,Từ Liêm,,
Ngõ 132 Phố Nguyễn Đổng Chi - Từ Liêm,Nguyễn Đổng Chi,Từ Liêm,,
Ngõ 156 Phố Nguyễn Đổng Chi - Từ Liêm,Nguyễn Đổng Chi,Từ Liêm,,
Ngõ 162 Phố Nguyễn Đổng Chi - Từ Liêm,Nguyễn Đổng Chi,Từ Liêm,,
Ngõ 168 Phố Nguyễn Đổng Chi - Từ Liêm,Nguyễn Đổng Chi,Từ Liêm,,
Ngõ 58 Phố Nguyễn Đổng Chi - Từ Liêm,Nguyễn Đổng Chi,Từ Liêm,,
Ngõ 65 Phố Nguyễn Đổng Chi - Từ Liêm,Nguyễn Đổng Chi,Từ Liêm,,
Phố Nguyễn Đổng Chi - Từ Liêm,Nguyễn Đổng Chi,Từ Liêm,,
Ngõ 11 Phố Nguyễn Hoàng - Từ Liêm,Nguyễn Hoàng,Từ Liêm,,
Ngõ 2 Phố Nguyễn Hoàng - Từ Liêm,Nguyễn Hoàng,Từ Liêm,,
Ngõ 21 Phố Nguyễn Hoàng - Từ Liêm,Nguyễn Hoàng,Từ Liêm,,
Ngõ 3 Phố Nguyễn Hoàng - Từ Liêm,Nguyễn Hoàng,Từ Liêm,,
Ngõ 34 Phố Nguyễn Hoàng - Từ Liêm,Nguyễn Hoàng,Từ Liêm,,
Ngõ 57 Phố Nguyễn Hoàng - Từ Liêm,Nguyễn Hoàng,Từ Liêm,,
Ngõ 66 Phố Nguyễn Hoàng - Từ Liêm,Nguyễn Hoàng,Từ Liêm,,
Ngõ 70 Phố Nguyễn Hoàng - Từ Liêm,Nguyễn Hoàng,Từ Liêm,,
Phố Nguyễn Hoàng - Từ Liêm,Nguyễn Hoàng,Từ Liêm,,
Đường Nguyễn Văn Giáp - Từ Liêm,Nguyễn Văn Giáp,Từ Liêm,,
Ngách 61/1 Phố Nguyễn Văn Giáp - Từ Liêm,Nguyễn Văn Giáp,Từ Liêm,,
Ngách 86/2 Phố Nguyễn Văn Giáp - Từ Liêm,Nguyễn Văn Giáp,Từ Liêm,,
Ngõ 104 Phố Nguyễn Văn Giáp - Từ Liêm,Nguyễn Văn Giáp,Từ Liêm,,
Ngõ 114 Phố Nguyễn Văn Giáp - Từ Liêm,Nguyễn Văn Giáp,Từ Liêm,,
Ngõ 122 Phố Nguyễn Văn Giáp - Từ Liêm,Nguyễn Văn Giáp,Từ Liêm,,
Ngõ 61 Đường Nguyễn Văn Giáp - Từ Liêm,Nguyễn Văn Giáp,Từ Liêm,,
Ngõ 61 Phố Nguyễn Văn Giáp - Từ Liêm,Nguyễn Văn Giáp,Từ Liêm,,
Ngõ 86 Phố Nguyễn Văn Giáp - Từ Liêm,Nguyễn Văn Giáp,Từ Liêm,,
Ngõ 98 Phố Nguyễn Văn Giáp - Từ Liêm,Nguyễn Văn Giáp,Từ Liêm,,
Nguyễn Văn Giáp - Từ Liêm,Nguyễn Văn Giáp,Từ Liêm,,
Phố Nguyễn Văn Giáp - Từ Liêm,Nguyễn Văn Giáp,Từ Liêm,,
Phố Nguyễn Xuân Nguyên - Từ Liêm,Nguyễn Xuân Nguyên,Từ Liêm,,
Đường Phạm Hùng - Từ Liêm,Phạm Hùng,Từ Liêm,,
Ngõ 16 Đường Phạm Hùng - Từ Liêm,Phạm Hùng,Từ Liêm,,
Ngõ 18 Đường Phạm Hùng - Từ Liêm,Phạm Hùng,Từ Liêm,,
Ngõ 20 Đường Phạm Hùng - Từ Liêm,Phạm Hùng,Từ Liêm,,
Ngách 101/12 Phố Phú Đô - Từ Liêm,Phú Đô,Từ Liêm,,
Ngách 147/33 Phố Phú Đô - Từ Liêm,Phú Đô,Từ Liêm,,
Ngách 147/35 Phố Phú Đô - Từ Liêm,Phú Đô,Từ Liêm,,
Ngách 153/30 Phố Phú Đô - Từ Liêm,Phú Đô,Từ Liêm,,
Ngách 153/38 Phố Phú Đô - Từ Liêm,Phú Đô,Từ Liêm,,
Ngách 153/44 Phố Phú Đô - Từ Liêm,Phú Đô,Từ Liêm,,
Ngách 82/40 Phố Phú Đô - Từ Liêm,Phú Đô,Từ Liêm,,
Ngách 87/1 Phố Phú Đô - Từ Liêm,Phú Đô,Từ Liêm,,
Ngõ 101 Phố Phú Đô - Từ Liêm,Phú Đô,Từ Liêm,,
Ngõ 104 Phố Phú Đô - Từ Liêm,Phú Đô,Từ Liêm,,
Ngõ 147 Phố Phú Đô - Từ Liêm,Phú Đô,Từ Liêm,,
Ngõ 153 Phố Phú Đô - Từ Liêm,Phú Đô,Từ Liêm,,
Ngõ 163 Phố Phú Đô - Từ Liêm,Phú Đô,Từ Liêm,,
Ngõ 17 Phố Phú Đô - Từ Liêm,Phú Đô,Từ Liêm,,
Ngõ 2 Phố Phú Đô - Từ Liêm,Phú Đô,Từ Liêm,,
Ngõ 33 Phố Phú Đô - Từ Liêm,Phú Đô,Từ Liêm,,
Ngõ 34 Phố Phú Đô - Từ Liêm,Phú Đô,Từ Liêm,,
Ngõ 42 Phố Phú Đô - Từ Liêm,Phú Đô,Từ Liêm,,
Ngõ 46 Phố Phú Đô - Từ Liêm,Phú Đô,Từ Liêm,,
Ngõ 60 Phố Phú Đô - Từ Liêm,Phú Đô,Từ Liêm,,
Ngõ 63 Phố Phú Đô - Từ Liêm,Phú Đô,Từ Liêm,,
Ngõ 75 Phố Phú Đô - Từ Liêm,Phú Đô,Từ Liêm,,
Ngõ 82 Phố Phú Đô - Từ Liêm,Phú Đô,Từ Liêm,,
Ngõ 87 Phố Phú Đô - Từ Liêm,Phú Đô,Từ Liêm,,
Ngõ 93 Phố Phú Đô - Từ Liêm,Phú Đô,Từ Liêm,,
Phố Phú Đô - Từ Liêm,Phú Đô,Từ Liêm,,
Đường Phú Mỹ - Từ Liêm,Phú Mỹ (Từ Liêm),Từ Liêm,,
Hẻm 14 Ngách 212 Đường Phú Mỹ - Từ Liêm,Phú Mỹ (Từ Liêm),Từ Liêm,,
Hẻm 17 Ngách 212 Đường Phú Mỹ - Từ Liêm,Phú Mỹ (Từ Liêm),Từ Liêm,,
Hẻm 30/42/16 Đường Phú Mỹ - Từ Liêm,Phú Mỹ (Từ Liêm),Từ Liêm,,
Hẻm 30/42/22 Đường Phú Mỹ - Từ Liêm,Phú Mỹ (Từ Liêm),Từ Liêm,,
Hẻm 5/36/25 Đường Phú Mỹ - Từ Liêm,Phú Mỹ (Từ Liêm),Từ Liêm,,
Hẻm 5/36/44 Đường Phú Mỹ - Từ Liêm,Phú Mỹ (Từ Liêm),Từ Liêm,,
Hẻm 8 Ngách 212 Đường Phú Mỹ - Từ Liêm,Phú Mỹ (Từ Liêm),Từ Liêm,,
Ngách 120/6 Đường Phú Mỹ - Từ Liêm,Phú Mỹ (Từ Liêm),Từ Liêm,,
Ngách 124/1 Đường Phú Mỹ - Từ Liêm,Phú Mỹ (Từ Liêm),Từ Liêm,,
Ngách 212 Đường Phú Mỹ - Từ Liêm,Phú Mỹ (Từ Liêm),Từ Liêm,,
Ngách 30/42 Đường Phú Mỹ - Từ Liêm,Phú Mỹ (Từ Liêm),Từ Liêm,,
Ngách 30/84 Đường Phú Mỹ - Từ Liêm,Phú Mỹ (Từ Liêm),Từ Liêm,,
Ngách 33/21 Đường Phú Mỹ - Từ Liêm,Phú Mỹ (Từ Liêm),Từ Liêm,,
Ngách 33/49 Đường Phú Mỹ - Từ Liêm,Phú Mỹ (Từ Liêm),Từ Liêm,,
Ngách 33/52 Đường Phú Mỹ - Từ Liêm,Phú Mỹ (Từ Liêm),Từ Liêm,,
Ngách 33/57 Đường Phú Mỹ - Từ Liêm,Phú Mỹ (Từ Liêm),Từ Liêm,,
Ngách 33/71 Đường Phú Mỹ - Từ Liêm,Phú Mỹ (Từ Liêm),Từ Liêm,,
Ngách 36/5 Đường Phú Mỹ - Từ Liêm,Phú Mỹ (Từ Liêm),Từ Liêm,,
Ngách 5/15 Đường Phú Mỹ - Từ Liêm,Phú Mỹ (Từ Liêm),Từ Liêm,,
Ngách 5/36 Đường Phú Mỹ - Từ Liêm,Phú Mỹ (Từ Liêm),Từ Liêm,,
Ngõ 120 Đường Phú Mỹ - Từ Liêm,Phú Mỹ (Từ Liêm),Từ Liêm,,
Ngõ 124 Đường Phú Mỹ - Từ Liêm,Phú Mỹ (Từ Liêm),Từ Liêm,,
Ngõ 127 Đường Phú Mỹ - Từ Liêm,Phú Mỹ (Từ Liêm),Từ Liêm,,
Ngõ 167A Đường Phú Mỹ - Từ Liêm,Phú Mỹ (Từ Liêm),Từ Liêm,,
Ngõ 180 Đường Phú Mỹ - Từ Liêm,Phú Mỹ (Từ Liêm),Từ Liêm,,
Ngõ 30 Đường Phú Mỹ - Từ Liêm,Phú Mỹ (Từ Liêm),Từ Liêm,,
Ngõ 32 Đường Phú Mỹ - Từ Liêm,Phú Mỹ (Từ Liêm),Từ Liêm,,
Ngõ 33 Đường Phú Mỹ - Từ Liêm,Phú Mỹ (Từ Liêm),Từ Liêm,,
Ngõ 5 Đường Phú Mỹ - Từ Liêm,Phú Mỹ (Từ Liêm),Từ Liêm,,
Ngõ 57 Đường Phú Mỹ - Từ Liêm,Phú Mỹ (Từ Liêm),Từ Liêm,,
Ngõ 7 Đường Phú Mỹ - Từ Liêm,Phú Mỹ (Từ Liêm),Từ Liêm,,
Ngõ 75 Đường Phú Mỹ - Từ Liêm,Phú Mỹ (Từ Liêm),Từ Liêm,,
Phố Tân Mỹ - Từ Liêm,Tân Mỹ,Từ Liêm,,
Đại Lộ Thăng Long - Từ Liêm,Thăng Long,Từ Liêm,,
Đại Lộ Thăng Long (Láng - Hoà Lạc) - Từ Liêm,Thăng Long,Từ Liêm,,
Hẻm 2/87/46 Đại Lộ Thăng Long - Từ Liêm,Thăng Long,Từ Liêm,,
Hẻm 2/87/46/1 Đại Lộ Thăng Long - Từ Liêm,Thăng Long,Từ Liêm,,
Hẻm 2/87/52 Đại Lộ Thăng Long - Từ Liêm,Thăng Long,Từ Liêm,,
Ngách 2/1 Đại Lộ Thăng Long - Từ Liêm,Thăng Long,Từ Liêm,,
Ngách 2/20 Đại Lộ Thăng Long - Từ Liêm,Thăng Long,Từ Liêm,,
Ngách 2/87 Đại Lộ Thăng Long - Từ Liêm,Thăng Long,Từ Liêm,,
Ngõ 10 Đại Lộ Thăng Long - Từ Liêm,Thăng Long,Từ Liêm,,
Ngõ 2 Đại Lộ Thăng Long - Từ Liêm,Thăng Long,Từ Liêm,,
Ngõ 4 Đại Lộ Thăng Long - Từ Liêm,Thăng Long,Từ Liêm,,
Ngõ 8 Đại Lộ Thăng Long - Từ Liêm,Thăng Long,Từ Liêm,,
Vườn Hoa Đại Lộ Thăng Long - Từ Liêm,Thăng Long,Từ Liêm,,
Ngách 1/1 Phố Thiên Hiền - Từ Liêm,Thiên Hiền,Từ Liêm,,
Ngõ 1 Thiên Hiền - Từ Liêm,Thiên Hiền,Từ Liêm,,
Ngõ 111 Phố Thiên Hiền - Từ Liêm,Thiên Hiền,Từ Liêm,,
Ngõ 129 Phố Thiên Hiền - Từ Liêm,Thiên Hiền,Từ Liêm,,
Ngõ 37 Thiên Hiền - Từ Liêm,Thiên Hiền,Từ Liêm,,
Ngõ 63 Phố Thiên Hiền - Từ Liêm,Thiên Hiền,Từ Liêm,,
Phố Thiên Hiền - Từ Liêm,Thiên Hiền,Từ Liêm,,
Hẻm 58/23/4 Phố Trần Bình - Từ Liêm,Trần Bình,Từ Liêm,,
Hẻm 58/3/16 Phố Trần Bình - Từ Liêm,Trần Bình,Từ Liêm,,
Hẻm 58/3/22 Phố Trần Bình - Từ Liêm,Trần Bình,Từ Liêm,,
Hẻm 58/45/1 Phố Trần Bình - Từ Liêm,Trần Bình,Từ Liêm,,
Hẻm 58/45/7 Phố Trần Bình - Từ Liêm,Trần Bình,Từ Liêm,,
Ngách 106/1 Phố Trần Bình - Từ Liêm,Trần Bình,Từ Liêm,,
Ngách 106/2 Phố Trần Bình - Từ Liêm,Trần Bình,Từ Liêm,,
Ngách 106/3 Phố Trần Bình - Từ Liêm,Trần Bình,Từ Liêm,,
Ngách 106/5 Phố Trần Bình - Từ Liêm,Trần Bình,Từ Liêm,,
Ngách 120/3 Phố Trần Bình - Từ Liêm,Trần Bình,Từ Liêm,,
Ngách 120/5 Phố Trần Bình - Từ Liêm,Trần Bình,Từ Liêm,,
Ngách 42/42 Phố Trần Bình - Từ Liêm,Trần Bình,Từ Liêm,,
Ngách 58/23 Phố Trần Bình - Từ Liêm,Trần Bình,Từ Liêm,,
Ngách 58/3 Phố Trần Bình - Từ Liêm,Trần Bình,Từ Liêm,,
Ngách 58/36 Phố Trần Bình - Từ Liêm,Trần Bình,Từ Liêm,,
Ngách 58/45 Phố Trần Bình - Từ Liêm,Trần Bình,Từ Liêm,,
Ngách 58/5 Phố Trần Bình - Từ Liêm,Trần Bình,Từ Liêm,,
Ngách 62/1 Phố Trần Bình - Từ Liêm,Trần Bình,Từ Liêm,,
Ngõ 106 Trần Bình - Từ Liêm,Trần Bình,Từ Liêm,,
Ngõ 120 Phố Trần Bình - Từ Liêm,Trần Bình,Từ Liêm,,
Ngõ 42 Phố Trần Bình - Từ Liêm,Trần Bình,Từ Liêm,,
Ngõ 50 Trần Bình - Từ Liêm,Trần Bình,Từ Liêm,,
Ngõ 58 Phố Trần Bình - Từ Liêm,Trần Bình,Từ Liêm,,
Ngõ 62 Phố Trần Bình - Từ Liêm,Trần Bình,Từ Liêm,,
Phố Trần Bình - Từ Liêm,Trần Bình,Từ Liêm,,
Ngõ 6 Phố Trần Hữu Dực - Từ Liêm,Trần Hữu Dực,Từ Liêm,,
Phố Trần Hữu Dực - Từ Liêm,Trần Hữu Dực,Từ Liêm,,
Phố Trần Văn Cẩn - Từ Liêm,Trần Văn Cẩn,Từ Liêm,,
Phố Trần Văn Lai - Từ Liêm,Trần Văn Lai,Từ Liêm,,
Phố Trịnh Văn Bô - Từ Liêm,Trịnh Văn Bô,Từ Liêm,,
Phố Vũ Quỳnh - Từ Liêm,Vũ Quỳnh,Từ Liêm,,
"Đường Khuất Duy Tiến - Từ Liêm, Đại Mỗ",Khuất Duy Tiến,"Từ Liêm, Đại Mỗ",,
"Lê Quang Đạo - Từ Liêm, Đại Mỗ",Lê Quang Đạo,"Từ Liêm, Đại Mỗ",,
"Vườn Hoa Đại Lộ Thăng Long - Từ Liêm, Đại Mỗ",Thăng Long,"Từ Liêm, Đại Mỗ",,
"Cầu Diễn - Từ Liêm, Xuân Phương",Cầu Diễn,"Từ Liêm, Xuân Phương",,
"Đại Lộ Thăng Long - Từ Liêm, Xuân Phương",Thăng Long,"Từ Liêm, Xuân Phương",,
"Đại Lộ Thăng Long (Láng - Hoà Lạc) - Từ Liêm, Xuân Phương",Thăng Long,"Từ Liêm, Xuân Phương",,
"Phố Trịnh Văn Bô - Từ Liêm, Xuân Phương",Trịnh Văn Bô,"Từ Liêm, Xuân Phương",,
"Phố Mạc Thái Tông - Từ Liêm, Yên Hoà",Mạc Thái Tông,"Từ Liêm, Yên Hoà",,
Ngách 1 Ngõ An Sơn - Tương Mai,An Sơn,Tương Mai,,
Ngõ An Sơn - Tương Mai,An Sơn,Tương Mai,,
Ngách 11 Ngõ Chùa Hưng Ký - Tương Mai,Chùa Hưng Ký,Tương Mai,,
Ngõ Chùa Hưng Ký - Tương Mai,Chùa Hưng Ký,Tương Mai,,
Ngõ 101 Phố Đại La - Tương Mai,Đại La,Tương Mai,,
Ngõ 103 Phố Đại La - Tương Mai,Đại La,Tương Mai,,
Ngõ 111 Phố Đại La - Tương Mai,Đại La,Tương Mai,,
Ngõ 121 Phố Đại La - Tương Mai,Đại La,Tương Mai,,
Ngõ 127 Phố Đại La - Tương Mai,Đại La,Tương Mai,,
Ngõ 130 Phố Đại La - Tương Mai,Đại La,Tương Mai,,
Ngõ 161 Phố Đại La - Tương Mai,Đại La,Tương Mai,,
Ngõ 161C Phố Đại La - Tương Mai,Đại La,Tương Mai,,
Ngõ 191A Phố Đại La - Tương Mai,Đại La,Tương Mai,,
Ngõ 197 Phố Đại La - Tương Mai,Đại La,Tương Mai,,
Ngõ 35-37 Phố Đại La - Tương Mai,Đại La,Tương Mai,,
Ngõ 45 Phố Đại La - Tương Mai,Đại La,Tương Mai,,
Ngõ 83 Phố Đại La - Tương Mai,Đại La,Tương Mai,,
Ngõ 89 Phố Đại La - Tương Mai,Đại La,Tương Mai,,
Ngõ 93 Phố Đại La - Tương Mai,Đại La,Tương Mai,,
Ngõ 97 Phố Đại La - Tương Mai,Đại La,Tương Mai,,
Phố Đại La - Tương Mai,Đại La,Tương Mai,,
Đền Lừ 2 - Tương Mai,Đền Lừ,Tương Mai,,
Đường Hồ Đền Lừ - Tương Mai,Đền Lừ,Tương Mai,,
Phố Đền Lừ - Tương Mai,Đền Lừ,Tương Mai,,
Cầu Trắng - Giải Phóng - Tương Mai,Giải Phóng,Tương Mai,,
Đường Giải Phóng - Tương Mai,Giải Phóng,Tương Mai,,
Ngách 543/16 Đường Giải Phóng - Tương Mai,Giải Phóng,Tương Mai,,
Ngách 543/60 Đường Giải Phóng - Tương Mai,Giải Phóng,Tương Mai,,
Ngách 543/68 Đường Giải Phóng - Tương Mai,Giải Phóng,Tương Mai,,
Ngách 553/106 Đường Giải Phóng - Tương Mai,Giải Phóng,Tương Mai,,
Ngách 553/108 Đường Giải Phóng - Tương Mai,Giải Phóng,Tương Mai,,
Ngách 553/162 Đường Giải Phóng - Tương Mai,Giải Phóng,Tương Mai,,
Ngách 553/66 Đường Giải Phóng - Tương Mai,Giải Phóng,Tương Mai,,
Ngõ 377 Đường Giải Phóng - Tương Mai,Giải Phóng,Tương Mai,,
Ngõ 393 Đường Giải Phóng - Tương Mai,Giải Phóng,Tương Mai,,
Ngõ 419 Đường Giải Phóng - Tương Mai,Giải Phóng,Tương Mai,,
Ngõ 435A Đường Giải Phóng - Tương Mai,Giải Phóng,Tương Mai,,
Ngõ 543 Đường Giải Phóng - Tương Mai,Giải Phóng,Tương Mai,,
Ngõ 553 Đường Giải Phóng - Tương Mai,Giải Phóng,Tương Mai,,
Ngõ 563 Đường Giải Phóng - Tương Mai,Giải Phóng,Tương Mai,,
Ngõ 617 Đường Giải Phóng - Tương Mai,Giải Phóng,Tương Mai,,
Ngõ 627 Đường Giải Phóng - Tương Mai,Giải Phóng,Tương Mai,,
Ngõ 629 Đường Giải Phóng - Tương Mai,Giải Phóng,Tương Mai,,
Ngõ 697 Đường Giải Phóng - Tương Mai,Giải Phóng,Tương Mai,,
Ngõ 713 Đường Giải Phóng - Tương Mai,Giải Phóng,Tương Mai,,
Ngõ 737 Đường Giải Phóng - Tương Mai,Giải Phóng,Tương Mai,,
Ngõ 741 Đường Giải Phóng - Tương Mai,Giải Phóng,Tương Mai,,
Ngõ 761 Đường Giải Phóng - Tương Mai,Giải Phóng,Tương Mai,,
Ngõ 773 Đường Giải Phóng - Tương Mai,Giải Phóng,Tương Mai,,
Ngõ 809 Đường Giải Phóng - Tương Mai,Giải Phóng,Tương Mai,,
Đường Giáp Bát - Tương Mai,Giáp Bát,Tương Mai,,
Ngách 111/21 Đường Giáp Bát - Tương Mai,Giáp Bát,Tương Mai,,
Ngách 111/44 Đường Giáp Bát - Tương Mai,Giáp Bát,Tương Mai,,
Ngách 119/52 Đường Giáp Bát - Tương Mai,Giáp Bát,Tương Mai,,
Ngách 119/61 Đường Giáp Bát - Tương Mai,Giáp Bát,Tương Mai,,
Ngách 119/93 Đường Giáp Bát - Tương Mai,Giáp Bát,Tương Mai,,
Ngách 36 Ngõ Giáp Bát - Tương Mai,Giáp Bát,Tương Mai,,
Ngách 38 Ngõ Giáp Bát - Tương Mai,Giáp Bát,Tương Mai,,
Ngách 58 Ngõ Giáp Bát - Tương Mai,Giáp Bát,Tương Mai,,
Ngách 67/30 Đường Giáp Bát - Tương Mai,Giáp Bát,Tương Mai,,
Ngách 67/8 Đường Giáp Bát - Tương Mai,Giáp Bát,Tương Mai,,
Ngõ 103 Đường Giáp Bát - Tương Mai,Giáp Bát,Tương Mai,,
Ngõ 111 Đường Giáp Bát - Tương Mai,Giáp Bát,Tương Mai,,
Ngõ 113 Đường Giáp Bát - Tương Mai,Giáp Bát,Tương Mai,,
Ngõ 115 Đường Giáp Bát - Tương Mai,Giáp Bát,Tương Mai,,
Ngõ 119 Đường Giáp Bát - Tương Mai,Giáp Bát,Tương Mai,,
Ngõ 121 Đường Giáp Bát - Tương Mai,Giáp Bát,Tương Mai,,
Ngõ 122 Đường Giáp Bát - Tương Mai,Giáp Bát,Tương Mai,,
Ngõ 127 Đường Giáp Bát - Tương Mai,Giáp Bát,Tương Mai,,
Ngõ 134 Đường Giáp Bát - Tương Mai,Giáp Bát,Tương Mai,,
Ngõ 149 Đường Giáp Bát - Tương Mai,Giáp Bát,Tương Mai,,
Ngõ 158 Đường Giáp Bát - Tương Mai,Giáp Bát,Tương Mai,,
Ngõ 165 Đường Giáp Bát - Tương Mai,Giáp Bát,Tương Mai,,
Ngõ 168 Đường Giáp Bát - Tương Mai,Giáp Bát,Tương Mai,,
Ngõ 180 Đường Giáp Bát - Tương Mai,Giáp Bát,Tương Mai,,
Ngõ 185 Đường Giáp Bát - Tương Mai,Giáp Bát,Tương Mai,,
Ngõ 190 Đường Giáp Bát - Tương Mai,Giáp Bát,Tương Mai,,
Ngõ 191 Đường Giáp Bát - Tương Mai,Giáp Bát,Tương Mai,,
Ngõ 192 Đường Giáp Bát - Tương Mai,Giáp Bát,Tương Mai,,
Ngõ 221 Đường Giáp Bát - Tương Mai,Giáp Bát,Tương Mai,,
Ngõ 27 Đường Giáp Bát - Tương Mai,Giáp Bát,Tương Mai,,
Ngõ 29 Đường Giáp Bát - Tương Mai,Giáp Bát,Tương Mai,,
Ngõ 36 Đường Giáp Bát - Tương Mai,Giáp Bát,Tương Mai,,
Ngõ 46 Đường Giáp Bát - Tương Mai,Giáp Bát,Tương Mai,,
Ngõ 51 Đường Giáp Bát - Tương Mai,Giáp Bát,Tương Mai,,
Ngõ 58 Đường Giáp Bát - Tương Mai,Giáp Bát,Tương Mai,,
Ngõ 66 Đường Giáp Bát - Tương Mai,Giáp Bát,Tương Mai,,
Ngõ 67 Đường Giáp Bát - Tương Mai,Giáp Bát,Tương Mai,,
Ngõ 68 Đường Giáp Bát - Tương Mai,Giáp Bát,Tương Mai,,
Ngõ 83 Đường Giáp Bát - Tương Mai,Giáp Bát,Tương Mai,,
Ngõ 84 Đường Giáp Bát - Tương Mai,Giáp Bát,Tương Mai,,
Ngõ 86 Đường Giáp Bát - Tương Mai,Giáp Bát,Tương Mai,,
Ngõ 88 Đường Giáp Bát - Tương Mai,Giáp Bát,Tương Mai,,
Ngõ 92 Đường Giáp Bát - Tương Mai,Giáp Bát,Tương Mai,,
Ngõ Giáp Bát - Tương Mai,Giáp Bát,Tương Mai,,
Hẻm 10/15 Ngõ Gốc Đề - Tương Mai,Gốc Đề,Tương Mai,,
Hẻm 101/169 Ngõ Gốc Đề - Tương Mai,Gốc Đề,Tương Mai,,
Hẻm 101/19 Ngõ Gốc Đề - Tương Mai,Gốc Đề,Tương Mai,,
Hẻm 128 Ngõ Gốc Đề - Tương Mai,Gốc Đề,Tương Mai,,
Hẻm 15/10 Ngõ Gốc Đề - Tương Mai,Gốc Đề,Tương Mai,,
Hẻm 15/18 Ngõ Gốc Đề - Tương Mai,Gốc Đề,Tương Mai,,
Hẻm 15/28 Ngõ Gốc Đề - Tương Mai,Gốc Đề,Tương Mai,,
Hẻm 15/4 Ngõ Gốc Đề - Tương Mai,Gốc Đề,Tương Mai,,
Hẻm 15/47 Ngõ Gốc Đề - Tương Mai,Gốc Đề,Tương Mai,,
Hẻm 15/85 Ngõ Gốc Đề - Tương Mai,Gốc Đề,Tương Mai,,
Hẻm 67/5 Ngõ Gốc Đề - Tương Mai,Gốc Đề,Tương Mai,,
Ngách 101 Ngõ Gốc Đề - Tương Mai,Gốc Đề,Tương Mai,,
Ngách 106 Ngõ Gốc Đề - Tương Mai,Gốc Đề,Tương Mai,,
Ngách 108 Ngõ Gốc Đề - Tương Mai,Gốc Đề,Tương Mai,,
Ngách 111 Ngõ Gốc Đề - Tương Mai,Gốc Đề,Tương Mai,,
Ngách 118 Ngõ Gốc Đề - Tương Mai,Gốc Đề,Tương Mai,,
Ngách 12 Ngõ Gốc Đề - Tương Mai,Gốc Đề,Tương Mai,,
Ngách 14 Ngõ Gốc Đề - Tương Mai,Gốc Đề,Tương Mai,,
Ngách 15 Ngõ Gốc Đề - Tương Mai,Gốc Đề,Tương Mai,,
Ngách 18 Ngõ Gốc Đề - Tương Mai,Gốc Đề,Tương Mai,,
Ngách 20 Ngõ Gốc Đề - Tương Mai,Gốc Đề,Tương Mai,,
Ngách 25 Ngõ Gốc Đề - Tương Mai,Gốc Đề,Tương Mai,,
Ngách 33 Ngõ Gốc Đề - Tương Mai,Gốc Đề,Tương Mai,,
Ngách 43 Ngõ Gốc Đề - Tương Mai,Gốc Đề,Tương Mai,,
Ngách 5 Gốc Đề - Tương Mai,Gốc Đề,Tương Mai,,
Ngách 50D Ngõ Gốc Đề - Tương Mai,Gốc Đề,Tương Mai,,
Ngách 56 Ngõ Gốc Đề - Tương Mai,Gốc Đề,Tương Mai,,
Ngách 6 Ngõ Gốc Đề - Tương Mai,Gốc Đề,Tương Mai,,
Ngách 66 Ngõ Gốc Đề - Tương Mai,Gốc Đề,Tương Mai,,
Ngách 67 Ngõ Gốc Đề - Tương Mai,Gốc Đề,Tương Mai,,
Ngách 71 Ngõ Gốc Đề - Tương Mai,Gốc Đề,Tương Mai,,
Ngách 74 Ngõ Gốc Đề - Tương Mai,Gốc Đề,Tương Mai,,
Ngách 8 Ngõ Gốc Đề - Tương Mai,Gốc Đề,Tương Mai,,
Ngách 80 Ngõ Gốc Đề - Tương Mai,Gốc Đề,Tương Mai,,
Ngách 83 Ngõ Gốc Đề - Tương Mai,Gốc Đề,Tương Mai,,
Ngách 92 Ngõ Gốc Đề - Tương Mai,Gốc Đề,Tương Mai,,
Ngách 93 Ngõ Gốc Đề - Tương Mai,Gốc Đề,Tương Mai,,
Ngách 99 Ngõ Gốc Đề - Tương Mai,Gốc Đề,Tương Mai,,
Ngõ Gốc Đề - Tương Mai,Gốc Đề,Tương Mai,,
Đường Hoàng Mai - Tương Mai,Hoàng Mai,Tương Mai,,
Hẻm 160/31/3 Đường Hoàng Mai - Tương Mai,Hoàng Mai,Tương Mai,,
Hẻm 197/58/5 Phố Hoàng Mai - Tương Mai,Hoàng Mai,Tương Mai,,
Hẻm 299/15/8 Đường Hoàng Mai - Tương Mai,Hoàng Mai,Tương Mai,,
Hẻm 299/55/3 Đường Hoàng Mai - Tương Mai,Hoàng Mai,Tương Mai,,
Hẻm 299/55/5 Đường Hoàng Mai - Tương Mai,Hoàng Mai,Tương Mai,,
Hẻm 299/56/58 Đường Hoàng Mai - Tương Mai,Hoàng Mai,Tương Mai,,
Hẻm 299/59/62 Đường Hoàng Mai - Tương Mai,Hoàng Mai,Tương Mai,,
Ngách 151/69 Đường Hoàng Mai - Tương Mai,Hoàng Mai,Tương Mai,,
Ngách 160/2 Đường Hoàng Mai - Tương Mai,Hoàng Mai,Tương Mai,,
Ngách 160/31 Đường Hoàng Mai - Tương Mai,Hoàng Mai,Tương Mai,,
Ngách 169/14 Đường Hoàng Mai - Tương Mai,Hoàng Mai,Tương Mai,,
Ngách 169/19 Đường Hoàng Mai - Tương Mai,Hoàng Mai,Tương Mai,,
Ngách 169/2 Đường Hoàng Mai - Tương Mai,Hoàng Mai,Tương Mai,,
Ngách 169/41 Đường Hoàng Mai - Tương Mai,Hoàng Mai,Tương Mai,,
Ngách 169/6 Đường Hoàng Mai - Tương Mai,Hoàng Mai,Tương Mai,,
Ngách 169/70 Đường Hoàng Mai - Tương Mai,Hoàng Mai,Tương Mai,,
Ngách 179/23 Đường Hoàng Mai - Tương Mai,Hoàng Mai,Tương Mai,,
Ngách 190/1 Đường Hoàng Mai - Tương Mai,Hoàng Mai,Tương Mai,,
Ngách 190/19 Đường Hoàng Mai - Tương Mai,Hoàng Mai,Tương Mai,,
Ngách 190/30 Đường Hoàng Mai - Tương Mai,Hoàng Mai,Tương Mai,,
Ngách 190/39 Đường Hoàng Mai - Tương Mai,Hoàng Mai,Tương Mai,,
Ngách 190/63 Đường Hoàng Mai - Tương Mai,Hoàng Mai,Tương Mai,,
Ngách 190/8 Đường Hoàng Mai - Tương Mai,Hoàng Mai,Tương Mai,,
Ngách 197/32 Đường Hoàng Mai - Tương Mai,Hoàng Mai,Tương Mai,,
Ngách 197/4 Đường Hoàng Mai - Tương Mai,Hoàng Mai,Tương Mai,,
Ngách 197/43 Đường Hoàng Mai - Tương Mai,Hoàng Mai,Tương Mai,,
Ngách 197/58 Đường Hoàng Mai - Tương Mai,Hoàng Mai,Tương Mai,,
Ngách 197/71 Đường Hoàng Mai - Tương Mai,Hoàng Mai,Tương Mai,,
Ngách 197/78 Đường Hoàng Mai - Tương Mai,Hoàng Mai,Tương Mai,,
Ngách 224/1 Đường Hoàng Mai - Tương Mai,Hoàng Mai,Tương Mai,,
Ngách 224/2 Đường Hoàng Mai - Tương Mai,Hoàng Mai,Tương Mai,,
Ngách 224/58 Đường Hoàng Mai - Tương Mai,Hoàng Mai,Tương Mai,,
Ngách 224/6 Đường Hoàng Mai - Tương Mai,Hoàng Mai,Tương Mai,,
Ngách 224/62 Đường Hoàng Mai - Tương Mai,Hoàng Mai,Tương Mai,,
Ngách 25/3 Đường Hoàng Mai - Tương Mai,Hoàng Mai,Tương Mai,,
Ngách 279/13 Đường Hoàng Mai - Tương Mai,Hoàng Mai,Tương Mai,,
Ngách 279/31 Đường Hoàng Mai - Tương Mai,Hoàng Mai,Tương Mai,,
Ngách 279/39 Đường Hoàng Mai - Tương Mai,Hoàng Mai,Tương Mai,,
Ngách 279/49 Đường Hoàng Mai - Tương Mai,Hoàng Mai,Tương Mai,,
Ngách 279/57 Đường Hoàng Mai - Tương Mai,Hoàng Mai,Tương Mai,,
Ngách 281/75 Đường Hoàng Mai - Tương Mai,Hoàng Mai,Tương Mai,,
Ngách 288/11 Đường Hoàng Mai - Tương Mai,Hoàng Mai,Tương Mai,,
Ngách 288/16 Đường Hoàng Mai - Tương Mai,Hoàng Mai,Tương Mai,,
Ngách 288/40 Đường Hoàng Mai - Tương Mai,Hoàng Mai,Tương Mai,,
Ngách 288/80 Đường Hoàng Mai - Tương Mai,Hoàng Mai,Tương Mai,,
Ngách 288/88 Đường Hoàng Mai - Tương Mai,Hoàng Mai,Tương Mai,,
Ngách 299/15 Đường Hoàng Mai - Tương Mai,Hoàng Mai,Tương Mai,,
Ngách 299/2 Đường Hoàng Mai - Tương Mai,Hoàng Mai,Tương Mai,,
Ngách 299/39 Đường Hoàng Mai - Tương Mai,Hoàng Mai,Tương Mai,,
Ngách 299/44 Đường Hoàng Mai - Tương Mai,Hoàng Mai,Tương Mai,,
Ngách 299/48 Đường Hoàng Mai - Tương Mai,Hoàng Mai,Tương Mai,,
Ngách 299/55 Phố Hoàng Mai - Tương Mai,Hoàng Mai,Tương Mai,,
Ngách 299/56 Đường Hoàng Mai - Tương Mai,Hoàng Mai,Tương Mai,,
Ngách 299/62 Đường Hoàng Mai - Tương Mai,Hoàng Mai,Tương Mai,,
Ngách 299/66 Đường Hoàng Mai - Tương Mai,Hoàng Mai,Tương Mai,,
Ngách 299/76 Đường Hoàng Mai - Tương Mai,Hoàng Mai,Tương Mai,,
Ngách 75/281 Đường Hoàng Mai - Tương Mai,Hoàng Mai,Tương Mai,,
Ngách 93/23 Đường Hoàng Mai - Tương Mai,Hoàng Mai,Tương Mai,,
Ngách 93/25 Đường Hoàng Mai - Tương Mai,Hoàng Mai,Tương Mai,,
Ngách 93/9 Đường Hoàng Mai - Tương Mai,Hoàng Mai,Tương Mai,,
Ngõ 120 Đường Hoàng Mai - Tương Mai,Hoàng Mai,Tương Mai,,
Ngõ 146 Đường Hoàng Mai - Tương Mai,Hoàng Mai,Tương Mai,,
Ngõ 160 Đường Hoàng Mai - Tương Mai,Hoàng Mai,Tương Mai,,
Ngõ 169 Đường Hoàng Mai - Tương Mai,Hoàng Mai,Tương Mai,,
Ngõ 178 Đường Hoàng Mai - Tương Mai,Hoàng Mai,Tương Mai,,
Ngõ 190 Đường Hoàng Mai - Tương Mai,Hoàng Mai,Tương Mai,,
Ngõ 197 Đường Hoàng Mai - Tương Mai,Hoàng Mai,Tương Mai,,
Ngõ 213 Đường Hoàng Mai - Tương Mai,Hoàng Mai,Tương Mai,,
Ngõ 214 Đường Hoàng Mai - Tương Mai,Hoàng Mai,Tương Mai,,
Ngõ 217B Đường Hoàng Mai - Tương Mai,Hoàng Mai,Tương Mai,,
Ngõ 218 Đường Hoàng Mai - Tương Mai,Hoàng Mai,Tương Mai,,
Ngõ 221 Đường Hoàng Mai - Tương Mai,Hoàng Mai,Tương Mai,,
Ngõ 224 Đường Hoàng Mai - Tương Mai,Hoàng Mai,Tương Mai,,
Ngõ 227 Đường Hoàng Mai - Tương Mai,Hoàng Mai,Tương Mai,,
Ngõ 230 Đường Hoàng Mai - Tương Mai,Hoàng Mai,Tương Mai,,
Ngõ 233 Đường Hoàng Mai - Tương Mai,Hoàng Mai,Tương Mai,,
Ngõ 255 Đường Hoàng Mai - Tương Mai,Hoàng Mai,Tương Mai,,
Ngõ 259 Đường Hoàng Mai - Tương Mai,Hoàng Mai,Tương Mai,,
Ngõ 279 Đường Hoàng Mai - Tương Mai,Hoàng Mai,Tương Mai,,
Ngõ 288 Đường Hoàng Mai - Tương Mai,Hoàng Mai,Tương Mai,,
Ngõ 289 Đường Hoàng Mai - Tương Mai,Hoàng Mai,Tương Mai,,
Ngõ 297 Đường Hoàng Mai - Tương Mai,Hoàng Mai,Tương Mai,,
Ngõ 299 Đường Hoàng Mai - Tương Mai,Hoàng Mai,Tương Mai,,
Ngõ 3 Đường Hoàng Mai - Tương Mai,Hoàng Mai,Tương Mai,,
Ngõ 47 Đường Hoàng Mai - Tương Mai,Hoàng Mai,Tương Mai,,
Ngõ 71 Đường Hoàng Mai - Tương Mai,Hoàng Mai,Tương Mai,,
Ngõ 79 Đường Hoàng Mai - Tương Mai,Hoàng Mai,Tương Mai,,
Ngõ 91 Đường Hoàng Mai - Tương Mai,Hoàng Mai,Tương Mai,,
Ngõ 91+93 Đường Hoàng Mai - Tương Mai,Hoàng Mai,Tương Mai,,
Ngõ 93 Đường Hoàng Mai - Tương Mai,Hoàng Mai,Tương Mai,,
Ngõ 94 Đường Hoàng Mai - Tương Mai,Hoàng Mai,Tương Mai,,
Cầu Kim Đồng - Tương Mai,Kim Đồng,Tương Mai,,
Ngách 19/17 Phố Kim Đồng - Tương Mai,Kim Đồng,Tương Mai,,
Ngách 19/35 Phố Kim Đồng - Tương Mai,Kim Đồng,Tương Mai,,
Ngách 19/53 Phố Kim Đồng - Tương Mai,Kim Đồng,Tương Mai,,
Ngách 19/9 Phố Kim Đồng - Tương Mai,Kim Đồng,Tương Mai,,
Ngách 43/1 Phố Kim Đồng - Tương Mai,Kim Đồng,Tương Mai,,
Ngách 43/17 Phố Kim Đồng - Tương Mai,Kim Đồng,Tương Mai,,
Ngõ 1 Phố Kim Đồng - Tương Mai,Kim Đồng,Tương Mai,,
Ngõ 19 Phố Kim Đồng - Tương Mai,Kim Đồng,Tương Mai,,
Ngõ 43 Phố Kim Đồng - Tương Mai,Kim Đồng,Tương Mai,,
Phố Kim Đồng - Tương Mai,Kim Đồng,Tương Mai,,
Đường Lĩnh Nam - Tương Mai,Lĩnh Nam,Tương Mai,,
Ngách 122/3 Đường Lĩnh Nam - Tương Mai,Lĩnh Nam,Tương Mai,,
Ngõ 188 Đường Lĩnh Nam - Tương Mai,Lĩnh Nam,Tương Mai,,
Ngõ 72 Đường Lĩnh Nam - Tương Mai,Lĩnh Nam,Tương Mai,,
Ngõ 84 Đường Lĩnh Nam - Tương Mai,Lĩnh Nam,Tương Mai,,
Ngách 12/13 Phố Lương Khánh Thiện - Tương Mai,Lương Khánh Thiện,Tương Mai,,
Ngách 12/21 Phố Lương Khánh Thiện - Tương Mai,Lương Khánh Thiện,Tương Mai,,
Ngách 12/52 Phố Lương Khánh Thiện - Tương Mai,Lương Khánh Thiện,Tương Mai,,
Ngách 22/16 Phố Lương Khánh Thiện - Tương Mai,Lương Khánh Thiện,Tương Mai,,
Ngách 22/5 Phố Lương Khánh Thiện - Tương Mai,Lương Khánh Thiện,Tương Mai,,
Ngách 51/11 Phố Lương Khánh Thiện - Tương Mai,Lương Khánh Thiện,Tương Mai,,
Ngách 51/3 Phố Lương Khánh Thiện - Tương Mai,Lương Khánh Thiện,Tương Mai,,
Ngách 51/64 Phố Lương Khánh Thiện - Tương Mai,Lương Khánh Thiện,Tương Mai,,
Ngõ 12 Phố Lương Khánh Thiện - Tương Mai,Lương Khánh Thiện,Tương Mai,,
Ngõ 15 Phố Lương Khánh Thiện - Tương Mai,Lương Khánh Thiện,Tương Mai,,
Ngõ 19 Phố Lương Khánh Thiện - Tương Mai,Lương Khánh Thiện,Tương Mai,,
Ngõ 22 Phố Lương Khánh Thiện - Tương Mai,Lương Khánh Thiện,Tương Mai,,
Ngõ 25 Phố Lương Khánh Thiện - Tương Mai,Lương Khánh Thiện,Tương Mai,,
Ngõ 31 Phố Lương Khánh Thiện - Tương Mai,Lương Khánh Thiện,Tương Mai,,
Ngõ 34 Phố Lương Khánh Thiện - Tương Mai,Lương Khánh Thiện,Tương Mai,,
Ngõ 43 Phố Lương Khánh Thiện - Tương Mai,Lương Khánh Thiện,Tương Mai,,
Ngõ 51 Phố Lương Khánh Thiện - Tương Mai,Lương Khánh Thiện,Tương Mai,,
Ngõ 52 Phố Lương Khánh Thiện - Tương Mai,Lương Khánh Thiện,Tương Mai,,
Ngõ 66 Phố Lương Khánh Thiện - Tương Mai,Lương Khánh Thiện,Tương Mai,,
Ngõ 70 Phố Lương Khánh Thiện - Tương Mai,Lương Khánh Thiện,Tương Mai,,
Ngõ 73 Phố Lương Khánh Thiện - Tương Mai,Lương Khánh Thiện,Tương Mai,,
Ngõ 79A Phố Lương Khánh Thiện - Tương Mai,Lương Khánh Thiện,Tương Mai,,
Ngõ 79B Phố Lương Khánh Thiện - Tương Mai,Lương Khánh Thiện,Tương Mai,,
Ngõ 86 Phố Lương Khánh Thiện - Tương Mai,Lương Khánh Thiện,Tương Mai,,
Phố Lương Khánh Thiện - Tương Mai,Lương Khánh Thiện,Tương Mai,,
Ngách 19/56 Phố Mai Động - Tương Mai,Mai Động,Tương Mai,,
Ngách 19/60 Phố Mai Động - Tương Mai,Mai Động,Tương Mai,,
Ngõ 1 Phố Mai Động - Tương Mai,Mai Động,Tương Mai,,
Ngõ 101 Phố Mai Động - Tương Mai,Mai Động,Tương Mai,,
Ngõ 108 Phố Mai Động - Tương Mai,Mai Động,Tương Mai,,
Ngõ 19 Phố Mai Động - Tương Mai,Mai Động,Tương Mai,,
Ngõ 35 Phố Mai Động - Tương Mai,Mai Động,Tương Mai,,
Ngõ 48 Phố Mai Động - Tương Mai,Mai Động,Tương Mai,,
Ngõ 62 Phố Mai Động - Tương Mai,Mai Động,Tương Mai,,
Ngõ 92 Phố Mai Động - Tương Mai,Mai Động,Tương Mai,,
Phố Mai Động - Tương Mai,Mai Động,Tương Mai,,
Hẻm 254/101/24 Phố Minh Khai - Tương Mai,Minh Khai,Tương Mai,,
Hẻm 254/7/1 Phố Minh Khai - Tương Mai,Minh Khai,Tương Mai,,
Hẻm 254D/54/15 Phố Minh Khai - Tương Mai,Minh Khai,Tương Mai,,
Ngách 254/101 Phố Minh Khai - Tương Mai,Minh Khai,Tương Mai,,
Ngách 254/113 Phố Minh Khai - Tương Mai,Minh Khai,Tương Mai,,
Ngách 254/115 Phố Minh Khai - Tương Mai,Minh Khai,Tương Mai,,
Ngách 254/163 Phố Minh Khai - Tương Mai,Minh Khai,Tương Mai,,
Ngách 254/19 Phố Minh Khai - Tương Mai,Minh Khai,Tương Mai,,
Ngách 254/25 Phố Minh Khai - Tương Mai,Minh Khai,Tương Mai,,
Ngách 254/54 Phố Minh Khai - Tương Mai,Minh Khai,Tương Mai,,
Ngách 254/7 Phố Minh Khai - Tương Mai,Minh Khai,Tương Mai,,
Ngách 254/71 Phố Minh Khai - Tương Mai,Minh Khai,Tương Mai,,
Ngách 254/92 Phố Minh Khai - Tương Mai,Minh Khai,Tương Mai,,
Ngách 254D/24 Phố Minh Khai - Tương Mai,Minh Khai,Tương Mai,,
Ngách 254D/31 Phố Minh Khai - Tương Mai,Minh Khai,Tương Mai,,
Ngách 254D/8A Phố Minh Khai - Tương Mai,Minh Khai,Tương Mai,,
Ngách 296/36 Phố Minh Khai - Tương Mai,Minh Khai,Tương Mai,,
Ngách 296/86 Phố Minh Khai - Tương Mai,Minh Khai,Tương Mai,,
Ngách 302/27 Phố Minh Khai - Tương Mai,Minh Khai,Tương Mai,,
Ngách 302/32 Phố Minh Khai - Tương Mai,Minh Khai,Tương Mai,,
Ngõ 100 Phố Minh Khai - Tương Mai,Minh Khai,Tương Mai,,
Ngõ 102 Phố Minh Khai - Tương Mai,Minh Khai,Tương Mai,,
Ngõ 106 Phố Minh Khai - Tương Mai,Minh Khai,Tương Mai,,
Ngõ 110 Phố Minh Khai - Tương Mai,Minh Khai,Tương Mai,,
Ngõ 112 Phố Minh Khai - Tương Mai,Minh Khai,Tương Mai,,
Ngõ 124 Phố Minh Khai - Tương Mai,Minh Khai,Tương Mai,,
Ngõ 144 Phố Minh Khai - Tương Mai,Minh Khai,Tương Mai,,
Ngõ 146 Phố Minh Khai - Tương Mai,Minh Khai,Tương Mai,,
Ngõ 18 Phố Minh Khai - Tương Mai,Minh Khai,Tương Mai,,
Ngõ 200 Phố Minh Khai - Tương Mai,Minh Khai,Tương Mai,,
Ngõ 242 Phố Minh Khai - Tương Mai,Minh Khai,Tương Mai,,
Ngõ 246 Phố Minh Khai - Tương Mai,Minh Khai,Tương Mai,,
Ngõ 250 Phố Minh Khai - Tương Mai,Minh Khai,Tương Mai,,
Ngõ 252 Phố Minh Khai - Tương Mai,Minh Khai,Tương Mai,,
Ngõ 254 Phố Minh Khai - Tương Mai,Minh Khai,Tương Mai,,
Ngõ 254D Phố Minh Khai - Tương Mai,Minh Khai,Tương Mai,,
Ngõ 266 Phố Minh Khai - Tương Mai,Minh Khai,Tương Mai,,
Ngõ 296 Phố Minh Khai - Tương Mai,Minh Khai,Tương Mai,,
Ngõ 302 Phố Minh Khai - Tương Mai,Minh Khai,Tương Mai,,
Ngõ 308 Phố Minh Khai - Tương Mai,Minh Khai,Tương Mai,,
Ngõ 52 Phố Minh Khai - Tương Mai,Minh Khai,Tương Mai,,
Ngõ 76 Phố Minh Khai - Tương Mai,Minh Khai,Tương Mai,,
Ngõ 92 Phố Minh Khai - Tương Mai,Minh Khai,Tương Mai,,
Ngõ 94 Phố Minh Khai - Tương Mai,Minh Khai,Tương Mai,,
Phố Minh Khai - Tương Mai,Minh Khai,Tương Mai,,
Cầu Nguyễn An Ninh - Tương Mai,Nguyễn An Ninh,Tương Mai,,
Dãy P3 Phố Nguyễn An Ninh - Tương Mai,Nguyễn An Ninh,Tương Mai,,
Dãy P4 Phố Nguyễn An Ninh - Tương Mai,Nguyễn An Ninh,Tương Mai,,
Ngách 33/15 Phố Nguyễn An Ninh - Tương Mai,Nguyễn An Ninh,Tương Mai,,
Ngách 33/22 Phố Nguyễn An Ninh - Tương Mai,Nguyễn An Ninh,Tương Mai,,
Ngách 33/33 Phố Nguyễn An Ninh - Tương Mai,Nguyễn An Ninh,Tương Mai,,
Ngách 33/42 Phố Nguyễn An Ninh - Tương Mai,Nguyễn An Ninh,Tương Mai,,
Ngách 33/52 Phố Nguyễn An Ninh - Tương Mai,Nguyễn An Ninh,Tương Mai,,
Ngách 33/66 Phố Nguyễn An Ninh - Tương Mai,Nguyễn An Ninh,Tương Mai,,
Ngách 33/89 Phố Nguyễn An Ninh - Tương Mai,Nguyễn An Ninh,Tương Mai,,
Ngách 35/35 Phố Nguyễn An Ninh - Tương Mai,Nguyễn An Ninh,Tương Mai,,
Ngách 35/37 Phố Nguyễn An Ninh - Tương Mai,Nguyễn An Ninh,Tương Mai,,
Ngách 35/45 Phố Nguyễn An Ninh - Tương Mai,Nguyễn An Ninh,Tương Mai,,
Ngõ 103 Phố Nguyễn An Ninh - Tương Mai,Nguyễn An Ninh,Tương Mai,,
Ngõ 104 Phố Nguyễn An Ninh - Tương Mai,Nguyễn An Ninh,Tương Mai,,
Ngõ 106 Phố Nguyễn An Ninh - Tương Mai,Nguyễn An Ninh,Tương Mai,,
Ngõ 11 Phố Nguyễn An Ninh - Tương Mai,Nguyễn An Ninh,Tương Mai,,
Ngõ 113 Phố Nguyễn An Ninh - Tương Mai,Nguyễn An Ninh,Tương Mai,,
Ngõ 118 Phố Nguyễn An Ninh - Tương Mai,Nguyễn An Ninh,Tương Mai,,
Ngõ 121 Phố Nguyễn An Ninh - Tương Mai,Nguyễn An Ninh,Tương Mai,,
Ngõ 126 Phố Nguyễn An Ninh - Tương Mai,Nguyễn An Ninh,Tương Mai,,
Ngõ 134 Phố Nguyễn An Ninh - Tương Mai,Nguyễn An Ninh,Tương Mai,,
Ngõ 136 Phố Nguyễn An Ninh - Tương Mai,Nguyễn An Ninh,Tương Mai,,
Ngõ 141 Phố Nguyễn An Ninh - Tương Mai,Nguyễn An Ninh,Tương Mai,,
Ngõ 146 Phố Nguyễn An Ninh - Tương Mai,Nguyễn An Ninh,Tương Mai,,
Ngõ 147 Phố Nguyễn An Ninh - Tương Mai,Nguyễn An Ninh,Tương Mai,,
Ngõ 160 Phố Nguyễn An Ninh - Tương Mai,Nguyễn An Ninh,Tương Mai,,
Ngõ 20 Phố Nguyễn An Ninh - Tương Mai,Nguyễn An Ninh,Tương Mai,,
Ngõ 30 Phố Nguyễn An Ninh - Tương Mai,Nguyễn An Ninh,Tương Mai,,
Ngõ 33 Phố Nguyễn An Ninh - Tương Mai,Nguyễn An Ninh,Tương Mai,,
Ngõ 35 Phố Nguyễn An Ninh - Tương Mai,Nguyễn An Ninh,Tương Mai,,
Ngõ 43 Phố Nguyễn An Ninh - Tương Mai,Nguyễn An Ninh,Tương Mai,,
Ngõ 44 Phố Nguyễn An Ninh - Tương Mai,Nguyễn An Ninh,Tương Mai,,
Ngõ 53 Phố Nguyễn An Ninh - Tương Mai,Nguyễn An Ninh,Tương Mai,,
Ngõ 55 Phố Nguyễn An Ninh - Tương Mai,Nguyễn An Ninh,Tương Mai,,
Ngõ 56 Phố Nguyễn An Ninh - Tương Mai,Nguyễn An Ninh,Tương Mai,,
Ngõ 63 Phố Nguyễn An Ninh - Tương Mai,Nguyễn An Ninh,Tương Mai,,
Ngõ 70 Phố Nguyễn An Ninh - Tương Mai,Nguyễn An Ninh,Tương Mai,,
Ngõ 71 Phố Nguyễn An Ninh - Tương Mai,Nguyễn An Ninh,Tương Mai,,
Ngõ 82 Phố Nguyễn An Ninh - Tương Mai,Nguyễn An Ninh,Tương Mai,,
Ngõ 83 Phố Nguyễn An Ninh - Tương Mai,Nguyễn An Ninh,Tương Mai,,
Ngõ 85 Phố Nguyễn An Ninh - Tương Mai,Nguyễn An Ninh,Tương Mai,,
Ngõ 91 Phố Nguyễn An Ninh - Tương Mai,Nguyễn An Ninh,Tương Mai,,
Ngõ 94 Phố Nguyễn An Ninh - Tương Mai,Nguyễn An Ninh,Tương Mai,,
Phố Nguyễn An Ninh - Tương Mai,Nguyễn An Ninh,Tương Mai,,
Hẻm 151/51/13 Phố Nguyễn Đức Cảnh - Tương Mai,Nguyễn Đức Cảnh,Tương Mai,,
Hẻm 151/86/8 Phố Nguyễn Đức Cảnh - Tương Mai,Nguyễn Đức Cảnh,Tương Mai,,
Ngách 105/22 Phố Nguyễn Đức Cảnh - Tương Mai,Nguyễn Đức Cảnh,Tương Mai,,
Ngách 151/19A Phố Nguyễn Đức Cảnh - Tương Mai,Nguyễn Đức Cảnh,Tương Mai,,
Ngách 151/23 Phố Nguyễn Đức Cảnh - Tương Mai,Nguyễn Đức Cảnh,Tương Mai,,
Ngách 151/35 Phố Nguyễn Đức Cảnh - Tương Mai,Nguyễn Đức Cảnh,Tương Mai,,
Ngách 151/37 Phố Nguyễn Đức Cảnh - Tương Mai,Nguyễn Đức Cảnh,Tương Mai,,
Ngách 151/40 Phố Nguyễn Đức Cảnh - Tương Mai,Nguyễn Đức Cảnh,Tương Mai,,
Ngách 151/43 Phố Nguyễn Đức Cảnh - Tương Mai,Nguyễn Đức Cảnh,Tương Mai,,
Ngách 151/51 Phố Nguyễn Đức Cảnh - Tương Mai,Nguyễn Đức Cảnh,Tương Mai,,
Ngách 151/75 Phố Nguyễn Đức Cảnh - Tương Mai,Nguyễn Đức Cảnh,Tương Mai,,
Ngách 151/77 Phố Nguyễn Đức Cảnh - Tương Mai,Nguyễn Đức Cảnh,Tương Mai,,
Ngách 151/84 Phố Nguyễn Đức Cảnh - Tương Mai,Nguyễn Đức Cảnh,Tương Mai,,
Ngách 151/85 Phố Nguyễn Đức Cảnh - Tương Mai,Nguyễn Đức Cảnh,Tương Mai,,
Ngách 151/86 Phố Nguyễn Đức Cảnh - Tương Mai,Nguyễn Đức Cảnh,Tương Mai,,
Ngách 225/7 Phố Nguyễn Đức Cảnh - Tương Mai,Nguyễn Đức Cảnh,Tương Mai,,
Ngách 47/21 Phố Nguyễn Đức Cảnh - Tương Mai,Nguyễn Đức Cảnh,Tương Mai,,
Ngách 47/7 Phố Nguyễn Đức Cảnh - Tương Mai,Nguyễn Đức Cảnh,Tương Mai,,
Ngách 51/151 Phố Nguyễn Đức Cảnh - Tương Mai,Nguyễn Đức Cảnh,Tương Mai,,
Ngõ 105 Phố Nguyễn Đức Cảnh - Tương Mai,Nguyễn Đức Cảnh,Tương Mai,,
Ngõ 111 Phố Nguyễn Đức Cảnh - Tương Mai,Nguyễn Đức Cảnh,Tương Mai,,
Ngõ 113 Phố Nguyễn Đức Cảnh - Tương Mai,Nguyễn Đức Cảnh,Tương Mai,,
Ngõ 123 Phố Nguyễn Đức Cảnh - Tương Mai,Nguyễn Đức Cảnh,Tương Mai,,
Ngõ 128 Phố Nguyễn Đức Cảnh - Tương Mai,Nguyễn Đức Cảnh,Tương Mai,,
Ngõ 13 Phố Nguyễn Đức Cảnh - Tương Mai,Nguyễn Đức Cảnh,Tương Mai,,
Ngõ 151 Phố Nguyễn Đức Cảnh - Tương Mai,Nguyễn Đức Cảnh,Tương Mai,,
Ngõ 22 Phố Nguyễn Đức Cảnh - Tương Mai,Nguyễn Đức Cảnh,Tương Mai,,
Ngõ 225 Phố Nguyễn Đức Cảnh - Tương Mai,Nguyễn Đức Cảnh,Tương Mai,,
Ngõ 4 Phố Nguyễn Đức Cảnh - Tương Mai,Nguyễn Đức Cảnh,Tương Mai,,
Ngõ 47 Phố Nguyễn Đức Cảnh - Tương Mai,Nguyễn Đức Cảnh,Tương Mai,,
Ngõ 84 Phố Nguyễn Đức Cảnh - Tương Mai,Nguyễn Đức Cảnh,Tương Mai,,
Ngõ 9 Phố Nguyễn Đức Cảnh - Tương Mai,Nguyễn Đức Cảnh,Tương Mai,,
Phố Nguyễn Đức Cảnh - Tương Mai,Nguyễn Đức Cảnh,Tương Mai,,
Cầu Kim Ngưu S6 - Tương Mai,Sông Kim Ngưu,Tương Mai,,
Cầu Kim Ngưu S8 - Tương Mai,Sông Kim Ngưu,Tương Mai,,
Cầu Sông Sét - Tương Mai,Sông Sét,Tương Mai,,
Đường Bờ Sông Sét - Tương Mai,Sông Sét,Tương Mai,,
Đường Tam Trinh - Tương Mai,Tam Trinh,Tương Mai,,TRUE
Ngách 243/1 Đường Tam Trinh - Tương Mai,Tam Trinh,Tương Mai,,TRUE
Ngách 243/7 Đường Tam Trinh - Tương Mai,Tam Trinh,Tương Mai,,TRUE
Ngách 281/16 Đường Tam Trinh - Tương Mai,Tam Trinh,Tương Mai,,TRUE
Ngách 281/17 Đường Tam Trinh - Tương Mai,Tam Trinh,Tương Mai,,TRUE
Ngách 281/2 Đường Tam Trinh - Tương Mai,Tam Trinh,Tương Mai,,TRUE
Ngách 281/28 Đường Tam Trinh - Tương Mai,Tam Trinh,Tương Mai,,TRUE
Ngách 281/5 Đường Tam Trinh - Tương Mai,Tam Trinh,Tương Mai,,TRUE
Ngách 293/12 Đường Tam Trinh - Tương Mai,Tam Trinh,Tương Mai,,TRUE
Ngách 293/32 Đường Tam Trinh - Tương Mai,Tam Trinh,Tương Mai,,TRUE
Ngách 293/4 Đường Tam Trinh - Tương Mai,Tam Trinh,Tương Mai,,TRUE
Ngách 293/53 Đường Tam Trinh - Tương Mai,Tam Trinh,Tương Mai,,TRUE
Ngách 293/57 Đường Tam Trinh - Tương Mai,Tam Trinh,Tương Mai,,TRUE
Ngách 293/63 Đường Tam Trinh - Tương Mai,Tam Trinh,Tương Mai,,TRUE
Ngách 293/8 Đường Tam Trinh - Tương Mai,Tam Trinh,Tương Mai,,TRUE
Ngách 319/20 Tam Trinh - Tương Mai,Tam Trinh,Tương Mai,,TRUE
Ngách 357/1 Đường Tam Trinh - Tương Mai,Tam Trinh,Tương Mai,,TRUE
Ngách 383/23 Đường Tam Trinh - Tương Mai,Tam Trinh,Tương Mai,,TRUE
Ngõ 233 Tam Trinh - Tương Mai,Tam Trinh,Tương Mai,,TRUE
Ngõ 243 Đường Tam Trinh - Tương Mai,Tam Trinh,Tương Mai,,TRUE
Ngõ 281 Đường Tam Trinh - Tương Mai,Tam Trinh,Tương Mai,,TRUE
Ngõ 293 Đường Tam Trinh - Tương Mai,Tam Trinh,Tương Mai,,TRUE
Ngõ 319 Đường Tam Trinh - Tương Mai,Tam Trinh,Tương Mai,,TRUE
Ngõ 357 Đường Tam Trinh - Tương Mai,Tam Trinh,Tương Mai,,TRUE
Ngõ 383 Đường Tam Trinh - Tương Mai,Tam Trinh,Tương Mai,,TRUE
Phố Tân Khai - Tương Mai,Tân Khai,Tương Mai,,
Ngõ 123 Phố Tân Mai - Tương Mai,Tân Mai,Tương Mai,,
Ngõ 139 Phố Tân Mai - Tương Mai,Tân Mai,Tương Mai,,
Phố Tân Mai - Tương Mai,Tân Mai,Tương Mai,,
Ngách 12 Ngõ Thống Nhất - Tương Mai,Thống Nhất (Tương Mai),Tương Mai,,
Ngõ Thống Nhất - Tương Mai,Thống Nhất (Tương Mai),Tương Mai,,
Hẻm 116/26 Ngõ Trại Cá - Tương Mai,Trại Cá,Tương Mai,,
Hẻm 116/4 Ngõ Trại Cá - Tương Mai,Trại Cá,Tương Mai,,
Hẻm 116/6 Ngõ Trại Cá - Tương Mai,Trại Cá,Tương Mai,,
Hẻm 20/72 Ngõ Trại Cá - Tương Mai,Trại Cá,Tương Mai,,
Hẻm 53/1 Ngõ Trại Cá - Tương Mai,Trại Cá,Tương Mai,,
Hẻm 80/1 Ngõ Trại Cá - Tương Mai,Trại Cá,Tương Mai,,
Hẻm 80/2 Ngõ Trại Cá - Tương Mai,Trại Cá,Tương Mai,,
Hẻm 80/4 Ngõ Trại Cá - Tương Mai,Trại Cá,Tương Mai,,
Hẻm 91/32 Ngõ Trại Cá - Tương Mai,Trại Cá,Tương Mai,,
Hẻm 91/38 Ngõ Trại Cá - Tương Mai,Trại Cá,Tương Mai,,
Hẻm 91/7 Ngõ Trại Cá - Tương Mai,Trại Cá,Tương Mai,,
Hẻm 91/85 Ngõ Trại Cá - Tương Mai,Trại Cá,Tương Mai,,
Ngách 116 Ngõ Trại Cá - Tương Mai,Trại Cá,Tương Mai,,
Ngách 131 Ngõ Trại Cá - Tương Mai,Trại Cá,Tương Mai,,
Ngách 176 Ngõ Trại Cá - Tương Mai,Trại Cá,Tương Mai,,
Ngách 20 Ngõ Trại Cá - Tương Mai,Trại Cá,Tương Mai,,
Ngách 23 Ngõ Trại Cá - Tương Mai,Trại Cá,Tương Mai,,
Ngách 52 Ngõ Trại Cá - Tương Mai,Trại Cá,Tương Mai,,
Ngách 53 Ngõ Trại Cá - Tương Mai,Trại Cá,Tương Mai,,
Ngách 64 Ngõ Trại Cá - Tương Mai,Trại Cá,Tương Mai,,
Ngách 77 Ngõ Trại Cá - Tương Mai,Trại Cá,Tương Mai,,
Ngách 80 Ngõ Trại Cá - Tương Mai,Trại Cá,Tương Mai,,
Ngách 91 Ngõ Trại Cá - Tương Mai,Trại Cá,Tương Mai,,
Ngách 92 Ngõ Trại Cá - Tương Mai,Trại Cá,Tương Mai,,
Ngõ Trại Cá - Tương Mai,Trại Cá,Tương Mai,,
Ngõ 200 Phố Trần Đại Nghĩa - Tương Mai,Trần Đại Nghĩa,Tương Mai,,TRUE
Ngõ 208 Phố Trần Đại Nghĩa - Tương Mai,Trần Đại Nghĩa,Tương Mai,,TRUE
Ngõ 339 Phố Trần Đại Nghĩa - Tương Mai,Trần Đại Nghĩa,Tương Mai,,TRUE
Ngõ 359 Phố Trần Đại Nghĩa - Tương Mai,Trần Đại Nghĩa,Tương Mai,,TRUE
Ngõ 363 Phố Trần Đại Nghĩa - Tương Mai,Trần Đại Nghĩa,Tương Mai,,TRUE
Ngõ 385 Phố Trần Đại Nghĩa - Tương Mai,Trần Đại Nghĩa,Tương Mai,,TRUE
Phố Trần Đại Nghĩa - Tương Mai,Trần Đại Nghĩa,Tương Mai,,TRUE
Đường Trường Chinh - Tương Mai,Trường Chinh,Tương Mai,"Đường Trường Chinh là một phần thuộc đường Vành đai 2, kết nối từ cầu Vĩnh Tuy tới cầu Nhật Tân. Trước đây phố là một phần ranh giới giữa huyện Thọ Xương và huyện Thanh Trì.",
Ngõ 1 Đường Trường Chinh - Tương Mai,Trường Chinh,Tương Mai,,
Ngõ 5 Đường Trường Chinh - Tương Mai,Trường Chinh,Tương Mai,,
Đường Trương Định - Tương Mai,Trương Công Định,Tương Mai,,
Hẻm 176/59/5 Đường Trương Định - Tương Mai,Trương Công Định,Tương Mai,,
Hẻm 281/58/8D Đường Trương Định - Tương Mai,Trương Công Định,Tương Mai,,
Hẻm 281/58/9 Đường Trương Định - Tương Mai,Trương Công Định,Tương Mai,,
Hẻm 281/75/15 Đường Trương Định - Tương Mai,Trương Công Định,Tương Mai,,
Hẻm 281/81/2C Trương Định - Tương Mai,Trương Công Định,Tương Mai,,
Hẻm 389/46/2 Đường Trương Định - Tương Mai,Trương Công Định,Tương Mai,,
Ngách 125/16 Đường Trương Định - Tương Mai,Trương Công Định,Tương Mai,,
Ngách 125/18 Đường Trương Định - Tương Mai,Trương Công Định,Tương Mai,,
Ngách 125/4 Đường Trương Định - Tương Mai,Trương Công Định,Tương Mai,,
Ngách 129/85 Đường Trương Định - Tương Mai,Trương Công Định,Tương Mai,,
Ngách 129/86 Đường Trương Định - Tương Mai,Trương Công Định,Tương Mai,,
Ngách 129/92 Đường Trương Định - Tương Mai,Trương Công Định,Tương Mai,,
Ngách 158/34 Đường Trương Định - Tương Mai,Trương Công Định,Tương Mai,,
Ngách 158/44 Đường Trương Định - Tương Mai,Trương Công Định,Tương Mai,,
Ngách 158/5 Đường Trương Định - Tương Mai,Trương Công Định,Tương Mai,,
Ngách 158/60 Đường Trương Định - Tương Mai,Trương Công Định,Tương Mai,,
Ngách 167/11 Đường Trương Định - Tương Mai,Trương Công Định,Tương Mai,,
Ngách 176/100A Đường Trương Định - Tương Mai,Trương Công Định,Tương Mai,,
Ngách 176/11 Đường Trương Định - Tương Mai,Trương Công Định,Tương Mai,,
Ngách 176/30 Đường Trương Định - Tương Mai,Trương Công Định,Tương Mai,,
Ngách 176/32 Đường Trương Định - Tương Mai,Trương Công Định,Tương Mai,,
Ngách 176/38 Đường Trương Định - Tương Mai,Trương Công Định,Tương Mai,,
Ngách 176/40 Đường Trương Định - Tương Mai,Trương Công Định,Tương Mai,,
Ngách 176/59 Đường Trương Định - Tương Mai,Trương Công Định,Tương Mai,,
Ngách 176/62 Đường Trương Định - Tương Mai,Trương Công Định,Tương Mai,,
Ngách 176/74 Đường Trương Định - Tương Mai,Trương Công Định,Tương Mai,,
Ngách 206/31 Đường Trương Định - Tương Mai,Trương Công Định,Tương Mai,,
Ngách 206/31A Đường Trương Định - Tương Mai,Trương Công Định,Tương Mai,,
Ngách 207/51 Đường Trương Định - Tương Mai,Trương Công Định,Tương Mai,,
Ngách 281/117 Đường Trương Định - Tương Mai,Trương Công Định,Tương Mai,,
Ngách 281/16 Đường Trương Định - Tương Mai,Trương Công Định,Tương Mai,,
Ngách 281/5 Đường Trương Định - Tương Mai,Trương Công Định,Tương Mai,,
Ngách 281/57 Đường Trương Định - Tương Mai,Trương Công Định,Tương Mai,,
Ngách 281/57 Trương Định - Tương Mai,Trương Công Định,Tương Mai,,
Ngách 281/58 Đường Trương Định - Tương Mai,Trương Công Định,Tương Mai,,
Ngách 281/6 Đường Trương Định - Tương Mai,Trương Công Định,Tương Mai,,
Ngách 281/65 Đường Trương Định - Tương Mai,Trương Công Định,Tương Mai,,
Ngách 281/68 Đường Trương Định - Tương Mai,Trương Công Định,Tương Mai,,
Ngách 281/7 Đường Trương Định - Tương Mai,Trương Công Định,Tương Mai,,
Ngách 281/70 Đường Trương Định - Tương Mai,Trương Công Định,Tương Mai,,
Ngách 281/75 Đường Trương Định - Tương Mai,Trương Công Định,Tương Mai,,
Ngách 281/82 Đường Trương Định - Tương Mai,Trương Công Định,Tương Mai,,
Ngách 281/95 Đường Trương Định - Tương Mai,Trương Công Định,Tương Mai,,
Ngách 281/99 Đường Trương Định - Tương Mai,Trương Công Định,Tương Mai,,
Ngách 389/46 Đường Trương Định - Tương Mai,Trương Công Định,Tương Mai,,
Ngách 389/76 Đường Trương Định - Tương Mai,Trương Công Định,Tương Mai,,
Ngách 389/88 Đường Trương Định - Tương Mai,Trương Công Định,Tương Mai,,
Ngách 396/27 Phố Trương Định - Tương Mai,Trương Công Định,Tương Mai,,
Ngách 396/29 Phố Trương Định - Tương Mai,Trương Công Định,Tương Mai,,
Ngách 493/2 Đường Trương Định - Tương Mai,Trương Công Định,Tương Mai,,
Ngách 75/281 Đường Trương Định - Tương Mai,Trương Công Định,Tương Mai,,
Ngách 839/76 Đường Trương Định - Tương Mai,Trương Công Định,Tương Mai,,
Ngách 839/88 Đường Trương Định - Tương Mai,Trương Công Định,Tương Mai,,
Ngõ 105 Đường Trương Định - Tương Mai,Trương Công Định,Tương Mai,,
Ngõ 111 Đường Trương Định - Tương Mai,Trương Công Định,Tương Mai,,
Ngõ 118 Đường Trương Định - Tương Mai,Trương Công Định,Tương Mai,,
Ngõ 125 Đường Trương Định - Tương Mai,Trương Công Định,Tương Mai,,
Ngõ 129 Đường Trương Định - Tương Mai,Trương Công Định,Tương Mai,,
Ngõ 134 Đường Trương Định - Tương Mai,Trương Công Định,Tương Mai,,
Ngõ 141 Đường Trương Định - Tương Mai,Trương Công Định,Tương Mai,,
Ngõ 158 Đường Trương Định - Tương Mai,Trương Công Định,Tương Mai,,
Ngõ 164 Đường Trương Định - Tương Mai,Trương Công Định,Tương Mai,,
Ngõ 167 Đường Trương Định - Tương Mai,Trương Công Định,Tương Mai,,
Ngõ 172 Đường Trương Định - Tương Mai,Trương Công Định,Tương Mai,,
Ngõ 174 Đường Trương Định - Tương Mai,Trương Công Định,Tương Mai,,
Ngõ 176 Đường Trương Định - Tương Mai,Trương Công Định,Tương Mai,,
Ngõ 178 Đường Trương Định - Tương Mai,Trương Công Định,Tương Mai,,
Ngõ 179 Đường Trương Định - Tương Mai,Trương Công Định,Tương Mai,,
Ngõ 184 Đường Trương Định - Tương Mai,Trương Công Định,Tương Mai,,
Ngõ 19 Đường Trương Định - Tương Mai,Trương Công Định,Tương Mai,,
Ngõ 20 Đường Trương Định - Tương Mai,Trương Công Định,Tương Mai,,
Ngõ 206 Đường Trương Định - Tương Mai,Trương Công Định,Tương Mai,,
Ngõ 207 Đường Trương Định - Tương Mai,Trương Công Định,Tương Mai,,
Ngõ 231 Đường Trương Định - Tương Mai,Trương Công Định,Tương Mai,,
Ngõ 232 Đường Trương Định - Tương Mai,Trương Công Định,Tương Mai,,
Ngõ 250 Đường Trương Định - Tương Mai,Trương Công Định,Tương Mai,,
Ngõ 252 Đường Trương Định - Tương Mai,Trương Công Định,Tương Mai,,
Ngõ 274 Đường Trương Định - Tương Mai,Trương Công Định,Tương Mai,,
Ngõ 28 Đường Trương Định - Tương Mai,Trương Công Định,Tương Mai,,
Ngõ 281 Đường Trương Định - Tương Mai,Trương Công Định,Tương Mai,,
Ngõ 305 Đường Trương Định - Tương Mai,Trương Công Định,Tương Mai,,
Ngõ 314 Đường Trương Định - Tương Mai,Trương Công Định,Tương Mai,,
Ngõ 315 Đường Trương Định - Tương Mai,Trương Công Định,Tương Mai,,
Ngõ 326 Đường Trương Định - Tương Mai,Trương Công Định,Tương Mai,,
Ngõ 332 Đường Trương Định - Tương Mai,Trương Công Định,Tương Mai,,
Ngõ 335 Đường Trương Định - Tương Mai,Trương Công Định,Tương Mai,,
Ngõ 352 Đường Trương Định - Tương Mai,Trương Công Định,Tương Mai,,
Ngõ 363 Đường Trương Định - Tương Mai,Trương Công Định,Tương Mai,,
Ngõ 368 Đường Trương Định - Tương Mai,Trương Công Định,Tương Mai,,
Ngõ 37 Đường Trương Định - Tương Mai,Trương Công Định,Tương Mai,,
Ngõ 389 Đường Trương Định - Tương Mai,Trương Công Định,Tương Mai,,
Ngõ 391 Đường Trương Định - Tương Mai,Trương Công Định,Tương Mai,,
Ngõ 396 Đường Trương Định - Tương Mai,Trương Công Định,Tương Mai,,
Ngõ 397 Đường Trương Định - Tương Mai,Trương Công Định,Tương Mai,,
Ngõ 41 Đường Trương Định - Tương Mai,Trương Công Định,Tương Mai,,
Ngõ 417 Đường Trương Định - Tương Mai,Trương Công Định,Tương Mai,,
Ngõ 422 Đường Trương Định - Tương Mai,Trương Công Định,Tương Mai,,
Ngõ 427 Đường Trương Định - Tương Mai,Trương Công Định,Tương Mai,,
Ngõ 437 Đường Trương Định - Tương Mai,Trương Công Định,Tương Mai,,
Ngõ 438B Đường Trương Định - Tương Mai,Trương Công Định,Tương Mai,,
Ngõ 452 Đường Trương Định - Tương Mai,Trương Công Định,Tương Mai,,
Ngõ 459 Đường Trương Định - Tương Mai,Trương Công Định,Tương Mai,,
Ngõ 48 Đường Trương Định - Tương Mai,Trương Công Định,Tương Mai,,
Ngõ 482 Đường Trương Định - Tương Mai,Trương Công Định,Tương Mai,,
Ngõ 493 Đường Trương Định - Tương Mai,Trương Công Định,Tương Mai,,
Ngõ 506 Đường Trương Định - Tương Mai,Trương Công Định,Tương Mai,,
Ngõ 552 Đường Trương Định - Tương Mai,Trương Công Định,Tương Mai,,
Ngõ 58 Đường Trương Định - Tương Mai,Trương Công Định,Tương Mai,,
Ngõ 62 Đường Trương Định - Tương Mai,Trương Công Định,Tương Mai,,
Ngõ 64 Đường Trương Định - Tương Mai,Trương Công Định,Tương Mai,,
Ngõ 70 Đường Trương Định - Tương Mai,Trương Công Định,Tương Mai,,
Ngõ 73 Đường Trương Định - Tương Mai,Trương Công Định,Tương Mai,,
Ngõ 80 Đường Trương Định - Tương Mai,Trương Công Định,Tương Mai,,
Ngõ 86 Đường Trương Định - Tương Mai,Trương Công Định,Tương Mai,,
Ngõ 87 Đường Trương Định - Tương Mai,Trương Công Định,Tương Mai,,
Ngõ 89 Đường Trương Định - Tương Mai,Trương Công Định,Tương Mai,,
Ngõ 92 Đường Trương Định - Tương Mai,Trương Công Định,Tương Mai,,
Ngõ 95 Đường Trương Định - Tương Mai,Trương Công Định,Tương Mai,,
Ngõ 97 Đường Trương Định - Tương Mai,Trương Công Định,Tương Mai,,
Ngách 41/20 Phố Tương Mai - Tương Mai,Tương Mai,Tương Mai,,
Ngách 41/28 Phố Tương Mai - Tương Mai,Tương Mai,Tương Mai,,
Ngách 41/40 Phố Tương Mai - Tương Mai,Tương Mai,Tương Mai,,
Ngách 41/60 Phố Tương Mai - Tương Mai,Tương Mai,Tương Mai,,
Ngách 46/14 Phố Tương Mai - Tương Mai,Tương Mai,Tương Mai,,
Ngõ 18 Phố Tương Mai - Tương Mai,Tương Mai,Tương Mai,,
Ngõ 19 Phố Tương Mai - Tương Mai,Tương Mai,Tương Mai,,
Ngõ 41 Phố Tương Mai - Tương Mai,Tương Mai,Tương Mai,,
Ngõ 46 Phố Tương Mai - Tương Mai,Tương Mai,Tương Mai,,
Ngõ 51 Phố Tương Mai - Tương Mai,Tương Mai,Tương Mai,,
Ngõ 52 Phố Tương Mai - Tương Mai,Tương Mai,Tương Mai,,
Phố Tương Mai - Tương Mai,Tương Mai,Tương Mai,,
Đường Hồ Vĩnh Hoàng - Tương Mai,Vĩnh Hoàng,Tương Mai,,
Hồ Vĩnh Hoàng - Tương Mai,Vĩnh Hoàng,Tương Mai,,
Phố Vĩnh Hoàng - Tương Mai,Vĩnh Hoàng,Tương Mai,,
Ngách 229/1 Phố Vọng - Tương Mai,Vọng,Tương Mai,,
Ngách 255/20 Phố Vọng - Tương Mai,Vọng,Tương Mai,,
Ngách 255/3 Phố Vọng - Tương Mai,Vọng,Tương Mai,,
Ngách 259/5 Phố Vọng - Tương Mai,Vọng,Tương Mai,,
Ngách 259/9 Phố Vọng - Tương Mai,Vọng,Tương Mai,,
Ngách 341/12 Phố Vọng - Tương Mai,Vọng,Tương Mai,,
Ngõ 128 Phố Vọng - Tương Mai,Vọng,Tương Mai,,
Ngõ 196 Phố Vọng - Tương Mai,Vọng,Tương Mai,,
Ngõ 223 Phố Vọng - Tương Mai,Vọng,Tương Mai,,
Ngõ 229 Phố Vọng - Tương Mai,Vọng,Tương Mai,,
Ngõ 232 Phố Vọng - Tương Mai,Vọng,Tương Mai,,
Ngõ 255 Phố Vọng - Tương Mai,Vọng,Tương Mai,,
Ngõ 259 Phố Vọng - Tương Mai,Vọng,Tương Mai,,
Ngõ 333 Phố Vọng - Tương Mai,Vọng,Tương Mai,,
Ngõ 341 Phố Vọng - Tương Mai,Vọng,Tương Mai,,
Ngõ 365 Phố Vọng - Tương Mai,Vọng,Tương Mai,,
Ngõ 389 Phố Vọng - Tương Mai,Vọng,Tương Mai,,
Phố Vọng - Tương Mai,Vọng,Tương Mai,,
"Đường Lĩnh Nam - Tương Mai, Vĩnh Hưng",Lĩnh Nam,"Tương Mai, Vĩnh Hưng",,
"Ngõ 159 Đường Lĩnh Nam - Tương Mai, Vĩnh Hưng",Lĩnh Nam,"Tương Mai, Vĩnh Hưng",,
"Ngõ 183B Đường Lĩnh Nam - Tương Mai, Vĩnh Hưng",Lĩnh Nam,"Tương Mai, Vĩnh Hưng",,
"Phố Tân Khai - Tương Mai, Vĩnh Hưng",Tân Khai,"Tương Mai, Vĩnh Hưng",,
"Phố Vĩnh Hoàng - Tương Mai, Vĩnh Hưng",Vĩnh Hoàng,"Tương Mai, Vĩnh Hưng",,
"Đường Lĩnh Nam - Tương Mai, Vĩnh Tuy",Lĩnh Nam,"Tương Mai, Vĩnh Tuy",,
"Ngõ 105 Đường Lĩnh Nam - Tương Mai, Vĩnh Tuy",Lĩnh Nam,"Tương Mai, Vĩnh Tuy",,
"Ngõ 122 Đường Lĩnh Nam - Tương Mai, Vĩnh Tuy",Lĩnh Nam,"Tương Mai, Vĩnh Tuy",,
"Ngõ 166 Đường Lĩnh Nam - Tương Mai, Vĩnh Tuy",Lĩnh Nam,"Tương Mai, Vĩnh Tuy",,
"Ngõ 178 Đường Lĩnh Nam - Tương Mai, Vĩnh Tuy",Lĩnh Nam,"Tương Mai, Vĩnh Tuy",,
"Ngõ 22 Đường Lĩnh Nam - Tương Mai, Vĩnh Tuy",Lĩnh Nam,"Tương Mai, Vĩnh Tuy",,
"Ngõ 40 Đường Lĩnh Nam - Tương Mai, Vĩnh Tuy",Lĩnh Nam,"Tương Mai, Vĩnh Tuy",,
"Ngõ 50 Đường Lĩnh Nam - Tương Mai, Vĩnh Tuy",Lĩnh Nam,"Tương Mai, Vĩnh Tuy",,
"Ngõ 64 Đường Lĩnh Nam - Tương Mai, Vĩnh Tuy",Lĩnh Nam,"Tương Mai, Vĩnh Tuy",,
"Ngõ 68 Đường Lĩnh Nam - Tương Mai, Vĩnh Tuy",Lĩnh Nam,"Tương Mai, Vĩnh Tuy",,
"Ngõ 72 Đường Lĩnh Nam - Tương Mai, Vĩnh Tuy",Lĩnh Nam,"Tương Mai, Vĩnh Tuy",,
"Cầu Mai Động - Tương Mai, Vĩnh Tuy",Mai Động,"Tương Mai, Vĩnh Tuy",,
"Đường Tam Trinh - Tương Mai, Vĩnh Tuy",Tam Trinh,"Tương Mai, Vĩnh Tuy",,TRUE
"Ngõ 175 Đường Tam Trinh - Tương Mai, Vĩnh Tuy",Tam Trinh,"Tương Mai, Vĩnh Tuy",,TRUE
Ngõ Chiến Thắng - Văn Miếu - Quốc Tử Giám,Chiến Thắng (VM-QTG),Văn Miếu - Quốc Tử Giám,,
Ngõ Chùa Mỹ Quang - Văn Miếu - Quốc Tử Giám,Chùa Mỹ Quang,Văn Miếu - Quốc Tử Giám,,
Ngõ Cống Trắng - Văn Miếu - Quốc Tử Giám,Cống Trắng,Văn Miếu - Quốc Tử Giám,,
Ngõ Đại Đồng - Văn Miếu - Quốc Tử Giám,Đại Đồng (VM-QTG),Văn Miếu - Quốc Tử Giám,,
Ngách 23 Ngõ Đoàn Kết - Văn Miếu - Quốc Tử Giám,Đoàn Kết,Văn Miếu - Quốc Tử Giám,,
Ngách 24 Ngõ Đoàn Kết - Văn Miếu - Quốc Tử Giám,Đoàn Kết,Văn Miếu - Quốc Tử Giám,,
Ngõ Đoàn Kết - Văn Miếu - Quốc Tử Giám,Đoàn Kết,Văn Miếu - Quốc Tử Giám,,
Ngõ Gia Tụ A - Văn Miếu - Quốc Tử Giám,Gia Tụ,Văn Miếu - Quốc Tử Giám,,
Ngõ Gia Tụ B - Văn Miếu - Quốc Tử Giám,Gia Tụ,Văn Miếu - Quốc Tử Giám,,
Ngõ Hồ Bãi Cát - Văn Miếu - Quốc Tử Giám,Hồ Bãi Cát,Văn Miếu - Quốc Tử Giám,,
Ngõ Hồ Cây Sữa - Văn Miếu - Quốc Tử Giám,Hồ Cây Sữa,Văn Miếu - Quốc Tử Giám,,
Ngõ Hồ Dài - Văn Miếu - Quốc Tử Giám,Hồ Dài,Văn Miếu - Quốc Tử Giám,,
Ngách 12 Ngõ Hoà Bình - Văn Miếu - Quốc Tử Giám,Hoà Bình (VM-QTG),Văn Miếu - Quốc Tử Giám,,
Ngách 15 Ngõ Hoà Bình - Văn Miếu - Quốc Tử Giám,Hoà Bình (VM-QTG),Văn Miếu - Quốc Tử Giám,,
Ngách 53 Ngõ Hoà Bình - Văn Miếu - Quốc Tử Giám,Hoà Bình (VM-QTG),Văn Miếu - Quốc Tử Giám,,
Ngách 59 Ngõ Hoà Bình - Văn Miếu - Quốc Tử Giám,Hoà Bình (VM-QTG),Văn Miếu - Quốc Tử Giám,,
Ngách 61 Ngõ Hoà Bình - Văn Miếu - Quốc Tử Giám,Hoà Bình (VM-QTG),Văn Miếu - Quốc Tử Giám,,
Ngõ Hoà Bình - Văn Miếu - Quốc Tử Giám,Hoà Bình (VM-QTG),Văn Miếu - Quốc Tử Giám,,
Ngách 41 Ngõ Hoàng An - Văn Miếu - Quốc Tử Giám,Hoàng An,Văn Miếu - Quốc Tử Giám,,
Ngách 51 Ngõ Hoàng An - Văn Miếu - Quốc Tử Giám,Hoàng An,Văn Miếu - Quốc Tử Giám,,
Ngõ 122 Ngõ Hoàng An - Văn Miếu - Quốc Tử Giám,Hoàng An,Văn Miếu - Quốc Tử Giám,,
Ngõ Hoàng An - Văn Miếu - Quốc Tử Giám,Hoàng An,Văn Miếu - Quốc Tử Giám,,
Ngõ Hoàng An A - Văn Miếu - Quốc Tử Giám,Hoàng An,Văn Miếu - Quốc Tử Giám,,
Ngách 1 Ngõ Khâm Đức - Văn Miếu - Quốc Tử Giám,Khâm Đức,Văn Miếu - Quốc Tử Giám,,
Ngách 21 Ngõ Khâm Đức - Văn Miếu - Quốc Tử Giám,Khâm Đức,Văn Miếu - Quốc Tử Giám,,
Ngách 32 Ngõ Khâm Đức - Văn Miếu - Quốc Tử Giám,Khâm Đức,Văn Miếu - Quốc Tử Giám,,
Ngách 37 Ngõ Khâm Đức - Văn Miếu - Quốc Tử Giám,Khâm Đức,Văn Miếu - Quốc Tử Giám,,
Ngách 46 Ngõ Khâm Đức - Văn Miếu - Quốc Tử Giám,Khâm Đức,Văn Miếu - Quốc Tử Giám,,
Ngách 55 Ngõ Khâm Đức - Văn Miếu - Quốc Tử Giám,Khâm Đức,Văn Miếu - Quốc Tử Giám,,
Ngách 66 Ngõ Khâm Đức - Văn Miếu - Quốc Tử Giám,Khâm Đức,Văn Miếu - Quốc Tử Giám,,
Ngõ Khâm Đức - Văn Miếu - Quốc Tử Giám,Khâm Đức,Văn Miếu - Quốc Tử Giám,,
Hẻm 100/25 Ngõ Chợ Khâm Thiên - Văn Miếu - Quốc Tử Giám,Khâm Thiên,Văn Miếu - Quốc Tử Giám,,
Hẻm 100/27 Ngõ Chợ Khâm Thiên - Văn Miếu - Quốc Tử Giám,Khâm Thiên,Văn Miếu - Quốc Tử Giám,,
Hẻm 100/59 Ngõ Chợ Khâm Thiên - Văn Miếu - Quốc Tử Giám,Khâm Thiên,Văn Miếu - Quốc Tử Giám,,
Hẻm 126/21 Ngõ Chợ Khâm Thiên - Văn Miếu - Quốc Tử Giám,Khâm Thiên,Văn Miếu - Quốc Tử Giám,,
Hẻm 138/11 Ngõ Chợ Khâm Thiên - Văn Miếu - Quốc Tử Giám,Khâm Thiên,Văn Miếu - Quốc Tử Giám,,
Hẻm 138/12 Ngõ Chợ Khâm Thiên - Văn Miếu - Quốc Tử Giám,Khâm Thiên,Văn Miếu - Quốc Tử Giám,,
Hẻm 138/24 Ngõ Chợ Khâm Thiên - Văn Miếu - Quốc Tử Giám,Khâm Thiên,Văn Miếu - Quốc Tử Giám,,
Hẻm 138/26 Ngõ Chợ Khâm Thiên - Văn Miếu - Quốc Tử Giám,Khâm Thiên,Văn Miếu - Quốc Tử Giám,,
Hẻm 138/30 Ngõ Chợ Khâm Thiên - Văn Miếu - Quốc Tử Giám,Khâm Thiên,Văn Miếu - Quốc Tử Giám,,
Hẻm 138/31 Ngõ Chợ Khâm Thiên - Văn Miếu - Quốc Tử Giám,Khâm Thiên,Văn Miếu - Quốc Tử Giám,,
Hẻm 138/40 Ngõ Chợ Khâm Thiên - Văn Miếu - Quốc Tử Giám,Khâm Thiên,Văn Miếu - Quốc Tử Giám,,
Hẻm 138/45 Ngõ Chợ Khâm Thiên - Văn Miếu - Quốc Tử Giám,Khâm Thiên,Văn Miếu - Quốc Tử Giám,,
Hẻm 138/5 Ngõ Chợ Khâm Thiên - Văn Miếu - Quốc Tử Giám,Khâm Thiên,Văn Miếu - Quốc Tử Giám,,
Hẻm 138/54 Ngõ Chợ Khâm Thiên - Văn Miếu - Quốc Tử Giám,Khâm Thiên,Văn Miếu - Quốc Tử Giám,,
Hẻm 138/60 Ngõ Chợ Khâm Thiên - Văn Miếu - Quốc Tử Giám,Khâm Thiên,Văn Miếu - Quốc Tử Giám,,
Hẻm 143/101 Ngõ Chợ Khâm Thiên - Văn Miếu - Quốc Tử Giám,Khâm Thiên,Văn Miếu - Quốc Tử Giám,,
Hẻm 143/31 Ngõ Chợ Khâm Thiên - Văn Miếu - Quốc Tử Giám,Khâm Thiên,Văn Miếu - Quốc Tử Giám,,
Hẻm 143/62 Ngõ Chợ Khâm Thiên - Văn Miếu - Quốc Tử Giám,Khâm Thiên,Văn Miếu - Quốc Tử Giám,,
Hẻm 143/64 Ngõ Chợ Khâm Thiên - Văn Miếu - Quốc Tử Giám,Khâm Thiên,Văn Miếu - Quốc Tử Giám,,
Hẻm 154/19 Ngõ Chợ Khâm Thiên - Văn Miếu - Quốc Tử Giám,Khâm Thiên,Văn Miếu - Quốc Tử Giám,,
Hẻm 154/20 Ngõ Chợ Khâm Thiên - Văn Miếu - Quốc Tử Giám,Khâm Thiên,Văn Miếu - Quốc Tử Giám,,
Hẻm 154/22 Ngõ Chợ Khâm Thiên - Văn Miếu - Quốc Tử Giám,Khâm Thiên,Văn Miếu - Quốc Tử Giám,,
Hẻm 154/24 Ngõ Chợ Khâm Thiên - Văn Miếu - Quốc Tử Giám,Khâm Thiên,Văn Miếu - Quốc Tử Giám,,
Hẻm 154/26 Ngõ Chợ Khâm Thiên - Văn Miếu - Quốc Tử Giám,Khâm Thiên,Văn Miếu - Quốc Tử Giám,,
Hẻm 154/31 Ngõ Chợ Khâm Thiên - Văn Miếu - Quốc Tử Giám,Khâm Thiên,Văn Miếu - Quốc Tử Giám,,
Hẻm 154/39 Ngõ Chợ Khâm Thiên - Văn Miếu - Quốc Tử Giám,Khâm Thiên,Văn Miếu - Quốc Tử Giám,,
Hẻm 165/85 Ngõ Chợ Khâm Thiên - Văn Miếu - Quốc Tử Giám,Khâm Thiên,Văn Miếu - Quốc Tử Giám,,
Hẻm 165/97 Ngõ Chợ Khâm Thiên - Văn Miếu - Quốc Tử Giám,Khâm Thiên,Văn Miếu - Quốc Tử Giám,,
Hẻm 178/71 Ngõ Chợ Khâm Thiên - Văn Miếu - Quốc Tử Giám,Khâm Thiên,Văn Miếu - Quốc Tử Giám,,
Hẻm 178/73 Ngõ Chợ Khâm Thiên - Văn Miếu - Quốc Tử Giám,Khâm Thiên,Văn Miếu - Quốc Tử Giám,,
Hẻm 178/80 Ngõ Chợ Khâm Thiên - Văn Miếu - Quốc Tử Giám,Khâm Thiên,Văn Miếu - Quốc Tử Giám,,
Hẻm 178/80/16 Ngõ Chợ Khâm Thiên - Văn Miếu - Quốc Tử Giám,Khâm Thiên,Văn Miếu - Quốc Tử Giám,,
Hẻm 178/80/24 Ngõ Chợ Khâm Thiên - Văn Miếu - Quốc Tử Giám,Khâm Thiên,Văn Miếu - Quốc Tử Giám,,
Hẻm 178/80/32 Ngõ Chợ Khâm Thiên - Văn Miếu - Quốc Tử Giám,Khâm Thiên,Văn Miếu - Quốc Tử Giám,,
Hẻm 178/80/36 Ngõ Chợ Khâm Thiên - Văn Miếu - Quốc Tử Giám,Khâm Thiên,Văn Miếu - Quốc Tử Giám,,
Hẻm 178/80/4 Ngõ Chợ Khâm Thiên - Văn Miếu - Quốc Tử Giám,Khâm Thiên,Văn Miếu - Quốc Tử Giám,,
Hẻm 218/89 Ngõ Chợ Khâm Thiên - Văn Miếu - Quốc Tử Giám,Khâm Thiên,Văn Miếu - Quốc Tử Giám,,
Hẻm 241/21 Ngõ Chợ Khâm Thiên - Văn Miếu - Quốc Tử Giám,Khâm Thiên,Văn Miếu - Quốc Tử Giám,,
Hẻm 241/36 Ngõ Chợ Khâm Thiên - Văn Miếu - Quốc Tử Giám,Khâm Thiên,Văn Miếu - Quốc Tử Giám,,
Hẻm 241/61 Ngõ Chợ Khâm Thiên - Văn Miếu - Quốc Tử Giám,Khâm Thiên,Văn Miếu - Quốc Tử Giám,,
Hẻm 241/86 Ngõ Chợ Khâm Thiên - Văn Miếu - Quốc Tử Giám,Khâm Thiên,Văn Miếu - Quốc Tử Giám,,
Hẻm 260/7 Ngõ Chợ Khâm Thiên - Văn Miếu - Quốc Tử Giám,Khâm Thiên,Văn Miếu - Quốc Tử Giám,,
Ngách 1/33 Phố Khâm Thiên - Văn Miếu - Quốc Tử Giám,Khâm Thiên,Văn Miếu - Quốc Tử Giám,,
Ngõ 1 Phố Khâm Thiên - Văn Miếu - Quốc Tử Giám,Khâm Thiên,Văn Miếu - Quốc Tử Giám,,
Ngõ 100 Ngõ Chợ Khâm Thiên - Văn Miếu - Quốc Tử Giám,Khâm Thiên,Văn Miếu - Quốc Tử Giám,,
Ngõ 126 Ngõ Chợ Khâm Thiên - Văn Miếu - Quốc Tử Giám,Khâm Thiên,Văn Miếu - Quốc Tử Giám,,
Ngõ 138 Ngõ Chợ Khâm Thiên - Văn Miếu - Quốc Tử Giám,Khâm Thiên,Văn Miếu - Quốc Tử Giám,,
Ngõ 143 Ngõ Chợ Khâm Thiên - Văn Miếu - Quốc Tử Giám,Khâm Thiên,Văn Miếu - Quốc Tử Giám,,
Ngõ 151 Phố Khâm Thiên - Văn Miếu - Quốc Tử Giám,Khâm Thiên,Văn Miếu - Quốc Tử Giám,,
Ngõ 154 Ngõ Chợ Khâm Thiên - Văn Miếu - Quốc Tử Giám,Khâm Thiên,Văn Miếu - Quốc Tử Giám,,
Ngõ 165 Ngõ Chợ Khâm Thiên - Văn Miếu - Quốc Tử Giám,Khâm Thiên,Văn Miếu - Quốc Tử Giám,,
Ngõ 176 Phố Khâm Thiên - Văn Miếu - Quốc Tử Giám,Khâm Thiên,Văn Miếu - Quốc Tử Giám,,
Ngõ 178 Ngõ Chợ Khâm Thiên - Văn Miếu - Quốc Tử Giám,Khâm Thiên,Văn Miếu - Quốc Tử Giám,,
Ngõ 191 Ngõ Chợ Khâm Thiên - Văn Miếu - Quốc Tử Giám,Khâm Thiên,Văn Miếu - Quốc Tử Giám,,
Ngõ 1B Phố Khâm Thiên - Văn Miếu - Quốc Tử Giám,Khâm Thiên,Văn Miếu - Quốc Tử Giám,,
Ngõ 218 Ngõ Chợ Khâm Thiên - Văn Miếu - Quốc Tử Giám,Khâm Thiên,Văn Miếu - Quốc Tử Giám,,
Ngõ 221 Phố Khâm Thiên - Văn Miếu - Quốc Tử Giám,Khâm Thiên,Văn Miếu - Quốc Tử Giám,,
Ngõ 234 Phố Khâm Thiên - Văn Miếu - Quốc Tử Giám,Khâm Thiên,Văn Miếu - Quốc Tử Giám,,
Ngõ 241 Ngõ Chợ Khâm Thiên - Văn Miếu - Quốc Tử Giám,Khâm Thiên,Văn Miếu - Quốc Tử Giám,,
Ngõ 241 Phố Khâm Thiên - Văn Miếu - Quốc Tử Giám,Khâm Thiên,Văn Miếu - Quốc Tử Giám,,
Ngõ 251 Phố Khâm Thiên - Văn Miếu - Quốc Tử Giám,Khâm Thiên,Văn Miếu - Quốc Tử Giám,,
Ngõ 252 Ngõ Chợ Khâm Thiên - Văn Miếu - Quốc Tử Giám,Khâm Thiên,Văn Miếu - Quốc Tử Giám,,
Ngõ 260 Ngõ Chợ Khâm Thiên - Văn Miếu - Quốc Tử Giám,Khâm Thiên,Văn Miếu - Quốc Tử Giám,,
Ngõ 261 Phố Khâm Thiên - Văn Miếu - Quốc Tử Giám,Khâm Thiên,Văn Miếu - Quốc Tử Giám,,
Ngõ 281 Ngõ Chợ Khâm Thiên - Văn Miếu - Quốc Tử Giám,Khâm Thiên,Văn Miếu - Quốc Tử Giám,,
Ngõ 290 Phố Khâm Thiên - Văn Miếu - Quốc Tử Giám,Khâm Thiên,Văn Miếu - Quốc Tử Giám,,
Ngõ 292 Ngõ Chợ Khâm Thiên - Văn Miếu - Quốc Tử Giám,Khâm Thiên,Văn Miếu - Quốc Tử Giám,,
Ngõ 295 Phố Khâm Thiên - Văn Miếu - Quốc Tử Giám,Khâm Thiên,Văn Miếu - Quốc Tử Giám,,
Ngõ 2B Phố Khâm Thiên - Văn Miếu - Quốc Tử Giám,Khâm Thiên,Văn Miếu - Quốc Tử Giám,,
Ngõ 73 Phố Khâm Thiên - Văn Miếu - Quốc Tử Giám,Khâm Thiên,Văn Miếu - Quốc Tử Giám,,
Ngõ 80 Ngõ Chợ Khâm Thiên - Văn Miếu - Quốc Tử Giám,Khâm Thiên,Văn Miếu - Quốc Tử Giám,,
Ngõ 98 Phố Khâm Thiên - Văn Miếu - Quốc Tử Giám,Khâm Thiên,Văn Miếu - Quốc Tử Giám,,
Ngõ Chợ Khâm Thiên - Văn Miếu - Quốc Tử Giám,Khâm Thiên,Văn Miếu - Quốc Tử Giám,,
Phố Khâm Thiên - Văn Miếu - Quốc Tử Giám,Khâm Thiên,Văn Miếu - Quốc Tử Giám,,
Ngách 1 Ngõ Kiến Thiết - Văn Miếu - Quốc Tử Giám,Kiến Thiết (VM-QTG),Văn Miếu - Quốc Tử Giám,,
Ngách 2 Ngõ Kiến Thiết - Văn Miếu - Quốc Tử Giám,Kiến Thiết (VM-QTG),Văn Miếu - Quốc Tử Giám,,
Ngõ Kiến Thiết - Văn Miếu - Quốc Tử Giám,Kiến Thiết (VM-QTG),Văn Miếu - Quốc Tử Giám,"Ngõ Kiến Thiết được đặt tên năm 1964, trước đó gọi là ngõ Nam Thái vì trong ngõ có xưởng Nam Thái là xưởng gò hàng kim khí, nổi tiếng với đèn dầu hoả bằng đồng.",
Hẻm 180/17/12 Phố Kim Hoa - Văn Miếu - Quốc Tử Giám,Kim Hoa,Văn Miếu - Quốc Tử Giám,,
Ngách 180/17 Phố Kim Hoa - Văn Miếu - Quốc Tử Giám,Kim Hoa,Văn Miếu - Quốc Tử Giám,,
Ngõ 110 Phố Kim Hoa - Văn Miếu - Quốc Tử Giám,Kim Hoa,Văn Miếu - Quốc Tử Giám,,
Ngõ 116 Phố Kim Hoa - Văn Miếu - Quốc Tử Giám,Kim Hoa,Văn Miếu - Quốc Tử Giám,,
Ngõ 126 Phố Kim Hoa - Văn Miếu - Quốc Tử Giám,Kim Hoa,Văn Miếu - Quốc Tử Giám,,
Ngõ 138 Phố Kim Hoa - Văn Miếu - Quốc Tử Giám,Kim Hoa,Văn Miếu - Quốc Tử Giám,,
Ngõ 150 Phố Kim Hoa - Văn Miếu - Quốc Tử Giám,Kim Hoa,Văn Miếu - Quốc Tử Giám,,
Ngõ 178 Phố Kim Hoa - Văn Miếu - Quốc Tử Giám,Kim Hoa,Văn Miếu - Quốc Tử Giám,,
Ngõ 180 Phố Kim Hoa - Văn Miếu - Quốc Tử Giám,Kim Hoa,Văn Miếu - Quốc Tử Giám,,
Ngõ 188 Phố Kim Hoa - Văn Miếu - Quốc Tử Giám,Kim Hoa,Văn Miếu - Quốc Tử Giám,,
Ngõ 50 Phố Kim Hoa - Văn Miếu - Quốc Tử Giám,Kim Hoa,Văn Miếu - Quốc Tử Giám,,
Ngõ 78 Phố Kim Hoa - Văn Miếu - Quốc Tử Giám,Kim Hoa,Văn Miếu - Quốc Tử Giám,,
Ngõ 88 Phố Kim Hoa - Văn Miếu - Quốc Tử Giám,Kim Hoa,Văn Miếu - Quốc Tử Giám,,
Phố Kim Hoa - Văn Miếu - Quốc Tử Giám,Kim Hoa,Văn Miếu - Quốc Tử Giám,Phố Kim Hoa hiện nay là một phần của Đê La Thành cổ.,
Đường Đê La Thành - Văn Miếu - Quốc Tử Giám,La Thành,Văn Miếu - Quốc Tử Giám,,
Ngách 164/14 Đường Đê La Thành - Văn Miếu - Quốc Tử Giám,La Thành,Văn Miếu - Quốc Tử Giám,,
Ngách 216/1 Đường Đê La Thành - Văn Miếu - Quốc Tử Giám,La Thành,Văn Miếu - Quốc Tử Giám,,
Ngách 216/19 Đường La Thành - Văn Miếu - Quốc Tử Giám,La Thành,Văn Miếu - Quốc Tử Giám,,
Ngách 216/8 Đường Đê La Thành - Văn Miếu - Quốc Tử Giám,La Thành,Văn Miếu - Quốc Tử Giám,,
Ngõ 10 Đường Đê La Thành - Văn Miếu - Quốc Tử Giám,La Thành,Văn Miếu - Quốc Tử Giám,,
Ngõ 104 Đường Đê La Thành - Văn Miếu - Quốc Tử Giám,La Thành,Văn Miếu - Quốc Tử Giám,,
Ngõ 112 Đường Đê La Thành - Văn Miếu - Quốc Tử Giám,La Thành,Văn Miếu - Quốc Tử Giám,,
Ngõ 12 Đường Đê La Thành - Văn Miếu - Quốc Tử Giám,La Thành,Văn Miếu - Quốc Tử Giám,,
Ngõ 126 Đường Đê La Thành - Văn Miếu - Quốc Tử Giám,La Thành,Văn Miếu - Quốc Tử Giám,,
Ngõ 126 Đường La Thành - Văn Miếu - Quốc Tử Giám,La Thành,Văn Miếu - Quốc Tử Giám,,
Ngõ 164 Đường Đê La Thành - Văn Miếu - Quốc Tử Giám,La Thành,Văn Miếu - Quốc Tử Giám,,
Ngõ 172 Đường Đê La Thành - Văn Miếu - Quốc Tử Giám,La Thành,Văn Miếu - Quốc Tử Giám,,
Ngõ 172 Đường La Thành - Văn Miếu - Quốc Tử Giám,La Thành,Văn Miếu - Quốc Tử Giám,,
Ngõ 216 Đường Đê La Thành - Văn Miếu - Quốc Tử Giám,La Thành,Văn Miếu - Quốc Tử Giám,"Ngõ có tên khác là ngõ Quan Trạm. Quan Trạm là tên một thôn thuộc tổng Hạ, huyện Vĩnh Thuận. Tới giữa thế kỷ XIX, thôn này hợp với Quan Thổ thành thôn mới là Thổ Quan, thuộc tổng Yên Hoà, huyện Thọ Xương. Sau khi hợp nhất, thôn Quan Trạm trở thành giáp Quan Trạm. Thời tạm chiếm, một số cha cố ở nhà thờ Nam Đồng đã xây một số dãy nhà ở ngõ này cho con chiên thuê, nên có tên khác là ngõ Trại Công Giáo",
Ngõ 246 Đường Đê La Thành - Văn Miếu - Quốc Tử Giám,La Thành,Văn Miếu - Quốc Tử Giám,,
Ngõ 256 Đường Đê La Thành - Văn Miếu - Quốc Tử Giám,La Thành,Văn Miếu - Quốc Tử Giám,,
Ngõ 264 Đường Đê La Thành - Văn Miếu - Quốc Tử Giám,La Thành,Văn Miếu - Quốc Tử Giám,,
Ngõ 266 Đường Đê La Thành - Văn Miếu - Quốc Tử Giám,La Thành,Văn Miếu - Quốc Tử Giám,,
Ngõ 268 Đường Đê La Thành - Văn Miếu - Quốc Tử Giám,La Thành,Văn Miếu - Quốc Tử Giám,,
Ngõ 278 Đường La Thành - Văn Miếu - Quốc Tử Giám,La Thành,Văn Miếu - Quốc Tử Giám,,
Ngõ 28 Đường Đê La Thành - Văn Miếu - Quốc Tử Giám,La Thành,Văn Miếu - Quốc Tử Giám,,
Ngõ 28 Đường La Thành - Văn Miếu - Quốc Tử Giám,La Thành,Văn Miếu - Quốc Tử Giám,,
Ngõ 298 Đường Đê La Thành - Văn Miếu - Quốc Tử Giám,La Thành,Văn Miếu - Quốc Tử Giám,,
Ngõ 314 Đường Đê La Thành - Văn Miếu - Quốc Tử Giám,La Thành,Văn Miếu - Quốc Tử Giám,,
Ngõ 316 Đường Đê La Thành - Văn Miếu - Quốc Tử Giám,La Thành,Văn Miếu - Quốc Tử Giám,,
Ngõ 316 Đường La Thành - Văn Miếu - Quốc Tử Giám,La Thành,Văn Miếu - Quốc Tử Giám,,
Ngõ 324 Đường Đê La Thành - Văn Miếu - Quốc Tử Giám,La Thành,Văn Miếu - Quốc Tử Giám,,
Ngõ 350 Đường Đê La Thành - Văn Miếu - Quốc Tử Giám,La Thành,Văn Miếu - Quốc Tử Giám,,
Ngõ 36 Đường Đê La Thành - Văn Miếu - Quốc Tử Giám,La Thành,Văn Miếu - Quốc Tử Giám,,
Ngõ 6 Đường Đê La Thành - Văn Miếu - Quốc Tử Giám,La Thành,Văn Miếu - Quốc Tử Giám,,
Ngõ 66 Đường Đê La Thành - Văn Miếu - Quốc Tử Giám,La Thành,Văn Miếu - Quốc Tử Giám,,
Ngõ 84 Đường Đê La Thành - Văn Miếu - Quốc Tử Giám,La Thành,Văn Miếu - Quốc Tử Giám,,
Ngõ 96 Đường Đê La Thành - Văn Miếu - Quốc Tử Giám,La Thành,Văn Miếu - Quốc Tử Giám,,
Ngõ Lan Bá - Văn Miếu - Quốc Tử Giám,Lan Bá,Văn Miếu - Quốc Tử Giám,,
Đường Lê Duẩn - Văn Miếu - Quốc Tử Giám,Lê Duẩn,Văn Miếu - Quốc Tử Giám,,
Ngách 378/17 Đường Lê Duẩn - Văn Miếu - Quốc Tử Giám,Lê Duẩn,Văn Miếu - Quốc Tử Giám,,
Ngách 378/47 Đường Lê Duẩn - Văn Miếu - Quốc Tử Giám,Lê Duẩn,Văn Miếu - Quốc Tử Giám,,
Ngõ 222 Đường Lê Duẩn - Văn Miếu - Quốc Tử Giám,Lê Duẩn,Văn Miếu - Quốc Tử Giám,,
Ngõ 304 Đường Lê Duẩn - Văn Miếu - Quốc Tử Giám,Lê Duẩn,Văn Miếu - Quốc Tử Giám,,
Ngõ 354 Đường Lê Duẩn - Văn Miếu - Quốc Tử Giám,Lê Duẩn,Văn Miếu - Quốc Tử Giám,,
Ngõ 370 Đường Lê Duẩn - Văn Miếu - Quốc Tử Giám,Lê Duẩn,Văn Miếu - Quốc Tử Giám,,
Ngõ 378 Đường Lê Duẩn - Văn Miếu - Quốc Tử Giám,Lê Duẩn,Văn Miếu - Quốc Tử Giám,,
Ngõ 442 Đường Lê Duẩn - Văn Miếu - Quốc Tử Giám,Lê Duẩn,Văn Miếu - Quốc Tử Giám,,
Ngõ Lệnh Cư - Văn Miếu - Quốc Tử Giám,Lệnh Cư,Văn Miếu - Quốc Tử Giám,,
Hẻm 46/38 Ngõ Linh Quang - Văn Miếu - Quốc Tử Giám,Linh Quang,Văn Miếu - Quốc Tử Giám,,
Hẻm 51/89 Ngõ Linh Quang - Văn Miếu - Quốc Tử Giám,Linh Quang,Văn Miếu - Quốc Tử Giám,,
Hẻm 51/92 Ngõ Linh Quang - Văn Miếu - Quốc Tử Giám,Linh Quang,Văn Miếu - Quốc Tử Giám,,
Ngách 101 Ngõ Linh Quang - Văn Miếu - Quốc Tử Giám,Linh Quang,Văn Miếu - Quốc Tử Giám,,
Ngách 24 Ngõ Linh Quang - Văn Miếu - Quốc Tử Giám,Linh Quang,Văn Miếu - Quốc Tử Giám,,
Ngách 35 Ngõ Linh Quang - Văn Miếu - Quốc Tử Giám,Linh Quang,Văn Miếu - Quốc Tử Giám,,
Ngách 36 Ngõ Linh Quang - Văn Miếu - Quốc Tử Giám,Linh Quang,Văn Miếu - Quốc Tử Giám,,
Ngách 46 Ngõ Linh Quang - Văn Miếu - Quốc Tử Giám,Linh Quang,Văn Miếu - Quốc Tử Giám,,
Ngách 48 Ngõ Linh Quang - Văn Miếu - Quốc Tử Giám,Linh Quang,Văn Miếu - Quốc Tử Giám,,
Ngách 49 Ngõ Linh Quang - Văn Miếu - Quốc Tử Giám,Linh Quang,Văn Miếu - Quốc Tử Giám,,
Ngách 51 Ngõ Linh Quang - Văn Miếu - Quốc Tử Giám,Linh Quang,Văn Miếu - Quốc Tử Giám,,
Ngách 55 Linh Quang - Văn Miếu - Quốc Tử Giám,Linh Quang,Văn Miếu - Quốc Tử Giám,,
Ngách 59 Ngõ Linh Quang - Văn Miếu - Quốc Tử Giám,Linh Quang,Văn Miếu - Quốc Tử Giám,,
Ngách 6 Ngõ Linh Quang A - Văn Miếu - Quốc Tử Giám,Linh Quang,Văn Miếu - Quốc Tử Giám,,
Ngách 70 Ngõ Linh Quang - Văn Miếu - Quốc Tử Giám,Linh Quang,Văn Miếu - Quốc Tử Giám,,
Ngách 91 Ngõ Linh Quang - Văn Miếu - Quốc Tử Giám,Linh Quang,Văn Miếu - Quốc Tử Giám,,
Ngách 94 Ngõ Linh Quang - Văn Miếu - Quốc Tử Giám,Linh Quang,Văn Miếu - Quốc Tử Giám,,
Ngõ Linh Quang - Văn Miếu - Quốc Tử Giám,Linh Quang,Văn Miếu - Quốc Tử Giám,,
Ngõ Linh Quang A - Văn Miếu - Quốc Tử Giám,Linh Quang,Văn Miếu - Quốc Tử Giám,,
Ngõ Linh Quang B - Văn Miếu - Quốc Tử Giám,Linh Quang,Văn Miếu - Quốc Tử Giám,,
Phố Hồ Linh Quang - Văn Miếu - Quốc Tử Giám,Linh Quang,Văn Miếu - Quốc Tử Giám,,
Ngách 62 Ngõ Lương Sử C - Văn Miếu - Quốc Tử Giám,Lương Sử,Văn Miếu - Quốc Tử Giám,,
Ngách 68 Ngõ Lương Sử C - Văn Miếu - Quốc Tử Giám,Lương Sử,Văn Miếu - Quốc Tử Giám,,
Ngõ Lương Sử A - Văn Miếu - Quốc Tử Giám,Lương Sử,Văn Miếu - Quốc Tử Giám,,
Ngõ Lương Sử B - Văn Miếu - Quốc Tử Giám,Lương Sử,Văn Miếu - Quốc Tử Giám,,
Ngõ Lương Sử C - Văn Miếu - Quốc Tử Giám,Lương Sử,Văn Miếu - Quốc Tử Giám,,
Ngõ Miếu Chợ - Văn Miếu - Quốc Tử Giám,Miếu Chợ,Văn Miếu - Quốc Tử Giám,,
Ngõ Nam Lai - Văn Miếu - Quốc Tử Giám,Nam Lai,Văn Miếu - Quốc Tử Giám,,
Ngõ 34 Phố Ngô Sĩ Liên - Văn Miếu - Quốc Tử Giám,Ngô Sĩ Liên,Văn Miếu - Quốc Tử Giám,,
Ngõ Ngô Sĩ Liên - Văn Miếu - Quốc Tử Giám,Ngô Sĩ Liên,Văn Miếu - Quốc Tử Giám,,
Phố Ngô Sĩ Liên - Văn Miếu - Quốc Tử Giám,Ngô Sĩ Liên,Văn Miếu - Quốc Tử Giám,,
Phố Ngô Tất Tố - Văn Miếu - Quốc Tử Giám,Ngô Tất Tố,Văn Miếu - Quốc Tử Giám,,
Ngõ 115 Phố Nguyễn Khuyến - Văn Miếu - Quốc Tử Giám,Nguyễn Khuyến,Văn Miếu - Quốc Tử Giám,,
Phố Nguyễn Khuyến - Văn Miếu - Quốc Tử Giám,Nguyễn Khuyến,Văn Miếu - Quốc Tử Giám,"Phố có tên cũ là Sinh Từ, do trước đây có sinh từ (đền thờ người còn sống) của Nguyễn Hữu Độ, nay đã bị phá.",
Ngõ 35 Phố Nguyễn Như Đổ - Văn Miếu - Quốc Tử Giám,Nguyễn Như Đổ,Văn Miếu - Quốc Tử Giám,,
Phố Nguyễn Như Đổ - Văn Miếu - Quốc Tử Giám,Nguyễn Như Đổ,Văn Miếu - Quốc Tử Giám,,
Ngõ 109 Phố Ô Đồng Lầm - Văn Miếu - Quốc Tử Giám,Ô Đồng Lầm,Văn Miếu - Quốc Tử Giám,,
Ngõ 63 Phố Ô Đồng Lầm - Văn Miếu - Quốc Tử Giám,Ô Đồng Lầm,Văn Miếu - Quốc Tử Giám,,
Ngõ 65 Phố Ô Đồng Lầm - Văn Miếu - Quốc Tử Giám,Ô Đồng Lầm,Văn Miếu - Quốc Tử Giám,,
Phố Ô Đồng Lầm - Văn Miếu - Quốc Tử Giám,Ô Đồng Lầm,Văn Miếu - Quốc Tử Giám,,
Ngõ Phổ Giác - Văn Miếu - Quốc Tử Giám,Phổ Giác,Văn Miếu - Quốc Tử Giám,,
Ngõ 21 Phố Quốc Tử Giám - Văn Miếu - Quốc Tử Giám,Quốc Tử Giám,Văn Miếu - Quốc Tử Giám,,
Ngõ 25 Quốc Tử Giám - Văn Miếu - Quốc Tử Giám,Quốc Tử Giám,Văn Miếu - Quốc Tử Giám,,
Ngõ 65 Quốc Tử Giám - Văn Miếu - Quốc Tử Giám,Quốc Tử Giám,Văn Miếu - Quốc Tử Giám,,
Phố Quốc Tử Giám - Văn Miếu - Quốc Tử Giám,Quốc Tử Giám,Văn Miếu - Quốc Tử Giám,,
Ngõ Sân Quần - Văn Miếu - Quốc Tử Giám,Sân Quần,Văn Miếu - Quốc Tử Giám,,
Ngõ Thanh Miến - Văn Miếu - Quốc Tử Giám,Thanh Miến,Văn Miếu - Quốc Tử Giám,,
Ngách 65 Ngõ Thiên Hùng - Văn Miếu - Quốc Tử Giám,Thiên Hùng,Văn Miếu - Quốc Tử Giám,,
Ngõ Thiên Hùng - Văn Miếu - Quốc Tử Giám,Thiên Hùng,Văn Miếu - Quốc Tử Giám,,
Hẻm 79/8 Ngõ Thổ Quan - Văn Miếu - Quốc Tử Giám,Thổ Quan,Văn Miếu - Quốc Tử Giám,,
Ngách 107 Ngõ Thổ Quan - Văn Miếu - Quốc Tử Giám,Thổ Quan,Văn Miếu - Quốc Tử Giám,,
Ngách 15 Ngõ Thổ Quan - Văn Miếu - Quốc Tử Giám,Thổ Quan,Văn Miếu - Quốc Tử Giám,,
Ngách 24 Ngõ Thổ Quan - Văn Miếu - Quốc Tử Giám,Thổ Quan,Văn Miếu - Quốc Tử Giám,,
Ngách 25 Ngõ Thổ Quan - Văn Miếu - Quốc Tử Giám,Thổ Quan,Văn Miếu - Quốc Tử Giám,,
Ngách 35 Ngõ Thổ Quan - Văn Miếu - Quốc Tử Giám,Thổ Quan,Văn Miếu - Quốc Tử Giám,,
Ngõ Thổ Quan - Văn Miếu - Quốc Tử Giám,Thổ Quan,Văn Miếu - Quốc Tử Giám,"Ngõ Thổ Quan có tên cũ là ngõ Trại Khách, do khoảng những năm 1920 có một nhà buôn người Hoa (người Hoa hay được gọi là Khách, vì là khách ở trên đất Việt Nam) đã tậu 4 mẫu ruộng ở xóm Đình để xây biệt thự, trang trại, có hồ nước, nhà thuỷ tạ, vườn hoa cây cảnh, chuồng nuôi thú.",
Ngách 30 Ngõ Thông Phong - Văn Miếu - Quốc Tử Giám,Thông Phong,Văn Miếu - Quốc Tử Giám,,
Ngõ Thông Phong - Văn Miếu - Quốc Tử Giám,Thông Phong,Văn Miếu - Quốc Tử Giám,,
Ngách 49 Ngõ Tiến Bộ - Văn Miếu - Quốc Tử Giám,Tiến Bộ,Văn Miếu - Quốc Tử Giám,,
Ngách 55 Ngõ Tiến Bộ - Văn Miếu - Quốc Tử Giám,Tiến Bộ,Văn Miếu - Quốc Tử Giám,,
Ngõ Tiến Bộ - Văn Miếu - Quốc Tử Giám,Tiến Bộ,Văn Miếu - Quốc Tử Giám,,
Ngách 10 Ngõ Tô Tiền - Văn Miếu - Quốc Tử Giám,Tô Tiền,Văn Miếu - Quốc Tử Giám,,
Ngách 15 Ngõ Tô Tiền - Văn Miếu - Quốc Tử Giám,Tô Tiền,Văn Miếu - Quốc Tử Giám,,
Ngách 2 Ngõ Tô Tiền - Văn Miếu - Quốc Tử Giám,Tô Tiền,Văn Miếu - Quốc Tử Giám,,
Ngách 23 Ngõ Tô Tiền - Văn Miếu - Quốc Tử Giám,Tô Tiền,Văn Miếu - Quốc Tử Giám,,
Ngách 25 Ngõ Tô Tiền - Văn Miếu - Quốc Tử Giám,Tô Tiền,Văn Miếu - Quốc Tử Giám,,
Ngách 4 Ngõ Tô Tiền - Văn Miếu - Quốc Tử Giám,Tô Tiền,Văn Miếu - Quốc Tử Giám,,
Ngách 8 Ngõ Tô Tiền - Văn Miếu - Quốc Tử Giám,Tô Tiền,Văn Miếu - Quốc Tử Giám,,
Ngách 9 Ngõ Tô Tiền - Văn Miếu - Quốc Tử Giám,Tô Tiền,Văn Miếu - Quốc Tử Giám,,
Ngõ Tô Tiền - Văn Miếu - Quốc Tử Giám,Tô Tiền,Văn Miếu - Quốc Tử Giám,,
Ngách 221/56 Phố Tôn Đức Thắng - Văn Miếu - Quốc Tử Giám,Tôn Đức Thắng,Văn Miếu - Quốc Tử Giám,,
Ngách 221/58 Phố Tôn Đức Thắng - Văn Miếu - Quốc Tử Giám,Tôn Đức Thắng,Văn Miếu - Quốc Tử Giám,,
Ngách 221/60 Phố Tôn Đức Thắng - Văn Miếu - Quốc Tử Giám,Tôn Đức Thắng,Văn Miếu - Quốc Tử Giám,,
Ngõ 221 Phố Tôn Đức Thắng - Văn Miếu - Quốc Tử Giám,Tôn Đức Thắng,Văn Miếu - Quốc Tử Giám,,
Phố Tôn Đức Thắng - Văn Miếu - Quốc Tử Giám,Tôn Đức Thắng,Văn Miếu - Quốc Tử Giám,,
Ngách 88/4 Phố Trần Quý Cáp - Văn Miếu - Quốc Tử Giám,Trần Quý Cáp,Văn Miếu - Quốc Tử Giám,,
Ngõ 26B Trần Quý Cáp - Văn Miếu - Quốc Tử Giám,Trần Quý Cáp,Văn Miếu - Quốc Tử Giám,,
Ngõ 62 Trần Quý Cáp - Văn Miếu - Quốc Tử Giám,Trần Quý Cáp,Văn Miếu - Quốc Tử Giám,,
Ngõ 80 Trần Quý Cáp - Văn Miếu - Quốc Tử Giám,Trần Quý Cáp,Văn Miếu - Quốc Tử Giám,,
Ngõ 86 Trần Quý Cáp - Văn Miếu - Quốc Tử Giám,Trần Quý Cáp,Văn Miếu - Quốc Tử Giám,,
Ngõ 88 Trần Quý Cáp - Văn Miếu - Quốc Tử Giám,Trần Quý Cáp,Văn Miếu - Quốc Tử Giám,,
Phố Trần Quý Cáp - Văn Miếu - Quốc Tử Giám,Trần Quý Cáp,Văn Miếu - Quốc Tử Giám,,
Phố Trung Phụng - Văn Miếu - Quốc Tử Giám,Trung Phụng,Văn Miếu - Quốc Tử Giám,,
Ngách 22 Ngõ Trung Tả - Văn Miếu - Quốc Tử Giám,Trung Tả,Văn Miếu - Quốc Tử Giám,,
Ngõ Trung Tả - Văn Miếu - Quốc Tử Giám,Trung Tả,Văn Miếu - Quốc Tử Giám,,
Ngõ Trung Tiền - Văn Miếu - Quốc Tử Giám,Trung Tiền,Văn Miếu - Quốc Tử Giám,,
Ngõ Đền Tương Thuận - Văn Miếu - Quốc Tử Giám,Tương Thuận,Văn Miếu - Quốc Tử Giám,,
Ngõ Đình Tương Thuận - Văn Miếu - Quốc Tử Giám,Tương Thuận,Văn Miếu - Quốc Tử Giám,,
Ngách 128 Ngõ Văn Chương - Văn Miếu - Quốc Tử Giám,Văn Chương,Văn Miếu - Quốc Tử Giám,,
Ngách 275 Ngõ Văn Chương - Văn Miếu - Quốc Tử Giám,Văn Chương,Văn Miếu - Quốc Tử Giám,,
Ngách 33 Ngõ Văn Chương 2 - Văn Miếu - Quốc Tử Giám,Văn Chương,Văn Miếu - Quốc Tử Giám,,
Ngõ Văn Chương - Văn Miếu - Quốc Tử Giám,Văn Chương,Văn Miếu - Quốc Tử Giám,,
Ngõ Văn Chương 2 - Văn Miếu - Quốc Tử Giám,Văn Chương,Văn Miếu - Quốc Tử Giám,,
Phố Hồ Văn Chương - Văn Miếu - Quốc Tử Giám,Văn Chương,Văn Miếu - Quốc Tử Giám,,
Hẻm 28/21 Ngõ Văn Hương - Văn Miếu - Quốc Tử Giám,Văn Hương,Văn Miếu - Quốc Tử Giám,,
Ngách 28 Ngõ Văn Hương - Văn Miếu - Quốc Tử Giám,Văn Hương,Văn Miếu - Quốc Tử Giám,,
Ngách 30 Ngõ Văn Hương - Văn Miếu - Quốc Tử Giám,Văn Hương,Văn Miếu - Quốc Tử Giám,,
Ngách 87 Ngõ Văn Hương - Văn Miếu - Quốc Tử Giám,Văn Hương,Văn Miếu - Quốc Tử Giám,,
Ngách 93 Ngõ Văn Hương - Văn Miếu - Quốc Tử Giám,Văn Hương,Văn Miếu - Quốc Tử Giám,,
Phố Văn Miếu - Văn Miếu - Quốc Tử Giám,Văn Miếu,Văn Miếu - Quốc Tử Giám,,
Ngõ Vạn Ứng - Văn Miếu - Quốc Tử Giám,Vạn Ứng,Văn Miếu - Quốc Tử Giám,,
Ngõ 198 Xã Đàn - Văn Miếu - Quốc Tử Giám,Xã Đàn,Văn Miếu - Quốc Tử Giám,,
Ngõ 242 Phố Xã Đàn - Văn Miếu - Quốc Tử Giám,Xã Đàn,Văn Miếu - Quốc Tử Giám,,
Ngõ 510 Phố Xã Đàn - Văn Miếu - Quốc Tử Giám,Xã Đàn,Văn Miếu - Quốc Tử Giám,,
Ngõ 514 Phố Xã Đàn - Văn Miếu - Quốc Tử Giám,Xã Đàn,Văn Miếu - Quốc Tử Giám,,
Phố Xã Đàn - Văn Miếu - Quốc Tử Giám,Xã Đàn,Văn Miếu - Quốc Tử Giám,,
Phố Y Miếu - Văn Miếu - Quốc Tử Giám,Y Miếu,Văn Miếu - Quốc Tử Giám,,
Ngõ 4B Phố Yên Thế - Văn Miếu - Quốc Tử Giám,Yên Thế,Văn Miếu - Quốc Tử Giám,,
Ngõ Yên Thế - Văn Miếu - Quốc Tử Giám,Yên Thế,Văn Miếu - Quốc Tử Giám,,
Phố Yên Thế - Văn Miếu - Quốc Tử Giám,Yên Thế,Văn Miếu - Quốc Tử Giám,,
"Phố Tôn Đức Thắng - Văn Miếu - Quốc Tử Giám, Đống Đa",Tôn Đức Thắng,"Văn Miếu - Quốc Tử Giám, Đống Đa",,
"Phố Cát Linh - Văn Miếu - Quốc Tử Giám, Ô Chợ Dừa",Cát Linh,"Văn Miếu - Quốc Tử Giám, Ô Chợ Dừa",,
"Phố Hàng Cháo - Văn Miếu - Quốc Tử Giám, Ô Chợ Dừa",Hàng Cháo,"Văn Miếu - Quốc Tử Giám, Ô Chợ Dừa",,
"Phố Hồ Giám - Văn Miếu - Quốc Tử Giám, Ô Chợ Dừa",Hồ Giám,"Văn Miếu - Quốc Tử Giám, Ô Chợ Dừa",,
"Ngõ Huy Văn - Văn Miếu - Quốc Tử Giám, Ô Chợ Dừa",Huy Văn,"Văn Miếu - Quốc Tử Giám, Ô Chợ Dừa",,
"Phố Khâm Thiên - Văn Miếu - Quốc Tử Giám, Ô Chợ Dừa",Khâm Thiên,"Văn Miếu - Quốc Tử Giám, Ô Chợ Dừa",,
"Đường Đê La Thành - Văn Miếu - Quốc Tử Giám, Ô Chợ Dừa",La Thành,"Văn Miếu - Quốc Tử Giám, Ô Chợ Dừa",,
"Đường La Thành - Văn Miếu - Quốc Tử Giám, Ô Chợ Dừa",La Thành,"Văn Miếu - Quốc Tử Giám, Ô Chợ Dừa",,
"Phố Phan Văn Trị - Văn Miếu - Quốc Tử Giám, Ô Chợ Dừa",Phan Văn Trị,"Văn Miếu - Quốc Tử Giám, Ô Chợ Dừa",,
"Ngõ Thông Phong - Văn Miếu - Quốc Tử Giám, Ô Chợ Dừa",Thông Phong,"Văn Miếu - Quốc Tử Giám, Ô Chợ Dừa",,
"Ngõ 107A Tôn Đức Thắng - Văn Miếu - Quốc Tử Giám, Ô Chợ Dừa",Tôn Đức Thắng,"Văn Miếu - Quốc Tử Giám, Ô Chợ Dừa",,
"Ngõ 163 Phố Tôn Đức Thắng - Văn Miếu - Quốc Tử Giám, Ô Chợ Dừa",Tôn Đức Thắng,"Văn Miếu - Quốc Tử Giám, Ô Chợ Dừa",,
"Ngõ 277 Phố Tôn Đức Thắng - Văn Miếu - Quốc Tử Giám, Ô Chợ Dừa",Tôn Đức Thắng,"Văn Miếu - Quốc Tử Giám, Ô Chợ Dừa",,
"Ngõ 61 Phố Tôn Đức Thắng - Văn Miếu - Quốc Tử Giám, Ô Chợ Dừa",Tôn Đức Thắng,"Văn Miếu - Quốc Tử Giám, Ô Chợ Dừa",,
"Ngõ 83 Tôn Đức Thắng - Văn Miếu - Quốc Tử Giám, Ô Chợ Dừa",Tôn Đức Thắng,"Văn Miếu - Quốc Tử Giám, Ô Chợ Dừa",,
"Phố Tôn Đức Thắng - Văn Miếu - Quốc Tử Giám, Ô Chợ Dừa",Tôn Đức Thắng,"Văn Miếu - Quốc Tử Giám, Ô Chợ Dừa",,
"Ngõ Văn Chương - Văn Miếu - Quốc Tử Giám, Ô Chợ Dừa",Văn Chương,"Văn Miếu - Quốc Tử Giám, Ô Chợ Dừa",,
"Ngõ Văn Hương - Văn Miếu - Quốc Tử Giám, Ô Chợ Dừa",Văn Hương,"Văn Miếu - Quốc Tử Giám, Ô Chợ Dừa",,
"Phố Xã Đàn - Văn Miếu - Quốc Tử Giám, Ô Chợ Dừa",Xã Đàn,"Văn Miếu - Quốc Tử Giám, Ô Chợ Dừa",,
Ngách 38/1 Phố Bùi Thiện Ngộ - Việt Hưng,Bùi Thiện Ngộ,Việt Hưng,,
Ngách 69/2 Phố Bùi Thiện Ngộ - Việt Hưng,Bùi Thiện Ngộ,Việt Hưng,,
Ngách 69/20 Phố Bùi Thiện Ngộ - Việt Hưng,Bùi Thiện Ngộ,Việt Hưng,,
Ngõ 1 Phố Bùi Thiện Ngộ - Việt Hưng,Bùi Thiện Ngộ,Việt Hưng,,
Ngõ 21 Phố Bùi Thiện Ngộ - Việt Hưng,Bùi Thiện Ngộ,Việt Hưng,,
Ngõ 22 Phố Bùi Thiện Ngộ - Việt Hưng,Bùi Thiện Ngộ,Việt Hưng,,
Ngõ 25 Phố Bùi Thiện Ngộ - Việt Hưng,Bùi Thiện Ngộ,Việt Hưng,,
Ngõ 30 Phố Bùi Thiện Ngộ - Việt Hưng,Bùi Thiện Ngộ,Việt Hưng,,
Ngõ 37 Phố Bùi Thiện Ngộ - Việt Hưng,Bùi Thiện Ngộ,Việt Hưng,,
Ngõ 38 Phố Bùi Thiện Ngộ - Việt Hưng,Bùi Thiện Ngộ,Việt Hưng,,
Ngõ 5 Phố Bùi Thiện Ngộ - Việt Hưng,Bùi Thiện Ngộ,Việt Hưng,,
Ngõ 77 Phố Bùi Thiện Ngộ - Việt Hưng,Bùi Thiện Ngộ,Việt Hưng,,
Phố Bùi Thiện Ngộ - Việt Hưng,Bùi Thiện Ngộ,Việt Hưng,,
Ngách 39/29 Phố Đặng Vũ Hỷ - Việt Hưng,Đặng Vũ Hỷ,Việt Hưng,,
Ngách 39/81 Phố Đặng Vũ Hỷ - Việt Hưng,Đặng Vũ Hỷ,Việt Hưng,,
Ngách 7/32 Phố Đặng Vũ Hỷ - Việt Hưng,Đặng Vũ Hỷ,Việt Hưng,,
Ngõ 2 Phố Đặng Vũ Hỷ - Việt Hưng,Đặng Vũ Hỷ,Việt Hưng,,
Ngõ 22 Phố Đặng Vũ Hỷ - Việt Hưng,Đặng Vũ Hỷ,Việt Hưng,,
Ngõ 31 Phố Đặng Vũ Hỷ - Việt Hưng,Đặng Vũ Hỷ,Việt Hưng,,
Ngõ 37 Phố Đặng Vũ Hỷ - Việt Hưng,Đặng Vũ Hỷ,Việt Hưng,,
Ngõ 39 Phố Đặng Vũ Hỷ - Việt Hưng,Đặng Vũ Hỷ,Việt Hưng,,
Ngõ 7 Phố Đặng Vũ Hỷ - Việt Hưng,Đặng Vũ Hỷ,Việt Hưng,,
Ngõ 8 Phố Đặng Vũ Hỷ - Việt Hưng,Đặng Vũ Hỷ,Việt Hưng,,
Phố Đặng Vũ Hỷ - Việt Hưng,Đặng Vũ Hỷ,Việt Hưng,,
Ngõ 19 Phố Đào Đình Luyện - Việt Hưng,Đào Đình Luyện,Việt Hưng,,TRUE
Ngõ 35 Phố Đào Đình Luyện - Việt Hưng,Đào Đình Luyện,Việt Hưng,,TRUE
Ngõ 85 Phố Đào Đình Luyện - Việt Hưng,Đào Đình Luyện,Việt Hưng,,TRUE
Phố Đào Đình Luyện - Việt Hưng,Đào Đình Luyện,Việt Hưng,,TRUE
Ngõ 4 Phố Đào Hinh - Việt Hưng,Đào Hinh,Việt Hưng,,
Phố Đào Hinh - Việt Hưng,Đào Hinh,Việt Hưng,,
Ngách 1/2 Phố Đào Thế Tuấn - Việt Hưng,Đào Thế Tuấn,Việt Hưng,,
Ngõ 1 Phố Đào Thế Tuấn - Việt Hưng,Đào Thế Tuấn,Việt Hưng,,
Ngõ 10 Phố Đào Thế Tuấn - Việt Hưng,Đào Thế Tuấn,Việt Hưng,,
Ngõ 23 Phố Đào Thế Tuấn - Việt Hưng,Đào Thế Tuấn,Việt Hưng,,
Phố Đào Thế Tuấn - Việt Hưng,Đào Thế Tuấn,Việt Hưng,,
Phố Đào Văn Tập - Việt Hưng,Đào Văn Tập,Việt Hưng,,
Phố Đoàn Khuê - Việt Hưng,Đoàn Khuê,Việt Hưng,,
Phố Đoàn Văn Minh - Việt Hưng,Đoàn Văn Minh,Việt Hưng,,
Đường Đồng Thanh - Việt Hưng,Đồng Thanh,Việt Hưng,,
Cầu Đông Trù - Việt Hưng,Đông Trù,Việt Hưng,,
Hẻm 210/32/15 Phố Đức Giang - Việt Hưng,Đức Giang,Việt Hưng,,
Hẻm 210/35/16 Phố Đức Giang - Việt Hưng,Đức Giang,Việt Hưng,,
Hẻm 44/23/2 Phố Đức Giang - Việt Hưng,Đức Giang,Việt Hưng,,
Hẻm 44/23/2/1 Phố Đức Giang - Việt Hưng,Đức Giang,Việt Hưng,,
Hẻm 44/58/11 Phố Đức Giang - Việt Hưng,Đức Giang,Việt Hưng,,
Hẻm 44/58/16 Phố Đức Giang - Việt Hưng,Đức Giang,Việt Hưng,,
Hẻm 44/58/17 Phố Đức Giang - Việt Hưng,Đức Giang,Việt Hưng,,
Hẻm 44/58/21 Phố Đức Giang - Việt Hưng,Đức Giang,Việt Hưng,,
Hẻm 44/58/29 Phố Đức Giang - Việt Hưng,Đức Giang,Việt Hưng,,
Hẻm 44/58/34 Phố Đức Giang - Việt Hưng,Đức Giang,Việt Hưng,,
Hẻm 44/58/36 Phố Đức Giang - Việt Hưng,Đức Giang,Việt Hưng,,
Hẻm 44/58/37 Phố Đức Giang - Việt Hưng,Đức Giang,Việt Hưng,,
Hẻm 44/58/39 Phố Đức Giang - Việt Hưng,Đức Giang,Việt Hưng,,
Hẻm 44/58/41 Phố Đức Giang - Việt Hưng,Đức Giang,Việt Hưng,,
Hẻm 44/58/42 Phố Đức Giang - Việt Hưng,Đức Giang,Việt Hưng,,
Hẻm 44/58/6 Phố Đức Giang - Việt Hưng,Đức Giang,Việt Hưng,,
Hẻm 44/58/63 Phố Đức Giang - Việt Hưng,Đức Giang,Việt Hưng,,
Hẻm 44/58/9 Phố Đức Giang - Việt Hưng,Đức Giang,Việt Hưng,,
Hẻm 53/103/25 Phố Đức Giang - Việt Hưng,Đức Giang,Việt Hưng,,
Hẻm 53/81/3 Phố Đức Giang - Việt Hưng,Đức Giang,Việt Hưng,,
Hẻm 53/81/30 Phố Đức Giang - Việt Hưng,Đức Giang,Việt Hưng,,
Hẻm 99/1/2 Phố Đức Giang - Việt Hưng,Đức Giang,Việt Hưng,,
Hẻm 99/1/4 Phố Đức Giang - Việt Hưng,Đức Giang,Việt Hưng,,
Hẻm 99/1/6 Phố Đức Giang - Việt Hưng,Đức Giang,Việt Hưng,,
Hẻm 99/47/14 Phố Đức Giang - Việt Hưng,Đức Giang,Việt Hưng,,
Hẻm 99/47/28 Phố Đức Giang - Việt Hưng,Đức Giang,Việt Hưng,,
Hẻm 99/47/4 Phố Đức Giang - Việt Hưng,Đức Giang,Việt Hưng,,
Hẻm 99/47/40 Phố Đức Giang - Việt Hưng,Đức Giang,Việt Hưng,,
Hẻm 99/47/6 Phố Đức Giang - Việt Hưng,Đức Giang,Việt Hưng,,
Ngách 157/10 Phố Đức Giang - Việt Hưng,Đức Giang,Việt Hưng,,
Ngách 157/16 Phố Đức Giang - Việt Hưng,Đức Giang,Việt Hưng,,
Ngách 157/2 Phố Đức Giang - Việt Hưng,Đức Giang,Việt Hưng,,
Ngách 157/6 Phố Đức Giang - Việt Hưng,Đức Giang,Việt Hưng,,
Ngách 44/23 Phố Đức Giang - Việt Hưng,Đức Giang,Việt Hưng,,
Ngách 44/46 Phố Đức Giang - Việt Hưng,Đức Giang,Việt Hưng,,
Ngách 44/58 Phố Đức Giang - Việt Hưng,Đức Giang,Việt Hưng,,
Ngách 49/1 Phố Đức Giang - Việt Hưng,Đức Giang,Việt Hưng,,
Ngách 49/4 Phố Đức Giang - Việt Hưng,Đức Giang,Việt Hưng,,
Ngách 53/103 Phố Đức Giang - Việt Hưng,Đức Giang,Việt Hưng,,
Ngách 53/49 Phố Đức Giang - Việt Hưng,Đức Giang,Việt Hưng,,
Ngách 97/17 Phố Đức Giang - Việt Hưng,Đức Giang,Việt Hưng,,
Ngách 97/23 Phố Đức Giang - Việt Hưng,Đức Giang,Việt Hưng,,
Ngách 97/27 Phố Đức Giang - Việt Hưng,Đức Giang,Việt Hưng,,
Ngách 97/31 Phố Đức Giang - Việt Hưng,Đức Giang,Việt Hưng,,
Ngách 97/79 Phố Đức Giang - Việt Hưng,Đức Giang,Việt Hưng,,
Ngách 99/47 Phố Đức Giang - Việt Hưng,Đức Giang,Việt Hưng,,
Ngách 99/85 Phố Đức Giang - Việt Hưng,Đức Giang,Việt Hưng,,
Ngõ 104 Phố Đức Giang - Việt Hưng,Đức Giang,Việt Hưng,,
Ngõ 135 Phố Đức Giang - Việt Hưng,Đức Giang,Việt Hưng,,
Ngõ 155 Phố Đức Giang - Việt Hưng,Đức Giang,Việt Hưng,,
Ngõ 157 Phố Đức Giang - Việt Hưng,Đức Giang,Việt Hưng,,
Ngõ 191 Phố Đức Giang - Việt Hưng,Đức Giang,Việt Hưng,,
Ngõ 192 Phố Đức Giang - Việt Hưng,Đức Giang,Việt Hưng,,
Ngõ 210 Phố Đức Giang - Việt Hưng,Đức Giang,Việt Hưng,,
Ngõ 230 Phố Đức Giang - Việt Hưng,Đức Giang,Việt Hưng,,
Ngõ 27 Phố Đức Giang - Việt Hưng,Đức Giang,Việt Hưng,,
Ngõ 36 Phố Đức Giang - Việt Hưng,Đức Giang,Việt Hưng,,
Ngõ 40 Phố Đức Giang - Việt Hưng,Đức Giang,Việt Hưng,,
Ngõ 42 Phố Đức Giang - Việt Hưng,Đức Giang,Việt Hưng,,
Ngõ 44 Phố Đức Giang - Việt Hưng,Đức Giang,Việt Hưng,,
Ngõ 47 Phố Đức Giang - Việt Hưng,Đức Giang,Việt Hưng,,
Ngõ 49 Phố Đức Giang - Việt Hưng,Đức Giang,Việt Hưng,,
Ngõ 53 Phố Đức Giang - Việt Hưng,Đức Giang,Việt Hưng,,
Ngõ 53/81 Phố Đức Giang - Việt Hưng,Đức Giang,Việt Hưng,,
Ngõ 55 Phố Đức Giang - Việt Hưng,Đức Giang,Việt Hưng,,
Ngõ 59 Phố Đức Giang - Việt Hưng,Đức Giang,Việt Hưng,,
Ngõ 6 Phố Đức Giang - Việt Hưng,Đức Giang,Việt Hưng,,
Ngõ 66 Phố Đức Giang - Việt Hưng,Đức Giang,Việt Hưng,,
Ngõ 67 Phố Đức Giang - Việt Hưng,Đức Giang,Việt Hưng,,
Ngõ 68 Phố Đức Giang - Việt Hưng,Đức Giang,Việt Hưng,,
Ngõ 69 Phố Đức Giang - Việt Hưng,Đức Giang,Việt Hưng,,
Ngõ 81 Phố Đức Giang - Việt Hưng,Đức Giang,Việt Hưng,,
Ngõ 87 Phố Đức Giang - Việt Hưng,Đức Giang,Việt Hưng,,
Ngõ 97 Phố Đức Giang - Việt Hưng,Đức Giang,Việt Hưng,,
Ngõ 99 Phố Đức Giang - Việt Hưng,Đức Giang,Việt Hưng,,
Phố Đức Giang - Việt Hưng,Đức Giang,Việt Hưng,,
Đường Gia Thượng - Việt Hưng,Gia Thượng,Việt Hưng,,
Hẻm 97/1/2 Đường Gia Thượng - Việt Hưng,Gia Thượng,Việt Hưng,,
Ngách 101/1 Đường Gia Thượng - Việt Hưng,Gia Thượng,Việt Hưng,,
Ngách 97/1 Đường Gia Thượng - Việt Hưng,Gia Thượng,Việt Hưng,,
Ngách 97/105 Đường Gia Thượng - Việt Hưng,Gia Thượng,Việt Hưng,,
Ngách 97/18 Đường Gia Thượng - Việt Hưng,Gia Thượng,Việt Hưng,,
Ngách 97/54 Đường Gia Thượng - Việt Hưng,Gia Thượng,Việt Hưng,,
Ngách 97/58 Đường Gia Thượng - Việt Hưng,Gia Thượng,Việt Hưng,,
Ngách 97/72 Đường Gia Thượng - Việt Hưng,Gia Thượng,Việt Hưng,,
Ngách 97/78 Đường Gia Thượng - Việt Hưng,Gia Thượng,Việt Hưng,,
Ngách 97/86 Đường Gia Thượng - Việt Hưng,Gia Thượng,Việt Hưng,,
Ngách 97/97 Đường Gia Thượng - Việt Hưng,Gia Thượng,Việt Hưng,,
Ngách 99/2 Đường Gia Thượng - Việt Hưng,Gia Thượng,Việt Hưng,,
Ngách 99/28 Đường Gia Thượng - Việt Hưng,Gia Thượng,Việt Hưng,,
Ngõ 101 Đường Gia Thượng - Việt Hưng,Gia Thượng,Việt Hưng,,
Ngõ 51 Đường Gia Thượng - Việt Hưng,Gia Thượng,Việt Hưng,,
Ngõ 95 Đường Gia Thượng - Việt Hưng,Gia Thượng,Việt Hưng,,
Ngõ 97 Đường Gia Thượng - Việt Hưng,Gia Thượng,Việt Hưng,,
Ngõ 99 Đường Gia Thượng - Việt Hưng,Gia Thượng,Việt Hưng,,
Ngách 51/18 Phố Giang Biên - Việt Hưng,Giang Biên,Việt Hưng,,
Ngách 51/35 Phố Giang Biên - Việt Hưng,Giang Biên,Việt Hưng,,
Ngách 63/25 Phố Giang Biên - Việt Hưng,Giang Biên,Việt Hưng,,
Ngõ 2 Phố Giang Biên - Việt Hưng,Giang Biên,Việt Hưng,,
Ngõ 21 Phố Giang Biên - Việt Hưng,Giang Biên,Việt Hưng,,
Ngõ 33 Phố Giang Biên - Việt Hưng,Giang Biên,Việt Hưng,,
Ngõ 40 Phố Giang Biên - Việt Hưng,Giang Biên,Việt Hưng,,
Ngõ 51 Phố Giang Biên - Việt Hưng,Giang Biên,Việt Hưng,,
Ngõ 63 Phố Giang Biên - Việt Hưng,Giang Biên,Việt Hưng,,
Ngõ 8 Phố Giang Biên - Việt Hưng,Giang Biên,Việt Hưng,,
Ngõ 83 Phố Giang Biên - Việt Hưng,Giang Biên,Việt Hưng,,
Phố Giang Biên - Việt Hưng,Giang Biên,Việt Hưng,,
Hẻm 80/76/1 Phố Hoa Lâm - Việt Hưng,Hoa Lâm,Việt Hưng,,
Ngách 139/51 Phố Hoa Lâm - Việt Hưng,Hoa Lâm,Việt Hưng,,
Ngách 139/64 Phố Hoa Lâm - Việt Hưng,Hoa Lâm,Việt Hưng,,
Ngách 161/10 Phố Hoa Lâm - Việt Hưng,Hoa Lâm,Việt Hưng,,
Ngách 161/11 Phố Hoa Lâm - Việt Hưng,Hoa Lâm,Việt Hưng,,
Ngách 161/21 Phố Hoa Lâm - Việt Hưng,Hoa Lâm,Việt Hưng,,
Ngách 161/22 Phố Hoa Lâm - Việt Hưng,Hoa Lâm,Việt Hưng,,
Ngách 161/39 Phố Hoa Lâm - Việt Hưng,Hoa Lâm,Việt Hưng,,
Ngách 161/42 Phố Hoa Lâm - Việt Hưng,Hoa Lâm,Việt Hưng,,
Ngách 161/64 Phố Hoa Lâm - Việt Hưng,Hoa Lâm,Việt Hưng,,
Ngách 161/70 Phố Hoa Lâm - Việt Hưng,Hoa Lâm,Việt Hưng,,
Ngách 76/1 Phố Hoa Lâm - Việt Hưng,Hoa Lâm,Việt Hưng,,
Ngách 80/14 Phố Hoa Lâm - Việt Hưng,Hoa Lâm,Việt Hưng,,
Ngách 80/20 Phố Hoa Lâm - Việt Hưng,Hoa Lâm,Việt Hưng,,
Ngách 80/27 Phố Hoa Lâm - Việt Hưng,Hoa Lâm,Việt Hưng,,
Ngõ 101 Phố Hoa Lâm - Việt Hưng,Hoa Lâm,Việt Hưng,,
Ngõ 121 Phố Hoa Lâm - Việt Hưng,Hoa Lâm,Việt Hưng,,
Ngõ 139 Phố Hoa Lâm - Việt Hưng,Hoa Lâm,Việt Hưng,,
Ngõ 161 Phố Hoa Lâm - Việt Hưng,Hoa Lâm,Việt Hưng,,
Ngõ 191 Phố Hoa Lâm - Việt Hưng,Hoa Lâm,Việt Hưng,,
Ngõ 211 Phố Hoa Lâm - Việt Hưng,Hoa Lâm,Việt Hưng,,
Ngõ 215 Phố Hoa Lâm - Việt Hưng,Hoa Lâm,Việt Hưng,,
Ngõ 25 Phố Hoa Lâm - Việt Hưng,Hoa Lâm,Việt Hưng,,
Ngõ 30 Phố Hoa Lâm - Việt Hưng,Hoa Lâm,Việt Hưng,,
Ngõ 45 Phố Hoa Lâm - Việt Hưng,Hoa Lâm,Việt Hưng,,
Ngõ 56 Phố Hoa Lâm - Việt Hưng,Hoa Lâm,Việt Hưng,,
Ngõ 60 Phố Hoa Lâm - Việt Hưng,Hoa Lâm,Việt Hưng,,
Ngõ 73 Phố Hoa Lâm - Việt Hưng,Hoa Lâm,Việt Hưng,,
Ngõ 76 Phố Hoa Lâm - Việt Hưng,Hoa Lâm,Việt Hưng,,
Ngõ 80 Phố Hoa Lâm - Việt Hưng,Hoa Lâm,Việt Hưng,,
Ngõ 91 Phố Hoa Lâm - Việt Hưng,Hoa Lâm,Việt Hưng,,
Phố Hoa Lâm - Việt Hưng,Hoa Lâm,Việt Hưng,,
Hẻm 1/38/16 Phố Kẻ Tạnh - Việt Hưng,Kẻ Tạnh,Việt Hưng,,
Ngách 1/10 Phố Kẻ Tạnh - Việt Hưng,Kẻ Tạnh,Việt Hưng,,
Ngách 1/38 Phố Kẻ Tạnh - Việt Hưng,Kẻ Tạnh,Việt Hưng,,
Ngõ 1 Phố Kẻ Tạnh - Việt Hưng,Kẻ Tạnh,Việt Hưng,,
Ngõ 106 Phố Kẻ Tạnh - Việt Hưng,Kẻ Tạnh,Việt Hưng,,
Ngõ 14 Phố Kẻ Tạnh - Việt Hưng,Kẻ Tạnh,Việt Hưng,,
Ngõ 22 Phố Kẻ Tạnh - Việt Hưng,Kẻ Tạnh,Việt Hưng,,
Ngõ 30 Phố Kẻ Tạnh - Việt Hưng,Kẻ Tạnh,Việt Hưng,,
Ngõ 40 Phố Kẻ Tạnh - Việt Hưng,Kẻ Tạnh,Việt Hưng,,
Ngõ 65 Phố Kẻ Tạnh - Việt Hưng,Kẻ Tạnh,Việt Hưng,,
Ngõ 83 Phố Kẻ Tạnh - Việt Hưng,Kẻ Tạnh,Việt Hưng,,
Ngõ 95 Phố Kẻ Tạnh - Việt Hưng,Kẻ Tạnh,Việt Hưng,,
Phố Kẻ Tạnh - Việt Hưng,Kẻ Tạnh,Việt Hưng,,
Ngách 22/17 Phố Kim Quan - Việt Hưng,Kim Quan,Việt Hưng,,
Ngách 22/18 Phố Kim Quan - Việt Hưng,Kim Quan,Việt Hưng,,
Ngách 22/2 Phố Kim Quan - Việt Hưng,Kim Quan,Việt Hưng,,
Ngách 22/26 Phố Kim Quan - Việt Hưng,Kim Quan,Việt Hưng,,
Ngách 22/34 Phố Kim Quan - Việt Hưng,Kim Quan,Việt Hưng,,
Ngách 22/46 Phố Kim Quan - Việt Hưng,Kim Quan,Việt Hưng,,
Ngách 22/53 Phố Kim Quan - Việt Hưng,Kim Quan,Việt Hưng,,
Ngách 22/57 Phố Kim Quan - Việt Hưng,Kim Quan,Việt Hưng,,
Ngách 22/58 Phố Kim Quan - Việt Hưng,Kim Quan,Việt Hưng,,
Ngách 22/59 Phố Kim Quan - Việt Hưng,Kim Quan,Việt Hưng,,
Ngách 22/66 Phố Kim Quan - Việt Hưng,Kim Quan,Việt Hưng,,
Ngách 22/70 Phố Kim Quan - Việt Hưng,Kim Quan,Việt Hưng,,
Ngách 22/72 Phố Kim Quan - Việt Hưng,Kim Quan,Việt Hưng,,
Ngách 22/86 Phố Kim Quan - Việt Hưng,Kim Quan,Việt Hưng,,
Ngách 22/88 Phố Kim Quan - Việt Hưng,Kim Quan,Việt Hưng,,
Ngách 22/94 Phố Kim Quan - Việt Hưng,Kim Quan,Việt Hưng,,
Ngõ 22 Phố Kim Quan - Việt Hưng,Kim Quan,Việt Hưng,,
Phố Kim Quan - Việt Hưng,Kim Quan,Việt Hưng,,
Ngách 10/3 Phố Kim Quan Thượng - Việt Hưng,Kim Quan Thượng,Việt Hưng,,
Ngách 10/6 Phố Kim Quan Thượng - Việt Hưng,Kim Quan Thượng,Việt Hưng,,
Ngách 54/24 Phố Kim Quan Thượng - Việt Hưng,Kim Quan Thượng,Việt Hưng,,
Ngõ 10 Phố Kim Quan Thượng - Việt Hưng,Kim Quan Thượng,Việt Hưng,,
Ngõ 103 Phố Kim Quan Thượng - Việt Hưng,Kim Quan Thượng,Việt Hưng,,
Ngõ 113 Phố Kim Quan Thượng - Việt Hưng,Kim Quan Thượng,Việt Hưng,,
Ngõ 121 Phố Kim Quan Thượng - Việt Hưng,Kim Quan Thượng,Việt Hưng,,
Ngõ 129 Phố Kim Quan Thượng - Việt Hưng,Kim Quan Thượng,Việt Hưng,,
Ngõ 141 Phố Kim Quan Thượng - Việt Hưng,Kim Quan Thượng,Việt Hưng,,
Ngõ 38 Phố Kim Quan Thượng - Việt Hưng,Kim Quan Thượng,Việt Hưng,,
Ngõ 4 Phố Kim Quan Thượng - Việt Hưng,Kim Quan Thượng,Việt Hưng,,
Ngõ 54 Phố Kim Quan Thượng - Việt Hưng,Kim Quan Thượng,Việt Hưng,,
Ngõ 56 Phố Kim Quan Thượng - Việt Hưng,Kim Quan Thượng,Việt Hưng,,
Ngõ 89 Phố Kim Quan Thượng - Việt Hưng,Kim Quan Thượng,Việt Hưng,,
Phố Kim Quan Thượng - Việt Hưng,Kim Quan Thượng,Việt Hưng,,
Ngõ 108 Phố Lệ Mật - Việt Hưng,Lệ Mật,Việt Hưng,,
Ngõ 126 Phố Lệ Mật - Việt Hưng,Lệ Mật,Việt Hưng,,
Ngõ 140 Phố Lệ Mật - Việt Hưng,Lệ Mật,Việt Hưng,,
Ngõ 142 Phố Lệ Mật - Việt Hưng,Lệ Mật,Việt Hưng,,
Ngõ 151 Phố Lệ Mật - Việt Hưng,Lệ Mật,Việt Hưng,,
Ngõ 164 Phố Lệ Mật - Việt Hưng,Lệ Mật,Việt Hưng,,
Ngõ 184 Phố Lệ Mật - Việt Hưng,Lệ Mật,Việt Hưng,,
Ngõ 25 Phố Lệ Mật - Việt Hưng,Lệ Mật,Việt Hưng,,
Ngõ 3 Phố Lệ Mật - Việt Hưng,Lệ Mật,Việt Hưng,,
Ngõ 32 Phố Lệ Mật - Việt Hưng,Lệ Mật,Việt Hưng,,
Ngõ 35 Phố Lệ Mật - Việt Hưng,Lệ Mật,Việt Hưng,,
Ngõ 45 Phố Lệ Mật - Việt Hưng,Lệ Mật,Việt Hưng,,
Ngõ 61 Phố Lệ Mật - Việt Hưng,Lệ Mật,Việt Hưng,,
Ngõ 81 Phố Lệ Mật - Việt Hưng,Lệ Mật,Việt Hưng,,
Ngõ 82 Phố Lệ Mật - Việt Hưng,Lệ Mật,Việt Hưng,,
Ngõ 89 Phố Lệ Mật - Việt Hưng,Lệ Mật,Việt Hưng,,
Phố Lệ Mật - Việt Hưng,Lệ Mật,Việt Hưng,,
Phố Lưu Khánh Đàm - Việt Hưng,Lưu Khánh Đàm,Việt Hưng,,
Đường Lý Sơn - Việt Hưng,Lý Sơn,Việt Hưng,,
Ngõ 26 Đường Lý Sơn - Việt Hưng,Lý Sơn,Việt Hưng,,
Ngõ 30 Đường Lý Sơn - Việt Hưng,Lý Sơn,Việt Hưng,,
Ngõ 38 Đường Lý Sơn - Việt Hưng,Lý Sơn,Việt Hưng,,
Ngõ 4 Đường Lý Sơn - Việt Hưng,Lý Sơn,Việt Hưng,,
Phố Mai Chí Thọ - Việt Hưng,Mai Chí Thọ,Việt Hưng,,
Đường Nam Đuống - Việt Hưng,Nam Đuống,Việt Hưng,,
Ngõ 122 Đường Nam Đuống - Việt Hưng,Nam Đuống,Việt Hưng,,
Ngõ 142 Đường Nam Đuống - Việt Hưng,Nam Đuống,Việt Hưng,,
Ngõ 172 Đường Nam Đuống - Việt Hưng,Nam Đuống,Việt Hưng,,
Ngõ 2 Đường Nam Đuống - Việt Hưng,Nam Đuống,Việt Hưng,,
Ngõ 54 Đường Nam Đuống - Việt Hưng,Nam Đuống,Việt Hưng,,
Đường Ngô Gia Tự - Việt Hưng,Ngô Gia Tự,Việt Hưng,,
Hẻm 422/11/11 Đường Ngô Gia Tự - Việt Hưng,Ngô Gia Tự,Việt Hưng,,
Hẻm 422/11/20 Phố Ngô Gia Tự - Việt Hưng,Ngô Gia Tự,Việt Hưng,,
Hẻm 422/11/26 Đường Ngô Gia Tự - Việt Hưng,Ngô Gia Tự,Việt Hưng,,
Hẻm 422/11/3 Đường Ngô Gia Tự - Việt Hưng,Ngô Gia Tự,Việt Hưng,,
Hẻm 422/11/31 Đường Ngô Gia Tự - Việt Hưng,Ngô Gia Tự,Việt Hưng,,
Hẻm 422/11/8 Đường Ngô Gia Tự - Việt Hưng,Ngô Gia Tự,Việt Hưng,,
Hẻm 422/14/10 Đường Ngô Gia Tự - Việt Hưng,Ngô Gia Tự,Việt Hưng,,
Hẻm 422/14/12A Đường Ngô Gia Tự - Việt Hưng,Ngô Gia Tự,Việt Hưng,,
Hẻm 422/14/16 Đường Ngô Gia Tự - Việt Hưng,Ngô Gia Tự,Việt Hưng,,
Hẻm 422/14/20 Đường Ngô Gia Tự - Việt Hưng,Ngô Gia Tự,Việt Hưng,,
Hẻm 422/14/4 Đường Ngô Gia Tự - Việt Hưng,Ngô Gia Tự,Việt Hưng,,
Hẻm 422/14/8 Phố Ngô Gia Tự - Việt Hưng,Ngô Gia Tự,Việt Hưng,,
Hẻm 422/30/4 Đường Ngô Gia Tự - Việt Hưng,Ngô Gia Tự,Việt Hưng,,
Hẻm 486/14/10 Đường Ngô Gia Tự - Việt Hưng,Ngô Gia Tự,Việt Hưng,,
Hẻm 638/1/28 Đường Ngô Gia Tự - Việt Hưng,Ngô Gia Tự,Việt Hưng,,
Hẻm 638/25/23 Đường Ngô Gia Tự - Việt Hưng,Ngô Gia Tự,Việt Hưng,,
Hẻm 638/50/3 Đường Ngô Gia Tự - Việt Hưng,Ngô Gia Tự,Việt Hưng,,
Hẻm 638/61/2 Đường Ngô Gia Tự - Việt Hưng,Ngô Gia Tự,Việt Hưng,,
Hẻm 638/61/6 Đường Ngô Gia Tự - Việt Hưng,Ngô Gia Tự,Việt Hưng,,
Ngách 105/2 Đường Ngô Gia Tự - Việt Hưng,Ngô Gia Tự,Việt Hưng,,
Ngách 332/18 Đường Ngô Gia Tự - Việt Hưng,Ngô Gia Tự,Việt Hưng,,
Ngách 422/11 Đường Ngô Gia Tự - Việt Hưng,Ngô Gia Tự,Việt Hưng,,
Ngách 422/14 Đường Ngô Gia Tự - Việt Hưng,Ngô Gia Tự,Việt Hưng,,
Ngách 422/20 Đường Ngô Gia Tự - Việt Hưng,Ngô Gia Tự,Việt Hưng,,
Ngách 466/41 Đường Ngô Gia Tự - Việt Hưng,Ngô Gia Tự,Việt Hưng,,
Ngách 466/49 Đường Ngô Gia Tự - Việt Hưng,Ngô Gia Tự,Việt Hưng,,
Ngách 466/65 Đường Ngô Gia Tự - Việt Hưng,Ngô Gia Tự,Việt Hưng,,
Ngách 466/67 Đường Ngô Gia Tự - Việt Hưng,Ngô Gia Tự,Việt Hưng,,
Ngách 466/71 Đường Ngô Gia Tự - Việt Hưng,Ngô Gia Tự,Việt Hưng,,
Ngách 466/73 Đường Ngô Gia Tự - Việt Hưng,Ngô Gia Tự,Việt Hưng,,
Ngách 466/79 Đường Ngô Gia Tự - Việt Hưng,Ngô Gia Tự,Việt Hưng,,
Ngách 466/8 Đường Ngô Gia Tự - Việt Hưng,Ngô Gia Tự,Việt Hưng,,
Ngách 466/80 Đường Ngô Gia Tự - Việt Hưng,Ngô Gia Tự,Việt Hưng,,
Ngách 466/81 Đường Ngô Gia Tự - Việt Hưng,Ngô Gia Tự,Việt Hưng,,
Ngách 466/82 Đường Ngô Gia Tự - Việt Hưng,Ngô Gia Tự,Việt Hưng,,
Ngách 466/85 Đường Ngô Gia Tự - Việt Hưng,Ngô Gia Tự,Việt Hưng,,
Ngách 466/87 Đường Ngô Gia Tự - Việt Hưng,Ngô Gia Tự,Việt Hưng,,
Ngách 466/9 Đường Ngô Gia Tự - Việt Hưng,Ngô Gia Tự,Việt Hưng,,
Ngách 466/91 Đường Ngô Gia Tự - Việt Hưng,Ngô Gia Tự,Việt Hưng,,
Ngách 466/93 Đường Ngô Gia Tự - Việt Hưng,Ngô Gia Tự,Việt Hưng,,
Ngách 466/94 Đường Ngô Gia Tự - Việt Hưng,Ngô Gia Tự,Việt Hưng,,
Ngách 466/95 Đường Ngô Gia Tự - Việt Hưng,Ngô Gia Tự,Việt Hưng,,
Ngách 466/99 Đường Ngô Gia Tự - Việt Hưng,Ngô Gia Tự,Việt Hưng,,
Ngách 48/67 Đường Ngô Gia Tự - Việt Hưng,Ngô Gia Tự,Việt Hưng,,
Ngách 548/1 Đường Ngô Gia Tự - Việt Hưng,Ngô Gia Tự,Việt Hưng,,
Ngách 638/1 Đường Ngô Gia Tự - Việt Hưng,Ngô Gia Tự,Việt Hưng,,
Ngách 638/10 Đường Ngô Gia Tự - Việt Hưng,Ngô Gia Tự,Việt Hưng,,
Ngách 638/118 Đường Ngô Gia Tự - Việt Hưng,Ngô Gia Tự,Việt Hưng,,
Ngách 638/162 Đường Ngô Gia Tự - Việt Hưng,Ngô Gia Tự,Việt Hưng,,
Ngách 638/25 Đường Ngô Gia Tự - Việt Hưng,Ngô Gia Tự,Việt Hưng,,
Ngách 638/27 Đường Ngô Gia Tự - Việt Hưng,Ngô Gia Tự,Việt Hưng,,
Ngách 638/37 Đường Ngô Gia Tự - Việt Hưng,Ngô Gia Tự,Việt Hưng,,
Ngách 638/39 Đường Ngô Gia Tự - Việt Hưng,Ngô Gia Tự,Việt Hưng,,
Ngách 638/43 Đường Ngô Gia Tự - Việt Hưng,Ngô Gia Tự,Việt Hưng,,
Ngách 638/44 Đường Ngô Gia Tự - Việt Hưng,Ngô Gia Tự,Việt Hưng,,
Ngách 638/45 Đường Ngô Gia Tự - Việt Hưng,Ngô Gia Tự,Việt Hưng,,
Ngách 638/46 Đường Ngô Gia Tự - Việt Hưng,Ngô Gia Tự,Việt Hưng,,
Ngách 638/47 Đường Ngô Gia Tự - Việt Hưng,Ngô Gia Tự,Việt Hưng,,
Ngách 638/48 Đường Ngô Gia Tự - Việt Hưng,Ngô Gia Tự,Việt Hưng,,
Ngách 638/50 Đường Ngô Gia Tự - Việt Hưng,Ngô Gia Tự,Việt Hưng,,
Ngách 638/60 Đường Ngô Gia Tự - Việt Hưng,Ngô Gia Tự,Việt Hưng,,
Ngách 638/61 Đường Ngô Gia Tự - Việt Hưng,Ngô Gia Tự,Việt Hưng,,
Ngách 638/63 Đường Ngô Gia Tự - Việt Hưng,Ngô Gia Tự,Việt Hưng,,
Ngách 638/72 Đường Ngô Gia Tự - Việt Hưng,Ngô Gia Tự,Việt Hưng,,
Ngách 638/81 Đường Ngô Gia Tự - Việt Hưng,Ngô Gia Tự,Việt Hưng,,
Ngách 638/84 Đường Ngô Gia Tự - Việt Hưng,Ngô Gia Tự,Việt Hưng,,
Ngách 638/88 Đường Ngô Gia Tự - Việt Hưng,Ngô Gia Tự,Việt Hưng,,
Ngách 638/90 Đường Ngô Gia Tự - Việt Hưng,Ngô Gia Tự,Việt Hưng,,
Ngách 638/92 Đường Ngô Gia Tự - Việt Hưng,Ngô Gia Tự,Việt Hưng,,
Ngách 8/3 Đường Ngô Gia Tự - Việt Hưng,Ngô Gia Tự,Việt Hưng,,
Ngách 987/20 Đường Ngô Gia Tự - Việt Hưng,Ngô Gia Tự,Việt Hưng,,
Ngách 987/30 Đường Ngô Gia Tự - Việt Hưng,Ngô Gia Tự,Việt Hưng,,
Ngách 987/37 Đường Ngô Gia Tự - Việt Hưng,Ngô Gia Tự,Việt Hưng,,
Ngách 987/44 Đường Ngô Gia Tự - Việt Hưng,Ngô Gia Tự,Việt Hưng,,
Ngách 987/53 Đường Ngô Gia Tự - Việt Hưng,Ngô Gia Tự,Việt Hưng,,
Ngách 987/54 Đường Ngô Gia Tự - Việt Hưng,Ngô Gia Tự,Việt Hưng,,
Ngách 987/68 Đường Ngô Gia Tự - Việt Hưng,Ngô Gia Tự,Việt Hưng,,
Ngách 987/69 Đường Ngô Gia Tự - Việt Hưng,Ngô Gia Tự,Việt Hưng,,
Ngách 987/76 Đường Ngô Gia Tự - Việt Hưng,Ngô Gia Tự,Việt Hưng,,
Ngách 987/84 Đường Ngô Gia Tự - Việt Hưng,Ngô Gia Tự,Việt Hưng,,
Ngõ 1131 Đường Ngô Gia Tự - Việt Hưng,Ngô Gia Tự,Việt Hưng,,
Ngõ 181 Đường Ngô Gia Tự - Việt Hưng,Ngô Gia Tự,Việt Hưng,,
Ngõ 189 Đường Ngô Gia Tự - Việt Hưng,Ngô Gia Tự,Việt Hưng,,
Ngõ 240 Đường Ngô Gia Tự - Việt Hưng,Ngô Gia Tự,Việt Hưng,,
Ngõ 266A Đường Ngô Gia Tự - Việt Hưng,Ngô Gia Tự,Việt Hưng,,
Ngõ 285 Đường Ngô Gia Tự - Việt Hưng,Ngô Gia Tự,Việt Hưng,,
Ngõ 287 Đường Ngô Gia Tự - Việt Hưng,Ngô Gia Tự,Việt Hưng,,
Ngõ 294 Đường Ngô Gia Tự - Việt Hưng,Ngô Gia Tự,Việt Hưng,,
Ngõ 301 Đường Ngô Gia Tự - Việt Hưng,Ngô Gia Tự,Việt Hưng,,
Ngõ 332 Đường Ngô Gia Tự - Việt Hưng,Ngô Gia Tự,Việt Hưng,,
Ngõ 362 Đường Ngô Gia Tự - Việt Hưng,Ngô Gia Tự,Việt Hưng,,
Ngõ 371 Đường Ngô Gia Tự - Việt Hưng,Ngô Gia Tự,Việt Hưng,,
Ngõ 380 Đường Ngô Gia Tự - Việt Hưng,Ngô Gia Tự,Việt Hưng,,
Ngõ 402 Đường Ngô Gia Tự - Việt Hưng,Ngô Gia Tự,Việt Hưng,,
Ngõ 422 Đường Ngô Gia Tự - Việt Hưng,Ngô Gia Tự,Việt Hưng,,
Ngõ 442 Đường Ngô Gia Tự - Việt Hưng,Ngô Gia Tự,Việt Hưng,,
Ngõ 466 Đường Ngô Gia Tự - Việt Hưng,Ngô Gia Tự,Việt Hưng,,
Ngõ 48 Đường Ngô Gia Tự - Việt Hưng,Ngô Gia Tự,Việt Hưng,,
Ngõ 492 Đường Ngô Gia Tự - Việt Hưng,Ngô Gia Tự,Việt Hưng,,
Ngõ 508 Đường Ngô Gia Tự - Việt Hưng,Ngô Gia Tự,Việt Hưng,,
Ngõ 529 Đường Ngô Gia Tự - Việt Hưng,Ngô Gia Tự,Việt Hưng,,
Ngõ 548 Đường Ngô Gia Tự - Việt Hưng,Ngô Gia Tự,Việt Hưng,,
Ngõ 575 Đường Ngô Gia Tự - Việt Hưng,Ngô Gia Tự,Việt Hưng,,
Ngõ 59 Đường Ngô Gia Tự - Việt Hưng,Ngô Gia Tự,Việt Hưng,,
Ngõ 623 Đường Ngô Gia Tự - Việt Hưng,Ngô Gia Tự,Việt Hưng,,
Ngõ 638 Đường Ngô Gia Tự - Việt Hưng,Ngô Gia Tự,Việt Hưng,,
Ngõ 725 Đường Ngô Gia Tự - Việt Hưng,Ngô Gia Tự,Việt Hưng,,
Ngõ 73 Đường Ngô Gia Tự - Việt Hưng,Ngô Gia Tự,Việt Hưng,,
Ngõ 775 Đường Ngô Gia Tự - Việt Hưng,Ngô Gia Tự,Việt Hưng,,
Ngõ 8 Đường Ngô Gia Tự - Việt Hưng,Ngô Gia Tự,Việt Hưng,,
Ngõ 94 Đường Ngô Gia Tự - Việt Hưng,Ngô Gia Tự,Việt Hưng,,
Ngõ 96 Đường Ngô Gia Tự - Việt Hưng,Ngô Gia Tự,Việt Hưng,,
Ngõ 987 Đường Ngô Gia Tự - Việt Hưng,Ngô Gia Tự,Việt Hưng,,
Ngõ 12 Phố Ngô Huy Quỳnh - Việt Hưng,Ngô Huy Quỳnh,Việt Hưng,,
Ngõ 16 Phố Ngô Huy Quỳnh - Việt Hưng,Ngô Huy Quỳnh,Việt Hưng,,
Ngõ 29 Phố Ngô Huy Quỳnh - Việt Hưng,Ngô Huy Quỳnh,Việt Hưng,,
Phố Ngô Huy Quỳnh - Việt Hưng,Ngô Huy Quỳnh,Việt Hưng,,
Phố Ngô Viết Thụ - Việt Hưng,Ngô Viết Thụ,Việt Hưng,,
Phố Nguyễn Cao Luyện - Việt Hưng,Nguyễn Cao Luyện,Việt Hưng,,
Phố Nguyễn Huy Thảo - Việt Hưng,Nguyễn Huy Thảo,Việt Hưng,,TRUE
Ngách 28/2 Phố Nguyễn Khắc Viện - Việt Hưng,Nguyễn Khắc Viện,Việt Hưng,,
Ngách 34/9 Phố Nguyễn Khắc Viện - Việt Hưng,Nguyễn Khắc Viện,Việt Hưng,,
Ngõ 1 Phố Nguyễn Khắc Viện - Việt Hưng,Nguyễn Khắc Viện,Việt Hưng,,
Ngõ 28 Phố Nguyễn Khắc Viện - Việt Hưng,Nguyễn Khắc Viện,Việt Hưng,,
Ngõ 34 Phố Nguyễn Khắc Viện - Việt Hưng,Nguyễn Khắc Viện,Việt Hưng,,
Ngõ 61 Phố Nguyễn Khắc Viện - Việt Hưng,Nguyễn Khắc Viện,Việt Hưng,,
Ngõ 63 Phố Nguyễn Khắc Viện - Việt Hưng,Nguyễn Khắc Viện,Việt Hưng,,
Ngõ 71 Phố Nguyễn Khắc Viện - Việt Hưng,Nguyễn Khắc Viện,Việt Hưng,,
Ngõ 78 Phố Nguyễn Khắc Viện - Việt Hưng,Nguyễn Khắc Viện,Việt Hưng,,
Ngõ 83 Phố Nguyễn Khắc Viện - Việt Hưng,Nguyễn Khắc Viện,Việt Hưng,,
Phố Nguyễn Khắc Viện - Việt Hưng,Nguyễn Khắc Viện,Việt Hưng,,
Ngõ 1 Phố Nguyễn Minh Châu - Việt Hưng,Nguyễn Minh Châu,Việt Hưng,,
Phố Nguyễn Minh Châu - Việt Hưng,Nguyễn Minh Châu,Việt Hưng,,
Đường Nguyễn Văn Linh - Việt Hưng,Nguyễn Văn Linh,Việt Hưng,,
Ngõ 9 Đường Nguyễn Văn Linh - Việt Hưng,Nguyễn Văn Linh,Việt Hưng,,
Ngách 30/1 Phố Nguyễn Văn Ninh - Việt Hưng,Nguyễn Văn Ninh,Việt Hưng,,
Ngõ 2 Phố Nguyễn Văn Ninh - Việt Hưng,Nguyễn Văn Ninh,Việt Hưng,,
Ngõ 30 Phố Nguyễn Văn Ninh - Việt Hưng,Nguyễn Văn Ninh,Việt Hưng,,
Ngõ 54 Phố Nguyễn Văn Ninh - Việt Hưng,Nguyễn Văn Ninh,Việt Hưng,,
Phố Nguyễn Văn Ninh - Việt Hưng,Nguyễn Văn Ninh,Việt Hưng,,
Ngách 15/2 Phố Ô Cách - Việt Hưng,Ô Cách,Việt Hưng,,
Ngách 4/3 Phố Ô Cách - Việt Hưng,Ô Cách,Việt Hưng,,
Ngách 4/5 Phố Ô Cách - Việt Hưng,Ô Cách,Việt Hưng,,
Ngách 41/1 Phố Ô Cách - Việt Hưng,Ô Cách,Việt Hưng,,
Ngách 41/7 Phố Ô Cách - Việt Hưng,Ô Cách,Việt Hưng,,
Ngách 9/10 Phố Ô Cách - Việt Hưng,Ô Cách,Việt Hưng,,
Ngách 9/2 Phố Ô Cách - Việt Hưng,Ô Cách,Việt Hưng,,
Ngách 9/8 Phố Ô Cách - Việt Hưng,Ô Cách,Việt Hưng,,
Ngõ 110 Phố Ô Cách - Việt Hưng,Ô Cách,Việt Hưng,,
Ngõ 145 Phố Ô Cách - Việt Hưng,Ô Cách,Việt Hưng,,
Ngõ 149 Phố Ô Cách - Việt Hưng,Ô Cách,Việt Hưng,,
Ngõ 15 Phố Ô Cách - Việt Hưng,Ô Cách,Việt Hưng,,
Ngõ 150 Phố Ô Cách - Việt Hưng,Ô Cách,Việt Hưng,,
Ngõ 153 Phố Ô Cách - Việt Hưng,Ô Cách,Việt Hưng,,
Ngõ 2 Phố Ô Cách - Việt Hưng,Ô Cách,Việt Hưng,,
Ngõ 4 Phố Ô Cách - Việt Hưng,Ô Cách,Việt Hưng,,
Ngõ 41 Phố Ô Cách - Việt Hưng,Ô Cách,Việt Hưng,,
Ngõ 42 Phố Ô Cách - Việt Hưng,Ô Cách,Việt Hưng,,
Ngõ 7 Phố Ô Cách - Việt Hưng,Ô Cách,Việt Hưng,,
Ngõ 82 Phố Ô Cách - Việt Hưng,Ô Cách,Việt Hưng,,
Ngõ 9 Phố Ô Cách - Việt Hưng,Ô Cách,Việt Hưng,,
Ngõ 90 Phố Ô Cách - Việt Hưng,Ô Cách,Việt Hưng,,
Phố Ô Cách - Việt Hưng,Ô Cách,Việt Hưng,,
Hẻm 94/10/1 Phố Phạm Khắc Quảng - Việt Hưng,Phạm Khắc Quảng,Việt Hưng,,
Hẻm 94/7/12 Phố Phạm Khắc Quảng - Việt Hưng,Phạm Khắc Quảng,Việt Hưng,,
Ngách 140/8 Phố Phạm Khắc Quảng - Việt Hưng,Phạm Khắc Quảng,Việt Hưng,,
Ngách 94/10 Phố Phạm Khắc Quảng - Việt Hưng,Phạm Khắc Quảng,Việt Hưng,,
Ngách 94/12 Phố Phạm Khắc Quảng - Việt Hưng,Phạm Khắc Quảng,Việt Hưng,,
Ngách 94/18 Phố Phạm Khắc Quảng - Việt Hưng,Phạm Khắc Quảng,Việt Hưng,,
Ngách 94/37 Phố Phạm Khắc Quảng - Việt Hưng,Phạm Khắc Quảng,Việt Hưng,,
Ngách 94/47 Phố Phạm Khắc Quảng - Việt Hưng,Phạm Khắc Quảng,Việt Hưng,,
Ngách 94/7 Phố Phạm Khắc Quảng - Việt Hưng,Phạm Khắc Quảng,Việt Hưng,,
Ngõ 1 Phố Phạm Khắc Quảng - Việt Hưng,Phạm Khắc Quảng,Việt Hưng,,
Ngõ 140 Phố Phạm Khắc Quảng - Việt Hưng,Phạm Khắc Quảng,Việt Hưng,,
Ngõ 65 Phố Phạm Khắc Quảng - Việt Hưng,Phạm Khắc Quảng,Việt Hưng,,
Ngõ 66 Phố Phạm Khắc Quảng - Việt Hưng,Phạm Khắc Quảng,Việt Hưng,,
Ngõ 71 Phố Phạm Khắc Quảng - Việt Hưng,Phạm Khắc Quảng,Việt Hưng,,
Ngõ 94 Phố Phạm Khắc Quảng - Việt Hưng,Phạm Khắc Quảng,Việt Hưng,,
Phố Phạm Khắc Quảng - Việt Hưng,Phạm Khắc Quảng,Việt Hưng,,
Phố Phan Văn Đáng - Việt Hưng,Phan Văn Đáng,Việt Hưng,,
Đường Phúc Lợi - Việt Hưng,Phúc Lợi,Việt Hưng,,
Ngõ 1 Đường Phúc Lợi - Việt Hưng,Phúc Lợi,Việt Hưng,,
Ngõ 33 Đường Phúc Lợi - Việt Hưng,Phúc Lợi,Việt Hưng,,
Phố Quán Tình - Việt Hưng,Quán Tình,Việt Hưng,,
Cầu Đuống - Việt Hưng,Sông Đuống,Việt Hưng,,
Hẻm 165/2/3 Phố Thanh Am - Việt Hưng,Thanh Am,Việt Hưng,,
Ngách 1/36 Phố Thanh Am - Việt Hưng,Thanh Am,Việt Hưng,,
Ngách 105/26 Thanh Am - Việt Hưng,Thanh Am,Việt Hưng,,
Ngách 165/2 Phố Thanh Am - Việt Hưng,Thanh Am,Việt Hưng,,
Ngách 190/11 Phố Thanh Am - Việt Hưng,Thanh Am,Việt Hưng,,
Ngách 194/1 Phố Thanh Am - Việt Hưng,Thanh Am,Việt Hưng,,
Ngách 194/11 Phố Thanh Am - Việt Hưng,Thanh Am,Việt Hưng,,
Ngách 203/2 Phố Thanh Am - Việt Hưng,Thanh Am,Việt Hưng,,
Ngách 21/19 Phố Thanh Am - Việt Hưng,Thanh Am,Việt Hưng,,
Ngách 21/29 Phố Thanh Am - Việt Hưng,Thanh Am,Việt Hưng,,
Ngách 21/4 Phố Thanh Am - Việt Hưng,Thanh Am,Việt Hưng,,
Ngách 21/40 Phố Thanh Am - Việt Hưng,Thanh Am,Việt Hưng,,
Ngách 21/48 Phố Thanh Am - Việt Hưng,Thanh Am,Việt Hưng,,
Ngách 255/3 Phố Thanh Am - Việt Hưng,Thanh Am,Việt Hưng,,
Ngách 255/85 Phố Thanh Am - Việt Hưng,Thanh Am,Việt Hưng,,
Ngách 7/20 Phố Thanh Am - Việt Hưng,Thanh Am,Việt Hưng,,
Ngõ 105 Phố Thanh Am - Việt Hưng,Thanh Am,Việt Hưng,,
Ngõ 135 Phố Thanh Am - Việt Hưng,Thanh Am,Việt Hưng,,
Ngõ 165 Phố Thanh Am - Việt Hưng,Thanh Am,Việt Hưng,,
Ngõ 190 Phố Thanh Am - Việt Hưng,Thanh Am,Việt Hưng,,
Ngõ 194 Phố Thanh Am - Việt Hưng,Thanh Am,Việt Hưng,,
Ngõ 203 Phố Thanh Am - Việt Hưng,Thanh Am,Việt Hưng,,
Ngõ 21 Phố Thanh Am - Việt Hưng,Thanh Am,Việt Hưng,,
Ngõ 222 Phố Thanh Am - Việt Hưng,Thanh Am,Việt Hưng,,
Ngõ 231 Phố Thanh Am - Việt Hưng,Thanh Am,Việt Hưng,,
Ngõ 255 Phố Thanh Am - Việt Hưng,Thanh Am,Việt Hưng,,
Ngõ 295 Phố Thanh Am - Việt Hưng,Thanh Am,Việt Hưng,,
Ngõ 55 Phố Thanh Am - Việt Hưng,Thanh Am,Việt Hưng,,
Ngõ 66 Phố Thanh Am - Việt Hưng,Thanh Am,Việt Hưng,,
Ngõ 79 Thanh Am - Việt Hưng,Thanh Am,Việt Hưng,,
Phố Thanh Am - Việt Hưng,Thanh Am,Việt Hưng,,
Phố Thép Mới - Việt Hưng,Thép Mới,Việt Hưng,,
Hẻm 94/89/3 Phố Thượng Thanh - Việt Hưng,Thượng Thanh,Việt Hưng,,
Hẻm 96/38/11 Phố Thượng Thanh - Việt Hưng,Thượng Thanh,Việt Hưng,,
Hẻm 96/38/45 Phố Thượng Thanh - Việt Hưng,Thượng Thanh,Việt Hưng,,
Hẻm 96/71/21 Phố Thượng Thanh - Việt Hưng,Thượng Thanh,Việt Hưng,,
Ngách 20/61 Phố Thượng Thanh - Việt Hưng,Thượng Thanh,Việt Hưng,,
Ngách 29/34 Phố Thượng Thanh - Việt Hưng,Thượng Thanh,Việt Hưng,,
Ngách 45/94 Phố Thượng Thanh - Việt Hưng,Thượng Thanh,Việt Hưng,,
Ngách 74/10 Phố Thượng Thanh - Việt Hưng,Thượng Thanh,Việt Hưng,,
Ngách 74/21 Phố Thượng Thanh - Việt Hưng,Thượng Thanh,Việt Hưng,,
Ngách 74/27 Phố Thượng Thanh - Việt Hưng,Thượng Thanh,Việt Hưng,,
Ngách 74/28 Phố Thượng Thanh - Việt Hưng,Thượng Thanh,Việt Hưng,,
Ngách 92/11 Phố Thượng Thanh - Việt Hưng,Thượng Thanh,Việt Hưng,,
Ngách 92/23 Phố Thượng Thanh - Việt Hưng,Thượng Thanh,Việt Hưng,,
Ngách 94/38 Phố Thượng Thanh - Việt Hưng,Thượng Thanh,Việt Hưng,,
Ngách 94/45 Phố Thượng Thanh - Việt Hưng,Thượng Thanh,Việt Hưng,,
Ngách 94/87 Phố Thượng Thanh - Việt Hưng,Thượng Thanh,Việt Hưng,,
Ngách 94/89 Phố Thượng Thanh - Việt Hưng,Thượng Thanh,Việt Hưng,,
Ngách 94/89A Phố Thượng Thanh - Việt Hưng,Thượng Thanh,Việt Hưng,,
Ngách 96/38 Phố Thượng Thanh - Việt Hưng,Thượng Thanh,Việt Hưng,,
Ngách 96/47 Phố Thượng Thanh - Việt Hưng,Thượng Thanh,Việt Hưng,,
Ngách 96/55 Phố Thượng Thanh - Việt Hưng,Thượng Thanh,Việt Hưng,,
Ngách 96/56 Phố Thượng Thanh - Việt Hưng,Thượng Thanh,Việt Hưng,,
Ngách 96/71 Phố Thượng Thanh - Việt Hưng,Thượng Thanh,Việt Hưng,,
Ngõ 20 Phố Thượng Thanh - Việt Hưng,Thượng Thanh,Việt Hưng,,
Ngõ 26 Phố Thượng Thanh - Việt Hưng,Thượng Thanh,Việt Hưng,,
Ngõ 29 Phố Thượng Thanh - Việt Hưng,Thượng Thanh,Việt Hưng,,
Ngõ 74 Phố Thượng Thanh - Việt Hưng,Thượng Thanh,Việt Hưng,,
Ngõ 88 Phố Thượng Thanh - Việt Hưng,Thượng Thanh,Việt Hưng,,
Ngõ 92 Phố Thượng Thanh - Việt Hưng,Thượng Thanh,Việt Hưng,,
Ngõ 94 Phố Thượng Thanh - Việt Hưng,Thượng Thanh,Việt Hưng,,
Ngõ 96 Phố Thượng Thanh - Việt Hưng,Thượng Thanh,Việt Hưng,,
Phố Thượng Thanh - Việt Hưng,Thượng Thanh,Việt Hưng,,
Phố Tình Quang - Việt Hưng,Tình Quang,Việt Hưng,,
Phố Trần Văn Trà - Việt Hưng,Trần Văn Trà,Việt Hưng,,
Ngõ 11 Phố Trường Lâm - Việt Hưng,Trường Lâm,Việt Hưng,,
Ngõ 46 Phố Trường Lâm - Việt Hưng,Trường Lâm,Việt Hưng,,
Ngõ 87 Phố Trường Lâm - Việt Hưng,Trường Lâm,Việt Hưng,,
Phố Trường Lâm - Việt Hưng,Trường Lâm,Việt Hưng,,
Phố Vạn Hạnh - Việt Hưng,Vạn Hạnh,Việt Hưng,,
Đường Viên Chiếu - Việt Hưng,Viên Chiếu,Việt Hưng,,
Ngách 104/1 Phố Việt Hưng - Việt Hưng,Việt Hưng,Việt Hưng,,
Ngách 71/53 Phố Việt Hưng - Việt Hưng,Việt Hưng,Việt Hưng,,
Ngách 71/82 Phố Việt Hưng - Việt Hưng,Việt Hưng,Việt Hưng,,
Ngách 71/98 Phố Việt Hưng - Việt Hưng,Việt Hưng,Việt Hưng,,
Ngách 78/38 Phố Việt Hưng - Việt Hưng,Việt Hưng,Việt Hưng,,
Ngách 78/40 Phố Việt Hưng - Việt Hưng,Việt Hưng,Việt Hưng,,
Ngách 78/50 Phố Việt Hưng - Việt Hưng,Việt Hưng,Việt Hưng,,
Ngách 78/54 Phố Việt Hưng - Việt Hưng,Việt Hưng,Việt Hưng,,
Ngõ 1 Phố Việt Hưng - Việt Hưng,Việt Hưng,Việt Hưng,,
Ngõ 137 Phố Việt Hưng - Việt Hưng,Việt Hưng,Việt Hưng,,
Ngõ 154 Phố Việt Hưng - Việt Hưng,Việt Hưng,Việt Hưng,,
Ngõ 156 Phố Việt Hưng - Việt Hưng,Việt Hưng,Việt Hưng,,
Ngõ 21 Phố Việt Hưng - Việt Hưng,Việt Hưng,Việt Hưng,,
Ngõ 27 Phố Việt Hưng - Việt Hưng,Việt Hưng,Việt Hưng,,
Ngõ 41 Phố Việt Hưng - Việt Hưng,Việt Hưng,Việt Hưng,,
Ngõ 58 Phố Việt Hưng - Việt Hưng,Việt Hưng,Việt Hưng,,
Ngõ 71 Phố Việt Hưng - Việt Hưng,Việt Hưng,Việt Hưng,,
Ngõ 78 Phố Việt Hưng - Việt Hưng,Việt Hưng,Việt Hưng,,
Ngõ 95 Phố Việt Hưng - Việt Hưng,Việt Hưng,Việt Hưng,,
Ngõ 97 Phố Việt Hưng - Việt Hưng,Việt Hưng,Việt Hưng,,
Phố Việt Hưng - Việt Hưng,Việt Hưng,Việt Hưng,,
Hẻm 3/26/4 Phố Vũ Đức Thận - Việt Hưng,Vũ Đức Thận,Việt Hưng,,
Ngách 3/26 Phố Vũ Đức Thận - Việt Hưng,Vũ Đức Thận,Việt Hưng,,
Ngách 45/12 Phố Vũ Đức Thận - Việt Hưng,Vũ Đức Thận,Việt Hưng,,
Ngách 45/7 Phố Vũ Đức Thận - Việt Hưng,Vũ Đức Thận,Việt Hưng,,
Ngõ 15 Phố Vũ Đức Thận - Việt Hưng,Vũ Đức Thận,Việt Hưng,,
Ngõ 3 Phố Vũ Đức Thận - Việt Hưng,Vũ Đức Thận,Việt Hưng,,
Ngõ 45 Phố Vũ Đức Thận - Việt Hưng,Vũ Đức Thận,Việt Hưng,,
Ngõ 6 Phố Vũ Đức Thận - Việt Hưng,Vũ Đức Thận,Việt Hưng,,
Ngõ 85 Phố Vũ Đức Thận - Việt Hưng,Vũ Đức Thận,Việt Hưng,,
Ngõ 89 Phố Vũ Đức Thận - Việt Hưng,Vũ Đức Thận,Việt Hưng,,
Phố Vũ Đức Thận - Việt Hưng,Vũ Đức Thận,Việt Hưng,,
Ngách 37/20 Phố Đại Đồng - Vĩnh Hưng,Đại Đồng (Vĩnh Hưng),Vĩnh Hưng,,
Ngách 37/23 Phố Đại Đồng - Vĩnh Hưng,Đại Đồng (Vĩnh Hưng),Vĩnh Hưng,,
Ngách 37/35 Phố Đại Đồng - Vĩnh Hưng,Đại Đồng (Vĩnh Hưng),Vĩnh Hưng,,
Ngách 37/37 Phố Đại Đồng - Vĩnh Hưng,Đại Đồng (Vĩnh Hưng),Vĩnh Hưng,,
Ngách 37/38 Phố Đại Đồng - Vĩnh Hưng,Đại Đồng (Vĩnh Hưng),Vĩnh Hưng,,
Ngách 37/46 Phố Đại Đồng - Vĩnh Hưng,Đại Đồng (Vĩnh Hưng),Vĩnh Hưng,,
Ngách 39/14 Phố Đại Đồng - Vĩnh Hưng,Đại Đồng (Vĩnh Hưng),Vĩnh Hưng,,
Ngách 39/30 Phố Đại Đồng - Vĩnh Hưng,Đại Đồng (Vĩnh Hưng),Vĩnh Hưng,,
Ngách 39/38 Phố Đại Đồng - Vĩnh Hưng,Đại Đồng (Vĩnh Hưng),Vĩnh Hưng,,
Ngõ 1 Phố Đại Đồng - Vĩnh Hưng,Đại Đồng (Vĩnh Hưng),Vĩnh Hưng,,
Ngõ 35 Phố Đại Đồng - Vĩnh Hưng,Đại Đồng (Vĩnh Hưng),Vĩnh Hưng,,
Ngõ 37 Phố Đại Đồng - Vĩnh Hưng,Đại Đồng (Vĩnh Hưng),Vĩnh Hưng,,
Ngõ 39 Phố Đại Đồng - Vĩnh Hưng,Đại Đồng (Vĩnh Hưng),Vĩnh Hưng,,
Phố Đại Đồng - Vĩnh Hưng,Đại Đồng (Vĩnh Hưng),Vĩnh Hưng,,
Ngõ 56 Phố Đặng Trần Đức - Vĩnh Hưng,Đặng Trần Đức,Vĩnh Hưng,,
Ngõ 6 Phố Đặng Trần Đức - Vĩnh Hưng,Đặng Trần Đức,Vĩnh Hưng,,
Phố Đặng Trần Đức - Vĩnh Hưng,Đặng Trần Đức,Vĩnh Hưng,,
Đường Đỗ Mười - Vĩnh Hưng,Đỗ Mười,Vĩnh Hưng,,
Hẻm 140/30/14 Phố Đông Thiên - Vĩnh Hưng,Đông Thiên,Vĩnh Hưng,,
Hẻm 140/30/38 Phố Đông Thiên - Vĩnh Hưng,Đông Thiên,Vĩnh Hưng,,
Hẻm 162/23/1 Phố Đông Thiên - Vĩnh Hưng,Đông Thiên,Vĩnh Hưng,,
Ngách 108/16 Phố Đông Thiên - Vĩnh Hưng,Đông Thiên,Vĩnh Hưng,,
Ngách 108/32 Phố Đông Thiên - Vĩnh Hưng,Đông Thiên,Vĩnh Hưng,,
Ngách 140/30 Phố Đông Thiên - Vĩnh Hưng,Đông Thiên,Vĩnh Hưng,,
Ngách 140/70 Phố Đông Thiên - Vĩnh Hưng,Đông Thiên,Vĩnh Hưng,,
Ngách 162/23 Phố Đông Thiên - Vĩnh Hưng,Đông Thiên,Vĩnh Hưng,,
Ngách 162/34 Phố Đông Thiên - Vĩnh Hưng,Đông Thiên,Vĩnh Hưng,,
Ngách 162/34A Phố Đông Thiên - Vĩnh Hưng,Đông Thiên,Vĩnh Hưng,,
Ngách 162/83 Phố Đông Thiên - Vĩnh Hưng,Đông Thiên,Vĩnh Hưng,,
Ngách 64/62 Phố Đông Thiên - Vĩnh Hưng,Đông Thiên,Vĩnh Hưng,,
Ngõ 108 Phố Đông Thiên - Vĩnh Hưng,Đông Thiên,Vĩnh Hưng,,
Ngõ 136 Phố Đông Thiên - Vĩnh Hưng,Đông Thiên,Vĩnh Hưng,,
Ngõ 140 Phố Đông Thiên - Vĩnh Hưng,Đông Thiên,Vĩnh Hưng,,
Ngõ 146 Phố Đông Thiên - Vĩnh Hưng,Đông Thiên,Vĩnh Hưng,,
Ngõ 162 Phố Đông Thiên - Vĩnh Hưng,Đông Thiên,Vĩnh Hưng,,
Ngõ 162A Phố Đông Thiên - Vĩnh Hưng,Đông Thiên,Vĩnh Hưng,,
Ngõ 64 Phố Đông Thiên - Vĩnh Hưng,Đông Thiên,Vĩnh Hưng,,
Phố Đông Thiên - Vĩnh Hưng,Đông Thiên,Vĩnh Hưng,,
Ngõ 119 Phố Dương Văn Bé - Vĩnh Hưng,Dương Văn Bé,Vĩnh Hưng,,TRUE
Ngõ 153 Phố Dương Văn Bé - Vĩnh Hưng,Dương Văn Bé,Vĩnh Hưng,,TRUE
Ngõ 161 Phố Dương Văn Bé - Vĩnh Hưng,Dương Văn Bé,Vĩnh Hưng,,TRUE
Ngõ 179 Phố Dương Văn Bé - Vĩnh Hưng,Dương Văn Bé,Vĩnh Hưng,,TRUE
Ngõ 185 Phố Dương Văn Bé - Vĩnh Hưng,Dương Văn Bé,Vĩnh Hưng,,TRUE
Ngõ 23 Phố Dương Văn Bé - Vĩnh Hưng,Dương Văn Bé,Vĩnh Hưng,,TRUE
Đường Lĩnh Nam - Vĩnh Hưng,Lĩnh Nam,Vĩnh Hưng,,
Hẻm 183/78/4 Đường Lĩnh Nam - Vĩnh Hưng,Lĩnh Nam,Vĩnh Hưng,,
Hẻm 183A/34/7 Đường Lĩnh Nam - Vĩnh Hưng,Lĩnh Nam,Vĩnh Hưng,,
Hẻm 183A/60/1 Đường Lĩnh Nam - Vĩnh Hưng,Lĩnh Nam,Vĩnh Hưng,,
Hẻm 183A/60/2 Đường Lĩnh Nam - Vĩnh Hưng,Lĩnh Nam,Vĩnh Hưng,,
Hẻm 255/11/14 Đường Lĩnh Nam - Vĩnh Hưng,Lĩnh Nam,Vĩnh Hưng,,
Hẻm 255/11/24 Đường Lĩnh Nam - Vĩnh Hưng,Lĩnh Nam,Vĩnh Hưng,,
Hẻm 255/47/10 Đường Lĩnh Nam - Vĩnh Hưng,Lĩnh Nam,Vĩnh Hưng,,
Ngách 183/78 Đường Lĩnh Nam - Vĩnh Hưng,Lĩnh Nam,Vĩnh Hưng,,
Ngách 183A/34 Đường Lĩnh Nam - Vĩnh Hưng,Lĩnh Nam,Vĩnh Hưng,,
Ngách 183A/60 Đường Lĩnh Nam - Vĩnh Hưng,Lĩnh Nam,Vĩnh Hưng,,
Ngách 183A/62 Đường Lĩnh Nam - Vĩnh Hưng,Lĩnh Nam,Vĩnh Hưng,,
Ngách 255/11 Đường Lĩnh Nam - Vĩnh Hưng,Lĩnh Nam,Vĩnh Hưng,,
Ngách 255/47 Đường Lĩnh Nam - Vĩnh Hưng,Lĩnh Nam,Vĩnh Hưng,,
Ngách 255/50 Đường Lĩnh Nam - Vĩnh Hưng,Lĩnh Nam,Vĩnh Hưng,,
Ngách 255/84 Đường Lĩnh Nam - Vĩnh Hưng,Lĩnh Nam,Vĩnh Hưng,,
Ngách 255/89 Đường Lĩnh Nam - Vĩnh Hưng,Lĩnh Nam,Vĩnh Hưng,,
Ngách 419/17 Đường Lĩnh Nam - Vĩnh Hưng,Lĩnh Nam,Vĩnh Hưng,,
Ngách 467/131 Đường Lĩnh Nam - Vĩnh Hưng,Lĩnh Nam,Vĩnh Hưng,,
Ngách 467/163 Đường Lĩnh Nam - Vĩnh Hưng,Lĩnh Nam,Vĩnh Hưng,,
Ngách 467/165 Đường Lĩnh Nam - Vĩnh Hưng,Lĩnh Nam,Vĩnh Hưng,,
Ngách 467/170 Đường Lĩnh Nam - Vĩnh Hưng,Lĩnh Nam,Vĩnh Hưng,,
Ngách 467/68 Đường Lĩnh Nam - Vĩnh Hưng,Lĩnh Nam,Vĩnh Hưng,,
Ngách 467/88 Đường Lĩnh Nam - Vĩnh Hưng,Lĩnh Nam,Vĩnh Hưng,,
Ngách 479/19 Đường Lĩnh Nam - Vĩnh Hưng,Lĩnh Nam,Vĩnh Hưng,,
Ngách 479/29 Đường Lĩnh Nam - Vĩnh Hưng,Lĩnh Nam,Vĩnh Hưng,,
Ngách 595/41 Đường Lĩnh Nam - Vĩnh Hưng,Lĩnh Nam,Vĩnh Hưng,,
Ngõ 183A Đường Lĩnh Nam - Vĩnh Hưng,Lĩnh Nam,Vĩnh Hưng,,
Ngõ 183A/1 Đường Lĩnh Nam - Vĩnh Hưng,Lĩnh Nam,Vĩnh Hưng,,
Ngõ 197 Đường Lĩnh Nam - Vĩnh Hưng,Lĩnh Nam,Vĩnh Hưng,,
Ngõ 201 Đường Lĩnh Nam - Vĩnh Hưng,Lĩnh Nam,Vĩnh Hưng,,
Ngõ 219 Đường Lĩnh Nam - Vĩnh Hưng,Lĩnh Nam,Vĩnh Hưng,,
Ngõ 225 Đường Lĩnh Nam - Vĩnh Hưng,Lĩnh Nam,Vĩnh Hưng,,
Ngõ 235 Đường Lĩnh Nam - Vĩnh Hưng,Lĩnh Nam,Vĩnh Hưng,,
Ngõ 255 Đường Lĩnh Nam - Vĩnh Hưng,Lĩnh Nam,Vĩnh Hưng,,
Ngõ 267 Đường Lĩnh Nam - Vĩnh Hưng,Lĩnh Nam,Vĩnh Hưng,,
Ngõ 279 Đường Lĩnh Nam - Vĩnh Hưng,Lĩnh Nam,Vĩnh Hưng,,
Ngõ 295 Đường Lĩnh Nam - Vĩnh Hưng,Lĩnh Nam,Vĩnh Hưng,,
Ngõ 313 Đường Lĩnh Nam - Vĩnh Hưng,Lĩnh Nam,Vĩnh Hưng,,
Ngõ 369 Đường Lĩnh Nam - Vĩnh Hưng,Lĩnh Nam,Vĩnh Hưng,,
Ngõ 393 Đường Lĩnh Nam - Vĩnh Hưng,Lĩnh Nam,Vĩnh Hưng,,
Ngõ 421 Đường Lĩnh Nam - Vĩnh Hưng,Lĩnh Nam,Vĩnh Hưng,,
Ngõ 441 Đường Lĩnh Nam - Vĩnh Hưng,Lĩnh Nam,Vĩnh Hưng,,
Ngõ 467 Đường Lĩnh Nam - Vĩnh Hưng,Lĩnh Nam,Vĩnh Hưng,,
Ngõ 471 Đường Lĩnh Nam - Vĩnh Hưng,Lĩnh Nam,Vĩnh Hưng,,
Ngõ 479 Đường Lĩnh Nam - Vĩnh Hưng,Lĩnh Nam,Vĩnh Hưng,,
Ngõ 615 Đường Lĩnh Nam - Vĩnh Hưng,Lĩnh Nam,Vĩnh Hưng,,
Ngõ 649 Đường Lĩnh Nam - Vĩnh Hưng,Lĩnh Nam,Vĩnh Hưng,,
Ngách 110/66 Phố Nam Dư - Vĩnh Hưng,Nam Dư,Vĩnh Hưng,,
Ngách 112/28 Phố Nam Dư - Vĩnh Hưng,Nam Dư,Vĩnh Hưng,,
Ngách 112/39 Phố Nam Dư - Vĩnh Hưng,Nam Dư,Vĩnh Hưng,,
Ngách 112/44 Phố Nam Dư - Vĩnh Hưng,Nam Dư,Vĩnh Hưng,,
Ngách 112/54 Phố Nam Dư - Vĩnh Hưng,Nam Dư,Vĩnh Hưng,,
Ngách 112/6 Phố Nam Dư - Vĩnh Hưng,Nam Dư,Vĩnh Hưng,,
Ngách 141/23 Phố Nam Dư - Vĩnh Hưng,Nam Dư,Vĩnh Hưng,,
Ngách 141/33 Phố Nam Dư - Vĩnh Hưng,Nam Dư,Vĩnh Hưng,,
Ngách 141/35 Phố Nam Dư - Vĩnh Hưng,Nam Dư,Vĩnh Hưng,,
Ngách 141/86 Phố Nam Dư - Vĩnh Hưng,Nam Dư,Vĩnh Hưng,,
Ngách 17/1 Phố Nam Dư - Vĩnh Hưng,Nam Dư,Vĩnh Hưng,,
Ngách 2/14 Phố Nam Dư - Vĩnh Hưng,Nam Dư,Vĩnh Hưng,,
Ngách 67/4 Phố Nam Dư - Vĩnh Hưng,Nam Dư,Vĩnh Hưng,,
Ngách 95/15 Phố Nam Dư - Vĩnh Hưng,Nam Dư,Vĩnh Hưng,,
Ngõ 110 Phố Nam Dư - Vĩnh Hưng,Nam Dư,Vĩnh Hưng,,
Ngõ 112 Phố Nam Dư - Vĩnh Hưng,Nam Dư,Vĩnh Hưng,,
Ngõ 126 Phố Nam Dư - Vĩnh Hưng,Nam Dư,Vĩnh Hưng,,
Ngõ 141 Phố Nam Dư - Vĩnh Hưng,Nam Dư,Vĩnh Hưng,,
Ngõ 17 Phố Nam Dư - Vĩnh Hưng,Nam Dư,Vĩnh Hưng,,
Ngõ 180 Phố Nam Dư - Vĩnh Hưng,Nam Dư,Vĩnh Hưng,,
Ngõ 193 Phố Nam Dư - Vĩnh Hưng,Nam Dư,Vĩnh Hưng,,
Ngõ 2 Phố Nam Dư - Vĩnh Hưng,Nam Dư,Vĩnh Hưng,,
Ngõ 20 Phố Nam Dư - Vĩnh Hưng,Nam Dư,Vĩnh Hưng,,
Ngõ 220 Phố Nam Dư - Vĩnh Hưng,Nam Dư,Vĩnh Hưng,,
Ngõ 221 Phố Nam Dư - Vĩnh Hưng,Nam Dư,Vĩnh Hưng,,
Ngõ 231 Phố Nam Dư - Vĩnh Hưng,Nam Dư,Vĩnh Hưng,,
Ngõ 243 Phố Nam Dư - Vĩnh Hưng,Nam Dư,Vĩnh Hưng,,
Ngõ 267 Phố Nam Dư - Vĩnh Hưng,Nam Dư,Vĩnh Hưng,,
Ngõ 285 Phố Nam Dư - Vĩnh Hưng,Nam Dư,Vĩnh Hưng,,
Ngõ 32 Phố Nam Dư - Vĩnh Hưng,Nam Dư,Vĩnh Hưng,,
Ngõ 35 Phố Nam Dư - Vĩnh Hưng,Nam Dư,Vĩnh Hưng,,
Ngõ 47 Phố Nam Dư - Vĩnh Hưng,Nam Dư,Vĩnh Hưng,,
Ngõ 67 Phố Nam Dư - Vĩnh Hưng,Nam Dư,Vĩnh Hưng,,
Ngõ 76 Phố Nam Dư - Vĩnh Hưng,Nam Dư,Vĩnh Hưng,,
Ngõ 8 Phố Nam Dư - Vĩnh Hưng,Nam Dư,Vĩnh Hưng,,
Ngõ 81 Phố Nam Dư - Vĩnh Hưng,Nam Dư,Vĩnh Hưng,,
Ngõ 90 Phố Nam Dư - Vĩnh Hưng,Nam Dư,Vĩnh Hưng,,
Ngõ 95 Phố Nam Dư - Vĩnh Hưng,Nam Dư,Vĩnh Hưng,,
Phố Nam Dư - Vĩnh Hưng,Nam Dư,Vĩnh Hưng,,
Ngách 130/34 Phố Ngũ Nhạc - Vĩnh Hưng,Ngũ Nhạc,Vĩnh Hưng,,
Ngõ 130 Phố Ngũ Nhạc - Vĩnh Hưng,Ngũ Nhạc,Vĩnh Hưng,,
Ngõ 163 Phố Ngũ Nhạc - Vĩnh Hưng,Ngũ Nhạc,Vĩnh Hưng,,
Ngõ 54 Phố Ngũ Nhạc - Vĩnh Hưng,Ngũ Nhạc,Vĩnh Hưng,,
Phố Ngũ Nhạc - Vĩnh Hưng,Ngũ Nhạc,Vĩnh Hưng,,
Đường Nguyễn Khoái - Vĩnh Hưng,Nguyễn Khoái,Vĩnh Hưng,,
Hẻm 896/10/17 Đường Nguyễn Khoái - Vĩnh Hưng,Nguyễn Khoái,Vĩnh Hưng,,
Hẻm 896/10/25 Đường Nguyễn Khoái - Vĩnh Hưng,Nguyễn Khoái,Vĩnh Hưng,,
Hẻm 896/10/9 Đường Nguyễn Khoái - Vĩnh Hưng,Nguyễn Khoái,Vĩnh Hưng,,
Hẻm 924/37/1 Đường Nguyễn Khoái - Vĩnh Hưng,Nguyễn Khoái,Vĩnh Hưng,,
Hẻm 924/37/4 Đường Nguyễn Khoái - Vĩnh Hưng,Nguyễn Khoái,Vĩnh Hưng,,
Ngách 670/32 Đường Nguyễn Khoái - Vĩnh Hưng,Nguyễn Khoái,Vĩnh Hưng,,
Ngách 670/54 Đường Nguyễn Khoái - Vĩnh Hưng,Nguyễn Khoái,Vĩnh Hưng,,
Ngách 896/10 Đường Nguyễn Khoái - Vĩnh Hưng,Nguyễn Khoái,Vĩnh Hưng,,
Ngách 896/43 Đường Nguyễn Khoái - Vĩnh Hưng,Nguyễn Khoái,Vĩnh Hưng,,
Ngách 896/53 Đường Nguyễn Khoái - Vĩnh Hưng,Nguyễn Khoái,Vĩnh Hưng,,
Ngách 924/115 Đường Nguyễn Khoái - Vĩnh Hưng,Nguyễn Khoái,Vĩnh Hưng,,
Ngách 924/25 Đường Nguyễn Khoái - Vĩnh Hưng,Nguyễn Khoái,Vĩnh Hưng,,
Ngách 924/37 Đường Nguyễn Khoái - Vĩnh Hưng,Nguyễn Khoái,Vĩnh Hưng,,
Ngách 924/51C Đường Nguyễn Khoái - Vĩnh Hưng,Nguyễn Khoái,Vĩnh Hưng,,
Ngách 924/57 Đường Nguyễn Khoái - Vĩnh Hưng,Nguyễn Khoái,Vĩnh Hưng,,
Ngách 924/87 Đường Nguyễn Khoái - Vĩnh Hưng,Nguyễn Khoái,Vĩnh Hưng,,
Ngách 93/93 Đường Nguyễn Khoái - Vĩnh Hưng,Nguyễn Khoái,Vĩnh Hưng,,
Ngõ 1064 Đường Nguyễn Khoái - Vĩnh Hưng,Nguyễn Khoái,Vĩnh Hưng,,
Ngõ 1068 Đường Nguyễn Khoái - Vĩnh Hưng,Nguyễn Khoái,Vĩnh Hưng,,
Ngõ 1150 Đường Nguyễn Khoái - Vĩnh Hưng,Nguyễn Khoái,Vĩnh Hưng,,
Ngõ 448 Đường Nguyễn Khoái - Vĩnh Hưng,Nguyễn Khoái,Vĩnh Hưng,,
Ngõ 468 Đường Nguyễn Khoái - Vĩnh Hưng,Nguyễn Khoái,Vĩnh Hưng,,
Ngõ 670 Đường Nguyễn Khoái - Vĩnh Hưng,Nguyễn Khoái,Vĩnh Hưng,,
Ngõ 776 Đường Nguyễn Khoái - Vĩnh Hưng,Nguyễn Khoái,Vĩnh Hưng,,
Ngõ 788 Đường Nguyễn Khoái - Vĩnh Hưng,Nguyễn Khoái,Vĩnh Hưng,,
Ngõ 896 Đường Nguyễn Khoái - Vĩnh Hưng,Nguyễn Khoái,Vĩnh Hưng,,
Ngõ 924 Đường Nguyễn Khoái - Vĩnh Hưng,Nguyễn Khoái,Vĩnh Hưng,,
Ngõ 956 Đường Nguyễn Khoái - Vĩnh Hưng,Nguyễn Khoái,Vĩnh Hưng,,
Ngõ 100 Phố Nguyễn Văn Viên - Vĩnh Hưng,Nguyễn Văn Viên,Vĩnh Hưng,,
Ngõ 80 Phố Nguyễn Văn Viên - Vĩnh Hưng,Nguyễn Văn Viên,Vĩnh Hưng,,
Phố Nguyễn Văn Viên - Vĩnh Hưng,Nguyễn Văn Viên,Vĩnh Hưng,,
Hẻm 150/26/14 Phố Tân Khai - Vĩnh Hưng,Tân Khai,Vĩnh Hưng,,
Hẻm 150/29/9 Phố Tân Khai - Vĩnh Hưng,Tân Khai,Vĩnh Hưng,,
Ngách 150/16 Phố Tân Khai - Vĩnh Hưng,Tân Khai,Vĩnh Hưng,,
Ngách 150/26 Phố Tân Khai - Vĩnh Hưng,Tân Khai,Vĩnh Hưng,,
Ngách 150/55/15 Phố Tân Khai - Vĩnh Hưng,Tân Khai,Vĩnh Hưng,,
Ngách 150/77 Phố Tân Khai - Vĩnh Hưng,Tân Khai,Vĩnh Hưng,,
Ngách 150/82 Phố Tân Khai - Vĩnh Hưng,Tân Khai,Vĩnh Hưng,,
Ngõ 1 Phố Tân Khai - Vĩnh Hưng,Tân Khai,Vĩnh Hưng,,
Ngõ 100 Phố Tân Khai - Vĩnh Hưng,Tân Khai,Vĩnh Hưng,,
Ngõ 120 Phố Tân Khai - Vĩnh Hưng,Tân Khai,Vĩnh Hưng,,
Ngõ 150 Phố Tân Khai - Vĩnh Hưng,Tân Khai,Vĩnh Hưng,,
Ngõ 24 Phố Tân Khai - Vĩnh Hưng,Tân Khai,Vĩnh Hưng,,
Ngõ 38 Phố Tân Khai - Vĩnh Hưng,Tân Khai,Vĩnh Hưng,,
Ngõ 60 Phố Tân Khai - Vĩnh Hưng,Tân Khai,Vĩnh Hưng,,
Ngõ 80 Phố Tân Khai - Vĩnh Hưng,Tân Khai,Vĩnh Hưng,,
Ngõ 86 Phố Tân Khai - Vĩnh Hưng,Tân Khai,Vĩnh Hưng,,
Phố Tân Khai - Vĩnh Hưng,Tân Khai,Vĩnh Hưng,,
Ngách 194/1 Thanh Đàm - Vĩnh Hưng,Thanh Đàm,Vĩnh Hưng,,
Ngách 194/10 Thanh Đàm - Vĩnh Hưng,Thanh Đàm,Vĩnh Hưng,,
Ngách 194/7 Phố Thanh Đàm - Vĩnh Hưng,Thanh Đàm,Vĩnh Hưng,,
Ngõ 19 Thanh Đàm - Vĩnh Hưng,Thanh Đàm,Vĩnh Hưng,,
Ngõ 194 Phố Thanh Đàm - Vĩnh Hưng,Thanh Đàm,Vĩnh Hưng,,
Ngõ 27 Phố Thanh Đàm - Vĩnh Hưng,Thanh Đàm,Vĩnh Hưng,,
Ngõ 28 Phố Thanh Đàm - Vĩnh Hưng,Thanh Đàm,Vĩnh Hưng,,
Ngõ 34 Phố Thanh Đàm - Vĩnh Hưng,Thanh Đàm,Vĩnh Hưng,,
Ngõ 43 Thanh Đàm - Vĩnh Hưng,Thanh Đàm,Vĩnh Hưng,,
Ngõ 5 Phố Thanh Đàm - Vĩnh Hưng,Thanh Đàm,Vĩnh Hưng,,
Ngõ 64 Phố Thanh Đàm - Vĩnh Hưng,Thanh Đàm,Vĩnh Hưng,,
Ngõ 7 Phố Thanh Đàm - Vĩnh Hưng,Thanh Đàm,Vĩnh Hưng,,
Ngõ 79 Phố Thanh Đàm - Vĩnh Hưng,Thanh Đàm,Vĩnh Hưng,,
Ngõ 90 Thanh Đàm - Vĩnh Hưng,Thanh Đàm,Vĩnh Hưng,,
Phố Thanh Đàm - Vĩnh Hưng,Thanh Đàm,Vĩnh Hưng,,
Hẻm 55/35/11 Phố Thanh Lân - Vĩnh Hưng,Thanh Lân,Vĩnh Hưng,,
Ngách 114/9 Phố Thanh Lân - Vĩnh Hưng,Thanh Lân,Vĩnh Hưng,,
Ngõ 11 Phố Thanh Lân - Vĩnh Hưng,Thanh Lân,Vĩnh Hưng,,
Ngõ 112 Phố Thanh Lân - Vĩnh Hưng,Thanh Lân,Vĩnh Hưng,,
Ngõ 114 Phố Thanh Lân - Vĩnh Hưng,Thanh Lân,Vĩnh Hưng,,
Ngõ 12 Phố Thanh Lân - Vĩnh Hưng,Thanh Lân,Vĩnh Hưng,,
Ngõ 2 Phố Thanh Lân - Vĩnh Hưng,Thanh Lân,Vĩnh Hưng,,
Ngõ 23 Phố Thanh Lân - Vĩnh Hưng,Thanh Lân,Vĩnh Hưng,,
Ngõ 34 Phố Thanh Lân - Vĩnh Hưng,Thanh Lân,Vĩnh Hưng,,
Ngõ 41 Phố Thanh Lân - Vĩnh Hưng,Thanh Lân,Vĩnh Hưng,,
Ngõ 55 Phố Thanh Lân - Vĩnh Hưng,Thanh Lân,Vĩnh Hưng,,
Ngõ 56 Phố Thanh Lân - Vĩnh Hưng,Thanh Lân,Vĩnh Hưng,,
Ngõ 68 Phố Thanh Lân - Vĩnh Hưng,Thanh Lân,Vĩnh Hưng,,
Ngõ 70 Thanh Lân - Vĩnh Hưng,Thanh Lân,Vĩnh Hưng,,
Ngõ 78 Thanh Lân - Vĩnh Hưng,Thanh Lân,Vĩnh Hưng,,
Ngõ 8 Phố Thanh Lân - Vĩnh Hưng,Thanh Lân,Vĩnh Hưng,,
Ngõ 86 Phố Thanh Lân - Vĩnh Hưng,Thanh Lân,Vĩnh Hưng,,
Ngõ 89 Phố Thanh Lân - Vĩnh Hưng,Thanh Lân,Vĩnh Hưng,,
Phố Thanh Lân - Vĩnh Hưng,Thanh Lân,Vĩnh Hưng,,
Dãy Nhà 9 Hẻm 442/15/28 Phố Vĩnh Hưng - Vĩnh Hưng,Vĩnh Hưng,Vĩnh Hưng,,
Hẻm 179/169/2 Phố Vĩnh Hưng - Vĩnh Hưng,Vĩnh Hưng,Vĩnh Hưng,,
Hẻm 179/187/24 Phố Vĩnh Hưng - Vĩnh Hưng,Vĩnh Hưng,Vĩnh Hưng,,
Hẻm 179/187/5 Phố Vĩnh Hưng - Vĩnh Hưng,Vĩnh Hưng,Vĩnh Hưng,,
Hẻm 179/187/9 Phố Vĩnh Hưng - Vĩnh Hưng,Vĩnh Hưng,Vĩnh Hưng,,
Hẻm 321/12/18 Phố Vĩnh Hưng - Vĩnh Hưng,Vĩnh Hưng,Vĩnh Hưng,,
Hẻm 442/15/28 Phố Vĩnh Hưng - Vĩnh Hưng,Vĩnh Hưng,Vĩnh Hưng,,
Ngách 107/11 Phố Vĩnh Hưng - Vĩnh Hưng,Vĩnh Hưng,Vĩnh Hưng,,
Ngách 145/45 Phố Vĩnh Hưng - Vĩnh Hưng,Vĩnh Hưng,Vĩnh Hưng,,
Ngách 179/144 Phố Vĩnh Hưng - Vĩnh Hưng,Vĩnh Hưng,Vĩnh Hưng,,
Ngách 179/151 Phố Vĩnh Hưng - Vĩnh Hưng,Vĩnh Hưng,Vĩnh Hưng,,
Ngách 179/169 Phố Vĩnh Hưng - Vĩnh Hưng,Vĩnh Hưng,Vĩnh Hưng,,
Ngách 179/185 Phố Vĩnh Hưng - Vĩnh Hưng,Vĩnh Hưng,Vĩnh Hưng,,
Ngách 179/187 Phố Vĩnh Hưng - Vĩnh Hưng,Vĩnh Hưng,Vĩnh Hưng,,
Ngách 179/90 Phố Vĩnh Hưng - Vĩnh Hưng,Vĩnh Hưng,Vĩnh Hưng,,
Ngách 221/34 Phố Vĩnh Hưng - Vĩnh Hưng,Vĩnh Hưng,Vĩnh Hưng,,
Ngách 281/20 Phố Vĩnh Hưng - Vĩnh Hưng,Vĩnh Hưng,Vĩnh Hưng,,
Ngách 281/25 Phố Vĩnh Hưng - Vĩnh Hưng,Vĩnh Hưng,Vĩnh Hưng,,
Ngách 281/2B Phố Vĩnh Hưng - Vĩnh Hưng,Vĩnh Hưng,Vĩnh Hưng,,
Ngách 321/12 Phố Vĩnh Hưng - Vĩnh Hưng,Vĩnh Hưng,Vĩnh Hưng,,
Ngách 442/15 Phố Vĩnh Hưng - Vĩnh Hưng,Vĩnh Hưng,Vĩnh Hưng,,
Ngách 5 107 Phố Vĩnh Hưng - Vĩnh Hưng,Vĩnh Hưng,Vĩnh Hưng,,
Ngách 76/2 Phố Vĩnh Hưng - Vĩnh Hưng,Vĩnh Hưng,Vĩnh Hưng,,
Ngõ 105 Phố Vĩnh Hưng - Vĩnh Hưng,Vĩnh Hưng,Vĩnh Hưng,,
Ngõ 107 Phố Vĩnh Hưng - Vĩnh Hưng,Vĩnh Hưng,Vĩnh Hưng,,
Ngõ 126 Phố Vĩnh Hưng - Vĩnh Hưng,Vĩnh Hưng,Vĩnh Hưng,,
Ngõ 145 Phố Vĩnh Hưng - Vĩnh Hưng,Vĩnh Hưng,Vĩnh Hưng,,
Ngõ 161 Phố Vĩnh Hưng - Vĩnh Hưng,Vĩnh Hưng,Vĩnh Hưng,,
Ngõ 17 Phố Vĩnh Hưng - Vĩnh Hưng,Vĩnh Hưng,Vĩnh Hưng,,
Ngõ 179 Phố Vĩnh Hưng - Vĩnh Hưng,Vĩnh Hưng,Vĩnh Hưng,,
Ngõ 200 Phố Vĩnh Hưng - Vĩnh Hưng,Vĩnh Hưng,Vĩnh Hưng,,
Ngõ 221 Phố Vĩnh Hưng - Vĩnh Hưng,Vĩnh Hưng,Vĩnh Hưng,,
Ngõ 254 Phố Vĩnh Hưng - Vĩnh Hưng,Vĩnh Hưng,Vĩnh Hưng,,
Ngõ 259 Phố Vĩnh Hưng - Vĩnh Hưng,Vĩnh Hưng,Vĩnh Hưng,,
Ngõ 26 Phố Vĩnh Hưng - Vĩnh Hưng,Vĩnh Hưng,Vĩnh Hưng,,
Ngõ 266 Phố Vĩnh Hưng - Vĩnh Hưng,Vĩnh Hưng,Vĩnh Hưng,,
Ngõ 281 Phố Vĩnh Hưng - Vĩnh Hưng,Vĩnh Hưng,Vĩnh Hưng,,
Ngõ 29 Phố Vĩnh Hưng - Vĩnh Hưng,Vĩnh Hưng,Vĩnh Hưng,,
Ngõ 319 Phố Vĩnh Hưng - Vĩnh Hưng,Vĩnh Hưng,Vĩnh Hưng,,
Ngõ 321 Phố Vĩnh Hưng - Vĩnh Hưng,Vĩnh Hưng,Vĩnh Hưng,,
Ngõ 346 Phố Vĩnh Hưng - Vĩnh Hưng,Vĩnh Hưng,Vĩnh Hưng,,
Ngõ 369 Phố Vĩnh Hưng - Vĩnh Hưng,Vĩnh Hưng,Vĩnh Hưng,,
Ngõ 37 Phố Vĩnh Hưng - Vĩnh Hưng,Vĩnh Hưng,Vĩnh Hưng,,
Ngõ 378 Phố Vĩnh Hưng - Vĩnh Hưng,Vĩnh Hưng,Vĩnh Hưng,,
Ngõ 407 Phố Vĩnh Hưng - Vĩnh Hưng,Vĩnh Hưng,Vĩnh Hưng,,
Ngõ 416 Phố Vĩnh Hưng - Vĩnh Hưng,Vĩnh Hưng,Vĩnh Hưng,,
Ngõ 431 Phố Vĩnh Hưng - Vĩnh Hưng,Vĩnh Hưng,Vĩnh Hưng,,
Ngõ 442 Phố Vĩnh Hưng - Vĩnh Hưng,Vĩnh Hưng,Vĩnh Hưng,,
Ngõ 51 Phố Vĩnh Hưng - Vĩnh Hưng,Vĩnh Hưng,Vĩnh Hưng,,
Ngõ 64 Phố Vĩnh Hưng - Vĩnh Hưng,Vĩnh Hưng,Vĩnh Hưng,,
Ngõ 74 Phố Vĩnh Hưng - Vĩnh Hưng,Vĩnh Hưng,Vĩnh Hưng,,
Ngõ 75 Phố Vĩnh Hưng - Vĩnh Hưng,Vĩnh Hưng,Vĩnh Hưng,,
Ngõ 76 Phố Vĩnh Hưng - Vĩnh Hưng,Vĩnh Hưng,Vĩnh Hưng,,
Ngõ 87 Phố Vĩnh Hưng - Vĩnh Hưng,Vĩnh Hưng,Vĩnh Hưng,,
Phố Vĩnh Hưng - Vĩnh Hưng,Vĩnh Hưng,Vĩnh Hưng,,
Ngách 122/10 Phố Vĩnh Tuy - Vĩnh Hưng,Vĩnh Tuy,Vĩnh Hưng,,
Ngách 122/11 Phố Vĩnh Tuy - Vĩnh Hưng,Vĩnh Tuy,Vĩnh Hưng,,
Ngách 124/51 Phố Vĩnh Tuy - Vĩnh Hưng,Vĩnh Tuy,Vĩnh Hưng,,
Ngõ 122 Phố Vĩnh Tuy - Vĩnh Hưng,Vĩnh Tuy,Vĩnh Hưng,,
Ngõ 124 Phố Vĩnh Tuy - Vĩnh Hưng,Vĩnh Tuy,Vĩnh Hưng,,
"Ngõ 120 Phố Dương Văn Bé - Vĩnh Hưng, Vĩnh Tuy",Dương Văn Bé,"Vĩnh Hưng, Vĩnh Tuy",,TRUE
"Ngõ 124 Phố Dương Văn Bé - Vĩnh Hưng, Vĩnh Tuy",Dương Văn Bé,"Vĩnh Hưng, Vĩnh Tuy",,TRUE
"Ngõ 162 Phố Dương Văn Bé - Vĩnh Hưng, Vĩnh Tuy",Dương Văn Bé,"Vĩnh Hưng, Vĩnh Tuy",,TRUE
"Ngõ 168 Phố Dương Văn Bé - Vĩnh Hưng, Vĩnh Tuy",Dương Văn Bé,"Vĩnh Hưng, Vĩnh Tuy",,TRUE
"Ngõ 172 Phố Dương Văn Bé - Vĩnh Hưng, Vĩnh Tuy",Dương Văn Bé,"Vĩnh Hưng, Vĩnh Tuy",,TRUE
"Ngõ 176 Phố Dương Văn Bé - Vĩnh Hưng, Vĩnh Tuy",Dương Văn Bé,"Vĩnh Hưng, Vĩnh Tuy",,TRUE
"Ngõ 198 Phố Dương Văn Bé - Vĩnh Hưng, Vĩnh Tuy",Dương Văn Bé,"Vĩnh Hưng, Vĩnh Tuy",,TRUE
"Ngõ 56 Phố Dương Văn Bé - Vĩnh Hưng, Vĩnh Tuy",Dương Văn Bé,"Vĩnh Hưng, Vĩnh Tuy",,TRUE
"Ngõ 88 Phố Dương Văn Bé - Vĩnh Hưng, Vĩnh Tuy",Dương Văn Bé,"Vĩnh Hưng, Vĩnh Tuy",,TRUE
"Ngõ 94 Phố Dương Văn Bé - Vĩnh Hưng, Vĩnh Tuy",Dương Văn Bé,"Vĩnh Hưng, Vĩnh Tuy",,TRUE
"Ngõ 96 Phố Dương Văn Bé - Vĩnh Hưng, Vĩnh Tuy",Dương Văn Bé,"Vĩnh Hưng, Vĩnh Tuy",,TRUE
"Phố Dương Văn Bé - Vĩnh Hưng, Vĩnh Tuy",Dương Văn Bé,"Vĩnh Hưng, Vĩnh Tuy","Phố được hình thành dựa trên lòng sông cũ của sông Kim Ngưu. Sông Kim Ngưu tách ra khỏi sông Tô Lịch từ ngã tư Cầu Giấy, chảy dọc theo phố Đê La Thành, đến Hào Nam thì nhận thêm nước từ ngòi Hào Nam, đến Ô Chợ Dừa thì rẽ nhánh tạo thành sông Lừ, chảy tiếp qua Đại Cồ Việt thì rẽ nhánh tạo thành sông Sét (phần này đã được cống hoá thành phố Trần Đại Nghĩa), đi tiếp tới Trần Khát Chân, đi theo đê Trần Khát Chân, ngõ 29 phố Vĩnh Tuy, Dương Văn Bé rồi chảy lộ thiên. Phần sông Kim Ngưu hiện nay chảy dọc theo phố sông Kim Ngưu thực chất là một con ngòi nhỏ, mới đào thẳng từ năm 1961 - 1962.",TRUE
"Đường Lĩnh Nam - Vĩnh Hưng, Vĩnh Tuy",Lĩnh Nam,"Vĩnh Hưng, Vĩnh Tuy",,
"Ngõ 13 Đường Lĩnh Nam - Vĩnh Hưng, Vĩnh Tuy",Lĩnh Nam,"Vĩnh Hưng, Vĩnh Tuy",,
"Ngõ 624 Phố Minh Khai - Vĩnh Hưng, Vĩnh Tuy",Minh Khai,"Vĩnh Hưng, Vĩnh Tuy",,
"Đường Nguyễn Khoái - Vĩnh Hưng, Vĩnh Tuy",Nguyễn Khoái,"Vĩnh Hưng, Vĩnh Tuy",,
"Phố Nguyễn Văn Viên - Vĩnh Hưng, Vĩnh Tuy",Nguyễn Văn Viên,"Vĩnh Hưng, Vĩnh Tuy",,
"Ngõ 1 Phố Tân Khai - Vĩnh Hưng, Vĩnh Tuy",Tân Khai,"Vĩnh Hưng, Vĩnh Tuy",,
"Phố Tân Khai - Vĩnh Hưng, Vĩnh Tuy",Tân Khai,"Vĩnh Hưng, Vĩnh Tuy",,
Ngách 120/36 Phố Dương Văn Bé - Vĩnh Tuy,Dương Văn Bé,Vĩnh Tuy,,TRUE
Ngách 198/18 Phố Dương Văn Bé - Vĩnh Tuy,Dương Văn Bé,Vĩnh Tuy,,TRUE
Ngõ 198 Phố Dương Văn Bé - Vĩnh Tuy,Dương Văn Bé,Vĩnh Tuy,,TRUE
Ngõ 254 Phố Dương Văn Bé - Vĩnh Tuy,Dương Văn Bé,Vĩnh Tuy,,TRUE
Ngõ 256 Phố Dương Văn Bé - Vĩnh Tuy,Dương Văn Bé,Vĩnh Tuy,,TRUE
Ngõ 52 Phố Dương Văn Bé - Vĩnh Tuy,Dương Văn Bé,Vĩnh Tuy,,TRUE
Ngõ 68 Phố Dương Văn Bé - Vĩnh Tuy,Dương Văn Bé,Vĩnh Tuy,,TRUE
Cầu Lạc Trung - Vĩnh Tuy,Lạc Trung,Vĩnh Tuy,,
Ngách 156/1 Phố Lạc Trung - Vĩnh Tuy,Lạc Trung,Vĩnh Tuy,,
Ngách 19/62 Phố Lạc Trung - Vĩnh Tuy,Lạc Trung,Vĩnh Tuy,,
Ngách 61/10 Phố Lạc Trung - Vĩnh Tuy,Lạc Trung,Vĩnh Tuy,,
Ngách 61/15 Phố Lạc Trung - Vĩnh Tuy,Lạc Trung,Vĩnh Tuy,,
Ngách 61/2 Phố Lạc Trung - Vĩnh Tuy,Lạc Trung,Vĩnh Tuy,,
Ngách 61/22 Phố Lạc Trung - Vĩnh Tuy,Lạc Trung,Vĩnh Tuy,,
Ngách 61/25 Phố Lạc Trung - Vĩnh Tuy,Lạc Trung,Vĩnh Tuy,,
Ngách 61/33 Phố Lạc Trung - Vĩnh Tuy,Lạc Trung,Vĩnh Tuy,,
Ngách 61/37 Phố Lạc Trung - Vĩnh Tuy,Lạc Trung,Vĩnh Tuy,,
Ngách 61/4 Phố Lạc Trung - Vĩnh Tuy,Lạc Trung,Vĩnh Tuy,,
Ngõ 156 Phố Lạc Trung - Vĩnh Tuy,Lạc Trung,Vĩnh Tuy,,
Ngõ 19 Phố Lạc Trung - Vĩnh Tuy,Lạc Trung,Vĩnh Tuy,,
Ngõ 230 Phố Lạc Trung - Vĩnh Tuy,Lạc Trung,Vĩnh Tuy,,
Ngõ 29 Phố Lạc Trung - Vĩnh Tuy,Lạc Trung,Vĩnh Tuy,,
Ngõ 61 Phố Lạc Trung - Vĩnh Tuy,Lạc Trung,Vĩnh Tuy,,
Ngõ 65 Phố Lạc Trung - Vĩnh Tuy,Lạc Trung,Vĩnh Tuy,,
Ngõ 69 Phố Lạc Trung - Vĩnh Tuy,Lạc Trung,Vĩnh Tuy,,
Ngõ 69B Phố Lạc Trung - Vĩnh Tuy,Lạc Trung,Vĩnh Tuy,,
Ngõ 77 Phố Lạc Trung - Vĩnh Tuy,Lạc Trung,Vĩnh Tuy,,
Phố Lạc Trung - Vĩnh Tuy,Lạc Trung,Vĩnh Tuy,,
Phố Lãng Yên - Vĩnh Tuy,Lãng Yên,Vĩnh Tuy,,
Hẻm 13/21/2 Đường Lĩnh Nam - Vĩnh Tuy,Lĩnh Nam,Vĩnh Tuy,,
Hẻm 13/90/25 Đường Lĩnh Nam - Vĩnh Tuy,Lĩnh Nam,Vĩnh Tuy,,
Hẻm 13/90/44 Đường Lĩnh Nam - Vĩnh Tuy,Lĩnh Nam,Vĩnh Tuy,,
Hẻm 13/90/46 Đường Lĩnh Nam - Vĩnh Tuy,Lĩnh Nam,Vĩnh Tuy,,
Hẻm 13/90/48 Đường Lĩnh Nam - Vĩnh Tuy,Lĩnh Nam,Vĩnh Tuy,,
Hẻm 13/90/49 Đường Lĩnh Nam - Vĩnh Tuy,Lĩnh Nam,Vĩnh Tuy,,
Hẻm 13/90/51 Đường Lĩnh Nam - Vĩnh Tuy,Lĩnh Nam,Vĩnh Tuy,,
Hẻm 13/90/52 Đường Lĩnh Nam - Vĩnh Tuy,Lĩnh Nam,Vĩnh Tuy,,
Hẻm 13/90/54 Đường Lĩnh Nam - Vĩnh Tuy,Lĩnh Nam,Vĩnh Tuy,,
Hẻm 13/90/55 Đường Lĩnh Nam - Vĩnh Tuy,Lĩnh Nam,Vĩnh Tuy,,
Hẻm 13/90/71 Đường Lĩnh Nam - Vĩnh Tuy,Lĩnh Nam,Vĩnh Tuy,,
Ngách 13/21 Đường Lĩnh Nam - Vĩnh Tuy,Lĩnh Nam,Vĩnh Tuy,,
Ngách 13/90 Đường Lĩnh Nam - Vĩnh Tuy,Lĩnh Nam,Vĩnh Tuy,,
Ngách 13/92 Đường Lĩnh Nam - Vĩnh Tuy,Lĩnh Nam,Vĩnh Tuy,,
Ngõ 1 Đường Lĩnh Nam - Vĩnh Tuy,Lĩnh Nam,Vĩnh Tuy,,
Ngõ 13 Đường Lĩnh Nam - Vĩnh Tuy,Lĩnh Nam,Vĩnh Tuy,,
Ngõ 49 Đường Lĩnh Nam - Vĩnh Tuy,Lĩnh Nam,Vĩnh Tuy,,
Ngõ 85 Đường Lĩnh Nam - Vĩnh Tuy,Lĩnh Nam,Vĩnh Tuy,,
Kho 20 Mạc Thị Bưởi - Vĩnh Tuy,Mạc Thị Bưởi,Vĩnh Tuy,,
Ngõ 17 Phố Mạc Thị Bưởi - Vĩnh Tuy,Mạc Thị Bưởi,Vĩnh Tuy,,
Ngõ 2 Phố Mạc Thị Bưởi - Vĩnh Tuy,Mạc Thị Bưởi,Vĩnh Tuy,,
Ngõ 37 Phố Mạc Thị Bưởi - Vĩnh Tuy,Mạc Thị Bưởi,Vĩnh Tuy,,
Ngõ 54 Phố Mạc Thị Bưởi - Vĩnh Tuy,Mạc Thị Bưởi,Vĩnh Tuy,,
Ngõ 58 Phố Mạc Thị Bưởi - Vĩnh Tuy,Mạc Thị Bưởi,Vĩnh Tuy,,
Ngõ 7 Phố Mạc Thị Bưởi - Vĩnh Tuy,Mạc Thị Bưởi,Vĩnh Tuy,,
Phố Mạc Thị Bưởi - Vĩnh Tuy,Mạc Thị Bưởi,Vĩnh Tuy,,
Dãy 6 Ngõ 523 Phố Minh Khai - Vĩnh Tuy,Minh Khai,Vĩnh Tuy,,
Hẻm 523/82/1 Phố Minh Khai - Vĩnh Tuy,Minh Khai,Vĩnh Tuy,,
Hẻm 523/82/3 Phố Minh Khai - Vĩnh Tuy,Minh Khai,Vĩnh Tuy,,
Hẻm 523/82/5 Phố Minh Khai - Vĩnh Tuy,Minh Khai,Vĩnh Tuy,,
Hẻm 523/82/7 Phố Minh Khai - Vĩnh Tuy,Minh Khai,Vĩnh Tuy,,
Hẻm 624/12/105 Phố Minh Khai - Vĩnh Tuy,Minh Khai,Vĩnh Tuy,,
Hẻm 624/12/109 Phố Minh Khai - Vĩnh Tuy,Minh Khai,Vĩnh Tuy,,
Hẻm 624/12/75 Phố Minh Khai - Vĩnh Tuy,Minh Khai,Vĩnh Tuy,,
Ngách 253/82 Phố Minh Khai - Vĩnh Tuy,Minh Khai,Vĩnh Tuy,,
Ngách 349/30 Phố Minh Khai - Vĩnh Tuy,Minh Khai,Vĩnh Tuy,,
Ngách 349/70 Phố Minh Khai - Vĩnh Tuy,Minh Khai,Vĩnh Tuy,,
Ngách 359/77 Phố Minh Khai - Vĩnh Tuy,Minh Khai,Vĩnh Tuy,,
Ngách 523/26 Phố Minh Khai - Vĩnh Tuy,Minh Khai,Vĩnh Tuy,,
Ngách 622/107 Phố Minh Khai - Vĩnh Tuy,Minh Khai,Vĩnh Tuy,,
Ngách 622/11 Phố Minh Khai - Vĩnh Tuy,Minh Khai,Vĩnh Tuy,,
Ngách 622/14 Phố Minh Khai - Vĩnh Tuy,Minh Khai,Vĩnh Tuy,,
Ngách 622/37 Phố Minh Khai - Vĩnh Tuy,Minh Khai,Vĩnh Tuy,,
Ngách 622/41 Phố Minh Khai - Vĩnh Tuy,Minh Khai,Vĩnh Tuy,,
Ngách 622/9 Phố Minh Khai - Vĩnh Tuy,Minh Khai,Vĩnh Tuy,,
Ngách 624/12 Phố Minh Khai - Vĩnh Tuy,Minh Khai,Vĩnh Tuy,,
Ngõ 297 Phố Minh Khai - Vĩnh Tuy,Minh Khai,Vĩnh Tuy,,
Ngõ 339 Phố Minh Khai - Vĩnh Tuy,Minh Khai,Vĩnh Tuy,,
Ngõ 349 Phố Minh Khai - Vĩnh Tuy,Minh Khai,Vĩnh Tuy,,
Ngõ 359 Phố Minh Khai - Vĩnh Tuy,Minh Khai,Vĩnh Tuy,,
Ngõ 364 Phố Minh Khai - Vĩnh Tuy,Minh Khai,Vĩnh Tuy,,
Ngõ 454 Phố Minh Khai - Vĩnh Tuy,Minh Khai,Vĩnh Tuy,,
Ngõ 523 Phố Minh Khai - Vĩnh Tuy,Minh Khai,Vĩnh Tuy,,
Ngõ 536 Phố Minh Khai - Vĩnh Tuy,Minh Khai,Vĩnh Tuy,,
Ngõ 586A Phố Minh Khai - Vĩnh Tuy,Minh Khai,Vĩnh Tuy,,
Ngõ 622 Phố Minh Khai - Vĩnh Tuy,Minh Khai,Vĩnh Tuy,,
Ngõ 627 Phố Minh Khai - Vĩnh Tuy,Minh Khai,Vĩnh Tuy,,
Ngõ 703 Phố Minh Khai - Vĩnh Tuy,Minh Khai,Vĩnh Tuy,,
Ngõ 729A Phố Minh Khai - Vĩnh Tuy,Minh Khai,Vĩnh Tuy,,
Ngõ 856 Phố Minh Khai - Vĩnh Tuy,Minh Khai,Vĩnh Tuy,,
Ngõ 874 Phố Minh Khai - Vĩnh Tuy,Minh Khai,Vĩnh Tuy,,
Ngõ 884 Phố Minh Khai - Vĩnh Tuy,Minh Khai,Vĩnh Tuy,,
Phố Minh Khai - Vĩnh Tuy,Minh Khai,Vĩnh Tuy,,
Đường Nguyễn Khoái - Vĩnh Tuy,Nguyễn Khoái,Vĩnh Tuy,,
Ngõ 130 Đường Nguyễn Khoái - Vĩnh Tuy,Nguyễn Khoái,Vĩnh Tuy,,
Ngõ 268 Đường Nguyễn Khoái - Vĩnh Tuy,Nguyễn Khoái,Vĩnh Tuy,,
Ngõ 292 Đường Nguyễn Khoái - Vĩnh Tuy,Nguyễn Khoái,Vĩnh Tuy,,
Ngõ 145 Phố Nguyễn Văn Viên - Vĩnh Tuy,Nguyễn Văn Viên,Vĩnh Tuy,,
Phố Nguyễn Văn Viên - Vĩnh Tuy,Nguyễn Văn Viên,Vĩnh Tuy,,
Cầu Kim Ngưu S2 - Vĩnh Tuy,Sông Kim Ngưu,Vĩnh Tuy,,
Cầu Kim Ngưu S3 - Vĩnh Tuy,Sông Kim Ngưu,Vĩnh Tuy,,
Cầu Kim Ngưu S4 - Vĩnh Tuy,Sông Kim Ngưu,Vĩnh Tuy,,
Hẻm 203/36/15 Phố Kim Ngưu - Vĩnh Tuy,Sông Kim Ngưu,Vĩnh Tuy,,
Hẻm 325/69/14C Phố Kim Ngưu - Vĩnh Tuy,Sông Kim Ngưu,Vĩnh Tuy,,
Ngách 121/3 Phố Kim Ngưu - Vĩnh Tuy,Sông Kim Ngưu,Vĩnh Tuy,,
Ngách 121/48 Phố Kim Ngưu - Vĩnh Tuy,Sông Kim Ngưu,Vĩnh Tuy,,
Ngách 121/82 Phố Kim Ngưu - Vĩnh Tuy,Sông Kim Ngưu,Vĩnh Tuy,,
Ngách 203/1 Phố Kim Ngưu - Vĩnh Tuy,Sông Kim Ngưu,Vĩnh Tuy,,
Ngách 203/3 Phố Kim Ngưu - Vĩnh Tuy,Sông Kim Ngưu,Vĩnh Tuy,,
Ngách 203/34 Phố Kim Ngưu - Vĩnh Tuy,Sông Kim Ngưu,Vĩnh Tuy,,
Ngách 203/36 Phố Kim Ngưu - Vĩnh Tuy,Sông Kim Ngưu,Vĩnh Tuy,,
Ngách 203/41 Phố Kim Ngưu - Vĩnh Tuy,Sông Kim Ngưu,Vĩnh Tuy,,
Ngách 325/45 Phố Kim Ngưu - Vĩnh Tuy,Sông Kim Ngưu,Vĩnh Tuy,,
Ngách 325/69 Phố Kim Ngưu - Vĩnh Tuy,Sông Kim Ngưu,Vĩnh Tuy,,
Ngách 433/8 Phố Kim Ngưu - Vĩnh Tuy,Sông Kim Ngưu,Vĩnh Tuy,,
Ngách 559/14 Phố Kim Ngưu - Vĩnh Tuy,Sông Kim Ngưu,Vĩnh Tuy,,
Ngách 559/86 Phố Kim Ngưu - Vĩnh Tuy,Sông Kim Ngưu,Vĩnh Tuy,,
Ngách 95/121 Phố Kim Ngưu - Vĩnh Tuy,Sông Kim Ngưu,Vĩnh Tuy,,
Ngõ 121 Phố Kim Ngưu - Vĩnh Tuy,Sông Kim Ngưu,Vĩnh Tuy,,
Ngõ 121/3/36 Phố Kim Ngưu - Vĩnh Tuy,Sông Kim Ngưu,Vĩnh Tuy,,
Ngõ 203 Phố Kim Ngưu - Vĩnh Tuy,Sông Kim Ngưu,Vĩnh Tuy,,
Ngõ 325 Phố Kim Ngưu - Vĩnh Tuy,Sông Kim Ngưu,Vĩnh Tuy,,
Ngõ 343 Phố Kim Ngưu - Vĩnh Tuy,Sông Kim Ngưu,Vĩnh Tuy,,
Ngõ 433 Phố Kim Ngưu - Vĩnh Tuy,Sông Kim Ngưu,Vĩnh Tuy,,
Ngõ 477 Phố Kim Ngưu - Vĩnh Tuy,Sông Kim Ngưu,Vĩnh Tuy,,
Ngõ 487 Phố Kim Ngưu - Vĩnh Tuy,Sông Kim Ngưu,Vĩnh Tuy,,
Ngõ 559 Phố Kim Ngưu - Vĩnh Tuy,Sông Kim Ngưu,Vĩnh Tuy,,
Ngõ 583 Phố Kim Ngưu - Vĩnh Tuy,Sông Kim Ngưu,Vĩnh Tuy,,
Ngõ 641 Phố Kim Ngưu - Vĩnh Tuy,Sông Kim Ngưu,Vĩnh Tuy,,
Ngõ 647 Phố Kim Ngưu - Vĩnh Tuy,Sông Kim Ngưu,Vĩnh Tuy,,
Phố Kim Ngưu - Vĩnh Tuy,Sông Kim Ngưu,Vĩnh Tuy,,
Đường Tam Trinh - Vĩnh Tuy,Tam Trinh,Vĩnh Tuy,,TRUE
Ngách 139/22 Đường Tam Trinh - Vĩnh Tuy,Tam Trinh,Vĩnh Tuy,,TRUE
Ngách 139/35 Đường Tam Trinh - Vĩnh Tuy,Tam Trinh,Vĩnh Tuy,,TRUE
Ngách 139/49 Đường Tam Trinh - Vĩnh Tuy,Tam Trinh,Vĩnh Tuy,,TRUE
Ngõ 119 Đường Tam Trinh - Vĩnh Tuy,Tam Trinh,Vĩnh Tuy,,TRUE
Ngõ 131 Đường Tam Trinh - Vĩnh Tuy,Tam Trinh,Vĩnh Tuy,,TRUE
Ngõ 139 Đường Tam Trinh - Vĩnh Tuy,Tam Trinh,Vĩnh Tuy,,TRUE
Ngõ 173 Đường Tam Trinh - Vĩnh Tuy,Tam Trinh,Vĩnh Tuy,,TRUE
Ngõ 175 Đường Tam Trinh - Vĩnh Tuy,Tam Trinh,Vĩnh Tuy,,TRUE
Ngõ 75 Đường Tam Trinh - Vĩnh Tuy,Tam Trinh,Vĩnh Tuy,,TRUE
Ngõ 87 Đường Tam Trinh - Vĩnh Tuy,Tam Trinh,Vĩnh Tuy,,TRUE
Ngõ 87 Tam Trinh - Vĩnh Tuy,Tam Trinh,Vĩnh Tuy,,TRUE
Ngách 1/1 Phố Tân Khai - Vĩnh Tuy,Tân Khai,Vĩnh Tuy,,
Ngách 1/2 Phố Tân Khai - Vĩnh Tuy,Tân Khai,Vĩnh Tuy,,
Ngách 1/31 Phố Tân Khai - Vĩnh Tuy,Tân Khai,Vĩnh Tuy,,
Ngách 1/36 Phố Tân Khai - Vĩnh Tuy,Tân Khai,Vĩnh Tuy,,
Ngách 3/1 Phố Tân Khai - Vĩnh Tuy,Tân Khai,Vĩnh Tuy,,
Ngách 3/2 Phố Tân Khai - Vĩnh Tuy,Tân Khai,Vĩnh Tuy,,
Ngõ 1 Phố Tân Khai - Vĩnh Tuy,Tân Khai,Vĩnh Tuy,,
Ngõ 3 Phố Tân Khai - Vĩnh Tuy,Tân Khai,Vĩnh Tuy,,
Phố Tân Khai - Vĩnh Tuy,Tân Khai,Vĩnh Tuy,,
Ngõ Thanh Lương 1 - Vĩnh Tuy,Thanh Lương,Vĩnh Tuy,,
Đê Trần Khát Chân - Vĩnh Tuy,Trần Khát Chân,Vĩnh Tuy,,TRUE
Đường Trần Khát Chân - Vĩnh Tuy,Trần Khát Chân,Vĩnh Tuy,"Đường Trần Khát Chân là một phần của đường Vành đai 1, vốn nằm trên đoạn phía Nam của đê La Thành thuộc thành Đại La xưa. Trước đây, tuyến phố này là một con đê đất cao, chạy song song với sông Kim Ngưu ở phía Nam, vốn đã bị lấp và cống hóa trong khoảng thập niên 1980–1990. Đê La Thành từng uốn lượn từ khoảng số nhà 424, chếch lên Đông, đi theo ngõ 272 rồi vòng xuống Ô Đống Mác tại số 260, đến khoảng năm 1985 thì đoạn Trần Khát Chân được nắn thẳng như ngày nay. Hiện vẫn còn một đoạn ngõ cốt cao độ cao hơn so với mặt đường. Đoạn từ Ô Đống Mác đến đê Nguyễn Khoái được mở rộng và hoàn thiện vào năm 2016.",TRUE
Ngách 143/6 Đê Trần Khát Chân - Vĩnh Tuy,Trần Khát Chân,Vĩnh Tuy,,TRUE
Ngách 184/153 Đê Trần Khát Chân - Vĩnh Tuy,Trần Khát Chân,Vĩnh Tuy,,TRUE
Ngách 184/25 Đê Trần Khát Chân - Vĩnh Tuy,Trần Khát Chân,Vĩnh Tuy,,TRUE
Ngách 184A/38 Đê Trần Khát Chân - Vĩnh Tuy,Trần Khát Chân,Vĩnh Tuy,,TRUE
Ngách 73/11 Đê Trần Khát Chân - Vĩnh Tuy,Trần Khát Chân,Vĩnh Tuy,,TRUE
Ngõ 107 Đường Trần Khát Chân - Vĩnh Tuy,Trần Khát Chân,Vĩnh Tuy,,TRUE
Ngõ 109 Đê Trần Khát Chân - Vĩnh Tuy,Trần Khát Chân,Vĩnh Tuy,,TRUE
Ngõ 129B Đê Trần Khát Chân - Vĩnh Tuy,Trần Khát Chân,Vĩnh Tuy,,TRUE
Ngõ 143 Đê Trần Khát Chân - Vĩnh Tuy,Trần Khát Chân,Vĩnh Tuy,,TRUE
Ngõ 184 Đê Trần Khát Chân - Vĩnh Tuy,Trần Khát Chân,Vĩnh Tuy,,TRUE
Ngõ 184A Đê Trần Khát Chân - Vĩnh Tuy,Trần Khát Chân,Vĩnh Tuy,,TRUE
Ngõ 2 Đê Trần Khát Chân - Vĩnh Tuy,Trần Khát Chân,Vĩnh Tuy,,TRUE
Ngõ 3 Đường Trần Khát Chân - Vĩnh Tuy,Trần Khát Chân,Vĩnh Tuy,,TRUE
Ngõ 43 Đường Trần Khát Chân - Vĩnh Tuy,Trần Khát Chân,Vĩnh Tuy,,TRUE
Ngõ 49 Đường Trần Khát Chân - Vĩnh Tuy,Trần Khát Chân,Vĩnh Tuy,,TRUE
Ngõ 73 Đê Trần Khát Chân - Vĩnh Tuy,Trần Khát Chân,Vĩnh Tuy,,TRUE
Trần Khát Chân - Vĩnh Tuy,Trần Khát Chân,Vĩnh Tuy,,TRUE
Ngõ 27 Phố Vĩnh Tuy - Vĩnh Tuy,Vĩnh Tuy,Vĩnh Tuy,,
Ngõ 29 Phố Vĩnh Tuy - Vĩnh Tuy,Vĩnh Tuy,Vĩnh Tuy,,
Ngõ 34 Phố Vĩnh Tuy - Vĩnh Tuy,Vĩnh Tuy,Vĩnh Tuy,,
Ngõ 57 Phố Vĩnh Tuy - Vĩnh Tuy,Vĩnh Tuy,Vĩnh Tuy,,
Phố Vĩnh Tuy - Vĩnh Tuy,Vĩnh Tuy,Vĩnh Tuy,,
Ngách 26/25 Phố Yên Lạc - Vĩnh Tuy,Yên Lạc,Vĩnh Tuy,,
Ngách 26/9 Phố Yên Lạc - Vĩnh Tuy,Yên Lạc,Vĩnh Tuy,,
Ngõ 116 Phố Yên Lạc - Vĩnh Tuy,Yên Lạc,Vĩnh Tuy,,
Ngõ 26 Phố Yên Lạc - Vĩnh Tuy,Yên Lạc,Vĩnh Tuy,,
Ngõ 4 Phố Yên Lạc - Vĩnh Tuy,Yên Lạc,Vĩnh Tuy,,
Ngõ 4B Phố Yên Lạc - Vĩnh Tuy,Yên Lạc,Vĩnh Tuy,,
Ngõ 52 Phố Yên Lạc - Vĩnh Tuy,Yên Lạc,Vĩnh Tuy,,
Ngõ 60 Phố Yên Lạc - Vĩnh Tuy,Yên Lạc,Vĩnh Tuy,,
Ngõ 64 Phố Yên Lạc - Vĩnh Tuy,Yên Lạc,Vĩnh Tuy,,
Ngõ 66 Phố Yên Lạc - Vĩnh Tuy,Yên Lạc,Vĩnh Tuy,,
Ngõ 90 Phố Yên Lạc - Vĩnh Tuy,Yên Lạc,Vĩnh Tuy,,
Phố Yên Lạc - Vĩnh Tuy,Yên Lạc,Vĩnh Tuy,,
Hẻm 1/2/1 Phố Đỗ Nhuận - Xuân Đỉnh,Đỗ Nhuận,Xuân Đỉnh,,
Hẻm 1/2/5 Phố Đỗ Nhuận - Xuân Đỉnh,Đỗ Nhuận,Xuân Đỉnh,,
Ngách 1/2 Phố Đỗ Nhuận - Xuân Đỉnh,Đỗ Nhuận,Xuân Đỉnh,,
Ngõ 1 Phố Đỗ Nhuận - Xuân Đỉnh,Đỗ Nhuận,Xuân Đỉnh,,
Ngõ 3 Phố Đỗ Nhuận - Xuân Đỉnh,Đỗ Nhuận,Xuân Đỉnh,,
Phố Đỗ Nhuận - Xuân Đỉnh,Đỗ Nhuận,Xuân Đỉnh,,
Phố Doãn Khuê - Xuân Đỉnh,Doãn Khuê,Xuân Đỉnh,,
Đường Hoàng Minh Thảo - Xuân Đỉnh,Hoàng Minh Thảo,Xuân Đỉnh,,
Phố Lộc - Xuân Đỉnh,Lộc,Xuân Đỉnh,,
Phố Lưu Cơ - Xuân Đỉnh,Lưu Cơ,Xuân Đỉnh,,
Phố Minh Tảo - Xuân Đỉnh,Minh Tảo,Xuân Đỉnh,,
Phố Nguyễn Duy Thì - Xuân Đỉnh,Nguyễn Duy Thì,Xuân Đỉnh,,
Đường Nguyễn Hoàng Tôn - Xuân Đỉnh,Nguyễn Hoàng Tôn,Xuân Đỉnh,,
Ngõ 205 Đường Nguyễn Hoàng Tôn - Xuân Đỉnh,Nguyễn Hoàng Tôn,Xuân Đỉnh,,
Ngõ 527 Phố Nguyễn Hoàng Tôn - Xuân Đỉnh,Nguyễn Hoàng Tôn,Xuân Đỉnh,,
Ngõ 555 Phố Nguyễn Hoàng Tôn - Xuân Đỉnh,Nguyễn Hoàng Tôn,Xuân Đỉnh,,
Ngõ 569 Đường Nguyễn Hoàng Tôn - Xuân Đỉnh,Nguyễn Hoàng Tôn,Xuân Đỉnh,,
Ngõ 569 Phố Nguyễn Hoàng Tôn - Xuân Đỉnh,Nguyễn Hoàng Tôn,Xuân Đỉnh,,
Ngõ 585 Phố Nguyễn Hoàng Tôn - Xuân Đỉnh,Nguyễn Hoàng Tôn,Xuân Đỉnh,,
Ngõ 587 Phố Nguyễn Hoàng Tôn - Xuân Đỉnh,Nguyễn Hoàng Tôn,Xuân Đỉnh,,
Ngõ 589 Phố Nguyễn Hoàng Tôn - Xuân Đỉnh,Nguyễn Hoàng Tôn,Xuân Đỉnh,,
Ngõ 597 Phố Nguyễn Hoàng Tôn - Xuân Đỉnh,Nguyễn Hoàng Tôn,Xuân Đỉnh,,
Ngõ 613 Phố Nguyễn Hoàng Tôn - Xuân Đỉnh,Nguyễn Hoàng Tôn,Xuân Đỉnh,,
Ngõ 631 Phố Nguyễn Hoàng Tôn - Xuân Đỉnh,Nguyễn Hoàng Tôn,Xuân Đỉnh,,
Ngõ 655 Phố Nguyễn Hoàng Tôn - Xuân Đỉnh,Nguyễn Hoàng Tôn,Xuân Đỉnh,,
Ngõ 657 Phố Nguyễn Hoàng Tôn - Xuân Đỉnh,Nguyễn Hoàng Tôn,Xuân Đỉnh,,
Ngõ 659 Phố Nguyễn Hoàng Tôn - Xuân Đỉnh,Nguyễn Hoàng Tôn,Xuân Đỉnh,,
Ngõ 669 Phố Nguyễn Hoàng Tôn - Xuân Đỉnh,Nguyễn Hoàng Tôn,Xuân Đỉnh,,
Ngõ 697 Phố Nguyễn Hoàng Tôn - Xuân Đỉnh,Nguyễn Hoàng Tôn,Xuân Đỉnh,,
Ngõ 729 Phố Nguyễn Hoàng Tôn - Xuân Đỉnh,Nguyễn Hoàng Tôn,Xuân Đỉnh,,
Phố Nguyễn Hữu Liêu - Xuân Đỉnh,Nguyễn Hữu Liêu,Xuân Đỉnh,,
Đường Nguyễn Phúc Chu - Xuân Đỉnh,Nguyễn Phúc Chu,Xuân Đỉnh,,
Phố Nguyễn Xuân Khoát - Xuân Đỉnh,Nguyễn Xuân Khoát,Xuân Đỉnh,,
Đường Phạm Văn Đồng - Xuân Đỉnh,Phạm Văn Đồng,Xuân Đỉnh,,
Ngách 191/1 Đường Phạm Văn Đồng - Xuân Đỉnh,Phạm Văn Đồng,Xuân Đỉnh,,
Ngách 337/5 Đường Phạm Văn Đồng - Xuân Đỉnh,Phạm Văn Đồng,Xuân Đỉnh,,
Ngách 397/2 Đường Phạm Văn Đồng - Xuân Đỉnh,Phạm Văn Đồng,Xuân Đỉnh,,
Ngách 95/36 Đường Phạm Văn Đồng - Xuân Đỉnh,Phạm Văn Đồng,Xuân Đỉnh,,
Ngõ 165 Đường Phạm Văn Đồng - Xuân Đỉnh,Phạm Văn Đồng,Xuân Đỉnh,,
Ngõ 177 Đường Phạm Văn Đồng - Xuân Đỉnh,Phạm Văn Đồng,Xuân Đỉnh,,
Ngõ 187 Đường Phạm Văn Đồng - Xuân Đỉnh,Phạm Văn Đồng,Xuân Đỉnh,,
Ngõ 191 Đường Phạm Văn Đồng - Xuân Đỉnh,Phạm Văn Đồng,Xuân Đỉnh,,
Ngõ 217 Đường Phạm Văn Đồng - Xuân Đỉnh,Phạm Văn Đồng,Xuân Đỉnh,,
Ngõ 251 Đường Phạm Văn Đồng - Xuân Đỉnh,Phạm Văn Đồng,Xuân Đỉnh,,
Ngõ 307 Đường Phạm Văn Đồng - Xuân Đỉnh,Phạm Văn Đồng,Xuân Đỉnh,,
Ngõ 337 Đường Phạm Văn Đồng - Xuân Đỉnh,Phạm Văn Đồng,Xuân Đỉnh,,
Ngõ 397 Đường Phạm Văn Đồng - Xuân Đỉnh,Phạm Văn Đồng,Xuân Đỉnh,,
Ngõ 443 Đường Phạm Văn Đồng - Xuân Đỉnh,Phạm Văn Đồng,Xuân Đỉnh,,
Ngõ 447 Đường Phạm Văn Đồng - Xuân Đỉnh,Phạm Văn Đồng,Xuân Đỉnh,,
Ngõ 467 Đường Phạm Văn Đồng - Xuân Đỉnh,Phạm Văn Đồng,Xuân Đỉnh,,
Ngõ 523 Đường Phạm Văn Đồng - Xuân Đỉnh,Phạm Văn Đồng,Xuân Đỉnh,,
Ngõ 579 Đường Phạm Văn Đồng - Xuân Đỉnh,Phạm Văn Đồng,Xuân Đỉnh,,
Ngõ 95 Đường Phạm Văn Đồng - Xuân Đỉnh,Phạm Văn Đồng,Xuân Đỉnh,,
Hẻm 488/22/25 Phố Trần Cung - Xuân Đỉnh,Trần Cung,Xuân Đỉnh,,
Hẻm 488/22/6 Phố Trần Cung - Xuân Đỉnh,Trần Cung,Xuân Đỉnh,,
Hẻm 546/23/2 Phố Trần Cung - Xuân Đỉnh,Trần Cung,Xuân Đỉnh,,
Hẻm 546/45/2 Phố Trần Cung - Xuân Đỉnh,Trần Cung,Xuân Đỉnh,,
Ngách 488/22 Phố Trần Cung - Xuân Đỉnh,Trần Cung,Xuân Đỉnh,,
Ngách 514/32 Phố Trần Cung - Xuân Đỉnh,Trần Cung,Xuân Đỉnh,,
Ngách 514/34 Phố Trần Cung - Xuân Đỉnh,Trần Cung,Xuân Đỉnh,,
Ngách 546/23 Phố Trần Cung - Xuân Đỉnh,Trần Cung,Xuân Đỉnh,,
Ngách 546/32 Phố Trần Cung - Xuân Đỉnh,Trần Cung,Xuân Đỉnh,,
Ngách 546/4 Phố Trần Cung - Xuân Đỉnh,Trần Cung,Xuân Đỉnh,,
Ngách 546/44 Phố Trần Cung - Xuân Đỉnh,Trần Cung,Xuân Đỉnh,,
Ngách 546/45 Phố Trần Cung - Xuân Đỉnh,Trần Cung,Xuân Đỉnh,,
Ngách 546/60 Phố Trần Cung - Xuân Đỉnh,Trần Cung,Xuân Đỉnh,,
Ngách 562/17 Phố Trần Cung - Xuân Đỉnh,Trần Cung,Xuân Đỉnh,,
Ngõ 319 Phố Trần Cung - Xuân Đỉnh,Trần Cung,Xuân Đỉnh,,
Ngõ 488 Phố Trần Cung - Xuân Đỉnh,Trần Cung,Xuân Đỉnh,,
Ngõ 514 Phố Trần Cung - Xuân Đỉnh,Trần Cung,Xuân Đỉnh,,
Ngõ 546 Phố Trần Cung - Xuân Đỉnh,Trần Cung,Xuân Đỉnh,,
Ngõ 562 Phố Trần Cung - Xuân Đỉnh,Trần Cung,Xuân Đỉnh,,
Đường Võ Chí Công - Xuân Đỉnh,Võ Chí Công,Xuân Đỉnh,,
Ngõ 123 Đường Võ Chí Công - Xuân Đỉnh,Võ Chí Công,Xuân Đỉnh,,
Ngõ 127 Võ Chí Công - Xuân Đỉnh,Võ Chí Công,Xuân Đỉnh,,
Đường Xuân Đỉnh - Xuân Đỉnh,Xuân Đỉnh,Xuân Đỉnh,,
Hẻm 126/83/7 Đường Xuân Đỉnh - Xuân Đỉnh,Xuân Đỉnh,Xuân Đỉnh,,
Hẻm 2/51/1 Đường Xuân Đỉnh - Xuân Đỉnh,Xuân Đỉnh,Xuân Đỉnh,,
Hẻm 2/51/14 Đường Xuân Đỉnh - Xuân Đỉnh,Xuân Đỉnh,Xuân Đỉnh,,
Hẻm 2/51/8 Đường Xuân Đỉnh - Xuân Đỉnh,Xuân Đỉnh,Xuân Đỉnh,,
Hẻm 205/123/1 Đường Xuân Đỉnh - Xuân Đỉnh,Xuân Đỉnh,Xuân Đỉnh,,
Hẻm 205/123/3 Đường Xuân Đỉnh - Xuân Đỉnh,Xuân Đỉnh,Xuân Đỉnh,,
Hẻm 205/123/8 Đường Xuân Đỉnh - Xuân Đỉnh,Xuân Đỉnh,Xuân Đỉnh,,
Hẻm 205/165/42 Đường Xuân Đỉnh - Xuân Đỉnh,Xuân Đỉnh,Xuân Đỉnh,,
Hẻm 205/37/32 Đường Xuân Đỉnh - Xuân Đỉnh,Xuân Đỉnh,Xuân Đỉnh,,
Hẻm 205/53/27 Đường Xuân Đỉnh - Xuân Đỉnh,Xuân Đỉnh,Xuân Đỉnh,,
Hẻm 205/53/51 Đường Xuân Đỉnh - Xuân Đỉnh,Xuân Đỉnh,Xuân Đỉnh,,
Hẻm 205/53/54 Đường Xuân Đỉnh - Xuân Đỉnh,Xuân Đỉnh,Xuân Đỉnh,,
Hẻm 205/59/16 Đường Xuân Đỉnh - Xuân Đỉnh,Xuân Đỉnh,Xuân Đỉnh,,
Hẻm 205/78/2 Đường Xuân Đỉnh - Xuân Đỉnh,Xuân Đỉnh,Xuân Đỉnh,,
Hẻm 205/78/5 Đường Xuân Đỉnh - Xuân Đỉnh,Xuân Đỉnh,Xuân Đỉnh,,
Hẻm 205/91/11 Đường Xuân Đỉnh - Xuân Đỉnh,Xuân Đỉnh,Xuân Đỉnh,,
Hẻm 207/103/3 Đường Xuân Đỉnh - Xuân Đỉnh,Xuân Đỉnh,Xuân Đỉnh,,
Hẻm 207/103/9 Đường Xuân Đỉnh - Xuân Đỉnh,Xuân Đỉnh,Xuân Đỉnh,,
Hẻm 333/40/6 Đường Xuân Đỉnh - Xuân Đỉnh,Xuân Đỉnh,Xuân Đỉnh,,
Ngách 117/28 Đường Xuân Đỉnh - Xuân Đỉnh,Xuân Đỉnh,Xuân Đỉnh,,
Ngách 117/47 Đường Xuân Đỉnh - Xuân Đỉnh,Xuân Đỉnh,Xuân Đỉnh,,
Ngách 147/59 Đường Xuân Đỉnh - Xuân Đỉnh,Xuân Đỉnh,Xuân Đỉnh,,
Ngách 2/29 Đường Xuân Đỉnh - Xuân Đỉnh,Xuân Đỉnh,Xuân Đỉnh,,
Ngách 2/51 Đường Xuân Đỉnh - Xuân Đỉnh,Xuân Đỉnh,Xuân Đỉnh,,
Ngách 205/123 Đường Xuân Đỉnh - Xuân Đỉnh,Xuân Đỉnh,Xuân Đỉnh,,
Ngách 205/140 Đường Xuân Đỉnh - Xuân Đỉnh,Xuân Đỉnh,Xuân Đỉnh,,
Ngách 205/142 Đường Xuân Đỉnh - Xuân Đỉnh,Xuân Đỉnh,Xuân Đỉnh,,
Ngách 205/157 Đường Xuân Đỉnh - Xuân Đỉnh,Xuân Đỉnh,Xuân Đỉnh,,
Ngách 205/165 Đường Xuân Đỉnh - Xuân Đỉnh,Xuân Đỉnh,Xuân Đỉnh,,
Ngách 205/174 Đường Xuân Đỉnh - Xuân Đỉnh,Xuân Đỉnh,Xuân Đỉnh,,
Ngách 205/177 Đường Xuân Đỉnh - Xuân Đỉnh,Xuân Đỉnh,Xuân Đỉnh,,
Ngách 205/186 Đường Xuân Đỉnh - Xuân Đỉnh,Xuân Đỉnh,Xuân Đỉnh,,
Ngách 205/189 Đường Xuân Đỉnh - Xuân Đỉnh,Xuân Đỉnh,Xuân Đỉnh,,
Ngách 205/193 Đường Xuân Đỉnh - Xuân Đỉnh,Xuân Đỉnh,Xuân Đỉnh,,
Ngách 205/196 Đường Xuân Đỉnh - Xuân Đỉnh,Xuân Đỉnh,Xuân Đỉnh,,
Ngách 205/200 Đường Xuân Đỉnh - Xuân Đỉnh,Xuân Đỉnh,Xuân Đỉnh,,
Ngách 205/207 Đường Xuân Đỉnh - Xuân Đỉnh,Xuân Đỉnh,Xuân Đỉnh,,
Ngách 205/37 Đường Xuân Đỉnh - Xuân Đỉnh,Xuân Đỉnh,Xuân Đỉnh,,
Ngách 205/53 Đường Xuân Đỉnh - Xuân Đỉnh,Xuân Đỉnh,Xuân Đỉnh,,
Ngách 205/59 Đường Xuân Đỉnh - Xuân Đỉnh,Xuân Đỉnh,Xuân Đỉnh,,
Ngách 205/78 Đường Xuân Đỉnh - Xuân Đỉnh,Xuân Đỉnh,Xuân Đỉnh,,
Ngách 205/91 Đường Xuân Đỉnh - Xuân Đỉnh,Xuân Đỉnh,Xuân Đỉnh,,
Ngách 207/103 Đường Xuân Đỉnh - Xuân Đỉnh,Xuân Đỉnh,Xuân Đỉnh,,
Ngách 207/135 Đường Xuân Đỉnh - Xuân Đỉnh,Xuân Đỉnh,Xuân Đỉnh,,
Ngách 207/167 Đường Xuân Đỉnh - Xuân Đỉnh,Xuân Đỉnh,Xuân Đỉnh,,
Ngách 207/65 Đường Xuân Đỉnh - Xuân Đỉnh,Xuân Đỉnh,Xuân Đỉnh,,
Ngách 207/66 Đường Xuân Đỉnh - Xuân Đỉnh,Xuân Đỉnh,Xuân Đỉnh,,
Ngách 207/70 Đường Xuân Đỉnh - Xuân Đỉnh,Xuân Đỉnh,Xuân Đỉnh,,
Ngách 207/84 Đường Xuân Đỉnh - Xuân Đỉnh,Xuân Đỉnh,Xuân Đỉnh,,
Ngách 256/15 Đường Xuân Đỉnh - Xuân Đỉnh,Xuân Đỉnh,Xuân Đỉnh,,
Ngách 323/61 Đường Xuân Đỉnh - Xuân Đỉnh,Xuân Đỉnh,Xuân Đỉnh,,
Ngách 323/67 Đường Xuân Đỉnh - Xuân Đỉnh,Xuân Đỉnh,Xuân Đỉnh,,
Ngách 323/75 Đường Xuân Đỉnh - Xuân Đỉnh,Xuân Đỉnh,Xuân Đỉnh,,
Ngách 323/83 Đường Xuân Đỉnh - Xuân Đỉnh,Xuân Đỉnh,Xuân Đỉnh,,
Ngách 333/17 Đường Xuân Đỉnh - Xuân Đỉnh,Xuân Đỉnh,Xuân Đỉnh,,
Ngách 333/33 Đường Xuân Đỉnh - Xuân Đỉnh,Xuân Đỉnh,Xuân Đỉnh,,
Ngách 333/48 Đường Xuân Đỉnh - Xuân Đỉnh,Xuân Đỉnh,Xuân Đỉnh,,
Ngách 355/49 Đường Xuân Đỉnh - Xuân Đỉnh,Xuân Đỉnh,Xuân Đỉnh,,
Ngách 401/123 Đường Xuân Đỉnh - Xuân Đỉnh,Xuân Đỉnh,Xuân Đỉnh,,
Ngách 401/21 Đường Xuân Đỉnh - Xuân Đỉnh,Xuân Đỉnh,Xuân Đỉnh,,
Ngách 401/72 Đường Xuân Đỉnh - Xuân Đỉnh,Xuân Đỉnh,Xuân Đỉnh,,
Ngách 42/33 Đường Xuân Đỉnh - Xuân Đỉnh,Xuân Đỉnh,Xuân Đỉnh,,
Ngách 42/40 Đường Xuân Đỉnh - Xuân Đỉnh,Xuân Đỉnh,Xuân Đỉnh,,
Ngách 42/52 Đường Xuân Đỉnh - Xuân Đỉnh,Xuân Đỉnh,Xuân Đỉnh,,
Ngách 42/53 Đường Xuân Đỉnh - Xuân Đỉnh,Xuân Đỉnh,Xuân Đỉnh,,
Ngách 435/78 Đường Xuân Đỉnh - Xuân Đỉnh,Xuân Đỉnh,Xuân Đỉnh,,
Ngách 477/2 Đường Xuân Đỉnh - Xuân Đỉnh,Xuân Đỉnh,Xuân Đỉnh,,
Ngách 542/5 Đường Xuân Đỉnh - Xuân Đỉnh,Xuân Đỉnh,Xuân Đỉnh,,
Ngách 545/19 Đường Xuân Đỉnh - Xuân Đỉnh,Xuân Đỉnh,Xuân Đỉnh,,
Ngách 75/58 Đường Xuân Đỉnh - Xuân Đỉnh,Xuân Đỉnh,Xuân Đỉnh,,
Ngách 75/66 Đường Xuân Đỉnh - Xuân Đỉnh,Xuân Đỉnh,Xuân Đỉnh,,
Ngõ 1 Đường Xuân Đỉnh - Xuân Đỉnh,Xuân Đỉnh,Xuân Đỉnh,,
Ngõ 107 Đường Xuân Đỉnh - Xuân Đỉnh,Xuân Đỉnh,Xuân Đỉnh,,
Ngõ 108 Đường Xuân Đỉnh - Xuân Đỉnh,Xuân Đỉnh,Xuân Đỉnh,,
Ngõ 117 Đường Xuân Đỉnh - Xuân Đỉnh,Xuân Đỉnh,Xuân Đỉnh,,
Ngõ 125 Đường Xuân Đỉnh - Xuân Đỉnh,Xuân Đỉnh,Xuân Đỉnh,,
Ngõ 126 Đường Xuân Đỉnh - Xuân Đỉnh,Xuân Đỉnh,Xuân Đỉnh,,
Ngõ 133 Đường Xuân Đỉnh - Xuân Đỉnh,Xuân Đỉnh,Xuân Đỉnh,,
Ngõ 147 Đường Xuân Đỉnh - Xuân Đỉnh,Xuân Đỉnh,Xuân Đỉnh,,
Ngõ 152 Đường Xuân Đỉnh - Xuân Đỉnh,Xuân Đỉnh,Xuân Đỉnh,,
Ngõ 155 Đường Xuân Đỉnh - Xuân Đỉnh,Xuân Đỉnh,Xuân Đỉnh,,
Ngõ 167 Đường Xuân Đỉnh - Xuân Đỉnh,Xuân Đỉnh,Xuân Đỉnh,,
Ngõ 172 Đường Xuân Đỉnh - Xuân Đỉnh,Xuân Đỉnh,Xuân Đỉnh,,
Ngõ 176 Đường Xuân Đỉnh - Xuân Đỉnh,Xuân Đỉnh,Xuân Đỉnh,,
Ngõ 185 Đường Xuân Đỉnh - Xuân Đỉnh,Xuân Đỉnh,Xuân Đỉnh,,
Ngõ 187 Đường Xuân Đỉnh - Xuân Đỉnh,Xuân Đỉnh,Xuân Đỉnh,,
Ngõ 190 Đường Xuân Đỉnh - Xuân Đỉnh,Xuân Đỉnh,Xuân Đỉnh,,
Ngõ 2 Đường Xuân Đỉnh - Xuân Đỉnh,Xuân Đỉnh,Xuân Đỉnh,,
Ngõ 205 + 207 Đường Xuân Đỉnh - Xuân Đỉnh,Xuân Đỉnh,Xuân Đỉnh,,
Ngõ 205 Đường Xuân Đỉnh - Xuân Đỉnh,Xuân Đỉnh,Xuân Đỉnh,,
Ngõ 207 Đường Xuân Đỉnh - Xuân Đỉnh,Xuân Đỉnh,Xuân Đỉnh,,
Ngõ 21 Đường Xuân Đỉnh - Xuân Đỉnh,Xuân Đỉnh,Xuân Đỉnh,,
Ngõ 214 Đường Xuân Đỉnh - Xuân Đỉnh,Xuân Đỉnh,Xuân Đỉnh,,
Ngõ 223 Đường Xuân Đỉnh - Xuân Đỉnh,Xuân Đỉnh,Xuân Đỉnh,,
Ngõ 24 Đường Xuân Đỉnh - Xuân Đỉnh,Xuân Đỉnh,Xuân Đỉnh,,
Ngõ 245 Đường Xuân Đỉnh - Xuân Đỉnh,Xuân Đỉnh,Xuân Đỉnh,,
Ngõ 246 Đường Xuân Đỉnh - Xuân Đỉnh,Xuân Đỉnh,Xuân Đỉnh,,
Ngõ 256 Đường Xuân Đỉnh - Xuân Đỉnh,Xuân Đỉnh,Xuân Đỉnh,,
Ngõ 261 Đường Xuân Đỉnh - Xuân Đỉnh,Xuân Đỉnh,Xuân Đỉnh,,
Ngõ 268 Đường Xuân Đỉnh - Xuân Đỉnh,Xuân Đỉnh,Xuân Đỉnh,,
Ngõ 277 Đường Xuân Đỉnh - Xuân Đỉnh,Xuân Đỉnh,Xuân Đỉnh,,
Ngõ 287 Đường Xuân Đỉnh - Xuân Đỉnh,Xuân Đỉnh,Xuân Đỉnh,,
Ngõ 29 Đường Xuân Đỉnh - Xuân Đỉnh,Xuân Đỉnh,Xuân Đỉnh,,
Ngõ 290 Đường Xuân Đỉnh - Xuân Đỉnh,Xuân Đỉnh,Xuân Đỉnh,,
Ngõ 301 Đường Xuân Đỉnh - Xuân Đỉnh,Xuân Đỉnh,Xuân Đỉnh,,
Ngõ 306 Đường Xuân Đỉnh - Xuân Đỉnh,Xuân Đỉnh,Xuân Đỉnh,,
Ngõ 315 Đường Xuân Đỉnh - Xuân Đỉnh,Xuân Đỉnh,Xuân Đỉnh,,
Ngõ 316 Đường Xuân Đỉnh - Xuân Đỉnh,Xuân Đỉnh,Xuân Đỉnh,,
Ngõ 322 Đường Xuân Đỉnh - Xuân Đỉnh,Xuân Đỉnh,Xuân Đỉnh,,
Ngõ 323 Đường Xuân Đỉnh - Xuân Đỉnh,Xuân Đỉnh,Xuân Đỉnh,,
Ngõ 324 Đường Xuân Đỉnh - Xuân Đỉnh,Xuân Đỉnh,Xuân Đỉnh,,
Ngõ 33 Đường Xuân Đỉnh - Xuân Đỉnh,Xuân Đỉnh,Xuân Đỉnh,,
Ngõ 333 Đường Xuân Đỉnh - Xuân Đỉnh,Xuân Đỉnh,Xuân Đỉnh,,
Ngõ 333/40 Đường Xuân Đỉnh - Xuân Đỉnh,Xuân Đỉnh,Xuân Đỉnh,,
Ngõ 333/40/16 Đường Xuân Đỉnh - Xuân Đỉnh,Xuân Đỉnh,Xuân Đỉnh,,
Ngõ 355 Đường Xuân Đỉnh - Xuân Đỉnh,Xuân Đỉnh,Xuân Đỉnh,,
Ngõ 380 Đường Xuân Đỉnh - Xuân Đỉnh,Xuân Đỉnh,Xuân Đỉnh,,
Ngõ 401 Đường Xuân Đỉnh - Xuân Đỉnh,Xuân Đỉnh,Xuân Đỉnh,,
Ngõ 408 Đường Xuân Đỉnh - Xuân Đỉnh,Xuân Đỉnh,Xuân Đỉnh,,
Ngõ 42 Đường Xuân Đỉnh - Xuân Đỉnh,Xuân Đỉnh,Xuân Đỉnh,,
Ngõ 421 Đường Xuân Đỉnh - Xuân Đỉnh,Xuân Đỉnh,Xuân Đỉnh,,
Ngõ 435 Đường Xuân Đỉnh - Xuân Đỉnh,Xuân Đỉnh,Xuân Đỉnh,,
Ngõ 457 Đường Xuân Đỉnh - Xuân Đỉnh,Xuân Đỉnh,Xuân Đỉnh,,
Ngõ 46 Đường Xuân Đỉnh - Xuân Đỉnh,Xuân Đỉnh,Xuân Đỉnh,,
Ngõ 477 Đường Xuân Đỉnh - Xuân Đỉnh,Xuân Đỉnh,Xuân Đỉnh,,
Ngõ 485 Đường Xuân Đỉnh - Xuân Đỉnh,Xuân Đỉnh,Xuân Đỉnh,,
Ngõ 486 Đường Xuân Đỉnh - Xuân Đỉnh,Xuân Đỉnh,Xuân Đỉnh,,
Ngõ 495 Đường Xuân Đỉnh - Xuân Đỉnh,Xuân Đỉnh,Xuân Đỉnh,,
Ngõ 513 Đường Xuân Đỉnh - Xuân Đỉnh,Xuân Đỉnh,Xuân Đỉnh,,
Ngõ 519 Đường Xuân Đỉnh - Xuân Đỉnh,Xuân Đỉnh,Xuân Đỉnh,,
Ngõ 53 Đường Xuân Đỉnh - Xuân Đỉnh,Xuân Đỉnh,Xuân Đỉnh,,
Ngõ 542 Đường Xuân Đỉnh - Xuân Đỉnh,Xuân Đỉnh,Xuân Đỉnh,,
Ngõ 545 Đường Xuân Đỉnh - Xuân Đỉnh,Xuân Đỉnh,Xuân Đỉnh,,
Ngõ 554 Đường Xuân Đỉnh - Xuân Đỉnh,Xuân Đỉnh,Xuân Đỉnh,,
Ngõ 62 Đường Xuân Đỉnh - Xuân Đỉnh,Xuân Đỉnh,Xuân Đỉnh,,
Ngõ 74 Đường Xuân Đỉnh - Xuân Đỉnh,Xuân Đỉnh,Xuân Đỉnh,,
Ngõ 75 Đường Xuân Đỉnh - Xuân Đỉnh,Xuân Đỉnh,Xuân Đỉnh,,
Ngõ 88 Đường Xuân Đỉnh - Xuân Đỉnh,Xuân Đỉnh,Xuân Đỉnh,,
Ngõ 89 Đường Xuân Đỉnh - Xuân Đỉnh,Xuân Đỉnh,Xuân Đỉnh,,
Đường Xuân La - Xuân Đỉnh,Xuân La,Xuân Đỉnh,,
Hẻm 105/18/3 Đường Xuân La - Xuân Đỉnh,Xuân La,Xuân Đỉnh,,
Hẻm 105/18/5 Đường Xuân La - Xuân Đỉnh,Xuân La,Xuân Đỉnh,,
Hẻm 105/2/23 Đường Xuân La - Xuân Đỉnh,Xuân La,Xuân Đỉnh,,
Hẻm 105/2/35 Đường Xuân La - Xuân Đỉnh,Xuân La,Xuân Đỉnh,,
Hẻm 105/2/37 Đường Xuân La - Xuân Đỉnh,Xuân La,Xuân Đỉnh,,
Hẻm 105/2/39 Đường Xuân La - Xuân Đỉnh,Xuân La,Xuân Đỉnh,,
Hẻm 105/2/7 Đường Xuân La - Xuân Đỉnh,Xuân La,Xuân Đỉnh,,
Hẻm 105/2/9 Đường Xuân La - Xuân Đỉnh,Xuân La,Xuân Đỉnh,,
Hẻm 38/58/14 Đường Xuân La - Xuân Đỉnh,Xuân La,Xuân Đỉnh,,
Hẻm 38/58/17 Đường Xuân La - Xuân Đỉnh,Xuân La,Xuân Đỉnh,,
Hẻm 38/58/27 Đường Xuân La - Xuân Đỉnh,Xuân La,Xuân Đỉnh,,
Ngách 105/1 Đường Xuân La - Xuân Đỉnh,Xuân La,Xuân Đỉnh,,
Ngách 105/18 Đường Xuân La - Xuân Đỉnh,Xuân La,Xuân Đỉnh,,
Ngách 105/2 Đường Xuân La - Xuân Đỉnh,Xuân La,Xuân Đỉnh,,
Ngách 105/42 Đường Xuân La - Xuân Đỉnh,Xuân La,Xuân Đỉnh,,
Ngách 34/47 Đường Xuân La - Xuân Đỉnh,Xuân La,Xuân Đỉnh,,
Ngách 34/8 Đường Xuân La - Xuân Đỉnh,Xuân La,Xuân Đỉnh,,
Ngách 38/58 Đường Xuân La - Xuân Đỉnh,Xuân La,Xuân Đỉnh,,
Ngách 38/62 Đường Xuân La - Xuân Đỉnh,Xuân La,Xuân Đỉnh,,
Ngách 38/78 Đường Xuân La - Xuân Đỉnh,Xuân La,Xuân Đỉnh,,
Ngõ 105 Đường Xuân La - Xuân Đỉnh,Xuân La,Xuân Đỉnh,,
Ngõ 34 Đường Xuân La - Xuân Đỉnh,Xuân La,Xuân Đỉnh,,
Ngõ 36 Đường Xuân La - Xuân Đỉnh,Xuân La,Xuân Đỉnh,,
Ngõ 38 Đường Xuân La - Xuân Đỉnh,Xuân La,Xuân Đỉnh,,
Ngõ 40 Đường Xuân La - Xuân Đỉnh,Xuân La,Xuân Đỉnh,,
Ngõ 42 Đường Xuân La - Xuân Đỉnh,Xuân La,Xuân Đỉnh,,
Ngõ 99 Đường Xuân La - Xuân Đỉnh,Xuân La,Xuân Đỉnh,,
Đường Xuân Tảo - Xuân Đỉnh,Xuân Tảo,Xuân Đỉnh,,
Đường Cầu Diễn - Xuân Phương,Cầu Diễn,Xuân Phương,,
Ngách 177/5 Đường Cầu Diễn - Xuân Phương,Cầu Diễn,Xuân Phương,,
Ngách 189/3 Đường Cầu Diễn - Xuân Phương,Cầu Diễn,Xuân Phương,,
Ngách 91/6 Đường Cầu Diễn - Xuân Phương,Cầu Diễn,Xuân Phương,,
Ngách 99/23 Đường Cầu Diễn - Xuân Phương,Cầu Diễn,Xuân Phương,,
Ngách 99/48 Đường Cầu Diễn - Xuân Phương,Cầu Diễn,Xuân Phương,,
Ngách 99/57 Đường Cầu Diễn - Xuân Phương,Cầu Diễn,Xuân Phương,,
Ngõ 177 Đường Cầu Diễn - Xuân Phương,Cầu Diễn,Xuân Phương,,
Ngõ 181 Đường Cầu Diễn - Xuân Phương,Cầu Diễn,Xuân Phương,,
Ngõ 189 Đường Cầu Diễn - Xuân Phương,Cầu Diễn,Xuân Phương,,
Ngõ 199A Đường Cầu Diễn - Xuân Phương,Cầu Diễn,Xuân Phương,,
Ngõ 29 Đường Cầu Diễn - Xuân Phương,Cầu Diễn,Xuân Phương,,
Ngõ 31 Đường Cầu Diễn - Xuân Phương,Cầu Diễn,Xuân Phương,,
Ngõ 91 Đường Cầu Diễn - Xuân Phương,Cầu Diễn,Xuân Phương,,
Ngõ 99 Đường Cầu Diễn - Xuân Phương,Cầu Diễn,Xuân Phương,,
Đường Di Ái - Xuân Phương,Di Ái,Xuân Phương,,
Hẻm 122/115/23 Phố Do Nha - Xuân Phương,Do Nha,Xuân Phương,,
Hẻm 122/115/8 Phố Do Nha - Xuân Phương,Do Nha,Xuân Phương,,
Ngách 122/115 Phố Do Nha - Xuân Phương,Do Nha,Xuân Phương,,
Ngách 122/135 Phố Do Nha - Xuân Phương,Do Nha,Xuân Phương,,
Ngách 122/7 Phố Do Nha - Xuân Phương,Do Nha,Xuân Phương,,
Ngách 122/77 Phố Do Nha - Xuân Phương,Do Nha,Xuân Phương,,
Ngách 122/97 Phố Do Nha - Xuân Phương,Do Nha,Xuân Phương,,
Ngách 124/26 Phố Do Nha - Xuân Phương,Do Nha,Xuân Phương,,
Ngách 124/35 Phố Do Nha - Xuân Phương,Do Nha,Xuân Phương,,
Ngách 40/165 Phố Do Nha - Xuân Phương,Do Nha,Xuân Phương,,
Ngách 40/30 Phố Do Nha - Xuân Phương,Do Nha,Xuân Phương,,
Ngách 40/73 Phố Do Nha - Xuân Phương,Do Nha,Xuân Phương,,
Ngõ 122 Phố Do Nha - Xuân Phương,Do Nha,Xuân Phương,,
Ngõ 124 Phố Do Nha - Xuân Phương,Do Nha,Xuân Phương,,
Ngõ 17 Phố Do Nha - Xuân Phương,Do Nha,Xuân Phương,,
Ngõ 30 Phố Do Nha - Xuân Phương,Do Nha,Xuân Phương,,
Ngõ 40 Phố Do Nha - Xuân Phương,Do Nha,Xuân Phương,,
Ngõ 69 Phố Do Nha - Xuân Phương,Do Nha,Xuân Phương,,
Phố Do Nha - Xuân Phương,Do Nha,Xuân Phương,,
Hẻm 124/2/2 Phố Hoè Thị - Xuân Phương,Hoè Thị,Xuân Phương,,
Hẻm 124/2/21 Phố Hoè Thị - Xuân Phương,Hoè Thị,Xuân Phương,,
Hẻm 124/2/40 Phố Hoè Thị - Xuân Phương,Hoè Thị,Xuân Phương,,
Ngách 124/1 Phố Hoè Thị - Xuân Phương,Hoè Thị,Xuân Phương,,
Ngách 124/2 Phố Hoè Thị - Xuân Phương,Hoè Thị,Xuân Phương,,
Ngách 124/23 Phố Hoè Thị - Xuân Phương,Hoè Thị,Xuân Phương,,
Ngách 124/39 Phố Hoè Thị - Xuân Phương,Hoè Thị,Xuân Phương,,
Ngách 124/4 Phố Hoè Thị - Xuân Phương,Hoè Thị,Xuân Phương,,
Ngách 124/49 Phố Hoè Thị - Xuân Phương,Hoè Thị,Xuân Phương,,
Ngách 124/51 Phố Hoè Thị - Xuân Phương,Hoè Thị,Xuân Phương,,
Ngõ 108 Phố Hoè Thị - Xuân Phương,Hoè Thị,Xuân Phương,,
Ngõ 118 Phố Hoè Thị - Xuân Phương,Hoè Thị,Xuân Phương,,
Ngõ 124 Phố Hoè Thị - Xuân Phương,Hoè Thị,Xuân Phương,,
Ngõ 22 Phố Hoè Thị - Xuân Phương,Hoè Thị,Xuân Phương,,
Ngõ 96 Phố Hoè Thị - Xuân Phương,Hoè Thị,Xuân Phương,,
Phố Hoè Thị - Xuân Phương,Hoè Thị,Xuân Phương,,
Ngách 1A/3 Phố Kiều Mai - Xuân Phương,Kiều Mai,Xuân Phương,,
Ngõ 1 Phố Kiều Mai - Xuân Phương,Kiều Mai,Xuân Phương,,
Ngõ 18 Phố Kiều Mai - Xuân Phương,Kiều Mai,Xuân Phương,,
Ngõ 1A Phố Kiều Mai - Xuân Phương,Kiều Mai,Xuân Phương,,
Ngõ 2 Phố Kiều Mai - Xuân Phương,Kiều Mai,Xuân Phương,,
Ngõ 27 Phố Kiều Mai - Xuân Phương,Kiều Mai,Xuân Phương,,
Ngõ 4 Phố Kiều Mai - Xuân Phương,Kiều Mai,Xuân Phương,,
Phố Kiều Mai - Xuân Phương,Kiều Mai,Xuân Phương,,
Ngách 6/153 Phố Miêu Nha - Xuân Phương,Miêu Nha,Xuân Phương,,
Ngách 6/92 Phố Miêu Nha - Xuân Phương,Miêu Nha,Xuân Phương,,
Ngõ 6 Phố Miêu Nha - Xuân Phương,Miêu Nha,Xuân Phương,,
Phố Miêu Nha - Xuân Phương,Miêu Nha,Xuân Phương,,
Ngõ 81 Phố Nhổn - Xuân Phương,Nhổn,Xuân Phương,,
Phố Nhổn - Xuân Phương,Nhổn,Xuân Phương,,
Phố Phan Tây Nhạc - Xuân Phương,Phan Tây Nhạc,Xuân Phương,,TRUE
Ngõ 17 Phố Phú Kiều - Xuân Phương,Phú Kiều,Xuân Phương,,
Ngõ 26 Phố Phú Kiều - Xuân Phương,Phú Kiều,Xuân Phương,,
Ngõ 3 Phố Phú Kiều - Xuân Phương,Phú Kiều,Xuân Phương,,
Ngõ 36 Phố Phú Kiều - Xuân Phương,Phú Kiều,Xuân Phương,,
Ngõ 40 Phố Phú Kiều - Xuân Phương,Phú Kiều,Xuân Phương,,
Ngõ 48 Phố Phú Kiều - Xuân Phương,Phú Kiều,Xuân Phương,,
Ngõ 5 Phố Phú Kiều - Xuân Phương,Phú Kiều,Xuân Phương,,
Ngõ 7 Đường Phú Kiều - Xuân Phương,Phú Kiều,Xuân Phương,,
Ngõ 80 Phố Phú Kiều - Xuân Phương,Phú Kiều,Xuân Phương,,
Ngõ 86 Phố Phú Kiều - Xuân Phương,Phú Kiều,Xuân Phương,,
Phố Phú Kiều - Xuân Phương,Phú Kiều,Xuân Phương,,
Đường Phúc Diễn - Xuân Phương,Phúc Diễn,Xuân Phương,,
Ngách 90/25 Đường Phúc Diễn - Xuân Phương,Phúc Diễn,Xuân Phương,,
Ngách 90/35 Đường Phúc Diễn - Xuân Phương,Phúc Diễn,Xuân Phương,,
Ngõ 108 Đường Phúc Diễn - Xuân Phương,Phúc Diễn,Xuân Phương,,
Ngõ 124 Đường Phúc Diễn - Xuân Phương,Phúc Diễn,Xuân Phương,,
Ngõ 148 Đường Phúc Diễn - Xuân Phương,Phúc Diễn,Xuân Phương,,
Ngõ 2 Đường Phúc Diễn - Xuân Phương,Phúc Diễn,Xuân Phương,,
Ngõ 22 Đường Phúc Diễn - Xuân Phương,Phúc Diễn,Xuân Phương,,
Ngõ 496 Đường Phúc Diễn - Xuân Phương,Phúc Diễn,Xuân Phương,,
Ngõ 58 Đường Phúc Diễn - Xuân Phương,Phúc Diễn,Xuân Phương,,
Ngõ 614 Đường Phúc Diễn - Xuân Phương,Phúc Diễn,Xuân Phương,,
Ngõ 64 Đường Phúc Diễn - Xuân Phương,Phúc Diễn,Xuân Phương,,
Ngõ 66 Đường Phúc Diễn - Xuân Phương,Phúc Diễn,Xuân Phương,,
Ngõ 702 Đường Phúc Diễn - Xuân Phương,Phúc Diễn,Xuân Phương,,
Ngõ 72 Đường Phúc Diễn - Xuân Phương,Phúc Diễn,Xuân Phương,,
Ngõ 90 Đường Phúc Diễn - Xuân Phương,Phúc Diễn,Xuân Phương,,
Đường Phương Canh - Xuân Phương,Phương Canh,Xuân Phương,,
Hẻm 174/14/20 Đường Phương Canh - Xuân Phương,Phương Canh,Xuân Phương,,
Ngách 103/19 Đường Phương Canh - Xuân Phương,Phương Canh,Xuân Phương,,
Ngách 103/24 Đường Phương Canh - Xuân Phương,Phương Canh,Xuân Phương,,
Ngách 103/26 Đường Phương Canh - Xuân Phương,Phương Canh,Xuân Phương,,
Ngách 173/53 Đường Phương Canh - Xuân Phương,Phương Canh,Xuân Phương,,
Ngách 174/14 Đường Phương Canh - Xuân Phương,Phương Canh,Xuân Phương,,
Ngách 2/10 Đường Phương Canh - Xuân Phương,Phương Canh,Xuân Phương,,
Ngách 2/2 Đường Phương Canh - Xuân Phương,Phương Canh,Xuân Phương,,
Ngách 2/4 Đường Phương Canh - Xuân Phương,Phương Canh,Xuân Phương,,
Ngách 2/6 Đường Phương Canh - Xuân Phương,Phương Canh,Xuân Phương,,
Ngách 3/21 Đường Phương Canh - Xuân Phương,Phương Canh,Xuân Phương,,
Ngách 3/8 Đường Phương Canh - Xuân Phương,Phương Canh,Xuân Phương,,
Ngách 3/8A Đường Phương Canh - Xuân Phương,Phương Canh,Xuân Phương,,
Ngách 324/54 Đường Phương Canh - Xuân Phương,Phương Canh,Xuân Phương,,
Ngách 324/57 Đường Phương Canh - Xuân Phương,Phương Canh,Xuân Phương,,
Ngách 324/80 Đường Phương Canh - Xuân Phương,Phương Canh,Xuân Phương,,
Ngách 324/83 Đường Phương Canh - Xuân Phương,Phương Canh,Xuân Phương,,
Ngách 324/91 Đường Phương Canh - Xuân Phương,Phương Canh,Xuân Phương,,
Ngách 342/32 Đường Phương Canh - Xuân Phương,Phương Canh,Xuân Phương,,
Ngách 71/7 Đường Phương Canh - Xuân Phương,Phương Canh,Xuân Phương,,
Ngõ 103 Đường Phương Canh - Xuân Phương,Phương Canh,Xuân Phương,,
Ngõ 113 Đường Phương Canh - Xuân Phương,Phương Canh,Xuân Phương,,
Ngõ 123 Đường Phương Canh - Xuân Phương,Phương Canh,Xuân Phương,,
Ngõ 125 Đường Phương Canh - Xuân Phương,Phương Canh,Xuân Phương,,
Ngõ 131 Đường Phương Canh - Xuân Phương,Phương Canh,Xuân Phương,,
Ngõ 146 Đường Phương Canh - Xuân Phương,Phương Canh,Xuân Phương,,
Ngõ 147 Đường Phương Canh - Xuân Phương,Phương Canh,Xuân Phương,,
Ngõ 155 Đường Phương Canh - Xuân Phương,Phương Canh,Xuân Phương,,
Ngõ 173 Đường Phương Canh - Xuân Phương,Phương Canh,Xuân Phương,,
Ngõ 174 Đường Phương Canh - Xuân Phương,Phương Canh,Xuân Phương,,
Ngõ 2 Đường Phương Canh - Xuân Phương,Phương Canh,Xuân Phương,,
Ngõ 20 Đường Phương Canh - Xuân Phương,Phương Canh,Xuân Phương,,
Ngõ 223 Đường Phương Canh - Xuân Phương,Phương Canh,Xuân Phương,,
Ngõ 225 Đường Phương Canh - Xuân Phương,Phương Canh,Xuân Phương,,
Ngõ 246 Đường Phương Canh - Xuân Phương,Phương Canh,Xuân Phương,,
Ngõ 277 Đường Phương Canh - Xuân Phương,Phương Canh,Xuân Phương,,
Ngõ 3 Đường Phương Canh - Xuân Phương,Phương Canh,Xuân Phương,,
Ngõ 305 Đường Phương Canh - Xuân Phương,Phương Canh,Xuân Phương,,
Ngõ 324 Đường Phương Canh - Xuân Phương,Phương Canh,Xuân Phương,,
Ngõ 356 Đường Phương Canh - Xuân Phương,Phương Canh,Xuân Phương,,
Ngõ 368 Đường Phương Canh - Xuân Phương,Phương Canh,Xuân Phương,,
Ngõ 390 Đường Phương Canh - Xuân Phương,Phương Canh,Xuân Phương,,
Ngõ 392 Đường Phương Canh - Xuân Phương,Phương Canh,Xuân Phương,,
Ngõ 71 Đường Phương Canh - Xuân Phương,Phương Canh,Xuân Phương,,
Đường Nhuệ Giang - Xuân Phương,Sông Nhuệ,Xuân Phương,,
Ngõ 1 Nhuệ Giang - Xuân Phương,Sông Nhuệ,Xuân Phương,,
Ngõ 22 Nhuệ Giang - Xuân Phương,Sông Nhuệ,Xuân Phương,,
Ngõ 42 Nhuệ Giang - Xuân Phương,Sông Nhuệ,Xuân Phương,,
Ngõ 44 Nhuệ Giang - Xuân Phương,Sông Nhuệ,Xuân Phương,,
Ngõ 59 Nhuệ Giang - Xuân Phương,Sông Nhuệ,Xuân Phương,,
Ngõ 75 Nhuệ Giang - Xuân Phương,Sông Nhuệ,Xuân Phương,,
Ngõ 77 Nhuệ Giang - Xuân Phương,Sông Nhuệ,Xuân Phương,,
Đại Lộ Thăng Long - Xuân Phương,Thăng Long,Xuân Phương,,
Đại Lộ Thăng Long (Láng - Hoà Lạc) - Xuân Phương,Thăng Long,Xuân Phương,,
Phố Thị Cẩm - Xuân Phương,Thị Cẩm,Xuân Phương,,
Phố Trịnh Văn Bô - Xuân Phương,Trịnh Văn Bô,Xuân Phương,,
Hẻm 35/7/1 Phố Tu Hoàng - Xuân Phương,Tu Hoàng,Xuân Phương,,
Ngách 35/34 Phố Tu Hoàng - Xuân Phương,Tu Hoàng,Xuân Phương,,
Ngách 35/41 Phố Tu Hoàng - Xuân Phương,Tu Hoàng,Xuân Phương,,
Ngách 35/47 Phố Tu Hoàng - Xuân Phương,Tu Hoàng,Xuân Phương,,
Ngách 35/7 Phố Tu Hoàng - Xuân Phương,Tu Hoàng,Xuân Phương,,
Ngõ 33 Phố Tu Hoàng - Xuân Phương,Tu Hoàng,Xuân Phương,,
Ngõ 35 Phố Tu Hoàng - Xuân Phương,Tu Hoàng,Xuân Phương,,
Phố Tu Hoàng - Xuân Phương,Tu Hoàng,Xuân Phương,,
Cầu Vượt Xuân Phương - Xuân Phương,Xuân Phương,Xuân Phương,,
Đường Xuân Phương - Xuân Phương,Xuân Phương,Xuân Phương,,
Hẻm 143/45/45 Đường Xuân Phương - Xuân Phương,Xuân Phương,Xuân Phương,,
Hẻm 143/99/3 Đường Xuân Phương - Xuân Phương,Xuân Phương,Xuân Phương,,
Hẻm 148/35/2 Đường Xuân Phương - Xuân Phương,Xuân Phương,Xuân Phương,,
Hẻm 367/62/18 Đường Xuân Phương - Xuân Phương,Xuân Phương,Xuân Phương,,
Hẻm 406/19/1 Đường Xuân Phương - Xuân Phương,Xuân Phương,Xuân Phương,,
Hẻm 406/48/1 Đường Xuân Phương - Xuân Phương,Xuân Phương,Xuân Phương,,
Hẻm 80/101/21 Đường Xuân Phương - Xuân Phương,Xuân Phương,Xuân Phương,,
Hẻm 80/101/28 Đường Xuân Phương - Xuân Phương,Xuân Phương,Xuân Phương,,
Hẻm 80/101/32 Đường Xuân Phương - Xuân Phương,Xuân Phương,Xuân Phương,,
Hẻm 80/101/5 Đường Xuân Phương - Xuân Phương,Xuân Phương,Xuân Phương,,
Hẻm 80/47/15 Đường Xuân Phương - Xuân Phương,Xuân Phương,Xuân Phương,,
Hẻm 80/47/7 Đường Xuân Phương - Xuân Phương,Xuân Phương,Xuân Phương,,
Hẻm 80/66/25 Đường Xuân Phương - Xuân Phương,Xuân Phương,Xuân Phương,,
Ngách 123/18 Đường Xuân Phương - Xuân Phương,Xuân Phương,Xuân Phương,,
Ngách 123/22 Đường Xuân Phương - Xuân Phương,Xuân Phương,Xuân Phương,,
Ngách 123/32 Đường Xuân Phương - Xuân Phương,Xuân Phương,Xuân Phương,,
Ngách 123/35 Đường Xuân Phương - Xuân Phương,Xuân Phương,Xuân Phương,,
Ngách 123/41 Đường Xuân Phương - Xuân Phương,Xuân Phương,Xuân Phương,,
Ngách 137/1 Đường Xuân Phương - Xuân Phương,Xuân Phương,Xuân Phương,,
Ngách 143/1 Đường Xuân Phương - Xuân Phương,Xuân Phương,Xuân Phương,,
Ngách 143/27 Đường Xuân Phương - Xuân Phương,Xuân Phương,Xuân Phương,,
Ngách 143/45 Đường Xuân Phương - Xuân Phương,Xuân Phương,Xuân Phương,,
Ngách 143/57 Đường Xuân Phương - Xuân Phương,Xuân Phương,Xuân Phương,,
Ngách 143/99 Đường Xuân Phương - Xuân Phương,Xuân Phương,Xuân Phương,,
Ngách 148/23 Đường Xuân Phương - Xuân Phương,Xuân Phương,Xuân Phương,,
Ngách 148/35 Đường Xuân Phương - Xuân Phương,Xuân Phương,Xuân Phương,,
Ngách 303/1 Đường Xuân Phương - Xuân Phương,Xuân Phương,Xuân Phương,,
Ngách 303/40 Đường Xuân Phương - Xuân Phương,Xuân Phương,Xuân Phương,,
Ngách 320/12 Đường Xuân Phương - Xuân Phương,Xuân Phương,Xuân Phương,,
Ngách 320/14 Đường Xuân Phương - Xuân Phương,Xuân Phương,Xuân Phương,,
Ngách 320/2 Đường Xuân Phương - Xuân Phương,Xuân Phương,Xuân Phương,,
Ngách 320/24 Đường Xuân Phương - Xuân Phương,Xuân Phương,Xuân Phương,,
Ngách 320/30 Đường Xuân Phương - Xuân Phương,Xuân Phương,Xuân Phương,,
Ngách 320/36 Đường Xuân Phương - Xuân Phương,Xuân Phương,Xuân Phương,,
Ngách 341/37 Đường Xuân Phương - Xuân Phương,Xuân Phương,Xuân Phương,,
Ngách 341/79 Đường Xuân Phương - Xuân Phương,Xuân Phương,Xuân Phương,,
Ngách 341/82 Đường Xuân Phương - Xuân Phương,Xuân Phương,Xuân Phương,,
Ngách 352/1 Đường Xuân Phương - Xuân Phương,Xuân Phương,Xuân Phương,,
Ngách 352/6 Đường Xuân Phương - Xuân Phương,Xuân Phương,Xuân Phương,,
Ngách 367/52 Đường Xuân Phương - Xuân Phương,Xuân Phương,Xuân Phương,,
Ngách 367/62 Đường Xuân Phương - Xuân Phương,Xuân Phương,Xuân Phương,,
Ngách 367/68 Đường Xuân Phương - Xuân Phương,Xuân Phương,Xuân Phương,,
Ngách 406/17 Đường Xuân Phương - Xuân Phương,Xuân Phương,Xuân Phương,,
Ngách 406/19 Đường Xuân Phương - Xuân Phương,Xuân Phương,Xuân Phương,,
Ngách 406/2 Xuân Phương - Xuân Phương,Xuân Phương,Xuân Phương,,
Ngách 406/47 Đường Xuân Phương - Xuân Phương,Xuân Phương,Xuân Phương,,
Ngách 406/48 Đường Xuân Phương - Xuân Phương,Xuân Phương,Xuân Phương,,
Ngách 80/1 Đường Xuân Phương - Xuân Phương,Xuân Phương,Xuân Phương,,
Ngách 80/101 Đường Xuân Phương - Xuân Phương,Xuân Phương,Xuân Phương,,
Ngách 80/103 Đường Xuân Phương - Xuân Phương,Xuân Phương,Xuân Phương,,
Ngách 80/121 Đường Xuân Phương - Xuân Phương,Xuân Phương,Xuân Phương,,
Ngách 80/122 Đường Xuân Phương - Xuân Phương,Xuân Phương,Xuân Phương,,
Ngách 80/21 Đường Xuân Phương - Xuân Phương,Xuân Phương,Xuân Phương,,
Ngách 80/47 Đường Xuân Phương - Xuân Phương,Xuân Phương,Xuân Phương,,
Ngách 80/52 Đường Xuân Phương - Xuân Phương,Xuân Phương,Xuân Phương,,
Ngách 80/66 Đường Xuân Phương - Xuân Phương,Xuân Phương,Xuân Phương,,
Ngõ 123 Đường Xuân Phương - Xuân Phương,Xuân Phương,Xuân Phương,,
Ngõ 132 Đường Xuân Phương - Xuân Phương,Xuân Phương,Xuân Phương,,
Ngõ 137 Xuân Phương - Xuân Phương,Xuân Phương,Xuân Phương,,
Ngõ 143 Đường Xuân Phương - Xuân Phương,Xuân Phương,Xuân Phương,,
Ngõ 148 Đường Xuân Phương - Xuân Phương,Xuân Phương,Xuân Phương,,
Ngõ 253 Đường Xuân Phương - Xuân Phương,Xuân Phương,Xuân Phương,,
Ngõ 259 Đường Xuân Phương - Xuân Phương,Xuân Phương,Xuân Phương,,
Ngõ 273 Đường Xuân Phương - Xuân Phương,Xuân Phương,Xuân Phương,,
Ngõ 289 Đường Xuân Phương - Xuân Phương,Xuân Phương,Xuân Phương,,
Ngõ 303 Đường Xuân Phương - Xuân Phương,Xuân Phương,Xuân Phương,,
Ngõ 320 Đường Xuân Phương - Xuân Phương,Xuân Phương,Xuân Phương,,
Ngõ 321 Đường Xuân Phương - Xuân Phương,Xuân Phương,Xuân Phương,,
Ngõ 322 Đường Xuân Phương - Xuân Phương,Xuân Phương,Xuân Phương,,
Ngõ 329 Đường Xuân Phương - Xuân Phương,Xuân Phương,Xuân Phương,,
Ngõ 339 Đường Xuân Phương - Xuân Phương,Xuân Phương,Xuân Phương,,
Ngõ 341 Đường Xuân Phương - Xuân Phương,Xuân Phương,Xuân Phương,,
Ngõ 352 Đường Xuân Phương - Xuân Phương,Xuân Phương,Xuân Phương,,
Ngõ 367 Đường Xuân Phương - Xuân Phương,Xuân Phương,Xuân Phương,,
Ngõ 370 Đường Xuân Phương - Xuân Phương,Xuân Phương,Xuân Phương,,
Ngõ 379 Xuân Phương - Xuân Phương,Xuân Phương,Xuân Phương,,
Ngõ 395 Đường Xuân Phương - Xuân Phương,Xuân Phương,Xuân Phương,,
Ngõ 406 Đường Xuân Phương - Xuân Phương,Xuân Phương,Xuân Phương,,
Ngõ 422 Đường Xuân Phương - Xuân Phương,Xuân Phương,Xuân Phương,,
Ngõ 70 Đường Xuân Phương - Xuân Phương,Xuân Phương,Xuân Phương,,
Ngõ 80 Đường Xuân Phương - Xuân Phương,Xuân Phương,Xuân Phương,,
Ngõ 84 Xuân Phương - Xuân Phương,Xuân Phương,Xuân Phương,,
Xuân Phương - Xuân Phương,Xuân Phương,Xuân Phương,,
Cầu Cót - Yên Hoà,Cót,Yên Hoà,,
Phố Đinh Núp - Yên Hoà,Đinh Núp,Yên Hoà,,
Ngõ 1 Phố Đỗ Quang - Yên Hoà,Đỗ Quang,Yên Hoà,,
Ngõ 12 Phố Đỗ Quang - Yên Hoà,Đỗ Quang,Yên Hoà,,
Ngõ 22 Phố Đỗ Quang - Yên Hoà,Đỗ Quang,Yên Hoà,,
Ngõ 23 Phố Đỗ Quang - Yên Hoà,Đỗ Quang,Yên Hoà,,
Ngõ 26 Phố Đỗ Quang - Yên Hoà,Đỗ Quang,Yên Hoà,,
Ngõ 44 Phố Đỗ Quang - Yên Hoà,Đỗ Quang,Yên Hoà,,
Ngõ 52 Phố Đỗ Quang - Yên Hoà,Đỗ Quang,Yên Hoà,,
Ngõ 55 Phố Đỗ Quang - Yên Hoà,Đỗ Quang,Yên Hoà,,
Ngõ 67 Phố Đỗ Quang - Yên Hoà,Đỗ Quang,Yên Hoà,,
Ngõ 71 Phố Đỗ Quang - Yên Hoà,Đỗ Quang,Yên Hoà,,
Phố Đỗ Quang - Yên Hoà,Đỗ Quang,Yên Hoà,,
Phố Dương Đình Nghệ - Yên Hoà,Dương Đình Nghệ,Yên Hoà,,
Ngõ 32 Phố Hạ Yên Quyết - Yên Hoà,Hạ Yên Quyết,Yên Hoà,,
Phố Hạ Yên Quyết - Yên Hoà,Hạ Yên Quyết,Yên Hoà,,
Hẻm 184/41/25 Phố Hoa Bằng - Yên Hoà,Hoa Bằng,Yên Hoà,,TRUE
Hẻm 184/41/8 Phố Hoa Bằng - Yên Hoà,Hoa Bằng,Yên Hoà,,TRUE
Ngách 184/19 Phố Hoa Bằng - Yên Hoà,Hoa Bằng,Yên Hoà,,TRUE
Ngõ 132 Phố Hoa Bằng - Yên Hoà,Hoa Bằng,Yên Hoà,,TRUE
Ngõ 133 Phố Hoa Bằng - Yên Hoà,Hoa Bằng,Yên Hoà,,TRUE
Ngõ 138 Phố Hoa Bằng - Yên Hoà,Hoa Bằng,Yên Hoà,,TRUE
Ngõ 150 Phố Hoa Bằng - Yên Hoà,Hoa Bằng,Yên Hoà,,TRUE
Ngõ 161 Phố Hoa Bằng - Yên Hoà,Hoa Bằng,Yên Hoà,,TRUE
Ngõ 184 Phố Hoa Bằng - Yên Hoà,Hoa Bằng,Yên Hoà,,TRUE
Ngõ 99 Phố Hoa Bằng - Yên Hoà,Hoa Bằng,Yên Hoà,,TRUE
Phố Hoa Bằng - Yên Hoà,Hoa Bằng,Yên Hoà,,TRUE
Phố Hoàng Đạo Thuý - Yên Hoà,Hoàng Đạo Thuý,Yên Hoà,,
Phố Hoàng Minh Giám - Yên Hoà,Hoàng Minh Giám,Yên Hoà,,
Ngõ 106 Phố Hoàng Ngân - Yên Hoà,Hoàng Ngân,Yên Hoà,,
Ngõ 114 Phố Hoàng Ngân - Yên Hoà,Hoàng Ngân,Yên Hoà,,
Ngõ 124 Phố Hoàng Ngân - Yên Hoà,Hoàng Ngân,Yên Hoà,,
Ngõ 148 Phố Hoàng Ngân - Yên Hoà,Hoàng Ngân,Yên Hoà,,
Ngõ 163 Phố Hoàng Ngân - Yên Hoà,Hoàng Ngân,Yên Hoà,,
Ngõ 165 Phố Hoàng Ngân - Yên Hoà,Hoàng Ngân,Yên Hoà,,
Ngõ 170 Phố Hoàng Ngân - Yên Hoà,Hoàng Ngân,Yên Hoà,,
Ngõ 238 Phố Hoàng Ngân - Yên Hoà,Hoàng Ngân,Yên Hoà,,
Ngõ 86 Phố Hoàng Ngân - Yên Hoà,Hoàng Ngân,Yên Hoà,,
Ngõ 90 Phố Hoàng Ngân - Yên Hoà,Hoàng Ngân,Yên Hoà,,
Ngõ 94 Phố Hoàng Ngân - Yên Hoà,Hoàng Ngân,Yên Hoà,,
Ngõ 98 Phố Hoàng Ngân - Yên Hoà,Hoàng Ngân,Yên Hoà,,
Phố Hoàng Ngân - Yên Hoà,Hoàng Ngân,Yên Hoà,,
Phố Học Phi - Yên Hoà,Học Phi,Yên Hoà,,
Đường Khuất Duy Tiến - Yên Hoà,Khuất Duy Tiến,Yên Hoà,,
Đường Lê Văn Lương - Yên Hoà,Lê Văn Lương,Yên Hoà,,
Ngõ 48 Đường Lê Văn Lương - Yên Hoà,Lê Văn Lương,Yên Hoà,,
Ngõ 45 Phố Lưu Quang Vũ - Yên Hoà,Lưu Quang Vũ,Yên Hoà,,
Phố Lưu Quang Vũ - Yên Hoà,Lưu Quang Vũ,Yên Hoà,,
Ngõ 18 Phố Mạc Thái Tổ - Yên Hoà,Mạc Thái Tổ,Yên Hoà,,
Ngõ 22 Phố Mạc Thái Tổ - Yên Hoà,Mạc Thái Tổ,Yên Hoà,,
Ngõ 26 Phố Mạc Thái Tổ - Yên Hoà,Mạc Thái Tổ,Yên Hoà,,
Ngõ 29 Phố Mạc Thái Tổ - Yên Hoà,Mạc Thái Tổ,Yên Hoà,,
Ngõ 31 Phố Mạc Thái Tổ - Yên Hoà,Mạc Thái Tổ,Yên Hoà,,
Ngõ 32 Phố Mạc Thái Tổ - Yên Hoà,Mạc Thái Tổ,Yên Hoà,,
Ngõ 6 Phố Mạc Thái Tổ - Yên Hoà,Mạc Thái Tổ,Yên Hoà,,
Phố Mạc Thái Tổ - Yên Hoà,Mạc Thái Tổ,Yên Hoà,,
Phố Mạc Thái Tông - Yên Hoà,Mạc Thái Tông,Yên Hoà,,
Ngõ 59 Phố Nguyễn Bá Khoản - Yên Hoà,Nguyễn Bá Khoản,Yên Hoà,,
Phố Nguyễn Bá Khoản - Yên Hoà,Nguyễn Bá Khoản,Yên Hoà,,
Ngách 20/2 Phố Nguyễn Chánh - Yên Hoà,Nguyễn Chánh,Yên Hoà,,
Ngõ 2 Phố Nguyễn Chánh - Yên Hoà,Nguyễn Chánh,Yên Hoà,,
Ngõ 20 Phố Nguyễn Chánh - Yên Hoà,Nguyễn Chánh,Yên Hoà,,
Ngõ 25 Phố Nguyễn Chánh - Yên Hoà,Nguyễn Chánh,Yên Hoà,,
Ngõ 48 Phố Nguyễn Chánh - Yên Hoà,Nguyễn Chánh,Yên Hoà,,
Phố Nguyễn Chánh - Yên Hoà,Nguyễn Chánh,Yên Hoà,,
Đường Nguyễn Khang - Yên Hoà,Nguyễn Khang,Yên Hoà,,
Hẻm 155/30/1 Đường Nguyễn Khang - Yên Hoà,Nguyễn Khang,Yên Hoà,,
Hẻm 155/30/3 Đường Nguyễn Khang - Yên Hoà,Nguyễn Khang,Yên Hoà,,
Hẻm 251/8/24 Đường Nguyễn Khang - Yên Hoà,Nguyễn Khang,Yên Hoà,,
Ngách 155/30 Đường Nguyễn Khang - Yên Hoà,Nguyễn Khang,Yên Hoà,,
Ngách 251/10 Đường Nguyễn Khang - Yên Hoà,Nguyễn Khang,Yên Hoà,,
Ngách 251/12 Đường Nguyễn Khang - Yên Hoà,Nguyễn Khang,Yên Hoà,,
Ngách 251/8 Đường Nguyễn Khang - Yên Hoà,Nguyễn Khang,Yên Hoà,,
Ngõ 1 Đường Nguyễn Khang - Yên Hoà,Nguyễn Khang,Yên Hoà,,
Ngõ 115 Đường Nguyễn Khang - Yên Hoà,Nguyễn Khang,Yên Hoà,,
Ngõ 141 Đường Nguyễn Khang - Yên Hoà,Nguyễn Khang,Yên Hoà,,
Ngõ 155 Đường Nguyễn Khang - Yên Hoà,Nguyễn Khang,Yên Hoà,,
Ngõ 163 Đường Nguyễn Khang - Yên Hoà,Nguyễn Khang,Yên Hoà,,
Ngõ 17 Đường Nguyễn Khang - Yên Hoà,Nguyễn Khang,Yên Hoà,,
Ngõ 175 Đường Nguyễn Khang - Yên Hoà,Nguyễn Khang,Yên Hoà,,
Ngõ 191 Đường Nguyễn Khang - Yên Hoà,Nguyễn Khang,Yên Hoà,,
Ngõ 201 Đường Nguyễn Khang - Yên Hoà,Nguyễn Khang,Yên Hoà,,
Ngõ 251 Đường Nguyễn Khang - Yên Hoà,Nguyễn Khang,Yên Hoà,,
Ngõ 255 Đường Nguyễn Khang - Yên Hoà,Nguyễn Khang,Yên Hoà,,
Ngõ 307 Đường Nguyễn Khang - Yên Hoà,Nguyễn Khang,Yên Hoà,,
Ngõ 315 Đường Nguyễn Khang - Yên Hoà,Nguyễn Khang,Yên Hoà,,
Ngõ 79 Đường Nguyễn Khang - Yên Hoà,Nguyễn Khang,Yên Hoà,,
Ngõ 83 Đường Nguyễn Khang - Yên Hoà,Nguyễn Khang,Yên Hoà,,
Ngõ 87 Đường Nguyễn Khang - Yên Hoà,Nguyễn Khang,Yên Hoà,,
Ngõ 9 Đường Nguyễn Khang - Yên Hoà,Nguyễn Khang,Yên Hoà,,
Ngõ 91 Đường Nguyễn Khang - Yên Hoà,Nguyễn Khang,Yên Hoà,,
Ngõ 99 Đường Nguyễn Khang - Yên Hoà,Nguyễn Khang,Yên Hoà,,
Nguyễn Khang - Yên Hoà,Nguyễn Khang,Yên Hoà,,
Đường Nguyễn Ngọc Vũ - Yên Hoà,Nguyễn Ngọc Vũ,Yên Hoà,,
Ngách 189/103 Đường Nguyễn Ngọc Vũ - Yên Hoà,Nguyễn Ngọc Vũ,Yên Hoà,,
Ngách 189/82 Đường Nguyễn Ngọc Vũ - Yên Hoà,Nguyễn Ngọc Vũ,Yên Hoà,,
Ngách 189/98 Đường Nguyễn Ngọc Vũ - Yên Hoà,Nguyễn Ngọc Vũ,Yên Hoà,,
Ngách 219/16 Đường Nguyễn Ngọc Vũ - Yên Hoà,Nguyễn Ngọc Vũ,Yên Hoà,,
Ngách 219/61 Đường Nguyễn Ngọc Vũ - Yên Hoà,Nguyễn Ngọc Vũ,Yên Hoà,,
Ngõ 125 Đường Nguyễn Ngọc Vũ - Yên Hoà,Nguyễn Ngọc Vũ,Yên Hoà,,
Ngõ 139 Đường Nguyễn Ngọc Vũ - Yên Hoà,Nguyễn Ngọc Vũ,Yên Hoà,,
Ngõ 141 Đường Nguyễn Ngọc Vũ - Yên Hoà,Nguyễn Ngọc Vũ,Yên Hoà,,
Ngõ 143 Đường Nguyễn Ngọc Vũ - Yên Hoà,Nguyễn Ngọc Vũ,Yên Hoà,,
Ngõ 167 Đường Nguyễn Ngọc Vũ - Yên Hoà,Nguyễn Ngọc Vũ,Yên Hoà,,
Ngõ 171 Đường Nguyễn Ngọc Vũ - Yên Hoà,Nguyễn Ngọc Vũ,Yên Hoà,,
Ngõ 189 Đường Nguyễn Ngọc Vũ - Yên Hoà,Nguyễn Ngọc Vũ,Yên Hoà,,
Ngõ 219 Đường Nguyễn Ngọc Vũ - Yên Hoà,Nguyễn Ngọc Vũ,Yên Hoà,,
Ngõ 239 Đường Nguyễn Ngọc Vũ - Yên Hoà,Nguyễn Ngọc Vũ,Yên Hoà,,
Phố Nguyễn Như Uyên - Yên Hoà,Nguyễn Như Uyên,Yên Hoà,,TRUE
Phố Nguyễn Quốc Trị - Yên Hoà,Nguyễn Quốc Trị,Yên Hoà,,
Ngõ 1 Phố Nguyễn Thị Định - Yên Hoà,Nguyễn Thị Định,Yên Hoà,,
Ngõ 10 Phố Nguyễn Thị Định - Yên Hoà,Nguyễn Thị Định,Yên Hoà,,
Ngõ 109 Phố Nguyễn Thị Định - Yên Hoà,Nguyễn Thị Định,Yên Hoà,,
Ngõ 113 Phố Nguyễn Thị Định - Yên Hoà,Nguyễn Thị Định,Yên Hoà,,
Ngõ 117 Phố Nguyễn Thị Định - Yên Hoà,Nguyễn Thị Định,Yên Hoà,,
Ngõ 131 Phố Nguyễn Thị Định - Yên Hoà,Nguyễn Thị Định,Yên Hoà,,
Ngõ 139 Phố Nguyễn Thị Định - Yên Hoà,Nguyễn Thị Định,Yên Hoà,,
Ngõ 153 Phố Nguyễn Thị Định - Yên Hoà,Nguyễn Thị Định,Yên Hoà,,
Ngõ 30 Phố Nguyễn Thị Định - Yên Hoà,Nguyễn Thị Định,Yên Hoà,,
Ngõ 34 Phố Nguyễn Thị Định - Yên Hoà,Nguyễn Thị Định,Yên Hoà,,
Ngõ 37 Phố Nguyễn Thị Định - Yên Hoà,Nguyễn Thị Định,Yên Hoà,,
Ngõ 43 Phố Nguyễn Thị Định - Yên Hoà,Nguyễn Thị Định,Yên Hoà,,
Ngõ 54 Phố Nguyễn Thị Định - Yên Hoà,Nguyễn Thị Định,Yên Hoà,,
Ngõ 60 Phố Nguyễn Thị Định - Yên Hoà,Nguyễn Thị Định,Yên Hoà,,
Ngõ 70 Phố Nguyễn Thị Định - Yên Hoà,Nguyễn Thị Định,Yên Hoà,,
Ngõ 71 Phố Nguyễn Thị Định - Yên Hoà,Nguyễn Thị Định,Yên Hoà,,
Ngõ 74 Phố Nguyễn Thị Định - Yên Hoà,Nguyễn Thị Định,Yên Hoà,,
Ngõ 76 Phố Nguyễn Thị Định - Yên Hoà,Nguyễn Thị Định,Yên Hoà,,
Ngõ 77 Phố Nguyễn Thị Định - Yên Hoà,Nguyễn Thị Định,Yên Hoà,,
Ngõ 81 Phố Nguyễn Thị Định - Yên Hoà,Nguyễn Thị Định,Yên Hoà,,
Ngõ 87 Phố Nguyễn Thị Định - Yên Hoà,Nguyễn Thị Định,Yên Hoà,,
Phố Nguyễn Thị Định - Yên Hoà,Nguyễn Thị Định,Yên Hoà,,
Phố Nguyễn Thị Duệ - Yên Hoà,Nguyễn Thị Duệ,Yên Hoà,,
Ngõ 1 Phố Nguyễn Thị Thập - Yên Hoà,Nguyễn Thị Thập,Yên Hoà,,
Phố Nguyễn Thị Thập - Yên Hoà,Nguyễn Thị Thập,Yên Hoà,,
Phố Nguyễn Vĩnh Bảo - Yên Hoà,Nguyễn Vĩnh Bảo,Yên Hoà,,
Phố Nguyễn Xuân Linh - Yên Hoà,Nguyễn Xuân Linh,Yên Hoà,,
Phố Nguyễn Xuân Nham - Yên Hoà,Nguyễn Xuân Nham,Yên Hoà,,
Đường Phạm Hùng - Yên Hoà,Phạm Hùng,Yên Hoà,,
Phố Thâm Tâm - Yên Hoà,Thâm Tâm,Yên Hoà,,
Cầu Tô Lịch - Yên Hoà,#N/A,#N/A,,
Đường Trần Duy Hưng - Yên Hoà,Trần Duy Hưng,Yên Hoà,,
Ngách 204/5 Đường Trần Duy Hưng - Yên Hoà,Trần Duy Hưng,Yên Hoà,,
Ngõ 10 Đường Trần Duy Hưng - Yên Hoà,Trần Duy Hưng,Yên Hoà,,
Ngõ 100 Đường Trần Duy Hưng - Yên Hoà,Trần Duy Hưng,Yên Hoà,,
Ngõ 106 Đường Trần Duy Hưng - Yên Hoà,Trần Duy Hưng,Yên Hoà,,
Ngõ 107 Đường Trần Duy Hưng - Yên Hoà,Trần Duy Hưng,Yên Hoà,,
Ngõ 109 Đường Trần Duy Hưng - Yên Hoà,Trần Duy Hưng,Yên Hoà,,
Ngõ 109 Trần Duy Hưng - Yên Hoà,Trần Duy Hưng,Yên Hoà,,
Ngõ 110 Đường Trần Duy Hưng - Yên Hoà,Trần Duy Hưng,Yên Hoà,,
Ngõ 120 Trần Duy Hưng - Yên Hoà,Trần Duy Hưng,Yên Hoà,,
Ngõ 140 Đường Trần Duy Hưng - Yên Hoà,Trần Duy Hưng,Yên Hoà,,
Ngõ 148 Đường Trần Duy Hưng - Yên Hoà,Trần Duy Hưng,Yên Hoà,,
Ngõ 154 Đường Trần Duy Hưng - Yên Hoà,Trần Duy Hưng,Yên Hoà,,
Ngõ 166 Đường Trần Duy Hưng - Yên Hoà,Trần Duy Hưng,Yên Hoà,,
Ngõ 174 Đường Trần Duy Hưng - Yên Hoà,Trần Duy Hưng,Yên Hoà,,
Ngõ 180 Đường Trần Duy Hưng - Yên Hoà,Trần Duy Hưng,Yên Hoà,,
Ngõ 186 Đường Trần Duy Hưng - Yên Hoà,Trần Duy Hưng,Yên Hoà,,
Ngõ 196 Đường Trần Duy Hưng - Yên Hoà,Trần Duy Hưng,Yên Hoà,,
Ngõ 19A Đường Trần Duy Hưng - Yên Hoà,Trần Duy Hưng,Yên Hoà,,
Ngõ 20 Đường Trần Duy Hưng - Yên Hoà,Trần Duy Hưng,Yên Hoà,,
Ngõ 204 Đường Trần Duy Hưng - Yên Hoà,Trần Duy Hưng,Yên Hoà,,
Ngõ 204 Trần Duy Hưng - Yên Hoà,Trần Duy Hưng,Yên Hoà,,
Ngõ 40 Trần Duy Hưng - Yên Hoà,Trần Duy Hưng,Yên Hoà,,
Ngõ 48 Trần Duy Hưng - Yên Hoà,Trần Duy Hưng,Yên Hoà,,
Ngõ 69 Đường Trần Duy Hưng - Yên Hoà,Trần Duy Hưng,Yên Hoà,,
Ngõ 80 Đường Trần Duy Hưng - Yên Hoà,Trần Duy Hưng,Yên Hoà,,
Ngõ 83 Đường Trần Duy Hưng - Yên Hoà,Trần Duy Hưng,Yên Hoà,,
Ngõ 88 Đường Trần Duy Hưng - Yên Hoà,Trần Duy Hưng,Yên Hoà,,
Ngõ 91 Đường Trần Duy Hưng - Yên Hoà,Trần Duy Hưng,Yên Hoà,,
Ngõ 94 Đường Trần Duy Hưng - Yên Hoà,Trần Duy Hưng,Yên Hoà,,
Phố Trần Kim Xuyến - Yên Hoà,Trần Kim Xuyến,Yên Hoà,,
Ngõ 36 Trung Hoà - Yên Hoà,Trung Hoà,Yên Hoà,,
Ngõ 42 Trung Hoà - Yên Hoà,Trung Hoà,Yên Hoà,,
Phố Trung Hoà - Yên Hoà,Trung Hoà,Yên Hoà,,
Hẻm 43/49/1 Phố Trung Kính - Yên Hoà,Trung Kính,Yên Hoà,,
Hẻm 43/66/11 Phố Trung Kính - Yên Hoà,Trung Kính,Yên Hoà,,
Hẻm 43/66/9A Phố Trung Kính - Yên Hoà,Trung Kính,Yên Hoà,,
Hẻm 43/98/25 Phố Trung Kính - Yên Hoà,Trung Kính,Yên Hoà,,
Hẻm 43/99/15 Phố Trung Kính - Yên Hoà,Trung Kính,Yên Hoà,,
Hẻm 43/99/32 Phố Trung Kính - Yên Hoà,Trung Kính,Yên Hoà,,
Hẻm 43/99/7 Phố Trung Kính - Yên Hoà,Trung Kính,Yên Hoà,,
Hẻm 44/99/16 Phố Trung Kính - Yên Hoà,Trung Kính,Yên Hoà,,
Ngách 125/1 Phố Trung Kính - Yên Hoà,Trung Kính,Yên Hoà,,
Ngách 125/2 Phố Trung Kính - Yên Hoà,Trung Kính,Yên Hoà,,
Ngách 221/8 Phố Trung Kính - Yên Hoà,Trung Kính,Yên Hoà,,
Ngách 43/10 Phố Trung Kính - Yên Hoà,Trung Kính,Yên Hoà,,
Ngách 43/106 Phố Trung Kính - Yên Hoà,Trung Kính,Yên Hoà,,
Ngách 43/49 Phố Trung Kính - Yên Hoà,Trung Kính,Yên Hoà,,
Ngách 43/66 Phố Trung Kính - Yên Hoà,Trung Kính,Yên Hoà,,
Ngách 43/86 Phố Trung Kính - Yên Hoà,Trung Kính,Yên Hoà,,
Ngách 43/98 Phố Trung Kính - Yên Hoà,Trung Kính,Yên Hoà,,
Ngách 43/99 Phố Trung Kính - Yên Hoà,Trung Kính,Yên Hoà,,
Ngõ 100 Trung Kính - Yên Hoà,Trung Kính,Yên Hoà,,
Ngõ 109 Trung Kính - Yên Hoà,Trung Kính,Yên Hoà,,
Ngõ 110 Trung Kính - Yên Hoà,Trung Kính,Yên Hoà,,
Ngõ 112 Trung Kính - Yên Hoà,Trung Kính,Yên Hoà,,
Ngõ 119 Trung Kính - Yên Hoà,Trung Kính,Yên Hoà,,
Ngõ 123 Phố Trung Kính - Yên Hoà,Trung Kính,Yên Hoà,,
Ngõ 123 Trung Kính - Yên Hoà,Trung Kính,Yên Hoà,,
Ngõ 125 Trung Kính - Yên Hoà,Trung Kính,Yên Hoà,,
Ngõ 126 Phố Trung Kính - Yên Hoà,Trung Kính,Yên Hoà,,
Ngõ 130 Trung Kính - Yên Hoà,Trung Kính,Yên Hoà,,
Ngõ 143 Trung Kính - Yên Hoà,Trung Kính,Yên Hoà,,
Ngõ 146 Phố Trung Kính - Yên Hoà,Trung Kính,Yên Hoà,,
Ngõ 149 Trung Kính - Yên Hoà,Trung Kính,Yên Hoà,,
Ngõ 168 Phố Trung Kính - Yên Hoà,Trung Kính,Yên Hoà,,
Ngõ 173 Trung Kính - Yên Hoà,Trung Kính,Yên Hoà,,
Ngõ 187 Trung Kính - Yên Hoà,Trung Kính,Yên Hoà,,
Ngõ 189 Trung Kính - Yên Hoà,Trung Kính,Yên Hoà,,
Ngõ 193 Trung Kính - Yên Hoà,Trung Kính,Yên Hoà,,
Ngõ 2 Trung Kính - Yên Hoà,Trung Kính,Yên Hoà,,
Ngõ 22 Trung Kính - Yên Hoà,Trung Kính,Yên Hoà,,
Ngõ 221 Phố Trung Kính - Yên Hoà,Trung Kính,Yên Hoà,,
Ngõ 224 Phố Trung Kính - Yên Hoà,Trung Kính,Yên Hoà,,
Ngõ 37 Trung Kính - Yên Hoà,Trung Kính,Yên Hoà,,
Ngõ 39 Phố Trung Kính - Yên Hoà,Trung Kính,Yên Hoà,,
Ngõ 43 Phố Trung Kính - Yên Hoà,Trung Kính,Yên Hoà,,
Ngõ 68 Trung Kính - Yên Hoà,Trung Kính,Yên Hoà,,
Ngõ 80 Trung Kính - Yên Hoà,Trung Kính,Yên Hoà,,
Ngõ 81 Phố Trung Kính - Yên Hoà,Trung Kính,Yên Hoà,,
Ngõ 85 Phố Trung Kính - Yên Hoà,Trung Kính,Yên Hoà,,
Ngõ 88 Trung Kính - Yên Hoà,Trung Kính,Yên Hoà,,
Ngõ 93 Phố Trung Kính - Yên Hoà,Trung Kính,Yên Hoà,,
Ngõ 99 Phố Trung Kính - Yên Hoà,Trung Kính,Yên Hoà,,
Phố Trung Kính - Yên Hoà,Trung Kính,Yên Hoà,,
Nam Trung Yên - Yên Hoà,Trung Yên (Yên Hoà),Yên Hoà,,
Trung Yên 10 - Yên Hoà,Trung Yên (Yên Hoà),Yên Hoà,,
Trung Yên 11 - Yên Hoà,Trung Yên (Yên Hoà),Yên Hoà,,
Trung Yên 11A - Yên Hoà,Trung Yên (Yên Hoà),Yên Hoà,,
Trung Yên 11C - Yên Hoà,Trung Yên (Yên Hoà),Yên Hoà,,
Trung Yên 12 - Yên Hoà,Trung Yên (Yên Hoà),Yên Hoà,,
Trung Yên 14 - Yên Hoà,Trung Yên (Yên Hoà),Yên Hoà,,
Trung Yên 15 - Yên Hoà,Trung Yên (Yên Hoà),Yên Hoà,,
Trung Yên 15A - Yên Hoà,Trung Yên (Yên Hoà),Yên Hoà,,
Trung Yên 15B - Yên Hoà,Trung Yên (Yên Hoà),Yên Hoà,,
Trung Yên 15C - Yên Hoà,Trung Yên (Yên Hoà),Yên Hoà,,
Trung Yên 15D - Yên Hoà,Trung Yên (Yên Hoà),Yên Hoà,,
Trung Yên 5 - Yên Hoà,Trung Yên (Yên Hoà),Yên Hoà,,
Trung Yên 7 - Yên Hoà,Trung Yên (Yên Hoà),Yên Hoà,,
Trung Yên 8 - Yên Hoà,Trung Yên (Yên Hoà),Yên Hoà,,
Trung Yên 9 - Yên Hoà,Trung Yên (Yên Hoà),Yên Hoà,,
Ngõ 17 Phố Tú Mỡ - Yên Hoà,Tú Mỡ,Yên Hoà,,
Ngõ 3 Phố Tú Mỡ - Yên Hoà,Tú Mỡ,Yên Hoà,,
Ngõ 39 Phố Tú Mỡ - Yên Hoà,Tú Mỡ,Yên Hoà,,
Phố Tú Mỡ - Yên Hoà,Tú Mỡ,Yên Hoà,,
Ngõ 17 Phố Vũ Phạm Hàm - Yên Hoà,Vũ Phạm Hàm,Yên Hoà,,
Phố Vũ Phạm Hàm - Yên Hoà,Vũ Phạm Hàm,Yên Hoà,,
Phố Xuân Quỳnh - Yên Hoà,Xuân Quỳnh,Yên Hoà,,
Hẻm 113/56/5 Phố Yên Hoà - Yên Hoà,Yên Hoà,Yên Hoà,,
Hẻm 113/56/7 Phố Yên Hoà - Yên Hoà,Yên Hoà,Yên Hoà,,
Ngách 105/11 Phố Yên Hoà - Yên Hoà,Yên Hoà,Yên Hoà,,
Ngách 105/21 Phố Yên Hoà - Yên Hoà,Yên Hoà,Yên Hoà,,
Ngách 105/34 Phố Yên Hoà - Yên Hoà,Yên Hoà,Yên Hoà,,
Ngách 105/41 Phố Yên Hoà - Yên Hoà,Yên Hoà,Yên Hoà,,
Ngách 105/51 Phố Yên Hoà - Yên Hoà,Yên Hoà,Yên Hoà,,
Ngách 113/30 Phố Yên Hoà - Yên Hoà,Yên Hoà,Yên Hoà,,
Ngách 113/42 Phố Yên Hoà - Yên Hoà,Yên Hoà,Yên Hoà,,
Ngách 113/56 Phố Yên Hoà - Yên Hoà,Yên Hoà,Yên Hoà,,
Ngách 232/34 Phố Yên Hoà - Yên Hoà,Yên Hoà,Yên Hoà,,
Ngách 235/15 Phố Yên Hoà - Yên Hoà,Yên Hoà,Yên Hoà,,
Ngách 235/23 Phố Yên Hoà - Yên Hoà,Yên Hoà,Yên Hoà,,
Ngách 42/20 Phố Yên Hoà - Yên Hoà,Yên Hoà,Yên Hoà,,
Ngõ 102 Phố Yên Hoà - Yên Hoà,Yên Hoà,Yên Hoà,,
Ngõ 105 Phố Yên Hoà - Yên Hoà,Yên Hoà,Yên Hoà,,
Ngõ 113 Phố Yên Hoà - Yên Hoà,Yên Hoà,Yên Hoà,,
Ngõ 122 Phố Yên Hoà - Yên Hoà,Yên Hoà,Yên Hoà,,
Ngõ 13 Phố Yên Hoà - Yên Hoà,Yên Hoà,Yên Hoà,,
Ngõ 147 Phố Yên Hoà - Yên Hoà,Yên Hoà,Yên Hoà,,
Ngõ 174 Phố Yên Hoà - Yên Hoà,Yên Hoà,Yên Hoà,,
Ngõ 18 Phố Yên Hoà - Yên Hoà,Yên Hoà,Yên Hoà,,
Ngõ 192 Phố Yên Hoà - Yên Hoà,Yên Hoà,Yên Hoà,,
Ngõ 197 Phố Yên Hoà - Yên Hoà,Yên Hoà,Yên Hoà,,
Ngõ 217 Phố Yên Hoà - Yên Hoà,Yên Hoà,Yên Hoà,,
Ngõ 232 Phố Yên Hoà - Yên Hoà,Yên Hoà,Yên Hoà,,
Ngõ 235 Phố Yên Hoà - Yên Hoà,Yên Hoà,Yên Hoà,,
Ngõ 259 Phố Yên Hoà - Yên Hoà,Yên Hoà,Yên Hoà,,
Ngõ 31 Phố Yên Hoà - Yên Hoà,Yên Hoà,Yên Hoà,,
Ngõ 42 Phố Yên Hoà - Yên Hoà,Yên Hoà,Yên Hoà,,
Ngõ 45 Phố Yên Hoà - Yên Hoà,Yên Hoà,Yên Hoà,,
Ngõ 56 Phố Yên Hoà - Yên Hoà,Yên Hoà,Yên Hoà,,
Ngõ 61 Phố Yên Hoà - Yên Hoà,Yên Hoà,Yên Hoà,,
Ngõ 67 Phố Yên Hoà - Yên Hoà,Yên Hoà,Yên Hoà,,
Ngõ 74 Phố Yên Hoà - Yên Hoà,Yên Hoà,Yên Hoà,,
Ngõ 77 Phố Yên Hoà - Yên Hoà,Yên Hoà,Yên Hoà,,
Ngõ 84 Phố Yên Hoà - Yên Hoà,Yên Hoà,Yên Hoà,,
Ngõ 92 Phố Yên Hoà - Yên Hoà,Yên Hoà,Yên Hoà,,
Phố Yên Hoà - Yên Hoà,Yên Hoà,Yên Hoà,,
Phố Đình Thị - Yên Nghĩa,Đình Thị,Yên Nghĩa,,
Đường Đồng Dương - Yên Nghĩa,Đồng Dương,Yên Nghĩa,,
Ngách 134/17 Đường Đồng Dương - Yên Nghĩa,Đồng Dương,Yên Nghĩa,,
Ngõ 134 Đường Đồng Dương - Yên Nghĩa,Đồng Dương,Yên Nghĩa,,
Ngõ 146 Đường Đồng Dương - Yên Nghĩa,Đồng Dương,Yên Nghĩa,,
Đường Hoà Bình - Yên Nghĩa,Hoà Bình (Yên Nghĩa),Yên Nghĩa,,
Hẻm 15/10/11 Đường Hoà Bình - Yên Nghĩa,Hoà Bình (Yên Nghĩa),Yên Nghĩa,,
Ngách 15/10 Đường Hoà Bình - Yên Nghĩa,Hoà Bình (Yên Nghĩa),Yên Nghĩa,,
Ngõ 15 Đường Hoà Bình - Yên Nghĩa,Hoà Bình (Yên Nghĩa),Yên Nghĩa,,
Ngõ 215 Đường Hoà Bình - Yên Nghĩa,Hoà Bình (Yên Nghĩa),Yên Nghĩa,,
Ngõ 31 Đường Hoà Bình - Yên Nghĩa,Hoà Bình (Yên Nghĩa),Yên Nghĩa,,
Đường Nghĩa Bình - Yên Nghĩa,Nghĩa Bình,Yên Nghĩa,,
Đường Nghĩa Lộ - Yên Nghĩa,Nghĩa Lộ,Yên Nghĩa,,
Ngõ 128 Đường Nghĩa Lộ - Yên Nghĩa,Nghĩa Lộ,Yên Nghĩa,,
Ngõ 2 Đường Nghĩa Lộ - Yên Nghĩa,Nghĩa Lộ,Yên Nghĩa,,
Ngõ 204 Đường Nghĩa Lộ - Yên Nghĩa,Nghĩa Lộ,Yên Nghĩa,,
Phố Nguyễn Trác - Yên Nghĩa,Nguyễn Trác,Yên Nghĩa,,
Đường Nhân Huệ - Yên Nghĩa,Nhân Huệ,Yên Nghĩa,,
Ngõ 111 Đường Nhân Huệ - Yên Nghĩa,Nhân Huệ,Yên Nghĩa,,
Ngõ 16 Đường Nhân Huệ - Yên Nghĩa,Nhân Huệ,Yên Nghĩa,,
Ngõ 45 Đường Nhân Huệ - Yên Nghĩa,Nhân Huệ,Yên Nghĩa,,
Ngõ 63 Phố Nhân Huệ - Yên Nghĩa,Nhân Huệ,Yên Nghĩa,,
Ngõ 79 Đường Nhân Huệ - Yên Nghĩa,Nhân Huệ,Yên Nghĩa,,
Ngõ 89 Đường Nhân Huệ - Yên Nghĩa,Nhân Huệ,Yên Nghĩa,,
Đường Quang Trung - Yên Nghĩa,Quang Trung,Yên Nghĩa,,
Hẻm 1137/33/10 Đường Quang Trung - Yên Nghĩa,Quang Trung,Yên Nghĩa,,
Ngách 1008/21 Đường Quang Trung - Yên Nghĩa,Quang Trung,Yên Nghĩa,,
Ngách 1047/1 Đường Quang Trung - Yên Nghĩa,Quang Trung,Yên Nghĩa,,
Ngách 1060/1 Đường Quang Trung - Yên Nghĩa,Quang Trung,Yên Nghĩa,,
Ngách 1105/2 Đường Quang Trung - Yên Nghĩa,Quang Trung,Yên Nghĩa,,
Ngách 1137/12 Đường Quang Trung - Yên Nghĩa,Quang Trung,Yên Nghĩa,,
Ngách 1137/33 Đường Quang Trung - Yên Nghĩa,Quang Trung,Yên Nghĩa,,
Ngách 1137/57 Đường Quang Trung - Yên Nghĩa,Quang Trung,Yên Nghĩa,,
Ngõ 1008 Đường Quang Trung - Yên Nghĩa,Quang Trung,Yên Nghĩa,,
Ngõ 1022 Đường Quang Trung - Yên Nghĩa,Quang Trung,Yên Nghĩa,,
Ngõ 1060 Đường Quang Trung - Yên Nghĩa,Quang Trung,Yên Nghĩa,,
Ngõ 1105 Đường Quang Trung - Yên Nghĩa,Quang Trung,Yên Nghĩa,,
Ngõ 1137 Đường Quang Trung - Yên Nghĩa,Quang Trung,Yên Nghĩa,,
Ngõ 1144 Đường Quang Trung - Yên Nghĩa,Quang Trung,Yên Nghĩa,,
Đường Quyết Thắng - Yên Nghĩa,Quyết Thắng,Yên Nghĩa,,
Ngách 234/22 Đường Quyết Thắng - Yên Nghĩa,Quyết Thắng,Yên Nghĩa,,
Ngõ 129 Đường Quyết Thắng - Yên Nghĩa,Quyết Thắng,Yên Nghĩa,,
Ngõ 150 Đường Quyết Thắng - Yên Nghĩa,Quyết Thắng,Yên Nghĩa,,
Ngõ 152 Đường Quyết Thắng - Yên Nghĩa,Quyết Thắng,Yên Nghĩa,,
Ngõ 159 Đường Quyết Thắng - Yên Nghĩa,Quyết Thắng,Yên Nghĩa,,
Ngõ 224 Đường Quyết Thắng - Yên Nghĩa,Quyết Thắng,Yên Nghĩa,,
Ngõ 234 Đường Quyết Thắng - Yên Nghĩa,Quyết Thắng,Yên Nghĩa,,
Đường Y Sơn 1 - Yên Nghĩa,Y Sơn,Yên Nghĩa,,
Đường Y Sơn 2 - Yên Nghĩa,Y Sơn,Yên Nghĩa,,
Ngách 41/11 Đường Y Sơn 2 - Yên Nghĩa,Y Sơn,Yên Nghĩa,,
Ngõ 37 Đường Y Sơn 2 - Yên Nghĩa,Y Sơn,Yên Nghĩa,,
Đường Yên Bình - Yên Nghĩa,Yên Bình (Yên Nghĩa),Yên Nghĩa,,
Ngõ 66 Đường Yên Bình - Yên Nghĩa,Yên Bình (Yên Nghĩa),Yên Nghĩa,,
Ngách 1/3 Phố Yên Lộ - Yên Nghĩa,Yên Lộ,Yên Nghĩa,,
Ngách 1/6 Phố Yên Lộ - Yên Nghĩa,Yên Lộ,Yên Nghĩa,,
Ngách 1/66 Phố Yên Lộ - Yên Nghĩa,Yên Lộ,Yên Nghĩa,,
Ngách 1/7 Phố Yên Lộ - Yên Nghĩa,Yên Lộ,Yên Nghĩa,,
Ngách 31/37 Phố Yên Lộ - Yên Nghĩa,Yên Lộ,Yên Nghĩa,,
Ngách 87/42 Phố Yên Lộ - Yên Nghĩa,Yên Lộ,Yên Nghĩa,,
Ngõ 1 Phố Yên Lộ - Yên Nghĩa,Yên Lộ,Yên Nghĩa,,
Ngõ 111 Phố Yên Lộ - Yên Nghĩa,Yên Lộ,Yên Nghĩa,,
Ngõ 113 Phố Yên Lộ - Yên Nghĩa,Yên Lộ,Yên Nghĩa,,
Ngõ 31 Phố Yên Lộ - Yên Nghĩa,Yên Lộ,Yên Nghĩa,,
Ngõ 65 Phố Yên Lộ - Yên Nghĩa,Yên Lộ,Yên Nghĩa,,
Phố Yên Lộ - Yên Nghĩa,Yên Lộ,Yên Nghĩa,,
Đường Yên Nghĩa - Yên Nghĩa,Yên Nghĩa,Yên Nghĩa,,
Ngõ 87 Đường Yên Nghĩa - Yên Nghĩa,Yên Nghĩa,Yên Nghĩa,,
Phố Bùi Huy Đáp - Yên Sở,Bùi Huy Đáp,Yên Sở,,
Đường Đỗ Mười - Yên Sở,Đỗ Mười,Yên Sở,,
Phố Đống Kỳ - Yên Sở,Đống Kỳ,Yên Sở,,
Ngách 29/40 Phố Hưng Phúc - Yên Sở,Hưng Phúc,Yên Sở,,
Ngách 59/16 Phố Hưng Phúc - Yên Sở,Hưng Phúc,Yên Sở,,
Ngách 7/23 Phố Hưng Phúc - Yên Sở,Hưng Phúc,Yên Sở,,
Ngách 88/11 Phố Hưng Phúc - Yên Sở,Hưng Phúc,Yên Sở,,
Ngõ 1 Phố Hưng Phúc - Yên Sở,Hưng Phúc,Yên Sở,,
Ngõ 21 Phố Hưng Phúc - Yên Sở,Hưng Phúc,Yên Sở,,
Ngõ 29 Phố Hưng Phúc - Yên Sở,Hưng Phúc,Yên Sở,,
Ngõ 35 Phố Hưng Phúc - Yên Sở,Hưng Phúc,Yên Sở,,
Ngõ 45 Phố Hưng Phúc - Yên Sở,Hưng Phúc,Yên Sở,,
Ngõ 59 Phố Hưng Phúc - Yên Sở,Hưng Phúc,Yên Sở,,
Ngõ 66 Phố Hưng Phúc - Yên Sở,Hưng Phúc,Yên Sở,,
Ngõ 7 Phố Hưng Phúc - Yên Sở,Hưng Phúc,Yên Sở,,
Ngõ 75 Phố Hưng Phúc - Yên Sở,Hưng Phúc,Yên Sở,,
Ngõ 88 Phố Hưng Phúc - Yên Sở,Hưng Phúc,Yên Sở,,
Phố Hưng Phúc - Yên Sở,Hưng Phúc,Yên Sở,,
Ngách 48/9 Phố Hưng Thịnh - Yên Sở,Hưng Thịnh,Yên Sở,,
Ngách 70/64 Phố Hưng Thịnh - Yên Sở,Hưng Thịnh,Yên Sở,,
Ngõ 14 Phố Hưng Thịnh - Yên Sở,Hưng Thịnh,Yên Sở,,
Ngõ 2 Phố Hưng Thịnh - Yên Sở,Hưng Thịnh,Yên Sở,,
Ngõ 20 Phố Hưng Thịnh - Yên Sở,Hưng Thịnh,Yên Sở,,
Ngõ 22 Phố Hưng Thịnh - Yên Sở,Hưng Thịnh,Yên Sở,,
Ngõ 34 Phố Hưng Thịnh - Yên Sở,Hưng Thịnh,Yên Sở,,
Ngõ 46 Phố Hưng Thịnh - Yên Sở,Hưng Thịnh,Yên Sở,,
Ngõ 48 Phố Hưng Thịnh - Yên Sở,Hưng Thịnh,Yên Sở,,
Ngõ 70 Phố Hưng Thịnh - Yên Sở,Hưng Thịnh,Yên Sở,,
Phố Hưng Thịnh - Yên Sở,Hưng Thịnh,Yên Sở,,
Đường Ngọc Hồi - Yên Sở,Ngọc Hồi,Yên Sở,,
Ngách 15/20 Đường Ngọc Hồi - Yên Sở,Ngọc Hồi,Yên Sở,,
Ngõ 153 Đường Ngọc Hồi - Yên Sở,Ngọc Hồi,Yên Sở,,
Ngõ 161 Đường Ngọc Hồi - Yên Sở,Ngọc Hồi,Yên Sở,,
Ngõ 207 Đường Ngọc Hồi - Yên Sở,Ngọc Hồi,Yên Sở,,
Ngõ 209 Đường Ngọc Hồi - Yên Sở,Ngọc Hồi,Yên Sở,,
Ngõ 49 Đường Ngọc Hồi - Yên Sở,Ngọc Hồi,Yên Sở,,
Ngõ 83 Đường Ngọc Hồi - Yên Sở,Ngọc Hồi,Yên Sở,,
Đường Nguyễn Bặc - Yên Sở,Nguyễn Bặc,Yên Sở,,
Đường Nguyễn Bồ - Yên Sở,Nguyễn Bồ,Yên Sở,,
Đường Tam Trinh - Yên Sở,Tam Trinh,Yên Sở,,TRUE
Phố Trần Thủ Độ - Yên Sở,Trần Thủ Độ,Yên Sở,,
Đường Tứ Hiệp - Yên Sở,Tứ Hiệp,Yên Sở,,
Ngõ 1 Đường Tứ Hiệp - Yên Sở,Tứ Hiệp,Yên Sở,,
Tứ Hiệp - Yên Sở,Tứ Hiệp,Yên Sở,,
Cầu Văn Điển - Yên Sở,Văn Điển,Yên Sở,,
Phố Yên Duyên - Yên Sở,Yên Duyên,Yên Sở,,